OrderID,OrderDate,CustomerID,ProductID,Product,Category,Region,Channel,Quantity,UnitPrice,Discount,SalesAmount
ORD00001,2025-01-01,CUST008,P002,Monitor,Electronics,South,Retail,2,18000,0.05,34200.0
ORD00002,2025-01-01,CUST016,P004,Mouse,Accessories,West,Online,4,900,0.15,3060.0
ORD00003,2025-01-01,CUST024,P006,Headset,Accessories,South,Partner,6,3500,0.05,19950.0
ORD00004,2025-01-02,CUST029,P005,Printer,Office,North,Retail,5,12500,0,62500
ORD00005,2025-01-02,CUST037,P007,Tablet,Electronics,East,Online,1,28000,0.1,25200.0
ORD00006,2025-01-02,CUST045,P009,Router,Networking,North,Partner,3,6500,0,19500
ORD00007,2025-01-03,CUST050,P008,Webcam,Accessories,West,Retail,2,4500,0.15,7650.0
ORD00008,2025-01-03,CUST058,P010,UPS,Power,South,Online,4,8000,0.05,30400.0
ORD00009,2025-01-03,CUST006,P002,Monitor,Electronics,West,Partner,6,18000,0.15,91800.0
ORD00010,2025-01-04,CUST011,P001,Laptop,Electronics,East,Retail,5,65000,0.1,292500.0
ORD00011,2025-01-04,CUST019,P003,Keyboard,Accessories,North,Online,1,2200,0,2200
ORD00012,2025-01-04,CUST027,P005,Printer,Office,East,Partner,3,12500,0.1,33750.0
ORD00013,2025-01-05,CUST032,P004,Mouse,Accessories,South,Retail,2,900,0.05,1710.0
ORD00014,2025-01-05,CUST040,P006,Headset,Accessories,West,Online,4,3500,0.15,11900.0
ORD00015,2025-01-05,CUST048,P008,Webcam,Accessories,South,Partner,6,4500,0.05,25650.0
ORD00016,2025-01-06,CUST053,P007,Tablet,Electronics,North,Retail,5,28000,0,140000
ORD00017,2025-01-06,CUST001,P009,Router,Networking,East,Online,1,6500,0.1,5850.0
ORD00018,2025-01-06,CUST009,P001,Laptop,Electronics,North,Partner,3,65000,0,195000
ORD00019,2025-01-07,CUST014,P010,UPS,Power,West,Retail,2,8000,0.15,13600.0
ORD00020,2025-01-07,CUST022,P002,Monitor,Electronics,South,Online,4,18000,0.05,68400.0
ORD00021,2025-01-07,CUST030,P004,Mouse,Accessories,West,Partner,6,900,0.15,4590.0
ORD00022,2025-01-08,CUST035,P003,Keyboard,Accessories,East,Retail,5,2200,0.1,9900.0
ORD00023,2025-01-08,CUST043,P005,Printer,Office,North,Online,1,12500,0,12500
ORD00024,2025-01-08,CUST051,P007,Tablet,Electronics,East,Partner,3,28000,0.1,75600.0
ORD00025,2025-01-09,CUST056,P006,Headset,Accessories,South,Retail,2,3500,0.05,6650.0
ORD00026,2025-01-09,CUST004,P008,Webcam,Accessories,West,Online,4,4500,0.15,15300.0
ORD00027,2025-01-09,CUST012,P010,UPS,Power,South,Partner,6,8000,0.05,45600.0
ORD00028,2025-01-10,CUST017,P009,Router,Networking,North,Retail,5,6500,0,32500
ORD00029,2025-01-10,CUST025,P001,Laptop,Electronics,East,Online,1,65000,0.1,58500.0
ORD00030,2025-01-10,CUST033,P003,Keyboard,Accessories,North,Partner,3,2200,0,6600
ORD00031,2025-01-11,CUST038,P002,Monitor,Electronics,West,Retail,2,18000,0.15,30600.0
ORD00032,2025-01-11,CUST046,P004,Mouse,Accessories,South,Online,4,900,0.05,3420.0
ORD00033,2025-01-11,CUST054,P006,Headset,Accessories,West,Partner,6,3500,0.15,17850.0
ORD00034,2025-01-12,CUST059,P005,Printer,Office,East,Retail,5,12500,0.1,56250.0
ORD00035,2025-01-12,CUST007,P007,Tablet,Electronics,North,Online,1,28000,0,28000
ORD00036,2025-01-12,CUST015,P009,Router,Networking,East,Partner,3,6500,0.1,17550.0
ORD00037,2025-01-13,CUST020,P008,Webcam,Accessories,South,Retail,2,4500,0.05,8550.0
ORD00038,2025-01-13,CUST028,P010,UPS,Power,West,Online,4,8000,0.15,27200.0
ORD00039,2025-01-13,CUST036,P002,Monitor,Electronics,South,Partner,6,18000,0.05,102600.0
ORD00040,2025-01-14,CUST041,P001,Laptop,Electronics,North,Retail,5,65000,0,325000
ORD00041,2025-01-14,CUST049,P003,Keyboard,Accessories,East,Online,1,2200,0.1,1980.0
ORD00042,2025-01-14,CUST057,P005,Printer,Office,North,Partner,3,12500,0,37500
ORD00043,2025-01-15,CUST002,P004,Mouse,Accessories,West,Retail,2,900,0.15,1530.0
ORD00044,2025-01-15,CUST010,P006,Headset,Accessories,South,Online,4,3500,0.05,13300.0
ORD00045,2025-01-15,CUST018,P008,Webcam,Accessories,West,Partner,6,4500,0.15,22950.0
ORD00046,2025-01-16,CUST023,P007,Tablet,Electronics,East,Retail,5,28000,0.1,126000.0
ORD00047,2025-01-16,CUST031,P009,Router,Networking,North,Online,1,6500,0,6500
ORD00048,2025-01-16,CUST039,P001,Laptop,Electronics,East,Partner,3,65000,0.1,175500.0
ORD00049,2025-01-17,CUST044,P010,UPS,Power,South,Retail,2,8000,0.05,15200.0
ORD00050,2025-01-17,CUST052,P002,Monitor,Electronics,West,Online,4,18000,0.15,61200.0
ORD00051,2025-01-17,CUST060,P004,Mouse,Accessories,South,Partner,6,900,0.05,5130.0
ORD00052,2025-01-18,CUST005,P003,Keyboard,Accessories,North,Retail,5,2200,0,11000
ORD00053,2025-01-18,CUST013,P005,Printer,Office,East,Online,1,12500,0.1,11250.0
ORD00054,2025-01-18,CUST021,P007,Tablet,Electronics,North,Partner,3,28000,0,84000
ORD00055,2025-01-19,CUST026,P006,Headset,Accessories,West,Retail,2,3500,0.15,5950.0
ORD00056,2025-01-19,CUST034,P008,Webcam,Accessories,South,Online,4,4500,0.05,17100.0
ORD00057,2025-01-19,CUST042,P010,UPS,Power,West,Partner,6,8000,0.15,40800.0
ORD00058,2025-01-20,CUST047,P009,Router,Networking,East,Retail,5,6500,0.1,29250.0
ORD00059,2025-01-20,CUST055,P001,Laptop,Electronics,North,Online,1,65000,0,65000
ORD00060,2025-01-20,CUST003,P003,Keyboard,Accessories,East,Partner,3,2200,0.1,5940.0
ORD00061,2025-01-21,CUST008,P002,Monitor,Electronics,South,Retail,2,18000,0.05,34200.0
ORD00062,2025-01-21,CUST016,P004,Mouse,Accessories,West,Online,4,900,0.15,3060.0
ORD00063,2025-01-21,CUST024,P006,Headset,Accessories,South,Partner,6,3500,0.05,19950.0
ORD00064,2025-01-22,CUST029,P005,Printer,Office,North,Retail,5,12500,0,62500
ORD00065,2025-01-22,CUST037,P007,Tablet,Electronics,East,Online,1,28000,0.1,25200.0
ORD00066,2025-01-22,CUST045,P009,Router,Networking,North,Partner,3,6500,0,19500
ORD00067,2025-01-23,CUST050,P008,Webcam,Accessories,West,Retail,2,4500,0.15,7650.0
ORD00068,2025-01-23,CUST058,P010,UPS,Power,South,Online,4,8000,0.05,30400.0
ORD00069,2025-01-23,CUST006,P002,Monitor,Electronics,West,Partner,6,18000,0.15,91800.0
ORD00070,2025-01-24,CUST011,P001,Laptop,Electronics,East,Retail,5,65000,0.1,292500.0
ORD00071,2025-01-24,CUST019,P003,Keyboard,Accessories,North,Online,1,2200,0,2200
ORD00072,2025-01-24,CUST027,P005,Printer,Office,East,Partner,3,12500,0.1,33750.0
ORD00073,2025-01-25,CUST032,P004,Mouse,Accessories,South,Retail,2,900,0.05,1710.0
ORD00074,2025-01-25,CUST040,P006,Headset,Accessories,West,Online,4,3500,0.15,11900.0
ORD00075,2025-01-25,CUST048,P008,Webcam,Accessories,South,Partner,6,4500,0.05,25650.0
ORD00076,2025-01-26,CUST053,P007,Tablet,Electronics,North,Retail,5,28000,0,140000
ORD00077,2025-01-26,CUST001,P009,Router,Networking,East,Online,1,6500,0.1,5850.0
ORD00078,2025-01-26,CUST009,P001,Laptop,Electronics,North,Partner,3,65000,0,195000
ORD00079,2025-01-27,CUST014,P010,UPS,Power,West,Retail,2,8000,0.15,13600.0
ORD00080,2025-01-27,CUST022,P002,Monitor,Electronics,South,Online,4,18000,0.05,68400.0
ORD00081,2025-01-27,CUST030,P004,Mouse,Accessories,West,Partner,6,900,0.15,4590.0
ORD00082,2025-01-28,CUST035,P003,Keyboard,Accessories,East,Retail,5,2200,0.1,9900.0
ORD00083,2025-01-28,CUST043,P005,Printer,Office,North,Online,1,12500,0,12500
ORD00084,2025-01-28,CUST051,P007,Tablet,Electronics,East,Partner,3,28000,0.1,75600.0
ORD00085,2025-01-29,CUST056,P006,Headset,Accessories,South,Retail,2,3500,0.05,6650.0
ORD00086,2025-01-29,CUST004,P008,Webcam,Accessories,West,Online,4,4500,0.15,15300.0
ORD00087,2025-01-29,CUST012,P010,UPS,Power,South,Partner,6,8000,0.05,45600.0
ORD00088,2025-01-30,CUST017,P009,Router,Networking,North,Retail,5,6500,0,32500
ORD00089,2025-01-30,CUST025,P001,Laptop,Electronics,East,Online,1,65000,0.1,58500.0
ORD00090,2025-01-30,CUST033,P003,Keyboard,Accessories,North,Partner,3,2200,0,6600
ORD00091,2025-01-31,CUST038,P002,Monitor,Electronics,West,Retail,2,18000,0.15,30600.0
ORD00092,2025-01-31,CUST046,P004,Mouse,Accessories,South,Online,4,900,0.05,3420.0
ORD00093,2025-01-31,CUST054,P006,Headset,Accessories,West,Partner,6,3500,0.15,17850.0
ORD00094,2025-02-01,CUST059,P005,Printer,Office,East,Retail,5,12500,0.1,56250.0
ORD00095,2025-02-01,CUST007,P007,Tablet,Electronics,North,Online,1,28000,0,28000
ORD00096,2025-02-01,CUST015,P009,Router,Networking,East,Partner,3,6500,0.1,17550.0
ORD00097,2025-02-02,CUST020,P008,Webcam,Accessories,South,Retail,2,4500,0.05,8550.0
ORD00098,2025-02-02,CUST028,P010,UPS,Power,West,Online,4,8000,0.15,27200.0
ORD00099,2025-02-02,CUST036,P002,Monitor,Electronics,South,Partner,6,18000,0.05,102600.0
ORD00100,2025-02-03,CUST041,P001,Laptop,Electronics,North,Retail,5,65000,0,325000
ORD00101,2025-02-03,CUST049,P003,Keyboard,Accessories,East,Online,1,2200,0.1,1980.0
ORD00102,2025-02-03,CUST057,P005,Printer,Office,North,Partner,3,12500,0,37500
ORD00103,2025-02-04,CUST002,P004,Mouse,Accessories,West,Retail,2,900,0.15,1530.0
ORD00104,2025-02-04,CUST010,P006,Headset,Accessories,South,Online,4,3500,0.05,13300.0
ORD00105,2025-02-04,CUST018,P008,Webcam,Accessories,West,Partner,6,4500,0.15,22950.0
ORD00106,2025-02-05,CUST023,P007,Tablet,Electronics,East,Retail,5,28000,0.1,126000.0
ORD00107,2025-02-05,CUST031,P009,Router,Networking,North,Online,1,6500,0,6500
ORD00108,2025-02-05,CUST039,P001,Laptop,Electronics,East,Partner,3,65000,0.1,175500.0
ORD00109,2025-02-06,CUST044,P010,UPS,Power,South,Retail,2,8000,0.05,15200.0
ORD00110,2025-02-06,CUST052,P002,Monitor,Electronics,West,Online,4,18000,0.15,61200.0
ORD00111,2025-02-06,CUST060,P004,Mouse,Accessories,South,Partner,6,900,0.05,5130.0
ORD00112,2025-02-07,CUST005,P003,Keyboard,Accessories,North,Retail,5,2200,0,11000
ORD00113,2025-02-07,CUST013,P005,Printer,Office,East,Online,1,12500,0.1,11250.0
ORD00114,2025-02-07,CUST021,P007,Tablet,Electronics,North,Partner,3,28000,0,84000
ORD00115,2025-02-08,CUST026,P006,Headset,Accessories,West,Retail,2,3500,0.15,5950.0
ORD00116,2025-02-08,CUST034,P008,Webcam,Accessories,South,Online,4,4500,0.05,17100.0
ORD00117,2025-02-08,CUST042,P010,UPS,Power,West,Partner,6,8000,0.15,40800.0
ORD00118,2025-02-09,CUST047,P009,Router,Networking,East,Retail,5,6500,0.1,29250.0
ORD00119,2025-02-09,CUST055,P001,Laptop,Electronics,North,Online,1,65000,0,65000
ORD00120,2025-02-09,CUST003,P003,Keyboard,Accessories,East,Partner,3,2200,0.1,5940.0
ORD00121,2025-02-10,CUST008,P002,Monitor,Electronics,South,Retail,2,18000,0.05,34200.0
ORD00122,2025-02-10,CUST016,P004,Mouse,Accessories,West,Online,4,900,0.15,3060.0
ORD00123,2025-02-10,CUST024,P006,Headset,Accessories,South,Partner,6,3500,0.05,19950.0
ORD00124,2025-02-11,CUST029,P005,Printer,Office,North,Retail,5,12500,0,62500
ORD00125,2025-02-11,CUST037,P007,Tablet,Electronics,East,Online,1,28000,0.1,25200.0
ORD00126,2025-02-11,CUST045,P009,Router,Networking,North,Partner,3,6500,0,19500
ORD00127,2025-02-12,CUST050,P008,Webcam,Accessories,West,Retail,2,4500,0.15,7650.0
ORD00128,2025-02-12,CUST058,P010,UPS,Power,South,Online,4,8000,0.05,30400.0
ORD00129,2025-02-12,CUST006,P002,Monitor,Electronics,West,Partner,6,18000,0.15,91800.0
ORD00130,2025-02-13,CUST011,P001,Laptop,Electronics,East,Retail,5,65000,0.1,292500.0
ORD00131,2025-02-13,CUST019,P003,Keyboard,Accessories,North,Online,1,2200,0,2200
ORD00132,2025-02-13,CUST027,P005,Printer,Office,East,Partner,3,12500,0.1,33750.0
ORD00133,2025-02-14,CUST032,P004,Mouse,Accessories,South,Retail,2,900,0.05,1710.0
ORD00134,2025-02-14,CUST040,P006,Headset,Accessories,West,Online,4,3500,0.15,11900.0
ORD00135,2025-02-14,CUST048,P008,Webcam,Accessories,South,Partner,6,4500,0.05,25650.0
ORD00136,2025-02-15,CUST053,P007,Tablet,Electronics,North,Retail,5,28000,0,140000
ORD00137,2025-02-15,CUST001,P009,Router,Networking,East,Online,1,6500,0.1,5850.0
ORD00138,2025-02-15,CUST009,P001,Laptop,Electronics,North,Partner,3,65000,0,195000
ORD00139,2025-02-16,CUST014,P010,UPS,Power,West,Retail,2,8000,0.15,13600.0
ORD00140,2025-02-16,CUST022,P002,Monitor,Electronics,South,Online,4,18000,0.05,68400.0
ORD00141,2025-02-16,CUST030,P004,Mouse,Accessories,West,Partner,6,900,0.15,4590.0
ORD00142,2025-02-17,CUST035,P003,Keyboard,Accessories,East,Retail,5,2200,0.1,9900.0
ORD00143,2025-02-17,CUST043,P005,Printer,Office,North,Online,1,12500,0,12500
ORD00144,2025-02-17,CUST051,P007,Tablet,Electronics,East,Partner,3,28000,0.1,75600.0
ORD00145,2025-02-18,CUST056,P006,Headset,Accessories,South,Retail,2,3500,0.05,6650.0
ORD00146,2025-02-18,CUST004,P008,Webcam,Accessories,West,Online,4,4500,0.15,15300.0
ORD00147,2025-02-18,CUST012,P010,UPS,Power,South,Partner,6,8000,0.05,45600.0
ORD00148,2025-02-19,CUST017,P009,Router,Networking,North,Retail,5,6500,0,32500
ORD00149,2025-02-19,CUST025,P001,Laptop,Electronics,East,Online,1,65000,0.1,58500.0
ORD00150,2025-02-19,CUST033,P003,Keyboard,Accessories,North,Partner,3,2200,0,6600
ORD00151,2025-02-20,CUST038,P002,Monitor,Electronics,West,Retail,2,18000,0.15,30600.0
ORD00152,2025-02-20,CUST046,P004,Mouse,Accessories,South,Online,4,900,0.05,3420.0
ORD00153,2025-02-20,CUST054,P006,Headset,Accessories,West,Partner,6,3500,0.15,17850.0
ORD00154,2025-02-21,CUST059,P005,Printer,Office,East,Retail,5,12500,0.1,56250.0
ORD00155,2025-02-21,CUST007,P007,Tablet,Electronics,North,Online,1,28000,0,28000
ORD00156,2025-02-21,CUST015,P009,Router,Networking,East,Partner,3,6500,0.1,17550.0
ORD00157,2025-02-22,CUST020,P008,Webcam,Accessories,South,Retail,2,4500,0.05,8550.0
ORD00158,2025-02-22,CUST028,P010,UPS,Power,West,Online,4,8000,0.15,27200.0
ORD00159,2025-02-22,CUST036,P002,Monitor,Electronics,South,Partner,6,18000,0.05,102600.0
ORD00160,2025-02-23,CUST041,P001,Laptop,Electronics,North,Retail,5,65000,0,325000
ORD00161,2025-02-23,CUST049,P003,Keyboard,Accessories,East,Online,1,2200,0.1,1980.0
ORD00162,2025-02-23,CUST057,P005,Printer,Office,North,Partner,3,12500,0,37500
ORD00163,2025-02-24,CUST002,P004,Mouse,Accessories,West,Retail,2,900,0.15,1530.0
ORD00164,2025-02-24,CUST010,P006,Headset,Accessories,South,Online,4,3500,0.05,13300.0
ORD00165,2025-02-24,CUST018,P008,Webcam,Accessories,West,Partner,6,4500,0.15,22950.0
ORD00166,2025-02-25,CUST023,P007,Tablet,Electronics,East,Retail,5,28000,0.1,126000.0
ORD00167,2025-02-25,CUST031,P009,Router,Networking,North,Online,1,6500,0,6500
ORD00168,2025-02-25,CUST039,P001,Laptop,Electronics,East,Partner,3,65000,0.1,175500.0
ORD00169,2025-02-26,CUST044,P010,UPS,Power,South,Retail,2,8000,0.05,15200.0
ORD00170,2025-02-26,CUST052,P002,Monitor,Electronics,West,Online,4,18000,0.15,61200.0
ORD00171,2025-02-26,CUST060,P004,Mouse,Accessories,South,Partner,6,900,0.05,5130.0
ORD00172,2025-02-27,CUST005,P003,Keyboard,Accessories,North,Retail,5,2200,0,11000
ORD00173,2025-02-27,CUST013,P005,Printer,Office,East,Online,1,12500,0.1,11250.0
ORD00174,2025-02-27,CUST021,P007,Tablet,Electronics,North,Partner,3,28000,0,84000
ORD00175,2025-02-28,CUST026,P006,Headset,Accessories,West,Retail,2,3500,0.15,5950.0
ORD00176,2025-02-28,CUST034,P008,Webcam,Accessories,South,Online,4,4500,0.05,17100.0
ORD00177,2025-02-28,CUST042,P010,UPS,Power,West,Partner,6,8000,0.15,40800.0
ORD00178,2025-03-01,CUST047,P009,Router,Networking,East,Retail,5,6500,0.1,29250.0
ORD00179,2025-03-01,CUST055,P001,Laptop,Electronics,North,Online,1,65000,0,65000
ORD00180,2025-03-01,CUST003,P003,Keyboard,Accessories,East,Partner,3,2200,0.1,5940.0
ORD00181,2025-03-02,CUST008,P002,Monitor,Electronics,South,Retail,2,18000,0.05,34200.0
ORD00182,2025-03-02,CUST016,P004,Mouse,Accessories,West,Online,4,900,0.15,3060.0
ORD00183,2025-03-02,CUST024,P006,Headset,Accessories,South,Partner,6,3500,0.05,19950.0
ORD00184,2025-03-03,CUST029,P005,Printer,Office,North,Retail,5,12500,0,62500
ORD00185,2025-03-03,CUST037,P007,Tablet,Electronics,East,Online,1,28000,0.1,25200.0
ORD00186,2025-03-03,CUST045,P009,Router,Networking,North,Partner,3,6500,0,19500
ORD00187,2025-03-04,CUST050,P008,Webcam,Accessories,West,Retail,2,4500,0.15,7650.0
ORD00188,2025-03-04,CUST058,P010,UPS,Power,South,Online,4,8000,0.05,30400.0
ORD00189,2025-03-04,CUST006,P002,Monitor,Electronics,West,Partner,6,18000,0.15,91800.0
ORD00190,2025-03-05,CUST011,P001,Laptop,Electronics,East,Retail,5,65000,0.1,292500.0
ORD00191,2025-03-05,CUST019,P003,Keyboard,Accessories,North,Online,1,2200,0,2200
ORD00192,2025-03-05,CUST027,P005,Printer,Office,East,Partner,3,12500,0.1,33750.0
ORD00193,2025-03-06,CUST032,P004,Mouse,Accessories,South,Retail,2,900,0.05,1710.0
ORD00194,2025-03-06,CUST040,P006,Headset,Accessories,West,Online,4,3500,0.15,11900.0
ORD00195,2025-03-06,CUST048,P008,Webcam,Accessories,South,Partner,6,4500,0.05,25650.0
ORD00196,2025-03-07,CUST053,P007,Tablet,Electronics,North,Retail,5,28000,0,140000
ORD00197,2025-03-07,CUST001,P009,Router,Networking,East,Online,1,6500,0.1,5850.0
ORD00198,2025-03-07,CUST009,P001,Laptop,Electronics,North,Partner,3,65000,0,195000
ORD00199,2025-03-08,CUST014,P010,UPS,Power,West,Retail,2,8000,0.15,13600.0
ORD00200,2025-03-08,CUST022,P002,Monitor,Electronics,South,Online,4,18000,0.05,68400.0
ORD00201,2025-03-08,CUST030,P004,Mouse,Accessories,West,Partner,6,900,0.15,4590.0
ORD00202,2025-03-09,CUST035,P003,Keyboard,Accessories,East,Retail,5,2200,0.1,9900.0
ORD00203,2025-03-09,CUST043,P005,Printer,Office,North,Online,1,12500,0,12500
ORD00204,2025-03-09,CUST051,P007,Tablet,Electronics,East,Partner,3,28000,0.1,75600.0
ORD00205,2025-03-10,CUST056,P006,Headset,Accessories,South,Retail,2,3500,0.05,6650.0
ORD00206,2025-03-10,CUST004,P008,Webcam,Accessories,West,Online,4,4500,0.15,15300.0
ORD00207,2025-03-10,CUST012,P010,UPS,Power,South,Partner,6,8000,0.05,45600.0
ORD00208,2025-03-11,CUST017,P009,Router,Networking,North,Retail,5,6500,0,32500
ORD00209,2025-03-11,CUST025,P001,Laptop,Electronics,East,Online,1,65000,0.1,58500.0
ORD00210,2025-03-11,CUST033,P003,Keyboard,Accessories,North,Partner,3,2200,0,6600
ORD00211,2025-03-12,CUST038,P002,Monitor,Electronics,West,Retail,2,18000,0.15,30600.0
ORD00212,2025-03-12,CUST046,P004,Mouse,Accessories,South,Online,4,900,0.05,3420.0
ORD00213,2025-03-12,CUST054,P006,Headset,Accessories,West,Partner,6,3500,0.15,17850.0
ORD00214,2025-03-13,CUST059,P005,Printer,Office,East,Retail,5,12500,0.1,56250.0
ORD00215,2025-03-13,CUST007,P007,Tablet,Electronics,North,Online,1,28000,0,28000
ORD00216,2025-03-13,CUST015,P009,Router,Networking,East,Partner,3,6500,0.1,17550.0
ORD00217,2025-03-14,CUST020,P008,Webcam,Accessories,South,Retail,2,4500,0.05,8550.0
ORD00218,2025-03-14,CUST028,P010,UPS,Power,West,Online,4,8000,0.15,27200.0
ORD00219,2025-03-14,CUST036,P002,Monitor,Electronics,South,Partner,6,18000,0.05,102600.0
ORD00220,2025-03-15,CUST041,P001,Laptop,Electronics,North,Retail,5,65000,0,325000
ORD00221,2025-03-15,CUST049,P003,Keyboard,Accessories,East,Online,1,2200,0.1,1980.0
ORD00222,2025-03-15,CUST057,P005,Printer,Office,North,Partner,3,12500,0,37500
ORD00223,2025-03-16,CUST002,P004,Mouse,Accessories,West,Retail,2,900,0.15,1530.0
ORD00224,2025-03-16,CUST010,P006,Headset,Accessories,South,Online,4,3500,0.05,13300.0
ORD00225,2025-03-16,CUST018,P008,Webcam,Accessories,West,Partner,6,4500,0.15,22950.0
ORD00226,2025-03-17,CUST023,P007,Tablet,Electronics,East,Retail,5,28000,0.1,126000.0
ORD00227,2025-03-17,CUST031,P009,Router,Networking,North,Online,1,6500,0,6500
ORD00228,2025-03-17,CUST039,P001,Laptop,Electronics,East,Partner,3,65000,0.1,175500.0
ORD00229,2025-03-18,CUST044,P010,UPS,Power,South,Retail,2,8000,0.05,15200.0
ORD00230,2025-03-18,CUST052,P002,Monitor,Electronics,West,Online,4,18000,0.15,61200.0
ORD00231,2025-03-18,CUST060,P004,Mouse,Accessories,South,Partner,6,900,0.05,5130.0
ORD00232,2025-03-19,CUST005,P003,Keyboard,Accessories,North,Retail,5,2200,0,11000
ORD00233,2025-03-19,CUST013,P005,Printer,Office,East,Online,1,12500,0.1,11250.0
ORD00234,2025-03-19,CUST021,P007,Tablet,Electronics,North,Partner,3,28000,0,84000
ORD00235,2025-03-20,CUST026,P006,Headset,Accessories,West,Retail,2,3500,0.15,5950.0
ORD00236,2025-03-20,CUST034,P008,Webcam,Accessories,South,Online,4,4500,0.05,17100.0
ORD00237,2025-03-20,CUST042,P010,UPS,Power,West,Partner,6,8000,0.15,40800.0
ORD00238,2025-03-21,CUST047,P009,Router,Networking,East,Retail,5,6500,0.1,29250.0
ORD00239,2025-03-21,CUST055,P001,Laptop,Electronics,North,Online,1,65000,0,65000
ORD00240,2025-03-21,CUST003,P003,Keyboard,Accessories,East,Partner,3,2200,0.1,5940.0
ORD00241,2025-03-22,CUST008,P002,Monitor,Electronics,South,Retail,2,18000,0.05,34200.0
ORD00242,2025-03-22,CUST016,P004,Mouse,Accessories,West,Online,4,900,0.15,3060.0
ORD00243,2025-03-22,CUST024,P006,Headset,Accessories,South,Partner,6,3500,0.05,19950.0
ORD00244,2025-03-23,CUST029,P005,Printer,Office,North,Retail,5,12500,0,62500
ORD00245,2025-03-23,CUST037,P007,Tablet,Electronics,East,Online,1,28000,0.1,25200.0
ORD00246,2025-03-23,CUST045,P009,Router,Networking,North,Partner,3,6500,0,19500
ORD00247,2025-03-24,CUST050,P008,Webcam,Accessories,West,Retail,2,4500,0.15,7650.0
ORD00248,2025-03-24,CUST058,P010,UPS,Power,South,Online,4,8000,0.05,30400.0
ORD00249,2025-03-24,CUST006,P002,Monitor,Electronics,West,Partner,6,18000,0.15,91800.0
ORD00250,2025-03-25,CUST011,P001,Laptop,Electronics,East,Retail,5,65000,0.1,292500.0
ORD00251,2025-03-25,CUST019,P003,Keyboard,Accessories,North,Online,1,2200,0,2200
ORD00252,2025-03-25,CUST027,P005,Printer,Office,East,Partner,3,12500,0.1,33750.0
ORD00253,2025-03-26,CUST032,P004,Mouse,Accessories,South,Retail,2,900,0.05,1710.0
ORD00254,2025-03-26,CUST040,P006,Headset,Accessories,West,Online,4,3500,0.15,11900.0
ORD00255,2025-03-26,CUST048,P008,Webcam,Accessories,South,Partner,6,4500,0.05,25650.0
ORD00256,2025-03-27,CUST053,P007,Tablet,Electronics,North,Retail,5,28000,0,140000
ORD00257,2025-03-27,CUST001,P009,Router,Networking,East,Online,1,6500,0.1,5850.0
ORD00258,2025-03-27,CUST009,P001,Laptop,Electronics,North,Partner,3,65000,0,195000
ORD00259,2025-03-28,CUST014,P010,UPS,Power,West,Retail,2,8000,0.15,13600.0
ORD00260,2025-03-28,CUST022,P002,Monitor,Electronics,South,Online,4,18000,0.05,68400.0
ORD00261,2025-03-28,CUST030,P004,Mouse,Accessories,West,Partner,6,900,0.15,4590.0
ORD00262,2025-03-29,CUST035,P003,Keyboard,Accessories,East,Retail,5,2200,0.1,9900.0
ORD00263,2025-03-29,CUST043,P005,Printer,Office,North,Online,1,12500,0,12500
ORD00264,2025-03-29,CUST051,P007,Tablet,Electronics,East,Partner,3,28000,0.1,75600.0
ORD00265,2025-03-30,CUST056,P006,Headset,Accessories,South,Retail,2,3500,0.05,6650.0
ORD00266,2025-03-30,CUST004,P008,Webcam,Accessories,West,Online,4,4500,0.15,15300.0
ORD00267,2025-03-30,CUST012,P010,UPS,Power,South,Partner,6,8000,0.05,45600.0
ORD00268,2025-03-31,CUST017,P009,Router,Networking,North,Retail,5,6500,0,32500
ORD00269,2025-03-31,CUST025,P001,Laptop,Electronics,East,Online,1,65000,0.1,58500.0
ORD00270,2025-03-31,CUST033,P003,Keyboard,Accessories,North,Partner,3,2200,0,6600
ORD00271,2025-04-01,CUST038,P002,Monitor,Electronics,West,Retail,2,18000,0.15,30600.0
ORD00272,2025-04-01,CUST046,P004,Mouse,Accessories,South,Online,4,900,0.05,3420.0
ORD00273,2025-04-01,CUST054,P006,Headset,Accessories,West,Partner,6,3500,0.15,17850.0
ORD00274,2025-04-01,CUST002,P008,Webcam,Accessories,South,Retail,2,4500,0.05,8550.0
ORD00275,2025-04-02,CUST006,P006,Headset,Accessories,West,Partner,6,3500,0.15,17850.0
ORD00276,2025-04-02,CUST014,P008,Webcam,Accessories,South,Retail,2,4500,0.05,8550.0
ORD00277,2025-04-02,CUST022,P010,UPS,Power,West,Online,4,8000,0.15,27200.0
ORD00278,2025-04-02,CUST030,P002,Monitor,Electronics,South,Partner,6,18000,0.05,102600.0
ORD00279,2025-04-03,CUST034,P010,UPS,Power,West,Online,4,8000,0.15,27200.0
ORD00280,2025-04-03,CUST042,P002,Monitor,Electronics,South,Partner,6,18000,0.05,102600.0
ORD00281,2025-04-03,CUST050,P004,Mouse,Accessories,West,Retail,2,900,0.15,1530.0
ORD00282,2025-04-03,CUST058,P006,Headset,Accessories,South,Online,4,3500,0.05,13300.0
ORD00283,2025-04-04,CUST002,P004,Mouse,Accessories,West,Retail,2,900,0.15,1530.0
ORD00284,2025-04-04,CUST010,P006,Headset,Accessories,South,Online,4,3500,0.05,13300.0
ORD00285,2025-04-04,CUST018,P008,Webcam,Accessories,West,Partner,6,4500,0.15,22950.0
ORD00286,2025-04-04,CUST026,P010,UPS,Power,South,Retail,2,8000,0.05,15200.0
ORD00287,2025-04-05,CUST030,P008,Webcam,Accessories,West,Partner,6,4500,0.15,22950.0
ORD00288,2025-04-05,CUST038,P010,UPS,Power,South,Retail,2,8000,0.05,15200.0
ORD00289,2025-04-05,CUST046,P002,Monitor,Electronics,West,Online,4,18000,0.15,61200.0
ORD00290,2025-04-05,CUST054,P004,Mouse,Accessories,South,Partner,6,900,0.05,5130.0
ORD00291,2025-04-06,CUST058,P002,Monitor,Electronics,West,Online,4,18000,0.15,61200.0
ORD00292,2025-04-06,CUST006,P004,Mouse,Accessories,South,Partner,6,900,0.05,5130.0
ORD00293,2025-04-06,CUST014,P006,Headset,Accessories,West,Retail,2,3500,0.15,5950.0
ORD00294,2025-04-06,CUST022,P008,Webcam,Accessories,South,Online,4,4500,0.05,17100.0
ORD00295,2025-04-07,CUST026,P006,Headset,Accessories,West,Retail,2,3500,0.15,5950.0
ORD00296,2025-04-07,CUST034,P008,Webcam,Accessories,South,Online,4,4500,0.05,17100.0
ORD00297,2025-04-07,CUST042,P010,UPS,Power,West,Partner,6,8000,0.15,40800.0
ORD00298,2025-04-07,CUST050,P002,Monitor,Electronics,South,Retail,2,18000,0.05,34200.0
ORD00299,2025-04-08,CUST054,P010,UPS,Power,West,Partner,6,8000,0.15,40800.0
ORD00300,2025-04-08,CUST002,P002,Monitor,Electronics,South,Retail,2,18000,0.05,34200.0
ORD00301,2025-04-08,CUST010,P004,Mouse,Accessories,West,Online,4,900,0.15,3060.0
ORD00302,2025-04-08,CUST018,P006,Headset,Accessories,South,Partner,6,3500,0.05,19950.0
ORD00303,2025-04-09,CUST022,P004,Mouse,Accessories,West,Online,4,900,0.15,3060.0
ORD00304,2025-04-09,CUST030,P006,Headset,Accessories,South,Partner,6,3500,0.05,19950.0
ORD00305,2025-04-09,CUST038,P008,Webcam,Accessories,West,Retail,2,4500,0.15,7650.0
ORD00306,2025-04-09,CUST046,P010,UPS,Power,South,Online,4,8000,0.05,30400.0
ORD00307,2025-04-10,CUST050,P008,Webcam,Accessories,West,Retail,2,4500,0.15,7650.0
ORD00308,2025-04-10,CUST058,P010,UPS,Power,South,Online,4,8000,0.05,30400.0
ORD00309,2025-04-10,CUST006,P002,Monitor,Electronics,West,Partner,6,18000,0.15,91800.0
ORD00310,2025-04-10,CUST014,P004,Mouse,Accessories,South,Retail,2,900,0.05,1710.0
ORD00311,2025-04-11,CUST018,P002,Monitor,Electronics,West,Partner,6,18000,0.15,91800.0
ORD00312,2025-04-11,CUST026,P004,Mouse,Accessories,South,Retail,2,900,0.05,1710.0
ORD00313,2025-04-11,CUST034,P006,Headset,Accessories,West,Online,4,3500,0.15,11900.0
ORD00314,2025-04-11,CUST042,P008,Webcam,Accessories,South,Partner,6,4500,0.05,25650.0
ORD00315,2025-04-12,CUST046,P006,Headset,Accessories,West,Online,4,3500,0.15,11900.0
ORD00316,2025-04-12,CUST054,P008,Webcam,Accessories,South,Partner,6,4500,0.05,25650.0
ORD00317,2025-04-12,CUST002,P010,UPS,Power,West,Retail,2,8000,0.15,13600.0
ORD00318,2025-04-12,CUST010,P002,Monitor,Electronics,South,Online,4,18000,0.05,68400.0
ORD00319,2025-04-13,CUST014,P010,UPS,Power,West,Retail,2,8000,0.15,13600.0
ORD00320,2025-04-13,CUST022,P002,Monitor,Electronics,South,Online,4,18000,0.05,68400.0
ORD00321,2025-04-13,CUST030,P004,Mouse,Accessories,West,Partner,6,900,0.15,4590.0
ORD00322,2025-04-13,CUST038,P006,Headset,Accessories,South,Retail,2,3500,0.05,6650.0
ORD00323,2025-04-14,CUST042,P004,Mouse,Accessories,West,Partner,6,900,0.15,4590.0
ORD00324,2025-04-14,CUST050,P006,Headset,Accessories,South,Retail,2,3500,0.05,6650.0
ORD00325,2025-04-14,CUST058,P008,Webcam,Accessories,West,Online,4,4500,0.15,15300.0
ORD00326,2025-04-14,CUST006,P010,UPS,Power,South,Partner,6,8000,0.05,45600.0
ORD00327,2025-04-15,CUST010,P008,Webcam,Accessories,West,Online,4,4500,0.15,15300.0
ORD00328,2025-04-15,CUST018,P010,UPS,Power,South,Partner,6,8000,0.05,45600.0
ORD00329,2025-04-15,CUST026,P002,Monitor,Electronics,West,Retail,2,18000,0.15,30600.0
ORD00330,2025-04-15,CUST034,P004,Mouse,Accessories,South,Online,4,900,0.05,3420.0
ORD00331,2025-04-16,CUST038,P002,Monitor,Electronics,West,Retail,2,18000,0.15,30600.0
ORD00332,2025-04-16,CUST046,P004,Mouse,Accessories,South,Online,4,900,0.05,3420.0
ORD00333,2025-04-16,CUST054,P006,Headset,Accessories,West,Partner,6,3500,0.15,17850.0
ORD00334,2025-04-16,CUST002,P008,Webcam,Accessories,South,Retail,2,4500,0.05,8550.0
ORD00335,2025-04-17,CUST006,P006,Headset,Accessories,West,Partner,6,3500,0.15,17850.0
ORD00336,2025-04-17,CUST014,P008,Webcam,Accessories,South,Retail,2,4500,0.05,8550.0
ORD00337,2025-04-17,CUST022,P010,UPS,Power,West,Online,4,8000,0.15,27200.0
ORD00338,2025-04-17,CUST030,P002,Monitor,Electronics,South,Partner,6,18000,0.05,102600.0
ORD00339,2025-04-18,CUST034,P010,UPS,Power,West,Online,4,8000,0.15,27200.0
ORD00340,2025-04-18,CUST042,P002,Monitor,Electronics,South,Partner,6,18000,0.05,102600.0
ORD00341,2025-04-18,CUST050,P004,Mouse,Accessories,West,Retail,2,900,0.15,1530.0
ORD00342,2025-04-18,CUST058,P006,Headset,Accessories,South,Online,4,3500,0.05,13300.0
ORD00343,2025-04-19,CUST002,P004,Mouse,Accessories,West,Retail,2,900,0.15,1530.0
ORD00344,2025-04-19,CUST010,P006,Headset,Accessories,South,Online,4,3500,0.05,13300.0
ORD00345,2025-04-19,CUST018,P008,Webcam,Accessories,West,Partner,6,4500,0.15,22950.0
ORD00346,2025-04-19,CUST026,P010,UPS,Power,South,Retail,2,8000,0.05,15200.0
ORD00347,2025-04-20,CUST030,P008,Webcam,Accessories,West,Partner,6,4500,0.15,22950.0
ORD00348,2025-04-20,CUST038,P010,UPS,Power,South,Retail,2,8000,0.05,15200.0
ORD00349,2025-04-20,CUST046,P002,Monitor,Electronics,West,Online,4,18000,0.15,61200.0
ORD00350,2025-04-20,CUST054,P004,Mouse,Accessories,South,Partner,6,900,0.05,5130.0
ORD00351,2025-04-21,CUST058,P002,Monitor,Electronics,West,Online,4,18000,0.15,61200.0
ORD00352,2025-04-21,CUST006,P004,Mouse,Accessories,South,Partner,6,900,0.05,5130.0
ORD00353,2025-04-21,CUST014,P006,Headset,Accessories,West,Retail,2,3500,0.15,5950.0
ORD00354,2025-04-21,CUST022,P008,Webcam,Accessories,South,Online,4,4500,0.05,17100.0
ORD00355,2025-04-22,CUST026,P006,Headset,Accessories,West,Retail,2,3500,0.15,5950.0
ORD00356,2025-04-22,CUST034,P008,Webcam,Accessories,South,Online,4,4500,0.05,17100.0
ORD00357,2025-04-22,CUST042,P010,UPS,Power,West,Partner,6,8000,0.15,40800.0
ORD00358,2025-04-22,CUST050,P002,Monitor,Electronics,South,Retail,2,18000,0.05,34200.0
ORD00359,2025-04-23,CUST054,P010,UPS,Power,West,Partner,6,8000,0.15,40800.0
ORD00360,2025-04-23,CUST002,P002,Monitor,Electronics,South,Retail,2,18000,0.05,34200.0
ORD00361,2025-04-23,CUST010,P004,Mouse,Accessories,West,Online,4,900,0.15,3060.0
ORD00362,2025-04-23,CUST018,P006,Headset,Accessories,South,Partner,6,3500,0.05,19950.0
ORD00363,2025-04-24,CUST022,P004,Mouse,Accessories,West,Online,4,900,0.15,3060.0
ORD00364,2025-04-24,CUST030,P006,Headset,Accessories,South,Partner,6,3500,0.05,19950.0
ORD00365,2025-04-24,CUST038,P008,Webcam,Accessories,West,Retail,2,4500,0.15,7650.0
ORD00366,2025-04-24,CUST046,P010,UPS,Power,South,Online,4,8000,0.05,30400.0
ORD00367,2025-04-25,CUST050,P008,Webcam,Accessories,West,Retail,2,4500,0.15,7650.0
ORD00368,2025-04-25,CUST058,P010,UPS,Power,South,Online,4,8000,0.05,30400.0
ORD00369,2025-04-25,CUST006,P002,Monitor,Electronics,West,Partner,6,18000,0.15,91800.0
ORD00370,2025-04-25,CUST014,P004,Mouse,Accessories,South,Retail,2,900,0.05,1710.0
ORD00371,2025-04-26,CUST018,P002,Monitor,Electronics,West,Partner,6,18000,0.15,91800.0
ORD00372,2025-04-26,CUST026,P004,Mouse,Accessories,South,Retail,2,900,0.05,1710.0
ORD00373,2025-04-26,CUST034,P006,Headset,Accessories,West,Online,4,3500,0.15,11900.0
ORD00374,2025-04-26,CUST042,P008,Webcam,Accessories,South,Partner,6,4500,0.05,25650.0
ORD00375,2025-04-27,CUST046,P006,Headset,Accessories,West,Online,4,3500,0.15,11900.0
ORD00376,2025-04-27,CUST054,P008,Webcam,Accessories,South,Partner,6,4500,0.05,25650.0
ORD00377,2025-04-27,CUST002,P010,UPS,Power,West,Retail,2,8000,0.15,13600.0
ORD00378,2025-04-27,CUST010,P002,Monitor,Electronics,South,Online,4,18000,0.05,68400.0
ORD00379,2025-04-28,CUST014,P010,UPS,Power,West,Retail,2,8000,0.15,13600.0
ORD00380,2025-04-28,CUST022,P002,Monitor,Electronics,South,Online,4,18000,0.05,68400.0
ORD00381,2025-04-28,CUST030,P004,Mouse,Accessories,West,Partner,6,900,0.15,4590.0
ORD00382,2025-04-28,CUST038,P006,Headset,Accessories,South,Retail,2,3500,0.05,6650.0
ORD00383,2025-04-29,CUST042,P004,Mouse,Accessories,West,Partner,6,900,0.15,4590.0
ORD00384,2025-04-29,CUST050,P006,Headset,Accessories,South,Retail,2,3500,0.05,6650.0
ORD00385,2025-04-29,CUST058,P008,Webcam,Accessories,West,Online,4,4500,0.15,15300.0
ORD00386,2025-04-29,CUST006,P010,UPS,Power,South,Partner,6,8000,0.05,45600.0
ORD00387,2025-04-30,CUST010,P008,Webcam,Accessories,West,Online,4,4500,0.15,15300.0
ORD00388,2025-04-30,CUST018,P010,UPS,Power,South,Partner,6,8000,0.05,45600.0
ORD00389,2025-04-30,CUST026,P002,Monitor,Electronics,West,Retail,2,18000,0.15,30600.0
ORD00390,2025-04-30,CUST034,P004,Mouse,Accessories,South,Online,4,900,0.05,3420.0
ORD00391,2025-05-01,CUST038,P002,Monitor,Electronics,West,Retail,2,18000,0.15,30600.0
ORD00392,2025-05-01,CUST046,P004,Mouse,Accessories,South,Online,4,900,0.05,3420.0
ORD00393,2025-05-01,CUST054,P006,Headset,Accessories,West,Partner,6,3500,0.15,17850.0
ORD00394,2025-05-01,CUST002,P008,Webcam,Accessories,South,Retail,2,4500,0.05,8550.0
ORD00395,2025-05-02,CUST006,P006,Headset,Accessories,West,Partner,6,3500,0.15,17850.0
ORD00396,2025-05-02,CUST014,P008,Webcam,Accessories,South,Retail,2,4500,0.05,8550.0
ORD00397,2025-05-02,CUST022,P010,UPS,Power,West,Online,4,8000,0.15,27200.0
ORD00398,2025-05-02,CUST030,P002,Monitor,Electronics,South,Partner,6,18000,0.05,102600.0
ORD00399,2025-05-03,CUST034,P010,UPS,Power,West,Online,4,8000,0.15,27200.0
ORD00400,2025-05-03,CUST042,P002,Monitor,Electronics,South,Partner,6,18000,0.05,102600.0
ORD00401,2025-05-03,CUST050,P004,Mouse,Accessories,West,Retail,2,900,0.15,1530.0
ORD00402,2025-05-03,CUST058,P006,Headset,Accessories,South,Online,4,3500,0.05,13300.0
ORD00403,2025-05-04,CUST002,P004,Mouse,Accessories,West,Retail,2,900,0.15,1530.0
ORD00404,2025-05-04,CUST010,P006,Headset,Accessories,South,Online,4,3500,0.05,13300.0
ORD00405,2025-05-04,CUST018,P008,Webcam,Accessories,West,Partner,6,4500,0.15,22950.0
ORD00406,2025-05-04,CUST026,P010,UPS,Power,South,Retail,2,8000,0.05,15200.0
ORD00407,2025-05-05,CUST030,P008,Webcam,Accessories,West,Partner,6,4500,0.15,22950.0
ORD00408,2025-05-05,CUST038,P010,UPS,Power,South,Retail,2,8000,0.05,15200.0
ORD00409,2025-05-05,CUST046,P002,Monitor,Electronics,West,Online,4,18000,0.15,61200.0
ORD00410,2025-05-05,CUST054,P004,Mouse,Accessories,South,Partner,6,900,0.05,5130.0
ORD00411,2025-05-06,CUST058,P002,Monitor,Electronics,West,Online,4,18000,0.15,61200.0
ORD00412,2025-05-06,CUST006,P004,Mouse,Accessories,South,Partner,6,900,0.05,5130.0
ORD00413,2025-05-06,CUST014,P006,Headset,Accessories,West,Retail,2,3500,0.15,5950.0
ORD00414,2025-05-06,CUST022,P008,Webcam,Accessories,South,Online,4,4500,0.05,17100.0
ORD00415,2025-05-07,CUST026,P006,Headset,Accessories,West,Retail,2,3500,0.15,5950.0
ORD00416,2025-05-07,CUST034,P008,Webcam,Accessories,South,Online,4,4500,0.05,17100.0
ORD00417,2025-05-07,CUST042,P010,UPS,Power,West,Partner,6,8000,0.15,40800.0
ORD00418,2025-05-07,CUST050,P002,Monitor,Electronics,South,Retail,2,18000,0.05,34200.0
ORD00419,2025-05-08,CUST054,P010,UPS,Power,West,Partner,6,8000,0.15,40800.0
ORD00420,2025-05-08,CUST002,P002,Monitor,Electronics,South,Retail,2,18000,0.05,34200.0
ORD00421,2025-05-08,CUST010,P004,Mouse,Accessories,West,Online,4,900,0.15,3060.0
ORD00422,2025-05-08,CUST018,P006,Headset,Accessories,South,Partner,6,3500,0.05,19950.0
ORD00423,2025-05-09,CUST022,P004,Mouse,Accessories,West,Online,4,900,0.15,3060.0
ORD00424,2025-05-09,CUST030,P006,Headset,Accessories,South,Partner,6,3500,0.05,19950.0
ORD00425,2025-05-09,CUST038,P008,Webcam,Accessories,West,Retail,2,4500,0.15,7650.0
ORD00426,2025-05-09,CUST046,P010,UPS,Power,South,Online,4,8000,0.05,30400.0
ORD00427,2025-05-10,CUST050,P008,Webcam,Accessories,West,Retail,2,4500,0.15,7650.0
ORD00428,2025-05-10,CUST058,P010,UPS,Power,South,Online,4,8000,0.05,30400.0
ORD00429,2025-05-10,CUST006,P002,Monitor,Electronics,West,Partner,6,18000,0.15,91800.0
ORD00430,2025-05-10,CUST014,P004,Mouse,Accessories,South,Retail,2,900,0.05,1710.0
ORD00431,2025-05-11,CUST018,P002,Monitor,Electronics,West,Partner,6,18000,0.15,91800.0
ORD00432,2025-05-11,CUST026,P004,Mouse,Accessories,South,Retail,2,900,0.05,1710.0
ORD00433,2025-05-11,CUST034,P006,Headset,Accessories,West,Online,4,3500,0.15,11900.0
ORD00434,2025-05-11,CUST042,P008,Webcam,Accessories,South,Partner,6,4500,0.05,25650.0
ORD00435,2025-05-12,CUST046,P006,Headset,Accessories,West,Online,4,3500,0.15,11900.0
ORD00436,2025-05-12,CUST054,P008,Webcam,Accessories,South,Partner,6,4500,0.05,25650.0
ORD00437,2025-05-12,CUST002,P010,UPS,Power,West,Retail,2,8000,0.15,13600.0
ORD00438,2025-05-12,CUST010,P002,Monitor,Electronics,South,Online,4,18000,0.05,68400.0
ORD00439,2025-05-13,CUST014,P010,UPS,Power,West,Retail,2,8000,0.15,13600.0
ORD00440,2025-05-13,CUST022,P002,Monitor,Electronics,South,Online,4,18000,0.05,68400.0
ORD00441,2025-05-13,CUST030,P004,Mouse,Accessories,West,Partner,6,900,0.15,4590.0
ORD00442,2025-05-13,CUST038,P006,Headset,Accessories,South,Retail,2,3500,0.05,6650.0
ORD00443,2025-05-14,CUST042,P004,Mouse,Accessories,West,Partner,6,900,0.15,4590.0
ORD00444,2025-05-14,CUST050,P006,Headset,Accessories,South,Retail,2,3500,0.05,6650.0
ORD00445,2025-05-14,CUST058,P008,Webcam,Accessories,West,Online,4,4500,0.15,15300.0
ORD00446,2025-05-14,CUST006,P010,UPS,Power,South,Partner,6,8000,0.05,45600.0
ORD00447,2025-05-15,CUST010,P008,Webcam,Accessories,West,Online,4,4500,0.15,15300.0
ORD00448,2025-05-15,CUST018,P010,UPS,Power,South,Partner,6,8000,0.05,45600.0
ORD00449,2025-05-15,CUST026,P002,Monitor,Electronics,West,Retail,2,18000,0.15,30600.0
ORD00450,2025-05-15,CUST034,P004,Mouse,Accessories,South,Online,4,900,0.05,3420.0
ORD00451,2025-05-16,CUST038,P002,Monitor,Electronics,West,Retail,2,18000,0.15,30600.0
ORD00452,2025-05-16,CUST046,P004,Mouse,Accessories,South,Online,4,900,0.05,3420.0
ORD00453,2025-05-16,CUST054,P006,Headset,Accessories,West,Partner,6,3500,0.15,17850.0
ORD00454,2025-05-16,CUST002,P008,Webcam,Accessories,South,Retail,2,4500,0.05,8550.0
ORD00455,2025-05-17,CUST006,P006,Headset,Accessories,West,Partner,6,3500,0.15,17850.0
ORD00456,2025-05-17,CUST014,P008,Webcam,Accessories,South,Retail,2,4500,0.05,8550.0
ORD00457,2025-05-17,CUST022,P010,UPS,Power,West,Online,4,8000,0.15,27200.0
ORD00458,2025-05-17,CUST030,P002,Monitor,Electronics,South,Partner,6,18000,0.05,102600.0
ORD00459,2025-05-18,CUST034,P010,UPS,Power,West,Online,4,8000,0.15,27200.0
ORD00460,2025-05-18,CUST042,P002,Monitor,Electronics,South,Partner,6,18000,0.05,102600.0
ORD00461,2025-05-18,CUST050,P004,Mouse,Accessories,West,Retail,2,900,0.15,1530.0
ORD00462,2025-05-18,CUST058,P006,Headset,Accessories,South,Online,4,3500,0.05,13300.0
ORD00463,2025-05-19,CUST002,P004,Mouse,Accessories,West,Retail,2,900,0.15,1530.0
ORD00464,2025-05-19,CUST010,P006,Headset,Accessories,South,Online,4,3500,0.05,13300.0
ORD00465,2025-05-19,CUST018,P008,Webcam,Accessories,West,Partner,6,4500,0.15,22950.0
ORD00466,2025-05-19,CUST026,P010,UPS,Power,South,Retail,2,8000,0.05,15200.0
ORD00467,2025-05-20,CUST030,P008,Webcam,Accessories,West,Partner,6,4500,0.15,22950.0
ORD00468,2025-05-20,CUST038,P010,UPS,Power,South,Retail,2,8000,0.05,15200.0
ORD00469,2025-05-20,CUST046,P002,Monitor,Electronics,West,Online,4,18000,0.15,61200.0
ORD00470,2025-05-20,CUST054,P004,Mouse,Accessories,South,Partner,6,900,0.05,5130.0
ORD00471,2025-05-21,CUST058,P002,Monitor,Electronics,West,Online,4,18000,0.15,61200.0
ORD00472,2025-05-21,CUST006,P004,Mouse,Accessories,South,Partner,6,900,0.05,5130.0
ORD00473,2025-05-21,CUST014,P006,Headset,Accessories,West,Retail,2,3500,0.15,5950.0
ORD00474,2025-05-21,CUST022,P008,Webcam,Accessories,South,Online,4,4500,0.05,17100.0
ORD00475,2025-05-22,CUST026,P006,Headset,Accessories,West,Retail,2,3500,0.15,5950.0
ORD00476,2025-05-22,CUST034,P008,Webcam,Accessories,South,Online,4,4500,0.05,17100.0
ORD00477,2025-05-22,CUST042,P010,UPS,Power,West,Partner,6,8000,0.15,40800.0
ORD00478,2025-05-22,CUST050,P002,Monitor,Electronics,South,Retail,2,18000,0.05,34200.0
ORD00479,2025-05-23,CUST054,P010,UPS,Power,West,Partner,6,8000,0.15,40800.0
ORD00480,2025-05-23,CUST002,P002,Monitor,Electronics,South,Retail,2,18000,0.05,34200.0
ORD00481,2025-05-23,CUST010,P004,Mouse,Accessories,West,Online,4,900,0.15,3060.0
ORD00482,2025-05-23,CUST018,P006,Headset,Accessories,South,Partner,6,3500,0.05,19950.0
ORD00483,2025-05-24,CUST022,P004,Mouse,Accessories,West,Online,4,900,0.15,3060.0
ORD00484,2025-05-24,CUST030,P006,Headset,Accessories,South,Partner,6,3500,0.05,19950.0
ORD00485,2025-05-24,CUST038,P008,Webcam,Accessories,West,Retail,2,4500,0.15,7650.0
ORD00486,2025-05-24,CUST046,P010,UPS,Power,South,Online,4,8000,0.05,30400.0
ORD00487,2025-05-25,CUST050,P008,Webcam,Accessories,West,Retail,2,4500,0.15,7650.0
ORD00488,2025-05-25,CUST058,P010,UPS,Power,South,Online,4,8000,0.05,30400.0
ORD00489,2025-05-25,CUST006,P002,Monitor,Electronics,West,Partner,6,18000,0.15,91800.0
ORD00490,2025-05-25,CUST014,P004,Mouse,Accessories,South,Retail,2,900,0.05,1710.0
ORD00491,2025-05-26,CUST018,P002,Monitor,Electronics,West,Partner,6,18000,0.15,91800.0
ORD00492,2025-05-26,CUST026,P004,Mouse,Accessories,South,Retail,2,900,0.05,1710.0
ORD00493,2025-05-26,CUST034,P006,Headset,Accessories,West,Online,4,3500,0.15,11900.0
ORD00494,2025-05-26,CUST042,P008,Webcam,Accessories,South,Partner,6,4500,0.05,25650.0
ORD00495,2025-05-27,CUST046,P006,Headset,Accessories,West,Online,4,3500,0.15,11900.0
ORD00496,2025-05-27,CUST054,P008,Webcam,Accessories,South,Partner,6,4500,0.05,25650.0
ORD00497,2025-05-27,CUST002,P010,UPS,Power,West,Retail,2,8000,0.15,13600.0
ORD00498,2025-05-27,CUST010,P002,Monitor,Electronics,South,Online,4,18000,0.05,68400.0
ORD00499,2025-05-28,CUST014,P010,UPS,Power,West,Retail,2,8000,0.15,13600.0
ORD00500,2025-05-28,CUST022,P002,Monitor,Electronics,South,Online,4,18000,0.05,68400.0
ORD00501,2025-05-28,CUST030,P004,Mouse,Accessories,West,Partner,6,900,0.15,4590.0
ORD00502,2025-05-28,CUST038,P006,Headset,Accessories,South,Retail,2,3500,0.05,6650.0
ORD00503,2025-05-29,CUST042,P004,Mouse,Accessories,West,Partner,6,900,0.15,4590.0
ORD00504,2025-05-29,CUST050,P006,Headset,Accessories,South,Retail,2,3500,0.05,6650.0
ORD00505,2025-05-29,CUST058,P008,Webcam,Accessories,West,Online,4,4500,0.15,15300.0
ORD00506,2025-05-29,CUST006,P010,UPS,Power,South,Partner,6,8000,0.05,45600.0
ORD00507,2025-05-30,CUST010,P008,Webcam,Accessories,West,Online,4,4500,0.15,15300.0
ORD00508,2025-05-30,CUST018,P010,UPS,Power,South,Partner,6,8000,0.05,45600.0
ORD00509,2025-05-30,CUST026,P002,Monitor,Electronics,West,Retail,2,18000,0.15,30600.0
ORD00510,2025-05-30,CUST034,P004,Mouse,Accessories,South,Online,4,900,0.05,3420.0
ORD00511,2025-05-31,CUST038,P002,Monitor,Electronics,West,Retail,2,18000,0.15,30600.0
ORD00512,2025-05-31,CUST046,P004,Mouse,Accessories,South,Online,4,900,0.05,3420.0
ORD00513,2025-05-31,CUST054,P006,Headset,Accessories,West,Partner,6,3500,0.15,17850.0
ORD00514,2025-05-31,CUST002,P008,Webcam,Accessories,South,Retail,2,4500,0.05,8550.0
ORD00515,2025-06-01,CUST006,P006,Headset,Accessories,West,Partner,6,3500,0.15,17850.0
ORD00516,2025-06-01,CUST014,P008,Webcam,Accessories,South,Retail,2,4500,0.05,8550.0
ORD00517,2025-06-01,CUST022,P010,UPS,Power,West,Online,4,8000,0.15,27200.0
ORD00518,2025-06-01,CUST030,P002,Monitor,Electronics,South,Partner,6,18000,0.05,102600.0
ORD00519,2025-06-02,CUST034,P010,UPS,Power,West,Online,4,8000,0.15,27200.0
ORD00520,2025-06-02,CUST042,P002,Monitor,Electronics,South,Partner,6,18000,0.05,102600.0
ORD00521,2025-06-02,CUST050,P004,Mouse,Accessories,West,Retail,2,900,0.15,1530.0
ORD00522,2025-06-02,CUST058,P006,Headset,Accessories,South,Online,4,3500,0.05,13300.0
ORD00523,2025-06-03,CUST002,P004,Mouse,Accessories,West,Retail,2,900,0.15,1530.0
ORD00524,2025-06-03,CUST010,P006,Headset,Accessories,South,Online,4,3500,0.05,13300.0
ORD00525,2025-06-03,CUST018,P008,Webcam,Accessories,West,Partner,6,4500,0.15,22950.0
ORD00526,2025-06-03,CUST026,P010,UPS,Power,South,Retail,2,8000,0.05,15200.0
ORD00527,2025-06-04,CUST030,P008,Webcam,Accessories,West,Partner,6,4500,0.15,22950.0
ORD00528,2025-06-04,CUST038,P010,UPS,Power,South,Retail,2,8000,0.05,15200.0
ORD00529,2025-06-04,CUST046,P002,Monitor,Electronics,West,Online,4,18000,0.15,61200.0
ORD00530,2025-06-04,CUST054,P004,Mouse,Accessories,South,Partner,6,900,0.05,5130.0
ORD00531,2025-06-05,CUST058,P002,Monitor,Electronics,West,Online,4,18000,0.15,61200.0
ORD00532,2025-06-05,CUST006,P004,Mouse,Accessories,South,Partner,6,900,0.05,5130.0
ORD00533,2025-06-05,CUST014,P006,Headset,Accessories,West,Retail,2,3500,0.15,5950.0
ORD00534,2025-06-05,CUST022,P008,Webcam,Accessories,South,Online,4,4500,0.05,17100.0
ORD00535,2025-06-06,CUST026,P006,Headset,Accessories,West,Retail,2,3500,0.15,5950.0
ORD00536,2025-06-06,CUST034,P008,Webcam,Accessories,South,Online,4,4500,0.05,17100.0
ORD00537,2025-06-06,CUST042,P010,UPS,Power,West,Partner,6,8000,0.15,40800.0
ORD00538,2025-06-06,CUST050,P002,Monitor,Electronics,South,Retail,2,18000,0.05,34200.0
ORD00539,2025-06-07,CUST054,P010,UPS,Power,West,Partner,6,8000,0.15,40800.0
ORD00540,2025-06-07,CUST002,P002,Monitor,Electronics,South,Retail,2,18000,0.05,34200.0
ORD00541,2025-06-07,CUST010,P004,Mouse,Accessories,West,Online,4,900,0.15,3060.0
ORD00542,2025-06-07,CUST018,P006,Headset,Accessories,South,Partner,6,3500,0.05,19950.0
ORD00543,2025-06-08,CUST022,P004,Mouse,Accessories,West,Online,4,900,0.15,3060.0
ORD00544,2025-06-08,CUST030,P006,Headset,Accessories,South,Partner,6,3500,0.05,19950.0
ORD00545,2025-06-08,CUST038,P008,Webcam,Accessories,West,Retail,2,4500,0.15,7650.0
ORD00546,2025-06-08,CUST046,P010,UPS,Power,South,Online,4,8000,0.05,30400.0
ORD00547,2025-06-09,CUST050,P008,Webcam,Accessories,West,Retail,2,4500,0.15,7650.0
ORD00548,2025-06-09,CUST058,P010,UPS,Power,South,Online,4,8000,0.05,30400.0
ORD00549,2025-06-09,CUST006,P002,Monitor,Electronics,West,Partner,6,18000,0.15,91800.0
ORD00550,2025-06-09,CUST014,P004,Mouse,Accessories,South,Retail,2,900,0.05,1710.0
ORD00551,2025-06-10,CUST018,P002,Monitor,Electronics,West,Partner,6,18000,0.15,91800.0
ORD00552,2025-06-10,CUST026,P004,Mouse,Accessories,South,Retail,2,900,0.05,1710.0
ORD00553,2025-06-10,CUST034,P006,Headset,Accessories,West,Online,4,3500,0.15,11900.0
ORD00554,2025-06-10,CUST042,P008,Webcam,Accessories,South,Partner,6,4500,0.05,25650.0
ORD00555,2025-06-11,CUST046,P006,Headset,Accessories,West,Online,4,3500,0.15,11900.0
ORD00556,2025-06-11,CUST054,P008,Webcam,Accessories,South,Partner,6,4500,0.05,25650.0
ORD00557,2025-06-11,CUST002,P010,UPS,Power,West,Retail,2,8000,0.15,13600.0
ORD00558,2025-06-11,CUST010,P002,Monitor,Electronics,South,Online,4,18000,0.05,68400.0
ORD00559,2025-06-12,CUST014,P010,UPS,Power,West,Retail,2,8000,0.15,13600.0
ORD00560,2025-06-12,CUST022,P002,Monitor,Electronics,South,Online,4,18000,0.05,68400.0
ORD00561,2025-06-12,CUST030,P004,Mouse,Accessories,West,Partner,6,900,0.15,4590.0
ORD00562,2025-06-12,CUST038,P006,Headset,Accessories,South,Retail,2,3500,0.05,6650.0
ORD00563,2025-06-13,CUST042,P004,Mouse,Accessories,West,Partner,6,900,0.15,4590.0
ORD00564,2025-06-13,CUST050,P006,Headset,Accessories,South,Retail,2,3500,0.05,6650.0
ORD00565,2025-06-13,CUST058,P008,Webcam,Accessories,West,Online,4,4500,0.15,15300.0
ORD00566,2025-06-13,CUST006,P010,UPS,Power,South,Partner,6,8000,0.05,45600.0
ORD00567,2025-06-14,CUST010,P008,Webcam,Accessories,West,Online,4,4500,0.15,15300.0
ORD00568,2025-06-14,CUST018,P010,UPS,Power,South,Partner,6,8000,0.05,45600.0
ORD00569,2025-06-14,CUST026,P002,Monitor,Electronics,West,Retail,2,18000,0.15,30600.0
ORD00570,2025-06-14,CUST034,P004,Mouse,Accessories,South,Online,4,900,0.05,3420.0
ORD00571,2025-06-15,CUST038,P002,Monitor,Electronics,West,Retail,2,18000,0.15,30600.0
ORD00572,2025-06-15,CUST046,P004,Mouse,Accessories,South,Online,4,900,0.05,3420.0
ORD00573,2025-06-15,CUST054,P006,Headset,Accessories,West,Partner,6,3500,0.15,17850.0
ORD00574,2025-06-15,CUST002,P008,Webcam,Accessories,South,Retail,2,4500,0.05,8550.0
ORD00575,2025-06-16,CUST006,P006,Headset,Accessories,West,Partner,6,3500,0.15,17850.0
ORD00576,2025-06-16,CUST014,P008,Webcam,Accessories,South,Retail,2,4500,0.05,8550.0
ORD00577,2025-06-16,CUST022,P010,UPS,Power,West,Online,4,8000,0.15,27200.0
ORD00578,2025-06-16,CUST030,P002,Monitor,Electronics,South,Partner,6,18000,0.05,102600.0
ORD00579,2025-06-17,CUST034,P010,UPS,Power,West,Online,4,8000,0.15,27200.0
ORD00580,2025-06-17,CUST042,P002,Monitor,Electronics,South,Partner,6,18000,0.05,102600.0
ORD00581,2025-06-17,CUST050,P004,Mouse,Accessories,West,Retail,2,900,0.15,1530.0
ORD00582,2025-06-17,CUST058,P006,Headset,Accessories,South,Online,4,3500,0.05,13300.0
ORD00583,2025-06-18,CUST002,P004,Mouse,Accessories,West,Retail,2,900,0.15,1530.0
ORD00584,2025-06-18,CUST010,P006,Headset,Accessories,South,Online,4,3500,0.05,13300.0
ORD00585,2025-06-18,CUST018,P008,Webcam,Accessories,West,Partner,6,4500,0.15,22950.0
ORD00586,2025-06-18,CUST026,P010,UPS,Power,South,Retail,2,8000,0.05,15200.0
ORD00587,2025-06-19,CUST030,P008,Webcam,Accessories,West,Partner,6,4500,0.15,22950.0
ORD00588,2025-06-19,CUST038,P010,UPS,Power,South,Retail,2,8000,0.05,15200.0
ORD00589,2025-06-19,CUST046,P002,Monitor,Electronics,West,Online,4,18000,0.15,61200.0
ORD00590,2025-06-19,CUST054,P004,Mouse,Accessories,South,Partner,6,900,0.05,5130.0
ORD00591,2025-06-20,CUST058,P002,Monitor,Electronics,West,Online,4,18000,0.15,61200.0
ORD00592,2025-06-20,CUST006,P004,Mouse,Accessories,South,Partner,6,900,0.05,5130.0
ORD00593,2025-06-20,CUST014,P006,Headset,Accessories,West,Retail,2,3500,0.15,5950.0
ORD00594,2025-06-20,CUST022,P008,Webcam,Accessories,South,Online,4,4500,0.05,17100.0
ORD00595,2025-06-21,CUST026,P006,Headset,Accessories,West,Retail,2,3500,0.15,5950.0
ORD00596,2025-06-21,CUST034,P008,Webcam,Accessories,South,Online,4,4500,0.05,17100.0
ORD00597,2025-06-21,CUST042,P010,UPS,Power,West,Partner,6,8000,0.15,40800.0
ORD00598,2025-06-21,CUST050,P002,Monitor,Electronics,South,Retail,2,18000,0.05,34200.0
ORD00599,2025-06-22,CUST054,P010,UPS,Power,West,Partner,6,8000,0.15,40800.0
ORD00600,2025-06-22,CUST002,P002,Monitor,Electronics,South,Retail,2,18000,0.05,34200.0
ORD00601,2025-06-22,CUST010,P004,Mouse,Accessories,West,Online,4,900,0.15,3060.0
ORD00602,2025-06-22,CUST018,P006,Headset,Accessories,South,Partner,6,3500,0.05,19950.0
ORD00603,2025-06-23,CUST022,P004,Mouse,Accessories,West,Online,4,900,0.15,3060.0
ORD00604,2025-06-23,CUST030,P006,Headset,Accessories,South,Partner,6,3500,0.05,19950.0
ORD00605,2025-06-23,CUST038,P008,Webcam,Accessories,West,Retail,2,4500,0.15,7650.0
ORD00606,2025-06-23,CUST046,P010,UPS,Power,South,Online,4,8000,0.05,30400.0
ORD00607,2025-06-24,CUST050,P008,Webcam,Accessories,West,Retail,2,4500,0.15,7650.0
ORD00608,2025-06-24,CUST058,P010,UPS,Power,South,Online,4,8000,0.05,30400.0
ORD00609,2025-06-24,CUST006,P002,Monitor,Electronics,West,Partner,6,18000,0.15,91800.0
ORD00610,2025-06-24,CUST014,P004,Mouse,Accessories,South,Retail,2,900,0.05,1710.0
ORD00611,2025-06-25,CUST018,P002,Monitor,Electronics,West,Partner,6,18000,0.15,91800.0
ORD00612,2025-06-25,CUST026,P004,Mouse,Accessories,South,Retail,2,900,0.05,1710.0
ORD00613,2025-06-25,CUST034,P006,Headset,Accessories,West,Online,4,3500,0.15,11900.0
ORD00614,2025-06-25,CUST042,P008,Webcam,Accessories,South,Partner,6,4500,0.05,25650.0
ORD00615,2025-06-26,CUST046,P006,Headset,Accessories,West,Online,4,3500,0.15,11900.0
ORD00616,2025-06-26,CUST054,P008,Webcam,Accessories,South,Partner,6,4500,0.05,25650.0
ORD00617,2025-06-26,CUST002,P010,UPS,Power,West,Retail,2,8000,0.15,13600.0
ORD00618,2025-06-26,CUST010,P002,Monitor,Electronics,South,Online,4,18000,0.05,68400.0
ORD00619,2025-06-27,CUST014,P010,UPS,Power,West,Retail,2,8000,0.15,13600.0
ORD00620,2025-06-27,CUST022,P002,Monitor,Electronics,South,Online,4,18000,0.05,68400.0
ORD00621,2025-06-27,CUST030,P004,Mouse,Accessories,West,Partner,6,900,0.15,4590.0
ORD00622,2025-06-27,CUST038,P006,Headset,Accessories,South,Retail,2,3500,0.05,6650.0
ORD00623,2025-06-28,CUST042,P004,Mouse,Accessories,West,Partner,6,900,0.15,4590.0
ORD00624,2025-06-28,CUST050,P006,Headset,Accessories,South,Retail,2,3500,0.05,6650.0
ORD00625,2025-06-28,CUST058,P008,Webcam,Accessories,West,Online,4,4500,0.15,15300.0
ORD00626,2025-06-28,CUST006,P010,UPS,Power,South,Partner,6,8000,0.05,45600.0
ORD00627,2025-06-29,CUST010,P008,Webcam,Accessories,West,Online,4,4500,0.15,15300.0
ORD00628,2025-06-29,CUST018,P010,UPS,Power,South,Partner,6,8000,0.05,45600.0
ORD00629,2025-06-29,CUST026,P002,Monitor,Electronics,West,Retail,2,18000,0.15,30600.0
ORD00630,2025-06-29,CUST034,P004,Mouse,Accessories,South,Online,4,900,0.05,3420.0
ORD00631,2025-06-30,CUST038,P002,Monitor,Electronics,West,Retail,2,18000,0.15,30600.0
ORD00632,2025-06-30,CUST046,P004,Mouse,Accessories,South,Online,4,900,0.05,3420.0
ORD00633,2025-06-30,CUST054,P006,Headset,Accessories,West,Partner,6,3500,0.15,17850.0
ORD00634,2025-06-30,CUST002,P008,Webcam,Accessories,South,Retail,2,4500,0.05,8550.0
ORD00635,2025-07-01,CUST006,P006,Headset,Accessories,West,Partner,6,3500,0.15,17850.0
ORD00636,2025-07-01,CUST014,P008,Webcam,Accessories,South,Retail,2,4500,0.05,8550.0
ORD00637,2025-07-01,CUST022,P010,UPS,Power,West,Online,4,8000,0.15,27200.0
ORD00638,2025-07-02,CUST027,P009,Router,Networking,East,Partner,3,6500,0.1,17550.0
ORD00639,2025-07-02,CUST035,P001,Laptop,Electronics,North,Retail,5,65000,0,325000
ORD00640,2025-07-02,CUST043,P003,Keyboard,Accessories,East,Online,1,2200,0.1,1980.0
ORD00641,2025-07-03,CUST048,P002,Monitor,Electronics,South,Partner,6,18000,0.05,102600.0
ORD00642,2025-07-03,CUST056,P004,Mouse,Accessories,West,Retail,2,900,0.15,1530.0
ORD00643,2025-07-03,CUST004,P006,Headset,Accessories,South,Online,4,3500,0.05,13300.0
ORD00644,2025-07-04,CUST009,P005,Printer,Office,North,Partner,3,12500,0,37500
ORD00645,2025-07-04,CUST017,P007,Tablet,Electronics,East,Retail,5,28000,0.1,126000.0
ORD00646,2025-07-04,CUST025,P009,Router,Networking,North,Online,1,6500,0,6500
ORD00647,2025-07-05,CUST030,P008,Webcam,Accessories,West,Partner,6,4500,0.15,22950.0
ORD00648,2025-07-05,CUST038,P010,UPS,Power,South,Retail,2,8000,0.05,15200.0
ORD00649,2025-07-05,CUST046,P002,Monitor,Electronics,West,Online,4,18000,0.15,61200.0
ORD00650,2025-07-06,CUST051,P001,Laptop,Electronics,East,Partner,3,65000,0.1,175500.0
ORD00651,2025-07-06,CUST059,P003,Keyboard,Accessories,North,Retail,5,2200,0,11000
ORD00652,2025-07-06,CUST007,P005,Printer,Office,East,Online,1,12500,0.1,11250.0
ORD00653,2025-07-07,CUST012,P004,Mouse,Accessories,South,Partner,6,900,0.05,5130.0
ORD00654,2025-07-07,CUST020,P006,Headset,Accessories,West,Retail,2,3500,0.15,5950.0
ORD00655,2025-07-07,CUST028,P008,Webcam,Accessories,South,Online,4,4500,0.05,17100.0
ORD00656,2025-07-08,CUST033,P007,Tablet,Electronics,North,Partner,3,28000,0,84000
ORD00657,2025-07-08,CUST041,P009,Router,Networking,East,Retail,5,6500,0.1,29250.0
ORD00658,2025-07-08,CUST049,P001,Laptop,Electronics,North,Online,1,65000,0,65000
ORD00659,2025-07-09,CUST054,P010,UPS,Power,West,Partner,6,8000,0.15,40800.0
ORD00660,2025-07-09,CUST002,P002,Monitor,Electronics,South,Retail,2,18000,0.05,34200.0
ORD00661,2025-07-09,CUST010,P004,Mouse,Accessories,West,Online,4,900,0.15,3060.0
ORD00662,2025-07-10,CUST015,P003,Keyboard,Accessories,East,Partner,3,2200,0.1,5940.0
ORD00663,2025-07-10,CUST023,P005,Printer,Office,North,Retail,5,12500,0,62500
ORD00664,2025-07-10,CUST031,P007,Tablet,Electronics,East,Online,1,28000,0.1,25200.0
ORD00665,2025-07-11,CUST036,P006,Headset,Accessories,South,Partner,6,3500,0.05,19950.0
ORD00666,2025-07-11,CUST044,P008,Webcam,Accessories,West,Retail,2,4500,0.15,7650.0
ORD00667,2025-07-11,CUST052,P010,UPS,Power,South,Online,4,8000,0.05,30400.0
ORD00668,2025-07-12,CUST057,P009,Router,Networking,North,Partner,3,6500,0,19500
ORD00669,2025-07-12,CUST005,P001,Laptop,Electronics,East,Retail,5,65000,0.1,292500.0
ORD00670,2025-07-12,CUST013,P003,Keyboard,Accessories,North,Online,1,2200,0,2200
ORD00671,2025-07-13,CUST018,P002,Monitor,Electronics,West,Partner,6,18000,0.15,91800.0
ORD00672,2025-07-13,CUST026,P004,Mouse,Accessories,South,Retail,2,900,0.05,1710.0
ORD00673,2025-07-13,CUST034,P006,Headset,Accessories,West,Online,4,3500,0.15,11900.0
ORD00674,2025-07-14,CUST039,P005,Printer,Office,East,Partner,3,12500,0.1,33750.0
ORD00675,2025-07-14,CUST047,P007,Tablet,Electronics,North,Retail,5,28000,0,140000
ORD00676,2025-07-14,CUST055,P009,Router,Networking,East,Online,1,6500,0.1,5850.0
ORD00677,2025-07-15,CUST060,P008,Webcam,Accessories,South,Partner,6,4500,0.05,25650.0
ORD00678,2025-07-15,CUST008,P010,UPS,Power,West,Retail,2,8000,0.15,13600.0
ORD00679,2025-07-15,CUST016,P002,Monitor,Electronics,South,Online,4,18000,0.05,68400.0
ORD00680,2025-07-16,CUST021,P001,Laptop,Electronics,North,Partner,3,65000,0,195000
ORD00681,2025-07-16,CUST029,P003,Keyboard,Accessories,East,Retail,5,2200,0.1,9900.0
ORD00682,2025-07-16,CUST037,P005,Printer,Office,North,Online,1,12500,0,12500
ORD00683,2025-07-17,CUST042,P004,Mouse,Accessories,West,Partner,6,900,0.15,4590.0
ORD00684,2025-07-17,CUST050,P006,Headset,Accessories,South,Retail,2,3500,0.05,6650.0
ORD00685,2025-07-17,CUST058,P008,Webcam,Accessories,West,Online,4,4500,0.15,15300.0
ORD00686,2025-07-18,CUST003,P007,Tablet,Electronics,East,Partner,3,28000,0.1,75600.0
ORD00687,2025-07-18,CUST011,P009,Router,Networking,North,Retail,5,6500,0,32500
ORD00688,2025-07-18,CUST019,P001,Laptop,Electronics,East,Online,1,65000,0.1,58500.0
ORD00689,2025-07-19,CUST024,P010,UPS,Power,South,Partner,6,8000,0.05,45600.0
ORD00690,2025-07-19,CUST032,P002,Monitor,Electronics,West,Retail,2,18000,0.15,30600.0
ORD00691,2025-07-19,CUST040,P004,Mouse,Accessories,South,Online,4,900,0.05,3420.0
ORD00692,2025-07-20,CUST045,P003,Keyboard,Accessories,North,Partner,3,2200,0,6600
ORD00693,2025-07-20,CUST053,P005,Printer,Office,East,Retail,5,12500,0.1,56250.0
ORD00694,2025-07-20,CUST001,P007,Tablet,Electronics,North,Online,1,28000,0,28000
ORD00695,2025-07-21,CUST006,P006,Headset,Accessories,West,Partner,6,3500,0.15,17850.0
ORD00696,2025-07-21,CUST014,P008,Webcam,Accessories,South,Retail,2,4500,0.05,8550.0
ORD00697,2025-07-21,CUST022,P010,UPS,Power,West,Online,4,8000,0.15,27200.0
ORD00698,2025-07-22,CUST027,P009,Router,Networking,East,Partner,3,6500,0.1,17550.0
ORD00699,2025-07-22,CUST035,P001,Laptop,Electronics,North,Retail,5,65000,0,325000
ORD00700,2025-07-22,CUST043,P003,Keyboard,Accessories,East,Online,1,2200,0.1,1980.0
ORD00701,2025-07-23,CUST048,P002,Monitor,Electronics,South,Partner,6,18000,0.05,102600.0
ORD00702,2025-07-23,CUST056,P004,Mouse,Accessories,West,Retail,2,900,0.15,1530.0
ORD00703,2025-07-23,CUST004,P006,Headset,Accessories,South,Online,4,3500,0.05,13300.0
ORD00704,2025-07-24,CUST009,P005,Printer,Office,North,Partner,3,12500,0,37500
ORD00705,2025-07-24,CUST017,P007,Tablet,Electronics,East,Retail,5,28000,0.1,126000.0
ORD00706,2025-07-24,CUST025,P009,Router,Networking,North,Online,1,6500,0,6500
ORD00707,2025-07-25,CUST030,P008,Webcam,Accessories,West,Partner,6,4500,0.15,22950.0
ORD00708,2025-07-25,CUST038,P010,UPS,Power,South,Retail,2,8000,0.05,15200.0
ORD00709,2025-07-25,CUST046,P002,Monitor,Electronics,West,Online,4,18000,0.15,61200.0
ORD00710,2025-07-26,CUST051,P001,Laptop,Electronics,East,Partner,3,65000,0.1,175500.0
ORD00711,2025-07-26,CUST059,P003,Keyboard,Accessories,North,Retail,5,2200,0,11000
ORD00712,2025-07-26,CUST007,P005,Printer,Office,East,Online,1,12500,0.1,11250.0
ORD00713,2025-07-27,CUST012,P004,Mouse,Accessories,South,Partner,6,900,0.05,5130.0
ORD00714,2025-07-27,CUST020,P006,Headset,Accessories,West,Retail,2,3500,0.15,5950.0
ORD00715,2025-07-27,CUST028,P008,Webcam,Accessories,South,Online,4,4500,0.05,17100.0
ORD00716,2025-07-28,CUST033,P007,Tablet,Electronics,North,Partner,3,28000,0,84000
ORD00717,2025-07-28,CUST041,P009,Router,Networking,East,Retail,5,6500,0.1,29250.0
ORD00718,2025-07-28,CUST049,P001,Laptop,Electronics,North,Online,1,65000,0,65000
ORD00719,2025-07-29,CUST054,P010,UPS,Power,West,Partner,6,8000,0.15,40800.0
ORD00720,2025-07-29,CUST002,P002,Monitor,Electronics,South,Retail,2,18000,0.05,34200.0
ORD00721,2025-07-29,CUST010,P004,Mouse,Accessories,West,Online,4,900,0.15,3060.0
ORD00722,2025-07-30,CUST015,P003,Keyboard,Accessories,East,Partner,3,2200,0.1,5940.0
ORD00723,2025-07-30,CUST023,P005,Printer,Office,North,Retail,5,12500,0,62500
ORD00724,2025-07-30,CUST031,P007,Tablet,Electronics,East,Online,1,28000,0.1,25200.0
ORD00725,2025-07-31,CUST036,P006,Headset,Accessories,South,Partner,6,3500,0.05,19950.0
ORD00726,2025-07-31,CUST044,P008,Webcam,Accessories,West,Retail,2,4500,0.15,7650.0
ORD00727,2025-07-31,CUST052,P010,UPS,Power,South,Online,4,8000,0.05,30400.0
ORD00728,2025-08-01,CUST057,P009,Router,Networking,North,Partner,3,6500,0,19500
ORD00729,2025-08-01,CUST005,P001,Laptop,Electronics,East,Retail,5,65000,0.1,292500.0
ORD00730,2025-08-01,CUST013,P003,Keyboard,Accessories,North,Online,1,2200,0,2200
ORD00731,2025-08-02,CUST018,P002,Monitor,Electronics,West,Partner,6,18000,0.15,91800.0
ORD00732,2025-08-02,CUST026,P004,Mouse,Accessories,South,Retail,2,900,0.05,1710.0
ORD00733,2025-08-02,CUST034,P006,Headset,Accessories,West,Online,4,3500,0.15,11900.0
ORD00734,2025-08-03,CUST039,P005,Printer,Office,East,Partner,3,12500,0.1,33750.0
ORD00735,2025-08-03,CUST047,P007,Tablet,Electronics,North,Retail,5,28000,0,140000
ORD00736,2025-08-03,CUST055,P009,Router,Networking,East,Online,1,6500,0.1,5850.0
ORD00737,2025-08-04,CUST060,P008,Webcam,Accessories,South,Partner,6,4500,0.05,25650.0
ORD00738,2025-08-04,CUST008,P010,UPS,Power,West,Retail,2,8000,0.15,13600.0
ORD00739,2025-08-04,CUST016,P002,Monitor,Electronics,South,Online,4,18000,0.05,68400.0
ORD00740,2025-08-05,CUST021,P001,Laptop,Electronics,North,Partner,3,65000,0,195000
ORD00741,2025-08-05,CUST029,P003,Keyboard,Accessories,East,Retail,5,2200,0.1,9900.0
ORD00742,2025-08-05,CUST037,P005,Printer,Office,North,Online,1,12500,0,12500
ORD00743,2025-08-06,CUST042,P004,Mouse,Accessories,West,Partner,6,900,0.15,4590.0
ORD00744,2025-08-06,CUST050,P006,Headset,Accessories,South,Retail,2,3500,0.05,6650.0
ORD00745,2025-08-06,CUST058,P008,Webcam,Accessories,West,Online,4,4500,0.15,15300.0
ORD00746,2025-08-07,CUST003,P007,Tablet,Electronics,East,Partner,3,28000,0.1,75600.0
ORD00747,2025-08-07,CUST011,P009,Router,Networking,North,Retail,5,6500,0,32500
ORD00748,2025-08-07,CUST019,P001,Laptop,Electronics,East,Online,1,65000,0.1,58500.0
ORD00749,2025-08-08,CUST024,P010,UPS,Power,South,Partner,6,8000,0.05,45600.0
ORD00750,2025-08-08,CUST032,P002,Monitor,Electronics,West,Retail,2,18000,0.15,30600.0
ORD00751,2025-08-08,CUST040,P004,Mouse,Accessories,South,Online,4,900,0.05,3420.0
ORD00752,2025-08-09,CUST045,P003,Keyboard,Accessories,North,Partner,3,2200,0,6600
ORD00753,2025-08-09,CUST053,P005,Printer,Office,East,Retail,5,12500,0.1,56250.0
ORD00754,2025-08-09,CUST001,P007,Tablet,Electronics,North,Online,1,28000,0,28000
ORD00755,2025-08-10,CUST006,P006,Headset,Accessories,West,Partner,6,3500,0.15,17850.0
ORD00756,2025-08-10,CUST014,P008,Webcam,Accessories,South,Retail,2,4500,0.05,8550.0
ORD00757,2025-08-10,CUST022,P010,UPS,Power,West,Online,4,8000,0.15,27200.0
ORD00758,2025-08-11,CUST027,P009,Router,Networking,East,Partner,3,6500,0.1,17550.0
ORD00759,2025-08-11,CUST035,P001,Laptop,Electronics,North,Retail,5,65000,0,325000
ORD00760,2025-08-11,CUST043,P003,Keyboard,Accessories,East,Online,1,2200,0.1,1980.0
ORD00761,2025-08-12,CUST048,P002,Monitor,Electronics,South,Partner,6,18000,0.05,102600.0
ORD00762,2025-08-12,CUST056,P004,Mouse,Accessories,West,Retail,2,900,0.15,1530.0
ORD00763,2025-08-12,CUST004,P006,Headset,Accessories,South,Online,4,3500,0.05,13300.0
ORD00764,2025-08-13,CUST009,P005,Printer,Office,North,Partner,3,12500,0,37500
ORD00765,2025-08-13,CUST017,P007,Tablet,Electronics,East,Retail,5,28000,0.1,126000.0
ORD00766,2025-08-13,CUST025,P009,Router,Networking,North,Online,1,6500,0,6500
ORD00767,2025-08-14,CUST030,P008,Webcam,Accessories,West,Partner,6,4500,0.15,22950.0
ORD00768,2025-08-14,CUST038,P010,UPS,Power,South,Retail,2,8000,0.05,15200.0
ORD00769,2025-08-14,CUST046,P002,Monitor,Electronics,West,Online,4,18000,0.15,61200.0
ORD00770,2025-08-15,CUST051,P001,Laptop,Electronics,East,Partner,3,65000,0.1,175500.0
ORD00771,2025-08-15,CUST059,P003,Keyboard,Accessories,North,Retail,5,2200,0,11000
ORD00772,2025-08-15,CUST007,P005,Printer,Office,East,Online,1,12500,0.1,11250.0
ORD00773,2025-08-16,CUST012,P004,Mouse,Accessories,South,Partner,6,900,0.05,5130.0
ORD00774,2025-08-16,CUST020,P006,Headset,Accessories,West,Retail,2,3500,0.15,5950.0
ORD00775,2025-08-16,CUST028,P008,Webcam,Accessories,South,Online,4,4500,0.05,17100.0
ORD00776,2025-08-17,CUST033,P007,Tablet,Electronics,North,Partner,3,28000,0,84000
ORD00777,2025-08-17,CUST041,P009,Router,Networking,East,Retail,5,6500,0.1,29250.0
ORD00778,2025-08-17,CUST049,P001,Laptop,Electronics,North,Online,1,65000,0,65000
ORD00779,2025-08-18,CUST054,P010,UPS,Power,West,Partner,6,8000,0.15,40800.0
ORD00780,2025-08-18,CUST002,P002,Monitor,Electronics,South,Retail,2,18000,0.05,34200.0
ORD00781,2025-08-18,CUST010,P004,Mouse,Accessories,West,Online,4,900,0.15,3060.0
ORD00782,2025-08-19,CUST015,P003,Keyboard,Accessories,East,Partner,3,2200,0.1,5940.0
ORD00783,2025-08-19,CUST023,P005,Printer,Office,North,Retail,5,12500,0,62500
ORD00784,2025-08-19,CUST031,P007,Tablet,Electronics,East,Online,1,28000,0.1,25200.0
ORD00785,2025-08-20,CUST036,P006,Headset,Accessories,South,Partner,6,3500,0.05,19950.0
ORD00786,2025-08-20,CUST044,P008,Webcam,Accessories,West,Retail,2,4500,0.15,7650.0
ORD00787,2025-08-20,CUST052,P010,UPS,Power,South,Online,4,8000,0.05,30400.0
ORD00788,2025-08-21,CUST057,P009,Router,Networking,North,Partner,3,6500,0,19500
ORD00789,2025-08-21,CUST005,P001,Laptop,Electronics,East,Retail,5,65000,0.1,292500.0
ORD00790,2025-08-21,CUST013,P003,Keyboard,Accessories,North,Online,1,2200,0,2200
ORD00791,2025-08-22,CUST018,P002,Monitor,Electronics,West,Partner,6,18000,0.15,91800.0
ORD00792,2025-08-22,CUST026,P004,Mouse,Accessories,South,Retail,2,900,0.05,1710.0
ORD00793,2025-08-22,CUST034,P006,Headset,Accessories,West,Online,4,3500,0.15,11900.0
ORD00794,2025-08-23,CUST039,P005,Printer,Office,East,Partner,3,12500,0.1,33750.0
ORD00795,2025-08-23,CUST047,P007,Tablet,Electronics,North,Retail,5,28000,0,140000
ORD00796,2025-08-23,CUST055,P009,Router,Networking,East,Online,1,6500,0.1,5850.0
ORD00797,2025-08-24,CUST060,P008,Webcam,Accessories,South,Partner,6,4500,0.05,25650.0
ORD00798,2025-08-24,CUST008,P010,UPS,Power,West,Retail,2,8000,0.15,13600.0
ORD00799,2025-08-24,CUST016,P002,Monitor,Electronics,South,Online,4,18000,0.05,68400.0
ORD00800,2025-08-25,CUST021,P001,Laptop,Electronics,North,Partner,3,65000,0,195000
ORD00801,2025-08-25,CUST029,P003,Keyboard,Accessories,East,Retail,5,2200,0.1,9900.0
ORD00802,2025-08-25,CUST037,P005,Printer,Office,North,Online,1,12500,0,12500
ORD00803,2025-08-26,CUST042,P004,Mouse,Accessories,West,Partner,6,900,0.15,4590.0
ORD00804,2025-08-26,CUST050,P006,Headset,Accessories,South,Retail,2,3500,0.05,6650.0
ORD00805,2025-08-26,CUST058,P008,Webcam,Accessories,West,Online,4,4500,0.15,15300.0
ORD00806,2025-08-27,CUST003,P007,Tablet,Electronics,East,Partner,3,28000,0.1,75600.0
ORD00807,2025-08-27,CUST011,P009,Router,Networking,North,Retail,5,6500,0,32500
ORD00808,2025-08-27,CUST019,P001,Laptop,Electronics,East,Online,1,65000,0.1,58500.0
ORD00809,2025-08-28,CUST024,P010,UPS,Power,South,Partner,6,8000,0.05,45600.0
ORD00810,2025-08-28,CUST032,P002,Monitor,Electronics,West,Retail,2,18000,0.15,30600.0
ORD00811,2025-08-28,CUST040,P004,Mouse,Accessories,South,Online,4,900,0.05,3420.0
ORD00812,2025-08-29,CUST045,P003,Keyboard,Accessories,North,Partner,3,2200,0,6600
ORD00813,2025-08-29,CUST053,P005,Printer,Office,East,Retail,5,12500,0.1,56250.0
ORD00814,2025-08-29,CUST001,P007,Tablet,Electronics,North,Online,1,28000,0,28000
ORD00815,2025-08-30,CUST006,P006,Headset,Accessories,West,Partner,6,3500,0.15,17850.0
ORD00816,2025-08-30,CUST014,P008,Webcam,Accessories,South,Retail,2,4500,0.05,8550.0
ORD00817,2025-08-30,CUST022,P010,UPS,Power,West,Online,4,8000,0.15,27200.0
ORD00818,2025-08-31,CUST027,P009,Router,Networking,East,Partner,3,6500,0.1,17550.0
ORD00819,2025-08-31,CUST035,P001,Laptop,Electronics,North,Retail,5,65000,0,325000
ORD00820,2025-08-31,CUST043,P003,Keyboard,Accessories,East,Online,1,2200,0.1,1980.0
ORD00821,2025-09-01,CUST048,P002,Monitor,Electronics,South,Partner,6,18000,0.05,102600.0
ORD00822,2025-09-01,CUST056,P004,Mouse,Accessories,West,Retail,2,900,0.15,1530.0
ORD00823,2025-09-01,CUST004,P006,Headset,Accessories,South,Online,4,3500,0.05,13300.0
ORD00824,2025-09-02,CUST009,P005,Printer,Office,North,Partner,3,12500,0,37500
ORD00825,2025-09-02,CUST017,P007,Tablet,Electronics,East,Retail,5,28000,0.1,126000.0
ORD00826,2025-09-02,CUST025,P009,Router,Networking,North,Online,1,6500,0,6500
ORD00827,2025-09-03,CUST030,P008,Webcam,Accessories,West,Partner,6,4500,0.15,22950.0
ORD00828,2025-09-03,CUST038,P010,UPS,Power,South,Retail,2,8000,0.05,15200.0
ORD00829,2025-09-03,CUST046,P002,Monitor,Electronics,West,Online,4,18000,0.15,61200.0
ORD00830,2025-09-04,CUST051,P001,Laptop,Electronics,East,Partner,3,65000,0.1,175500.0
ORD00831,2025-09-04,CUST059,P003,Keyboard,Accessories,North,Retail,5,2200,0,11000
ORD00832,2025-09-04,CUST007,P005,Printer,Office,East,Online,1,12500,0.1,11250.0
ORD00833,2025-09-05,CUST012,P004,Mouse,Accessories,South,Partner,6,900,0.05,5130.0
ORD00834,2025-09-05,CUST020,P006,Headset,Accessories,West,Retail,2,3500,0.15,5950.0
ORD00835,2025-09-05,CUST028,P008,Webcam,Accessories,South,Online,4,4500,0.05,17100.0
ORD00836,2025-09-06,CUST033,P007,Tablet,Electronics,North,Partner,3,28000,0,84000
ORD00837,2025-09-06,CUST041,P009,Router,Networking,East,Retail,5,6500,0.1,29250.0
ORD00838,2025-09-06,CUST049,P001,Laptop,Electronics,North,Online,1,65000,0,65000
ORD00839,2025-09-07,CUST054,P010,UPS,Power,West,Partner,6,8000,0.15,40800.0
ORD00840,2025-09-07,CUST002,P002,Monitor,Electronics,South,Retail,2,18000,0.05,34200.0
ORD00841,2025-09-07,CUST010,P004,Mouse,Accessories,West,Online,4,900,0.15,3060.0
ORD00842,2025-09-08,CUST015,P003,Keyboard,Accessories,East,Partner,3,2200,0.1,5940.0
ORD00843,2025-09-08,CUST023,P005,Printer,Office,North,Retail,5,12500,0,62500
ORD00844,2025-09-08,CUST031,P007,Tablet,Electronics,East,Online,1,28000,0.1,25200.0
ORD00845,2025-09-09,CUST036,P006,Headset,Accessories,South,Partner,6,3500,0.05,19950.0
ORD00846,2025-09-09,CUST044,P008,Webcam,Accessories,West,Retail,2,4500,0.15,7650.0
ORD00847,2025-09-09,CUST052,P010,UPS,Power,South,Online,4,8000,0.05,30400.0
ORD00848,2025-09-10,CUST057,P009,Router,Networking,North,Partner,3,6500,0,19500
ORD00849,2025-09-10,CUST005,P001,Laptop,Electronics,East,Retail,5,65000,0.1,292500.0
ORD00850,2025-09-10,CUST013,P003,Keyboard,Accessories,North,Online,1,2200,0,2200
ORD00851,2025-09-11,CUST018,P002,Monitor,Electronics,West,Partner,6,18000,0.15,91800.0
ORD00852,2025-09-11,CUST026,P004,Mouse,Accessories,South,Retail,2,900,0.05,1710.0
ORD00853,2025-09-11,CUST034,P006,Headset,Accessories,West,Online,4,3500,0.15,11900.0
ORD00854,2025-09-12,CUST039,P005,Printer,Office,East,Partner,3,12500,0.1,33750.0
ORD00855,2025-09-12,CUST047,P007,Tablet,Electronics,North,Retail,5,28000,0,140000
ORD00856,2025-09-12,CUST055,P009,Router,Networking,East,Online,1,6500,0.1,5850.0
ORD00857,2025-09-13,CUST060,P008,Webcam,Accessories,South,Partner,6,4500,0.05,25650.0
ORD00858,2025-09-13,CUST008,P010,UPS,Power,West,Retail,2,8000,0.15,13600.0
ORD00859,2025-09-13,CUST016,P002,Monitor,Electronics,South,Online,4,18000,0.05,68400.0
ORD00860,2025-09-14,CUST021,P001,Laptop,Electronics,North,Partner,3,65000,0,195000
ORD00861,2025-09-14,CUST029,P003,Keyboard,Accessories,East,Retail,5,2200,0.1,9900.0
ORD00862,2025-09-14,CUST037,P005,Printer,Office,North,Online,1,12500,0,12500
ORD00863,2025-09-15,CUST042,P004,Mouse,Accessories,West,Partner,6,900,0.15,4590.0
ORD00864,2025-09-15,CUST050,P006,Headset,Accessories,South,Retail,2,3500,0.05,6650.0
ORD00865,2025-09-15,CUST058,P008,Webcam,Accessories,West,Online,4,4500,0.15,15300.0
ORD00866,2025-09-16,CUST003,P007,Tablet,Electronics,East,Partner,3,28000,0.1,75600.0
ORD00867,2025-09-16,CUST011,P009,Router,Networking,North,Retail,5,6500,0,32500
ORD00868,2025-09-16,CUST019,P001,Laptop,Electronics,East,Online,1,65000,0.1,58500.0
ORD00869,2025-09-17,CUST024,P010,UPS,Power,South,Partner,6,8000,0.05,45600.0
ORD00870,2025-09-17,CUST032,P002,Monitor,Electronics,West,Retail,2,18000,0.15,30600.0
ORD00871,2025-09-17,CUST040,P004,Mouse,Accessories,South,Online,4,900,0.05,3420.0
ORD00872,2025-09-18,CUST045,P003,Keyboard,Accessories,North,Partner,3,2200,0,6600
ORD00873,2025-09-18,CUST053,P005,Printer,Office,East,Retail,5,12500,0.1,56250.0
ORD00874,2025-09-18,CUST001,P007,Tablet,Electronics,North,Online,1,28000,0,28000
ORD00875,2025-09-19,CUST006,P006,Headset,Accessories,West,Partner,6,3500,0.15,17850.0
ORD00876,2025-09-19,CUST014,P008,Webcam,Accessories,South,Retail,2,4500,0.05,8550.0
ORD00877,2025-09-19,CUST022,P010,UPS,Power,West,Online,4,8000,0.15,27200.0
ORD00878,2025-09-20,CUST027,P009,Router,Networking,East,Partner,3,6500,0.1,17550.0
ORD00879,2025-09-20,CUST035,P001,Laptop,Electronics,North,Retail,5,65000,0,325000
ORD00880,2025-09-20,CUST043,P003,Keyboard,Accessories,East,Online,1,2200,0.1,1980.0
ORD00881,2025-09-21,CUST048,P002,Monitor,Electronics,South,Partner,6,18000,0.05,102600.0
ORD00882,2025-09-21,CUST056,P004,Mouse,Accessories,West,Retail,2,900,0.15,1530.0
ORD00883,2025-09-21,CUST004,P006,Headset,Accessories,South,Online,4,3500,0.05,13300.0
ORD00884,2025-09-22,CUST009,P005,Printer,Office,North,Partner,3,12500,0,37500
ORD00885,2025-09-22,CUST017,P007,Tablet,Electronics,East,Retail,5,28000,0.1,126000.0
ORD00886,2025-09-22,CUST025,P009,Router,Networking,North,Online,1,6500,0,6500
ORD00887,2025-09-23,CUST030,P008,Webcam,Accessories,West,Partner,6,4500,0.15,22950.0
ORD00888,2025-09-23,CUST038,P010,UPS,Power,South,Retail,2,8000,0.05,15200.0
ORD00889,2025-09-23,CUST046,P002,Monitor,Electronics,West,Online,4,18000,0.15,61200.0
ORD00890,2025-09-24,CUST051,P001,Laptop,Electronics,East,Partner,3,65000,0.1,175500.0
ORD00891,2025-09-24,CUST059,P003,Keyboard,Accessories,North,Retail,5,2200,0,11000
ORD00892,2025-09-24,CUST007,P005,Printer,Office,East,Online,1,12500,0.1,11250.0
ORD00893,2025-09-25,CUST012,P004,Mouse,Accessories,South,Partner,6,900,0.05,5130.0
ORD00894,2025-09-25,CUST020,P006,Headset,Accessories,West,Retail,2,3500,0.15,5950.0
ORD00895,2025-09-25,CUST028,P008,Webcam,Accessories,South,Online,4,4500,0.05,17100.0
ORD00896,2025-09-26,CUST033,P007,Tablet,Electronics,North,Partner,3,28000,0,84000
ORD00897,2025-09-26,CUST041,P009,Router,Networking,East,Retail,5,6500,0.1,29250.0
ORD00898,2025-09-26,CUST049,P001,Laptop,Electronics,North,Online,1,65000,0,65000
ORD00899,2025-09-27,CUST054,P010,UPS,Power,West,Partner,6,8000,0.15,40800.0
ORD00900,2025-09-27,CUST002,P002,Monitor,Electronics,South,Retail,2,18000,0.05,34200.0
ORD00901,2025-09-27,CUST010,P004,Mouse,Accessories,West,Online,4,900,0.15,3060.0
ORD00902,2025-09-28,CUST015,P003,Keyboard,Accessories,East,Partner,3,2200,0.1,5940.0
ORD00903,2025-09-28,CUST023,P005,Printer,Office,North,Retail,5,12500,0,62500
ORD00904,2025-09-28,CUST031,P007,Tablet,Electronics,East,Online,1,28000,0.1,25200.0
ORD00905,2025-09-29,CUST036,P006,Headset,Accessories,South,Partner,6,3500,0.05,19950.0
ORD00906,2025-09-29,CUST044,P008,Webcam,Accessories,West,Retail,2,4500,0.15,7650.0
ORD00907,2025-09-29,CUST052,P010,UPS,Power,South,Online,4,8000,0.05,30400.0
ORD00908,2025-09-30,CUST057,P009,Router,Networking,North,Partner,3,6500,0,19500
ORD00909,2025-09-30,CUST005,P001,Laptop,Electronics,East,Retail,5,65000,0.1,292500.0
ORD00910,2025-09-30,CUST013,P003,Keyboard,Accessories,North,Online,1,2200,0,2200
ORD00911,2025-10-01,CUST018,P002,Monitor,Electronics,West,Partner,6,18000,0.15,91800.0
ORD00912,2025-10-01,CUST026,P004,Mouse,Accessories,South,Retail,2,900,0.05,1710.0
ORD00913,2025-10-01,CUST034,P006,Headset,Accessories,West,Online,4,3500,0.15,11900.0
ORD00914,2025-10-01,CUST042,P008,Webcam,Accessories,South,Partner,6,4500,0.05,25650.0
ORD00915,2025-10-01,CUST050,P010,UPS,Power,West,Retail,2,8000,0.15,13600.0
ORD00916,2025-10-02,CUST053,P007,Tablet,Electronics,North,Retail,5,28000,0,140000
ORD00917,2025-10-02,CUST001,P009,Router,Networking,East,Online,1,6500,0.1,5850.0
ORD00918,2025-10-02,CUST009,P001,Laptop,Electronics,North,Partner,3,65000,0,195000
ORD00919,2025-10-02,CUST017,P003,Keyboard,Accessories,East,Retail,5,2200,0.1,9900.0
ORD00920,2025-10-02,CUST025,P005,Printer,Office,North,Online,1,12500,0,12500
ORD00921,2025-10-03,CUST028,P002,Monitor,Electronics,South,Online,4,18000,0.05,68400.0
ORD00922,2025-10-03,CUST036,P004,Mouse,Accessories,West,Partner,6,900,0.15,4590.0
ORD00923,2025-10-03,CUST044,P006,Headset,Accessories,South,Retail,2,3500,0.05,6650.0
ORD00924,2025-10-03,CUST052,P008,Webcam,Accessories,West,Online,4,4500,0.15,15300.0
ORD00925,2025-10-03,CUST060,P010,UPS,Power,South,Partner,6,8000,0.05,45600.0
ORD00926,2025-10-04,CUST003,P007,Tablet,Electronics,East,Partner,3,28000,0.1,75600.0
ORD00927,2025-10-04,CUST011,P009,Router,Networking,North,Retail,5,6500,0,32500
ORD00928,2025-10-04,CUST019,P001,Laptop,Electronics,East,Online,1,65000,0.1,58500.0
ORD00929,2025-10-04,CUST027,P003,Keyboard,Accessories,North,Partner,3,2200,0,6600
ORD00930,2025-10-04,CUST035,P005,Printer,Office,East,Retail,5,12500,0.1,56250.0
ORD00931,2025-10-05,CUST038,P002,Monitor,Electronics,West,Retail,2,18000,0.15,30600.0
ORD00932,2025-10-05,CUST046,P004,Mouse,Accessories,South,Online,4,900,0.05,3420.0
ORD00933,2025-10-05,CUST054,P006,Headset,Accessories,West,Partner,6,3500,0.15,17850.0
ORD00934,2025-10-05,CUST002,P008,Webcam,Accessories,South,Retail,2,4500,0.05,8550.0
ORD00935,2025-10-05,CUST010,P010,UPS,Power,West,Online,4,8000,0.15,27200.0
ORD00936,2025-10-06,CUST013,P007,Tablet,Electronics,North,Online,1,28000,0,28000
ORD00937,2025-10-06,CUST021,P009,Router,Networking,East,Partner,3,6500,0.1,17550.0
ORD00938,2025-10-06,CUST029,P001,Laptop,Electronics,North,Retail,5,65000,0,325000
ORD00939,2025-10-06,CUST037,P003,Keyboard,Accessories,East,Online,1,2200,0.1,1980.0
ORD00940,2025-10-06,CUST045,P005,Printer,Office,North,Partner,3,12500,0,37500
ORD00941,2025-10-07,CUST048,P002,Monitor,Electronics,South,Partner,6,18000,0.05,102600.0
ORD00942,2025-10-07,CUST056,P004,Mouse,Accessories,West,Retail,2,900,0.15,1530.0
ORD00943,2025-10-07,CUST004,P006,Headset,Accessories,South,Online,4,3500,0.05,13300.0
ORD00944,2025-10-07,CUST012,P008,Webcam,Accessories,West,Partner,6,4500,0.15,22950.0
ORD00945,2025-10-07,CUST020,P010,UPS,Power,South,Retail,2,8000,0.05,15200.0
ORD00946,2025-10-08,CUST023,P007,Tablet,Electronics,East,Retail,5,28000,0.1,126000.0
ORD00947,2025-10-08,CUST031,P009,Router,Networking,North,Online,1,6500,0,6500
ORD00948,2025-10-08,CUST039,P001,Laptop,Electronics,East,Partner,3,65000,0.1,175500.0
ORD00949,2025-10-08,CUST047,P003,Keyboard,Accessories,North,Retail,5,2200,0,11000
ORD00950,2025-10-08,CUST055,P005,Printer,Office,East,Online,1,12500,0.1,11250.0
ORD00951,2025-10-09,CUST058,P002,Monitor,Electronics,West,Online,4,18000,0.15,61200.0
ORD00952,2025-10-09,CUST006,P004,Mouse,Accessories,South,Partner,6,900,0.05,5130.0
ORD00953,2025-10-09,CUST014,P006,Headset,Accessories,West,Retail,2,3500,0.15,5950.0
ORD00954,2025-10-09,CUST022,P008,Webcam,Accessories,South,Online,4,4500,0.05,17100.0
ORD00955,2025-10-09,CUST030,P010,UPS,Power,West,Partner,6,8000,0.15,40800.0
ORD00956,2025-10-10,CUST033,P007,Tablet,Electronics,North,Partner,3,28000,0,84000
ORD00957,2025-10-10,CUST041,P009,Router,Networking,East,Retail,5,6500,0.1,29250.0
ORD00958,2025-10-10,CUST049,P001,Laptop,Electronics,North,Online,1,65000,0,65000
ORD00959,2025-10-10,CUST057,P003,Keyboard,Accessories,East,Partner,3,2200,0.1,5940.0
ORD00960,2025-10-10,CUST005,P005,Printer,Office,North,Retail,5,12500,0,62500
ORD00961,2025-10-11,CUST008,P002,Monitor,Electronics,South,Retail,2,18000,0.05,34200.0
ORD00962,2025-10-11,CUST016,P004,Mouse,Accessories,West,Online,4,900,0.15,3060.0
ORD00963,2025-10-11,CUST024,P006,Headset,Accessories,South,Partner,6,3500,0.05,19950.0
ORD00964,2025-10-11,CUST032,P008,Webcam,Accessories,West,Retail,2,4500,0.15,7650.0
ORD00965,2025-10-11,CUST040,P010,UPS,Power,South,Online,4,8000,0.05,30400.0
ORD00966,2025-10-12,CUST043,P007,Tablet,Electronics,East,Online,1,28000,0.1,25200.0
ORD00967,2025-10-12,CUST051,P009,Router,Networking,North,Partner,3,6500,0,19500
ORD00968,2025-10-12,CUST059,P001,Laptop,Electronics,East,Retail,5,65000,0.1,292500.0
ORD00969,2025-10-12,CUST007,P003,Keyboard,Accessories,North,Online,1,2200,0,2200
ORD00970,2025-10-12,CUST015,P005,Printer,Office,East,Partner,3,12500,0.1,33750.0
ORD00971,2025-10-13,CUST018,P002,Monitor,Electronics,West,Partner,6,18000,0.15,91800.0
ORD00972,2025-10-13,CUST026,P004,Mouse,Accessories,South,Retail,2,900,0.05,1710.0
ORD00973,2025-10-13,CUST034,P006,Headset,Accessories,West,Online,4,3500,0.15,11900.0
ORD00974,2025-10-13,CUST042,P008,Webcam,Accessories,South,Partner,6,4500,0.05,25650.0
ORD00975,2025-10-13,CUST050,P010,UPS,Power,West,Retail,2,8000,0.15,13600.0
ORD00976,2025-10-14,CUST053,P007,Tablet,Electronics,North,Retail,5,28000,0,140000
ORD00977,2025-10-14,CUST001,P009,Router,Networking,East,Online,1,6500,0.1,5850.0
ORD00978,2025-10-14,CUST009,P001,Laptop,Electronics,North,Partner,3,65000,0,195000
ORD00979,2025-10-14,CUST017,P003,Keyboard,Accessories,East,Retail,5,2200,0.1,9900.0
ORD00980,2025-10-14,CUST025,P005,Printer,Office,North,Online,1,12500,0,12500
ORD00981,2025-10-15,CUST028,P002,Monitor,Electronics,South,Online,4,18000,0.05,68400.0
ORD00982,2025-10-15,CUST036,P004,Mouse,Accessories,West,Partner,6,900,0.15,4590.0
ORD00983,2025-10-15,CUST044,P006,Headset,Accessories,South,Retail,2,3500,0.05,6650.0
ORD00984,2025-10-15,CUST052,P008,Webcam,Accessories,West,Online,4,4500,0.15,15300.0
ORD00985,2025-10-15,CUST060,P010,UPS,Power,South,Partner,6,8000,0.05,45600.0
ORD00986,2025-10-16,CUST003,P007,Tablet,Electronics,East,Partner,3,28000,0.1,75600.0
ORD00987,2025-10-16,CUST011,P009,Router,Networking,North,Retail,5,6500,0,32500
ORD00988,2025-10-16,CUST019,P001,Laptop,Electronics,East,Online,1,65000,0.1,58500.0
ORD00989,2025-10-16,CUST027,P003,Keyboard,Accessories,North,Partner,3,2200,0,6600
ORD00990,2025-10-16,CUST035,P005,Printer,Office,East,Retail,5,12500,0.1,56250.0
ORD00991,2025-10-17,CUST038,P002,Monitor,Electronics,West,Retail,2,18000,0.15,30600.0
ORD00992,2025-10-17,CUST046,P004,Mouse,Accessories,South,Online,4,900,0.05,3420.0
ORD00993,2025-10-17,CUST054,P006,Headset,Accessories,West,Partner,6,3500,0.15,17850.0
ORD00994,2025-10-17,CUST002,P008,Webcam,Accessories,South,Retail,2,4500,0.05,8550.0
ORD00995,2025-10-17,CUST010,P010,UPS,Power,West,Online,4,8000,0.15,27200.0
ORD00996,2025-10-18,CUST013,P007,Tablet,Electronics,North,Online,1,28000,0,28000
ORD00997,2025-10-18,CUST021,P009,Router,Networking,East,Partner,3,6500,0.1,17550.0
ORD00998,2025-10-18,CUST029,P001,Laptop,Electronics,North,Retail,5,65000,0,325000
ORD00999,2025-10-18,CUST037,P003,Keyboard,Accessories,East,Online,1,2200,0.1,1980.0
ORD01000,2025-10-18,CUST045,P005,Printer,Office,North,Partner,3,12500,0,37500
ORD01001,2025-10-19,CUST048,P002,Monitor,Electronics,South,Partner,6,18000,0.05,102600.0
ORD01002,2025-10-19,CUST056,P004,Mouse,Accessories,West,Retail,2,900,0.15,1530.0
ORD01003,2025-10-19,CUST004,P006,Headset,Accessories,South,Online,4,3500,0.05,13300.0
ORD01004,2025-10-19,CUST012,P008,Webcam,Accessories,West,Partner,6,4500,0.15,22950.0
ORD01005,2025-10-19,CUST020,P010,UPS,Power,South,Retail,2,8000,0.05,15200.0
ORD01006,2025-10-20,CUST023,P007,Tablet,Electronics,East,Retail,5,28000,0.1,126000.0
ORD01007,2025-10-20,CUST031,P009,Router,Networking,North,Online,1,6500,0,6500
ORD01008,2025-10-20,CUST039,P001,Laptop,Electronics,East,Partner,3,65000,0.1,175500.0
ORD01009,2025-10-20,CUST047,P003,Keyboard,Accessories,North,Retail,5,2200,0,11000
ORD01010,2025-10-20,CUST055,P005,Printer,Office,East,Online,1,12500,0.1,11250.0
ORD01011,2025-10-21,CUST058,P002,Monitor,Electronics,West,Online,4,18000,0.15,61200.0
ORD01012,2025-10-21,CUST006,P004,Mouse,Accessories,South,Partner,6,900,0.05,5130.0
ORD01013,2025-10-21,CUST014,P006,Headset,Accessories,West,Retail,2,3500,0.15,5950.0
ORD01014,2025-10-21,CUST022,P008,Webcam,Accessories,South,Online,4,4500,0.05,17100.0
ORD01015,2025-10-21,CUST030,P010,UPS,Power,West,Partner,6,8000,0.15,40800.0
ORD01016,2025-10-22,CUST033,P007,Tablet,Electronics,North,Partner,3,28000,0,84000
ORD01017,2025-10-22,CUST041,P009,Router,Networking,East,Retail,5,6500,0.1,29250.0
ORD01018,2025-10-22,CUST049,P001,Laptop,Electronics,North,Online,1,65000,0,65000
ORD01019,2025-10-22,CUST057,P003,Keyboard,Accessories,East,Partner,3,2200,0.1,5940.0
ORD01020,2025-10-22,CUST005,P005,Printer,Office,North,Retail,5,12500,0,62500
ORD01021,2025-10-23,CUST008,P002,Monitor,Electronics,South,Retail,2,18000,0.05,34200.0
ORD01022,2025-10-23,CUST016,P004,Mouse,Accessories,West,Online,4,900,0.15,3060.0
ORD01023,2025-10-23,CUST024,P006,Headset,Accessories,South,Partner,6,3500,0.05,19950.0
ORD01024,2025-10-23,CUST032,P008,Webcam,Accessories,West,Retail,2,4500,0.15,7650.0
ORD01025,2025-10-23,CUST040,P010,UPS,Power,South,Online,4,8000,0.05,30400.0
ORD01026,2025-10-24,CUST043,P007,Tablet,Electronics,East,Online,1,28000,0.1,25200.0
ORD01027,2025-10-24,CUST051,P009,Router,Networking,North,Partner,3,6500,0,19500
ORD01028,2025-10-24,CUST059,P001,Laptop,Electronics,East,Retail,5,65000,0.1,292500.0
ORD01029,2025-10-24,CUST007,P003,Keyboard,Accessories,North,Online,1,2200,0,2200
ORD01030,2025-10-24,CUST015,P005,Printer,Office,East,Partner,3,12500,0.1,33750.0
ORD01031,2025-10-25,CUST018,P002,Monitor,Electronics,West,Partner,6,18000,0.15,91800.0
ORD01032,2025-10-25,CUST026,P004,Mouse,Accessories,South,Retail,2,900,0.05,1710.0
ORD01033,2025-10-25,CUST034,P006,Headset,Accessories,West,Online,4,3500,0.15,11900.0
ORD01034,2025-10-25,CUST042,P008,Webcam,Accessories,South,Partner,6,4500,0.05,25650.0
ORD01035,2025-10-25,CUST050,P010,UPS,Power,West,Retail,2,8000,0.15,13600.0
ORD01036,2025-10-26,CUST053,P007,Tablet,Electronics,North,Retail,5,28000,0,140000
ORD01037,2025-10-26,CUST001,P009,Router,Networking,East,Online,1,6500,0.1,5850.0
ORD01038,2025-10-26,CUST009,P001,Laptop,Electronics,North,Partner,3,65000,0,195000
ORD01039,2025-10-26,CUST017,P003,Keyboard,Accessories,East,Retail,5,2200,0.1,9900.0
ORD01040,2025-10-26,CUST025,P005,Printer,Office,North,Online,1,12500,0,12500
ORD01041,2025-10-27,CUST028,P002,Monitor,Electronics,South,Online,4,18000,0.05,68400.0
ORD01042,2025-10-27,CUST036,P004,Mouse,Accessories,West,Partner,6,900,0.15,4590.0
ORD01043,2025-10-27,CUST044,P006,Headset,Accessories,South,Retail,2,3500,0.05,6650.0
ORD01044,2025-10-27,CUST052,P008,Webcam,Accessories,West,Online,4,4500,0.15,15300.0
ORD01045,2025-10-27,CUST060,P010,UPS,Power,South,Partner,6,8000,0.05,45600.0
ORD01046,2025-10-28,CUST003,P007,Tablet,Electronics,East,Partner,3,28000,0.1,75600.0
ORD01047,2025-10-28,CUST011,P009,Router,Networking,North,Retail,5,6500,0,32500
ORD01048,2025-10-28,CUST019,P001,Laptop,Electronics,East,Online,1,65000,0.1,58500.0
ORD01049,2025-10-28,CUST027,P003,Keyboard,Accessories,North,Partner,3,2200,0,6600
ORD01050,2025-10-28,CUST035,P005,Printer,Office,East,Retail,5,12500,0.1,56250.0
ORD01051,2025-10-29,CUST038,P002,Monitor,Electronics,West,Retail,2,18000,0.15,30600.0
ORD01052,2025-10-29,CUST046,P004,Mouse,Accessories,South,Online,4,900,0.05,3420.0
ORD01053,2025-10-29,CUST054,P006,Headset,Accessories,West,Partner,6,3500,0.15,17850.0
ORD01054,2025-10-29,CUST002,P008,Webcam,Accessories,South,Retail,2,4500,0.05,8550.0
ORD01055,2025-10-29,CUST010,P010,UPS,Power,West,Online,4,8000,0.15,27200.0
ORD01056,2025-10-30,CUST013,P007,Tablet,Electronics,North,Online,1,28000,0,28000
ORD01057,2025-10-30,CUST021,P009,Router,Networking,East,Partner,3,6500,0.1,17550.0
ORD01058,2025-10-30,CUST029,P001,Laptop,Electronics,North,Retail,5,65000,0,325000
ORD01059,2025-10-30,CUST037,P003,Keyboard,Accessories,East,Online,1,2200,0.1,1980.0
ORD01060,2025-10-30,CUST045,P005,Printer,Office,North,Partner,3,12500,0,37500
ORD01061,2025-10-31,CUST048,P002,Monitor,Electronics,South,Partner,6,18000,0.05,102600.0
ORD01062,2025-10-31,CUST056,P004,Mouse,Accessories,West,Retail,2,900,0.15,1530.0
ORD01063,2025-10-31,CUST004,P006,Headset,Accessories,South,Online,4,3500,0.05,13300.0
ORD01064,2025-10-31,CUST012,P008,Webcam,Accessories,West,Partner,6,4500,0.15,22950.0
ORD01065,2025-10-31,CUST020,P010,UPS,Power,South,Retail,2,8000,0.05,15200.0
ORD01066,2025-11-01,CUST023,P007,Tablet,Electronics,East,Retail,5,28000,0.1,126000.0
ORD01067,2025-11-01,CUST031,P009,Router,Networking,North,Online,1,6500,0,6500
ORD01068,2025-11-01,CUST039,P001,Laptop,Electronics,East,Partner,3,65000,0.1,175500.0
ORD01069,2025-11-01,CUST047,P003,Keyboard,Accessories,North,Retail,5,2200,0,11000
ORD01070,2025-11-01,CUST055,P005,Printer,Office,East,Online,1,12500,0.1,11250.0
ORD01071,2025-11-02,CUST058,P002,Monitor,Electronics,West,Online,4,18000,0.15,61200.0
ORD01072,2025-11-02,CUST006,P004,Mouse,Accessories,South,Partner,6,900,0.05,5130.0
ORD01073,2025-11-02,CUST014,P006,Headset,Accessories,West,Retail,2,3500,0.15,5950.0
ORD01074,2025-11-02,CUST022,P008,Webcam,Accessories,South,Online,4,4500,0.05,17100.0
ORD01075,2025-11-02,CUST030,P010,UPS,Power,West,Partner,6,8000,0.15,40800.0
ORD01076,2025-11-03,CUST033,P007,Tablet,Electronics,North,Partner,3,28000,0,84000
ORD01077,2025-11-03,CUST041,P009,Router,Networking,East,Retail,5,6500,0.1,29250.0
ORD01078,2025-11-03,CUST049,P001,Laptop,Electronics,North,Online,1,65000,0,65000
ORD01079,2025-11-03,CUST057,P003,Keyboard,Accessories,East,Partner,3,2200,0.1,5940.0
ORD01080,2025-11-03,CUST005,P005,Printer,Office,North,Retail,5,12500,0,62500
ORD01081,2025-11-04,CUST008,P002,Monitor,Electronics,South,Retail,2,18000,0.05,34200.0
ORD01082,2025-11-04,CUST016,P004,Mouse,Accessories,West,Online,4,900,0.15,3060.0
ORD01083,2025-11-04,CUST024,P006,Headset,Accessories,South,Partner,6,3500,0.05,19950.0
ORD01084,2025-11-04,CUST032,P008,Webcam,Accessories,West,Retail,2,4500,0.15,7650.0
ORD01085,2025-11-04,CUST040,P010,UPS,Power,South,Online,4,8000,0.05,30400.0
ORD01086,2025-11-05,CUST043,P007,Tablet,Electronics,East,Online,1,28000,0.1,25200.0
ORD01087,2025-11-05,CUST051,P009,Router,Networking,North,Partner,3,6500,0,19500
ORD01088,2025-11-05,CUST059,P001,Laptop,Electronics,East,Retail,5,65000,0.1,292500.0
ORD01089,2025-11-05,CUST007,P003,Keyboard,Accessories,North,Online,1,2200,0,2200
ORD01090,2025-11-05,CUST015,P005,Printer,Office,East,Partner,3,12500,0.1,33750.0
ORD01091,2025-11-06,CUST018,P002,Monitor,Electronics,West,Partner,6,18000,0.15,91800.0
ORD01092,2025-11-06,CUST026,P004,Mouse,Accessories,South,Retail,2,900,0.05,1710.0
ORD01093,2025-11-06,CUST034,P006,Headset,Accessories,West,Online,4,3500,0.15,11900.0
ORD01094,2025-11-06,CUST042,P008,Webcam,Accessories,South,Partner,6,4500,0.05,25650.0
ORD01095,2025-11-06,CUST050,P010,UPS,Power,West,Retail,2,8000,0.15,13600.0
ORD01096,2025-11-07,CUST053,P007,Tablet,Electronics,North,Retail,5,28000,0,140000
ORD01097,2025-11-07,CUST001,P009,Router,Networking,East,Online,1,6500,0.1,5850.0
ORD01098,2025-11-07,CUST009,P001,Laptop,Electronics,North,Partner,3,65000,0,195000
ORD01099,2025-11-07,CUST017,P003,Keyboard,Accessories,East,Retail,5,2200,0.1,9900.0
ORD01100,2025-11-07,CUST025,P005,Printer,Office,North,Online,1,12500,0,12500
ORD01101,2025-11-08,CUST028,P002,Monitor,Electronics,South,Online,4,18000,0.05,68400.0
ORD01102,2025-11-08,CUST036,P004,Mouse,Accessories,West,Partner,6,900,0.15,4590.0
ORD01103,2025-11-08,CUST044,P006,Headset,Accessories,South,Retail,2,3500,0.05,6650.0
ORD01104,2025-11-08,CUST052,P008,Webcam,Accessories,West,Online,4,4500,0.15,15300.0
ORD01105,2025-11-08,CUST060,P010,UPS,Power,South,Partner,6,8000,0.05,45600.0
ORD01106,2025-11-09,CUST003,P007,Tablet,Electronics,East,Partner,3,28000,0.1,75600.0
ORD01107,2025-11-09,CUST011,P009,Router,Networking,North,Retail,5,6500,0,32500
ORD01108,2025-11-09,CUST019,P001,Laptop,Electronics,East,Online,1,65000,0.1,58500.0
ORD01109,2025-11-09,CUST027,P003,Keyboard,Accessories,North,Partner,3,2200,0,6600
ORD01110,2025-11-09,CUST035,P005,Printer,Office,East,Retail,5,12500,0.1,56250.0
ORD01111,2025-11-10,CUST038,P002,Monitor,Electronics,West,Retail,2,18000,0.15,30600.0
ORD01112,2025-11-10,CUST046,P004,Mouse,Accessories,South,Online,4,900,0.05,3420.0
ORD01113,2025-11-10,CUST054,P006,Headset,Accessories,West,Partner,6,3500,0.15,17850.0
ORD01114,2025-11-10,CUST002,P008,Webcam,Accessories,South,Retail,2,4500,0.05,8550.0
ORD01115,2025-11-10,CUST010,P010,UPS,Power,West,Online,4,8000,0.15,27200.0
ORD01116,2025-11-11,CUST013,P007,Tablet,Electronics,North,Online,1,28000,0,28000
ORD01117,2025-11-11,CUST021,P009,Router,Networking,East,Partner,3,6500,0.1,17550.0
ORD01118,2025-11-11,CUST029,P001,Laptop,Electronics,North,Retail,5,65000,0,325000
ORD01119,2025-11-11,CUST037,P003,Keyboard,Accessories,East,Online,1,2200,0.1,1980.0
ORD01120,2025-11-11,CUST045,P005,Printer,Office,North,Partner,3,12500,0,37500
ORD01121,2025-11-12,CUST048,P002,Monitor,Electronics,South,Partner,6,18000,0.05,102600.0
ORD01122,2025-11-12,CUST056,P004,Mouse,Accessories,West,Retail,2,900,0.15,1530.0
ORD01123,2025-11-12,CUST004,P006,Headset,Accessories,South,Online,4,3500,0.05,13300.0
ORD01124,2025-11-12,CUST012,P008,Webcam,Accessories,West,Partner,6,4500,0.15,22950.0
ORD01125,2025-11-12,CUST020,P010,UPS,Power,South,Retail,2,8000,0.05,15200.0
ORD01126,2025-11-13,CUST023,P007,Tablet,Electronics,East,Retail,5,28000,0.1,126000.0
ORD01127,2025-11-13,CUST031,P009,Router,Networking,North,Online,1,6500,0,6500
ORD01128,2025-11-13,CUST039,P001,Laptop,Electronics,East,Partner,3,65000,0.1,175500.0
ORD01129,2025-11-13,CUST047,P003,Keyboard,Accessories,North,Retail,5,2200,0,11000
ORD01130,2025-11-13,CUST055,P005,Printer,Office,East,Online,1,12500,0.1,11250.0
ORD01131,2025-11-14,CUST058,P002,Monitor,Electronics,West,Online,4,18000,0.15,61200.0
ORD01132,2025-11-14,CUST006,P004,Mouse,Accessories,South,Partner,6,900,0.05,5130.0
ORD01133,2025-11-14,CUST014,P006,Headset,Accessories,West,Retail,2,3500,0.15,5950.0
ORD01134,2025-11-14,CUST022,P008,Webcam,Accessories,South,Online,4,4500,0.05,17100.0
ORD01135,2025-11-14,CUST030,P010,UPS,Power,West,Partner,6,8000,0.15,40800.0
ORD01136,2025-11-15,CUST033,P007,Tablet,Electronics,North,Partner,3,28000,0,84000
ORD01137,2025-11-15,CUST041,P009,Router,Networking,East,Retail,5,6500,0.1,29250.0
ORD01138,2025-11-15,CUST049,P001,Laptop,Electronics,North,Online,1,65000,0,65000
ORD01139,2025-11-15,CUST057,P003,Keyboard,Accessories,East,Partner,3,2200,0.1,5940.0
ORD01140,2025-11-15,CUST005,P005,Printer,Office,North,Retail,5,12500,0,62500
ORD01141,2025-11-16,CUST008,P002,Monitor,Electronics,South,Retail,2,18000,0.05,34200.0
ORD01142,2025-11-16,CUST016,P004,Mouse,Accessories,West,Online,4,900,0.15,3060.0
ORD01143,2025-11-16,CUST024,P006,Headset,Accessories,South,Partner,6,3500,0.05,19950.0
ORD01144,2025-11-16,CUST032,P008,Webcam,Accessories,West,Retail,2,4500,0.15,7650.0
ORD01145,2025-11-16,CUST040,P010,UPS,Power,South,Online,4,8000,0.05,30400.0
ORD01146,2025-11-17,CUST043,P007,Tablet,Electronics,East,Online,1,28000,0.1,25200.0
ORD01147,2025-11-17,CUST051,P009,Router,Networking,North,Partner,3,6500,0,19500
ORD01148,2025-11-17,CUST059,P001,Laptop,Electronics,East,Retail,5,65000,0.1,292500.0
ORD01149,2025-11-17,CUST007,P003,Keyboard,Accessories,North,Online,1,2200,0,2200
ORD01150,2025-11-17,CUST015,P005,Printer,Office,East,Partner,3,12500,0.1,33750.0
ORD01151,2025-11-18,CUST018,P002,Monitor,Electronics,West,Partner,6,18000,0.15,91800.0
ORD01152,2025-11-18,CUST026,P004,Mouse,Accessories,South,Retail,2,900,0.05,1710.0
ORD01153,2025-11-18,CUST034,P006,Headset,Accessories,West,Online,4,3500,0.15,11900.0
ORD01154,2025-11-18,CUST042,P008,Webcam,Accessories,South,Partner,6,4500,0.05,25650.0
ORD01155,2025-11-18,CUST050,P010,UPS,Power,West,Retail,2,8000,0.15,13600.0
ORD01156,2025-11-19,CUST053,P007,Tablet,Electronics,North,Retail,5,28000,0,140000
ORD01157,2025-11-19,CUST001,P009,Router,Networking,East,Online,1,6500,0.1,5850.0
ORD01158,2025-11-19,CUST009,P001,Laptop,Electronics,North,Partner,3,65000,0,195000
ORD01159,2025-11-19,CUST017,P003,Keyboard,Accessories,East,Retail,5,2200,0.1,9900.0
ORD01160,2025-11-19,CUST025,P005,Printer,Office,North,Online,1,12500,0,12500
ORD01161,2025-11-20,CUST028,P002,Monitor,Electronics,South,Online,4,18000,0.05,68400.0
ORD01162,2025-11-20,CUST036,P004,Mouse,Accessories,West,Partner,6,900,0.15,4590.0
ORD01163,2025-11-20,CUST044,P006,Headset,Accessories,South,Retail,2,3500,0.05,6650.0
ORD01164,2025-11-20,CUST052,P008,Webcam,Accessories,West,Online,4,4500,0.15,15300.0
ORD01165,2025-11-20,CUST060,P010,UPS,Power,South,Partner,6,8000,0.05,45600.0
ORD01166,2025-11-21,CUST003,P007,Tablet,Electronics,East,Partner,3,28000,0.1,75600.0
ORD01167,2025-11-21,CUST011,P009,Router,Networking,North,Retail,5,6500,0,32500
ORD01168,2025-11-21,CUST019,P001,Laptop,Electronics,East,Online,1,65000,0.1,58500.0
ORD01169,2025-11-21,CUST027,P003,Keyboard,Accessories,North,Partner,3,2200,0,6600
ORD01170,2025-11-21,CUST035,P005,Printer,Office,East,Retail,5,12500,0.1,56250.0
ORD01171,2025-11-22,CUST038,P002,Monitor,Electronics,West,Retail,2,18000,0.15,30600.0
ORD01172,2025-11-22,CUST046,P004,Mouse,Accessories,South,Online,4,900,0.05,3420.0
ORD01173,2025-11-22,CUST054,P006,Headset,Accessories,West,Partner,6,3500,0.15,17850.0
ORD01174,2025-11-22,CUST002,P008,Webcam,Accessories,South,Retail,2,4500,0.05,8550.0
ORD01175,2025-11-22,CUST010,P010,UPS,Power,West,Online,4,8000,0.15,27200.0
ORD01176,2025-11-23,CUST013,P007,Tablet,Electronics,North,Online,1,28000,0,28000
ORD01177,2025-11-23,CUST021,P009,Router,Networking,East,Partner,3,6500,0.1,17550.0
ORD01178,2025-11-23,CUST029,P001,Laptop,Electronics,North,Retail,5,65000,0,325000
ORD01179,2025-11-23,CUST037,P003,Keyboard,Accessories,East,Online,1,2200,0.1,1980.0
ORD01180,2025-11-23,CUST045,P005,Printer,Office,North,Partner,3,12500,0,37500
ORD01181,2025-11-24,CUST048,P002,Monitor,Electronics,South,Partner,6,18000,0.05,102600.0
ORD01182,2025-11-24,CUST056,P004,Mouse,Accessories,West,Retail,2,900,0.15,1530.0
ORD01183,2025-11-24,CUST004,P006,Headset,Accessories,South,Online,4,3500,0.05,13300.0
ORD01184,2025-11-24,CUST012,P008,Webcam,Accessories,West,Partner,6,4500,0.15,22950.0
ORD01185,2025-11-24,CUST020,P010,UPS,Power,South,Retail,2,8000,0.05,15200.0
ORD01186,2025-11-25,CUST023,P007,Tablet,Electronics,East,Retail,5,28000,0.1,126000.0
ORD01187,2025-11-25,CUST031,P009,Router,Networking,North,Online,1,6500,0,6500
ORD01188,2025-11-25,CUST039,P001,Laptop,Electronics,East,Partner,3,65000,0.1,175500.0
ORD01189,2025-11-25,CUST047,P003,Keyboard,Accessories,North,Retail,5,2200,0,11000
ORD01190,2025-11-25,CUST055,P005,Printer,Office,East,Online,1,12500,0.1,11250.0
ORD01191,2025-11-26,CUST058,P002,Monitor,Electronics,West,Online,4,18000,0.15,61200.0
ORD01192,2025-11-26,CUST006,P004,Mouse,Accessories,South,Partner,6,900,0.05,5130.0
ORD01193,2025-11-26,CUST014,P006,Headset,Accessories,West,Retail,2,3500,0.15,5950.0
ORD01194,2025-11-26,CUST022,P008,Webcam,Accessories,South,Online,4,4500,0.05,17100.0
ORD01195,2025-11-26,CUST030,P010,UPS,Power,West,Partner,6,8000,0.15,40800.0
ORD01196,2025-11-27,CUST033,P007,Tablet,Electronics,North,Partner,3,28000,0,84000
ORD01197,2025-11-27,CUST041,P009,Router,Networking,East,Retail,5,6500,0.1,29250.0
ORD01198,2025-11-27,CUST049,P001,Laptop,Electronics,North,Online,1,65000,0,65000
ORD01199,2025-11-27,CUST057,P003,Keyboard,Accessories,East,Partner,3,2200,0.1,5940.0
ORD01200,2025-11-27,CUST005,P005,Printer,Office,North,Retail,5,12500,0,62500
ORD01201,2025-11-28,CUST008,P002,Monitor,Electronics,South,Retail,2,18000,0.05,34200.0
ORD01202,2025-11-28,CUST016,P004,Mouse,Accessories,West,Online,4,900,0.15,3060.0
ORD01203,2025-11-28,CUST024,P006,Headset,Accessories,South,Partner,6,3500,0.05,19950.0
ORD01204,2025-11-28,CUST032,P008,Webcam,Accessories,West,Retail,2,4500,0.15,7650.0
ORD01205,2025-11-28,CUST040,P010,UPS,Power,South,Online,4,8000,0.05,30400.0
ORD01206,2025-11-29,CUST043,P007,Tablet,Electronics,East,Online,1,28000,0.1,25200.0
ORD01207,2025-11-29,CUST051,P009,Router,Networking,North,Partner,3,6500,0,19500
ORD01208,2025-11-29,CUST059,P001,Laptop,Electronics,East,Retail,5,65000,0.1,292500.0
ORD01209,2025-11-29,CUST007,P003,Keyboard,Accessories,North,Online,1,2200,0,2200
ORD01210,2025-11-29,CUST015,P005,Printer,Office,East,Partner,3,12500,0.1,33750.0
ORD01211,2025-11-30,CUST018,P002,Monitor,Electronics,West,Partner,6,18000,0.15,91800.0
ORD01212,2025-11-30,CUST026,P004,Mouse,Accessories,South,Retail,2,900,0.05,1710.0
ORD01213,2025-11-30,CUST034,P006,Headset,Accessories,West,Online,4,3500,0.15,11900.0
ORD01214,2025-11-30,CUST042,P008,Webcam,Accessories,South,Partner,6,4500,0.05,25650.0
ORD01215,2025-11-30,CUST050,P010,UPS,Power,West,Retail,2,8000,0.15,13600.0
ORD01216,2025-12-01,CUST053,P007,Tablet,Electronics,North,Retail,5,28000,0,140000
ORD01217,2025-12-01,CUST001,P009,Router,Networking,East,Online,1,6500,0.1,5850.0
ORD01218,2025-12-01,CUST009,P001,Laptop,Electronics,North,Partner,3,65000,0,195000
ORD01219,2025-12-01,CUST017,P003,Keyboard,Accessories,East,Retail,5,2200,0.1,9900.0
ORD01220,2025-12-01,CUST025,P005,Printer,Office,North,Online,1,12500,0,12500
ORD01221,2025-12-02,CUST028,P002,Monitor,Electronics,South,Online,4,18000,0.05,68400.0
ORD01222,2025-12-02,CUST036,P004,Mouse,Accessories,West,Partner,6,900,0.15,4590.0
ORD01223,2025-12-02,CUST044,P006,Headset,Accessories,South,Retail,2,3500,0.05,6650.0
ORD01224,2025-12-02,CUST052,P008,Webcam,Accessories,West,Online,4,4500,0.15,15300.0
ORD01225,2025-12-02,CUST060,P010,UPS,Power,South,Partner,6,8000,0.05,45600.0
ORD01226,2025-12-03,CUST003,P007,Tablet,Electronics,East,Partner,3,28000,0.1,75600.0
ORD01227,2025-12-03,CUST011,P009,Router,Networking,North,Retail,5,6500,0,32500
ORD01228,2025-12-03,CUST019,P001,Laptop,Electronics,East,Online,1,65000,0.1,58500.0
ORD01229,2025-12-03,CUST027,P003,Keyboard,Accessories,North,Partner,3,2200,0,6600
ORD01230,2025-12-03,CUST035,P005,Printer,Office,East,Retail,5,12500,0.1,56250.0
ORD01231,2025-12-04,CUST038,P002,Monitor,Electronics,West,Retail,2,18000,0.15,30600.0
ORD01232,2025-12-04,CUST046,P004,Mouse,Accessories,South,Online,4,900,0.05,3420.0
ORD01233,2025-12-04,CUST054,P006,Headset,Accessories,West,Partner,6,3500,0.15,17850.0
ORD01234,2025-12-04,CUST002,P008,Webcam,Accessories,South,Retail,2,4500,0.05,8550.0
ORD01235,2025-12-04,CUST010,P010,UPS,Power,West,Online,4,8000,0.15,27200.0
ORD01236,2025-12-05,CUST013,P007,Tablet,Electronics,North,Online,1,28000,0,28000
ORD01237,2025-12-05,CUST021,P009,Router,Networking,East,Partner,3,6500,0.1,17550.0
ORD01238,2025-12-05,CUST029,P001,Laptop,Electronics,North,Retail,5,65000,0,325000
ORD01239,2025-12-05,CUST037,P003,Keyboard,Accessories,East,Online,1,2200,0.1,1980.0
ORD01240,2025-12-05,CUST045,P005,Printer,Office,North,Partner,3,12500,0,37500
ORD01241,2025-12-06,CUST048,P002,Monitor,Electronics,South,Partner,6,18000,0.05,102600.0
ORD01242,2025-12-06,CUST056,P004,Mouse,Accessories,West,Retail,2,900,0.15,1530.0
ORD01243,2025-12-06,CUST004,P006,Headset,Accessories,South,Online,4,3500,0.05,13300.0
ORD01244,2025-12-06,CUST012,P008,Webcam,Accessories,West,Partner,6,4500,0.15,22950.0
ORD01245,2025-12-06,CUST020,P010,UPS,Power,South,Retail,2,8000,0.05,15200.0
ORD01246,2025-12-07,CUST023,P007,Tablet,Electronics,East,Retail,5,28000,0.1,126000.0
ORD01247,2025-12-07,CUST031,P009,Router,Networking,North,Online,1,6500,0,6500
ORD01248,2025-12-07,CUST039,P001,Laptop,Electronics,East,Partner,3,65000,0.1,175500.0
ORD01249,2025-12-07,CUST047,P003,Keyboard,Accessories,North,Retail,5,2200,0,11000
ORD01250,2025-12-07,CUST055,P005,Printer,Office,East,Online,1,12500,0.1,11250.0
ORD01251,2025-12-08,CUST058,P002,Monitor,Electronics,West,Online,4,18000,0.15,61200.0
ORD01252,2025-12-08,CUST006,P004,Mouse,Accessories,South,Partner,6,900,0.05,5130.0
ORD01253,2025-12-08,CUST014,P006,Headset,Accessories,West,Retail,2,3500,0.15,5950.0
ORD01254,2025-12-08,CUST022,P008,Webcam,Accessories,South,Online,4,4500,0.05,17100.0
ORD01255,2025-12-08,CUST030,P010,UPS,Power,West,Partner,6,8000,0.15,40800.0
ORD01256,2025-12-09,CUST033,P007,Tablet,Electronics,North,Partner,3,28000,0,84000
ORD01257,2025-12-09,CUST041,P009,Router,Networking,East,Retail,5,6500,0.1,29250.0
ORD01258,2025-12-09,CUST049,P001,Laptop,Electronics,North,Online,1,65000,0,65000
ORD01259,2025-12-09,CUST057,P003,Keyboard,Accessories,East,Partner,3,2200,0.1,5940.0
ORD01260,2025-12-09,CUST005,P005,Printer,Office,North,Retail,5,12500,0,62500
ORD01261,2025-12-10,CUST008,P002,Monitor,Electronics,South,Retail,2,18000,0.05,34200.0
ORD01262,2025-12-10,CUST016,P004,Mouse,Accessories,West,Online,4,900,0.15,3060.0
ORD01263,2025-12-10,CUST024,P006,Headset,Accessories,South,Partner,6,3500,0.05,19950.0
ORD01264,2025-12-10,CUST032,P008,Webcam,Accessories,West,Retail,2,4500,0.15,7650.0
ORD01265,2025-12-10,CUST040,P010,UPS,Power,South,Online,4,8000,0.05,30400.0
ORD01266,2025-12-11,CUST043,P007,Tablet,Electronics,East,Online,1,28000,0.1,25200.0
ORD01267,2025-12-11,CUST051,P009,Router,Networking,North,Partner,3,6500,0,19500
ORD01268,2025-12-11,CUST059,P001,Laptop,Electronics,East,Retail,5,65000,0.1,292500.0
ORD01269,2025-12-11,CUST007,P003,Keyboard,Accessories,North,Online,1,2200,0,2200
ORD01270,2025-12-11,CUST015,P005,Printer,Office,East,Partner,3,12500,0.1,33750.0
ORD01271,2025-12-12,CUST018,P002,Monitor,Electronics,West,Partner,6,18000,0.15,91800.0
ORD01272,2025-12-12,CUST026,P004,Mouse,Accessories,South,Retail,2,900,0.05,1710.0
ORD01273,2025-12-12,CUST034,P006,Headset,Accessories,West,Online,4,3500,0.15,11900.0
ORD01274,2025-12-12,CUST042,P008,Webcam,Accessories,South,Partner,6,4500,0.05,25650.0
ORD01275,2025-12-12,CUST050,P010,UPS,Power,West,Retail,2,8000,0.15,13600.0
ORD01276,2025-12-13,CUST053,P007,Tablet,Electronics,North,Retail,5,28000,0,140000
ORD01277,2025-12-13,CUST001,P009,Router,Networking,East,Online,1,6500,0.1,5850.0
ORD01278,2025-12-13,CUST009,P001,Laptop,Electronics,North,Partner,3,65000,0,195000
ORD01279,2025-12-13,CUST017,P003,Keyboard,Accessories,East,Retail,5,2200,0.1,9900.0
ORD01280,2025-12-13,CUST025,P005,Printer,Office,North,Online,1,12500,0,12500
ORD01281,2025-12-14,CUST028,P002,Monitor,Electronics,South,Online,4,18000,0.05,68400.0
ORD01282,2025-12-14,CUST036,P004,Mouse,Accessories,West,Partner,6,900,0.15,4590.0
ORD01283,2025-12-14,CUST044,P006,Headset,Accessories,South,Retail,2,3500,0.05,6650.0
ORD01284,2025-12-14,CUST052,P008,Webcam,Accessories,West,Online,4,4500,0.15,15300.0
ORD01285,2025-12-14,CUST060,P010,UPS,Power,South,Partner,6,8000,0.05,45600.0
ORD01286,2025-12-15,CUST003,P007,Tablet,Electronics,East,Partner,3,28000,0.1,75600.0
ORD01287,2025-12-15,CUST011,P009,Router,Networking,North,Retail,5,6500,0,32500
ORD01288,2025-12-15,CUST019,P001,Laptop,Electronics,East,Online,1,65000,0.1,58500.0
ORD01289,2025-12-15,CUST027,P003,Keyboard,Accessories,North,Partner,3,2200,0,6600
ORD01290,2025-12-15,CUST035,P005,Printer,Office,East,Retail,5,12500,0.1,56250.0
ORD01291,2025-12-16,CUST038,P002,Monitor,Electronics,West,Retail,2,18000,0.15,30600.0
ORD01292,2025-12-16,CUST046,P004,Mouse,Accessories,South,Online,4,900,0.05,3420.0
ORD01293,2025-12-16,CUST054,P006,Headset,Accessories,West,Partner,6,3500,0.15,17850.0
ORD01294,2025-12-16,CUST002,P008,Webcam,Accessories,South,Retail,2,4500,0.05,8550.0
ORD01295,2025-12-16,CUST010,P010,UPS,Power,West,Online,4,8000,0.15,27200.0
ORD01296,2025-12-17,CUST013,P007,Tablet,Electronics,North,Online,1,28000,0,28000
ORD01297,2025-12-17,CUST021,P009,Router,Networking,East,Partner,3,6500,0.1,17550.0
ORD01298,2025-12-17,CUST029,P001,Laptop,Electronics,North,Retail,5,65000,0,325000
ORD01299,2025-12-17,CUST037,P003,Keyboard,Accessories,East,Online,1,2200,0.1,1980.0
ORD01300,2025-12-17,CUST045,P005,Printer,Office,North,Partner,3,12500,0,37500
ORD01301,2025-12-18,CUST048,P002,Monitor,Electronics,South,Partner,6,18000,0.05,102600.0
ORD01302,2025-12-18,CUST056,P004,Mouse,Accessories,West,Retail,2,900,0.15,1530.0
ORD01303,2025-12-18,CUST004,P006,Headset,Accessories,South,Online,4,3500,0.05,13300.0
ORD01304,2025-12-18,CUST012,P008,Webcam,Accessories,West,Partner,6,4500,0.15,22950.0
ORD01305,2025-12-18,CUST020,P010,UPS,Power,South,Retail,2,8000,0.05,15200.0
ORD01306,2025-12-19,CUST023,P007,Tablet,Electronics,East,Retail,5,28000,0.1,126000.0
ORD01307,2025-12-19,CUST031,P009,Router,Networking,North,Online,1,6500,0,6500
ORD01308,2025-12-19,CUST039,P001,Laptop,Electronics,East,Partner,3,65000,0.1,175500.0
ORD01309,2025-12-19,CUST047,P003,Keyboard,Accessories,North,Retail,5,2200,0,11000
ORD01310,2025-12-19,CUST055,P005,Printer,Office,East,Online,1,12500,0.1,11250.0
ORD01311,2025-12-20,CUST058,P002,Monitor,Electronics,West,Online,4,18000,0.15,61200.0
ORD01312,2025-12-20,CUST006,P004,Mouse,Accessories,South,Partner,6,900,0.05,5130.0
ORD01313,2025-12-20,CUST014,P006,Headset,Accessories,West,Retail,2,3500,0.15,5950.0
ORD01314,2025-12-20,CUST022,P008,Webcam,Accessories,South,Online,4,4500,0.05,17100.0
ORD01315,2025-12-20,CUST030,P010,UPS,Power,West,Partner,6,8000,0.15,40800.0
ORD01316,2025-12-21,CUST033,P007,Tablet,Electronics,North,Partner,3,28000,0,84000
ORD01317,2025-12-21,CUST041,P009,Router,Networking,East,Retail,5,6500,0.1,29250.0
ORD01318,2025-12-21,CUST049,P001,Laptop,Electronics,North,Online,1,65000,0,65000
ORD01319,2025-12-21,CUST057,P003,Keyboard,Accessories,East,Partner,3,2200,0.1,5940.0
ORD01320,2025-12-21,CUST005,P005,Printer,Office,North,Retail,5,12500,0,62500
ORD01321,2025-12-22,CUST008,P002,Monitor,Electronics,South,Retail,2,18000,0.05,34200.0
ORD01322,2025-12-22,CUST016,P004,Mouse,Accessories,West,Online,4,900,0.15,3060.0
ORD01323,2025-12-22,CUST024,P006,Headset,Accessories,South,Partner,6,3500,0.05,19950.0
ORD01324,2025-12-22,CUST032,P008,Webcam,Accessories,West,Retail,2,4500,0.15,7650.0
ORD01325,2025-12-22,CUST040,P010,UPS,Power,South,Online,4,8000,0.05,30400.0
ORD01326,2025-12-23,CUST043,P007,Tablet,Electronics,East,Online,1,28000,0.1,25200.0
ORD01327,2025-12-23,CUST051,P009,Router,Networking,North,Partner,3,6500,0,19500
ORD01328,2025-12-23,CUST059,P001,Laptop,Electronics,East,Retail,5,65000,0.1,292500.0
ORD01329,2025-12-23,CUST007,P003,Keyboard,Accessories,North,Online,1,2200,0,2200
ORD01330,2025-12-23,CUST015,P005,Printer,Office,East,Partner,3,12500,0.1,33750.0
ORD01331,2025-12-24,CUST018,P002,Monitor,Electronics,West,Partner,6,18000,0.15,91800.0
ORD01332,2025-12-24,CUST026,P004,Mouse,Accessories,South,Retail,2,900,0.05,1710.0
ORD01333,2025-12-24,CUST034,P006,Headset,Accessories,West,Online,4,3500,0.15,11900.0
ORD01334,2025-12-24,CUST042,P008,Webcam,Accessories,South,Partner,6,4500,0.05,25650.0
ORD01335,2025-12-24,CUST050,P010,UPS,Power,West,Retail,2,8000,0.15,13600.0
ORD01336,2025-12-25,CUST053,P007,Tablet,Electronics,North,Retail,5,28000,0,140000
ORD01337,2025-12-25,CUST001,P009,Router,Networking,East,Online,1,6500,0.1,5850.0
ORD01338,2025-12-25,CUST009,P001,Laptop,Electronics,North,Partner,3,65000,0,195000
ORD01339,2025-12-25,CUST017,P003,Keyboard,Accessories,East,Retail,5,2200,0.1,9900.0
ORD01340,2025-12-25,CUST025,P005,Printer,Office,North,Online,1,12500,0,12500
ORD01341,2025-12-26,CUST028,P002,Monitor,Electronics,South,Online,4,18000,0.05,68400.0
ORD01342,2025-12-26,CUST036,P004,Mouse,Accessories,West,Partner,6,900,0.15,4590.0
ORD01343,2025-12-26,CUST044,P006,Headset,Accessories,South,Retail,2,3500,0.05,6650.0
ORD01344,2025-12-26,CUST052,P008,Webcam,Accessories,West,Online,4,4500,0.15,15300.0
ORD01345,2025-12-26,CUST060,P010,UPS,Power,South,Partner,6,8000,0.05,45600.0
ORD01346,2025-12-27,CUST003,P007,Tablet,Electronics,East,Partner,3,28000,0.1,75600.0
ORD01347,2025-12-27,CUST011,P009,Router,Networking,North,Retail,5,6500,0,32500
ORD01348,2025-12-27,CUST019,P001,Laptop,Electronics,East,Online,1,65000,0.1,58500.0
ORD01349,2025-12-27,CUST027,P003,Keyboard,Accessories,North,Partner,3,2200,0,6600
ORD01350,2025-12-27,CUST035,P005,Printer,Office,East,Retail,5,12500,0.1,56250.0
ORD01351,2025-12-28,CUST038,P002,Monitor,Electronics,West,Retail,2,18000,0.15,30600.0
ORD01352,2025-12-28,CUST046,P004,Mouse,Accessories,South,Online,4,900,0.05,3420.0
ORD01353,2025-12-28,CUST054,P006,Headset,Accessories,West,Partner,6,3500,0.15,17850.0
ORD01354,2025-12-28,CUST002,P008,Webcam,Accessories,South,Retail,2,4500,0.05,8550.0
ORD01355,2025-12-28,CUST010,P010,UPS,Power,West,Online,4,8000,0.15,27200.0
ORD01356,2025-12-29,CUST013,P007,Tablet,Electronics,North,Online,1,28000,0,28000
ORD01357,2025-12-29,CUST021,P009,Router,Networking,East,Partner,3,6500,0.1,17550.0
ORD01358,2025-12-29,CUST029,P001,Laptop,Electronics,North,Retail,5,65000,0,325000
ORD01359,2025-12-29,CUST037,P003,Keyboard,Accessories,East,Online,1,2200,0.1,1980.0
ORD01360,2025-12-29,CUST045,P005,Printer,Office,North,Partner,3,12500,0,37500
ORD01361,2025-12-30,CUST048,P002,Monitor,Electronics,South,Partner,6,18000,0.05,102600.0
ORD01362,2025-12-30,CUST056,P004,Mouse,Accessories,West,Retail,2,900,0.15,1530.0
ORD01363,2025-12-30,CUST004,P006,Headset,Accessories,South,Online,4,3500,0.05,13300.0
ORD01364,2025-12-30,CUST012,P008,Webcam,Accessories,West,Partner,6,4500,0.15,22950.0
ORD01365,2025-12-30,CUST020,P010,UPS,Power,South,Retail,2,8000,0.05,15200.0
ORD01366,2025-12-31,CUST023,P007,Tablet,Electronics,East,Retail,5,28000,0.1,126000.0
ORD01367,2025-12-31,CUST031,P009,Router,Networking,North,Online,1,6500,0,6500
ORD01368,2025-12-31,CUST039,P001,Laptop,Electronics,East,Partner,3,65000,0.1,175500.0
ORD01369,2025-12-31,CUST047,P003,Keyboard,Accessories,North,Retail,5,2200,0,11000
ORD01370,2025-12-31,CUST055,P005,Printer,Office,East,Online,1,12500,0.1,11250.0
ORD01371,2026-01-01,CUST058,P002,Monitor,Electronics,West,Online,4,18000,0.15,61200.0
ORD01372,2026-01-01,CUST006,P004,Mouse,Accessories,South,Partner,6,900,0.05,5130.0
ORD01373,2026-01-01,CUST014,P006,Headset,Accessories,West,Retail,2,3500,0.15,5950.0
ORD01374,2026-01-02,CUST019,P005,Printer,Office,East,Online,1,12500,0.1,11250.0
ORD01375,2026-01-02,CUST027,P007,Tablet,Electronics,North,Partner,3,28000,0,84000
ORD01376,2026-01-02,CUST035,P009,Router,Networking,East,Retail,5,6500,0.1,29250.0
ORD01377,2026-01-03,CUST040,P008,Webcam,Accessories,South,Online,4,4500,0.05,17100.0
ORD01378,2026-01-03,CUST048,P010,UPS,Power,West,Partner,6,8000,0.15,40800.0
ORD01379,2026-01-03,CUST056,P002,Monitor,Electronics,South,Retail,2,18000,0.05,34200.0
ORD01380,2026-01-04,CUST001,P001,Laptop,Electronics,North,Online,1,65000,0,65000
ORD01381,2026-01-04,CUST009,P003,Keyboard,Accessories,East,Partner,3,2200,0.1,5940.0
ORD01382,2026-01-04,CUST017,P005,Printer,Office,North,Retail,5,12500,0,62500
ORD01383,2026-01-05,CUST022,P004,Mouse,Accessories,West,Online,4,900,0.15,3060.0
ORD01384,2026-01-05,CUST030,P006,Headset,Accessories,South,Partner,6,3500,0.05,19950.0
ORD01385,2026-01-05,CUST038,P008,Webcam,Accessories,West,Retail,2,4500,0.15,7650.0
ORD01386,2026-01-06,CUST043,P007,Tablet,Electronics,East,Online,1,28000,0.1,25200.0
ORD01387,2026-01-06,CUST051,P009,Router,Networking,North,Partner,3,6500,0,19500
ORD01388,2026-01-06,CUST059,P001,Laptop,Electronics,East,Retail,5,65000,0.1,292500.0
ORD01389,2026-01-07,CUST004,P010,UPS,Power,South,Online,4,8000,0.05,30400.0
ORD01390,2026-01-07,CUST012,P002,Monitor,Electronics,West,Partner,6,18000,0.15,91800.0
ORD01391,2026-01-07,CUST020,P004,Mouse,Accessories,South,Retail,2,900,0.05,1710.0
ORD01392,2026-01-08,CUST025,P003,Keyboard,Accessories,North,Online,1,2200,0,2200
ORD01393,2026-01-08,CUST033,P005,Printer,Office,East,Partner,3,12500,0.1,33750.0
ORD01394,2026-01-08,CUST041,P007,Tablet,Electronics,North,Retail,5,28000,0,140000
ORD01395,2026-01-09,CUST046,P006,Headset,Accessories,West,Online,4,3500,0.15,11900.0
ORD01396,2026-01-09,CUST054,P008,Webcam,Accessories,South,Partner,6,4500,0.05,25650.0
ORD01397,2026-01-09,CUST002,P010,UPS,Power,West,Retail,2,8000,0.15,13600.0
ORD01398,2026-01-10,CUST007,P009,Router,Networking,East,Online,1,6500,0.1,5850.0
ORD01399,2026-01-10,CUST015,P001,Laptop,Electronics,North,Partner,3,65000,0,195000
ORD01400,2026-01-10,CUST023,P003,Keyboard,Accessories,East,Retail,5,2200,0.1,9900.0
ORD01401,2026-01-11,CUST028,P002,Monitor,Electronics,South,Online,4,18000,0.05,68400.0
ORD01402,2026-01-11,CUST036,P004,Mouse,Accessories,West,Partner,6,900,0.15,4590.0
ORD01403,2026-01-11,CUST044,P006,Headset,Accessories,South,Retail,2,3500,0.05,6650.0
ORD01404,2026-01-12,CUST049,P005,Printer,Office,North,Online,1,12500,0,12500
ORD01405,2026-01-12,CUST057,P007,Tablet,Electronics,East,Partner,3,28000,0.1,75600.0
ORD01406,2026-01-12,CUST005,P009,Router,Networking,North,Retail,5,6500,0,32500
ORD01407,2026-01-13,CUST010,P008,Webcam,Accessories,West,Online,4,4500,0.15,15300.0
ORD01408,2026-01-13,CUST018,P010,UPS,Power,South,Partner,6,8000,0.05,45600.0
ORD01409,2026-01-13,CUST026,P002,Monitor,Electronics,West,Retail,2,18000,0.15,30600.0
ORD01410,2026-01-14,CUST031,P001,Laptop,Electronics,East,Online,1,65000,0.1,58500.0
ORD01411,2026-01-14,CUST039,P003,Keyboard,Accessories,North,Partner,3,2200,0,6600
ORD01412,2026-01-14,CUST047,P005,Printer,Office,East,Retail,5,12500,0.1,56250.0
ORD01413,2026-01-15,CUST052,P004,Mouse,Accessories,South,Online,4,900,0.05,3420.0
ORD01414,2026-01-15,CUST060,P006,Headset,Accessories,West,Partner,6,3500,0.15,17850.0
ORD01415,2026-01-15,CUST008,P008,Webcam,Accessories,South,Retail,2,4500,0.05,8550.0
ORD01416,2026-01-16,CUST013,P007,Tablet,Electronics,North,Online,1,28000,0,28000
ORD01417,2026-01-16,CUST021,P009,Router,Networking,East,Partner,3,6500,0.1,17550.0
ORD01418,2026-01-16,CUST029,P001,Laptop,Electronics,North,Retail,5,65000,0,325000
ORD01419,2026-01-17,CUST034,P010,UPS,Power,West,Online,4,8000,0.15,27200.0
ORD01420,2026-01-17,CUST042,P002,Monitor,Electronics,South,Partner,6,18000,0.05,102600.0
ORD01421,2026-01-17,CUST050,P004,Mouse,Accessories,West,Retail,2,900,0.15,1530.0
ORD01422,2026-01-18,CUST055,P003,Keyboard,Accessories,East,Online,1,2200,0.1,1980.0
ORD01423,2026-01-18,CUST003,P005,Printer,Office,North,Partner,3,12500,0,37500
ORD01424,2026-01-18,CUST011,P007,Tablet,Electronics,East,Retail,5,28000,0.1,126000.0
ORD01425,2026-01-19,CUST016,P006,Headset,Accessories,South,Online,4,3500,0.05,13300.0
ORD01426,2026-01-19,CUST024,P008,Webcam,Accessories,West,Partner,6,4500,0.15,22950.0
ORD01427,2026-01-19,CUST032,P010,UPS,Power,South,Retail,2,8000,0.05,15200.0
ORD01428,2026-01-20,CUST037,P009,Router,Networking,North,Online,1,6500,0,6500
ORD01429,2026-01-20,CUST045,P001,Laptop,Electronics,East,Partner,3,65000,0.1,175500.0
ORD01430,2026-01-20,CUST053,P003,Keyboard,Accessories,North,Retail,5,2200,0,11000
ORD01431,2026-01-21,CUST058,P002,Monitor,Electronics,West,Online,4,18000,0.15,61200.0
ORD01432,2026-01-21,CUST006,P004,Mouse,Accessories,South,Partner,6,900,0.05,5130.0
ORD01433,2026-01-21,CUST014,P006,Headset,Accessories,West,Retail,2,3500,0.15,5950.0
ORD01434,2026-01-22,CUST019,P005,Printer,Office,East,Online,1,12500,0.1,11250.0
ORD01435,2026-01-22,CUST027,P007,Tablet,Electronics,North,Partner,3,28000,0,84000
ORD01436,2026-01-22,CUST035,P009,Router,Networking,East,Retail,5,6500,0.1,29250.0
ORD01437,2026-01-23,CUST040,P008,Webcam,Accessories,South,Online,4,4500,0.05,17100.0
ORD01438,2026-01-23,CUST048,P010,UPS,Power,West,Partner,6,8000,0.15,40800.0
ORD01439,2026-01-23,CUST056,P002,Monitor,Electronics,South,Retail,2,18000,0.05,34200.0
ORD01440,2026-01-24,CUST001,P001,Laptop,Electronics,North,Online,1,65000,0,65000
ORD01441,2026-01-24,CUST009,P003,Keyboard,Accessories,East,Partner,3,2200,0.1,5940.0
ORD01442,2026-01-24,CUST017,P005,Printer,Office,North,Retail,5,12500,0,62500
ORD01443,2026-01-25,CUST022,P004,Mouse,Accessories,West,Online,4,900,0.15,3060.0
ORD01444,2026-01-25,CUST030,P006,Headset,Accessories,South,Partner,6,3500,0.05,19950.0
ORD01445,2026-01-25,CUST038,P008,Webcam,Accessories,West,Retail,2,4500,0.15,7650.0
ORD01446,2026-01-26,CUST043,P007,Tablet,Electronics,East,Online,1,28000,0.1,25200.0
ORD01447,2026-01-26,CUST051,P009,Router,Networking,North,Partner,3,6500,0,19500
ORD01448,2026-01-26,CUST059,P001,Laptop,Electronics,East,Retail,5,65000,0.1,292500.0
ORD01449,2026-01-27,CUST004,P010,UPS,Power,South,Online,4,8000,0.05,30400.0
ORD01450,2026-01-27,CUST012,P002,Monitor,Electronics,West,Partner,6,18000,0.15,91800.0
ORD01451,2026-01-27,CUST020,P004,Mouse,Accessories,South,Retail,2,900,0.05,1710.0
ORD01452,2026-01-28,CUST025,P003,Keyboard,Accessories,North,Online,1,2200,0,2200
ORD01453,2026-01-28,CUST033,P005,Printer,Office,East,Partner,3,12500,0.1,33750.0
ORD01454,2026-01-28,CUST041,P007,Tablet,Electronics,North,Retail,5,28000,0,140000
ORD01455,2026-01-29,CUST046,P006,Headset,Accessories,West,Online,4,3500,0.15,11900.0
ORD01456,2026-01-29,CUST054,P008,Webcam,Accessories,South,Partner,6,4500,0.05,25650.0
ORD01457,2026-01-29,CUST002,P010,UPS,Power,West,Retail,2,8000,0.15,13600.0
ORD01458,2026-01-30,CUST007,P009,Router,Networking,East,Online,1,6500,0.1,5850.0
ORD01459,2026-01-30,CUST015,P001,Laptop,Electronics,North,Partner,3,65000,0,195000
ORD01460,2026-01-30,CUST023,P003,Keyboard,Accessories,East,Retail,5,2200,0.1,9900.0
ORD01461,2026-01-31,CUST028,P002,Monitor,Electronics,South,Online,4,18000,0.05,68400.0
ORD01462,2026-01-31,CUST036,P004,Mouse,Accessories,West,Partner,6,900,0.15,4590.0
ORD01463,2026-01-31,CUST044,P006,Headset,Accessories,South,Retail,2,3500,0.05,6650.0
ORD01464,2026-02-01,CUST049,P005,Printer,Office,North,Online,1,12500,0,12500
ORD01465,2026-02-01,CUST057,P007,Tablet,Electronics,East,Partner,3,28000,0.1,75600.0
ORD01466,2026-02-01,CUST005,P009,Router,Networking,North,Retail,5,6500,0,32500
ORD01467,2026-02-02,CUST010,P008,Webcam,Accessories,West,Online,4,4500,0.15,15300.0
ORD01468,2026-02-02,CUST018,P010,UPS,Power,South,Partner,6,8000,0.05,45600.0
ORD01469,2026-02-02,CUST026,P002,Monitor,Electronics,West,Retail,2,18000,0.15,30600.0
ORD01470,2026-02-03,CUST031,P001,Laptop,Electronics,East,Online,1,65000,0.1,58500.0
ORD01471,2026-02-03,CUST039,P003,Keyboard,Accessories,North,Partner,3,2200,0,6600
ORD01472,2026-02-03,CUST047,P005,Printer,Office,East,Retail,5,12500,0.1,56250.0
ORD01473,2026-02-04,CUST052,P004,Mouse,Accessories,South,Online,4,900,0.05,3420.0
ORD01474,2026-02-04,CUST060,P006,Headset,Accessories,West,Partner,6,3500,0.15,17850.0
ORD01475,2026-02-04,CUST008,P008,Webcam,Accessories,South,Retail,2,4500,0.05,8550.0
ORD01476,2026-02-05,CUST013,P007,Tablet,Electronics,North,Online,1,28000,0,28000
ORD01477,2026-02-05,CUST021,P009,Router,Networking,East,Partner,3,6500,0.1,17550.0
ORD01478,2026-02-05,CUST029,P001,Laptop,Electronics,North,Retail,5,65000,0,325000
ORD01479,2026-02-06,CUST034,P010,UPS,Power,West,Online,4,8000,0.15,27200.0
ORD01480,2026-02-06,CUST042,P002,Monitor,Electronics,South,Partner,6,18000,0.05,102600.0
ORD01481,2026-02-06,CUST050,P004,Mouse,Accessories,West,Retail,2,900,0.15,1530.0
ORD01482,2026-02-07,CUST055,P003,Keyboard,Accessories,East,Online,1,2200,0.1,1980.0
ORD01483,2026-02-07,CUST003,P005,Printer,Office,North,Partner,3,12500,0,37500
ORD01484,2026-02-07,CUST011,P007,Tablet,Electronics,East,Retail,5,28000,0.1,126000.0
ORD01485,2026-02-08,CUST016,P006,Headset,Accessories,South,Online,4,3500,0.05,13300.0
ORD01486,2026-02-08,CUST024,P008,Webcam,Accessories,West,Partner,6,4500,0.15,22950.0
ORD01487,2026-02-08,CUST032,P010,UPS,Power,South,Retail,2,8000,0.05,15200.0
ORD01488,2026-02-09,CUST037,P009,Router,Networking,North,Online,1,6500,0,6500
ORD01489,2026-02-09,CUST045,P001,Laptop,Electronics,East,Partner,3,65000,0.1,175500.0
ORD01490,2026-02-09,CUST053,P003,Keyboard,Accessories,North,Retail,5,2200,0,11000
ORD01491,2026-02-10,CUST058,P002,Monitor,Electronics,West,Online,4,18000,0.15,61200.0
ORD01492,2026-02-10,CUST006,P004,Mouse,Accessories,South,Partner,6,900,0.05,5130.0
ORD01493,2026-02-10,CUST014,P006,Headset,Accessories,West,Retail,2,3500,0.15,5950.0
ORD01494,2026-02-11,CUST019,P005,Printer,Office,East,Online,1,12500,0.1,11250.0
ORD01495,2026-02-11,CUST027,P007,Tablet,Electronics,North,Partner,3,28000,0,84000
ORD01496,2026-02-11,CUST035,P009,Router,Networking,East,Retail,5,6500,0.1,29250.0
ORD01497,2026-02-12,CUST040,P008,Webcam,Accessories,South,Online,4,4500,0.05,17100.0
ORD01498,2026-02-12,CUST048,P010,UPS,Power,West,Partner,6,8000,0.15,40800.0
ORD01499,2026-02-12,CUST056,P002,Monitor,Electronics,South,Retail,2,18000,0.05,34200.0
ORD01500,2026-02-13,CUST001,P001,Laptop,Electronics,North,Online,1,65000,0,65000
ORD01501,2026-02-13,CUST009,P003,Keyboard,Accessories,East,Partner,3,2200,0.1,5940.0
ORD01502,2026-02-13,CUST017,P005,Printer,Office,North,Retail,5,12500,0,62500
ORD01503,2026-02-14,CUST022,P004,Mouse,Accessories,West,Online,4,900,0.15,3060.0
ORD01504,2026-02-14,CUST030,P006,Headset,Accessories,South,Partner,6,3500,0.05,19950.0
ORD01505,2026-02-14,CUST038,P008,Webcam,Accessories,West,Retail,2,4500,0.15,7650.0
ORD01506,2026-02-15,CUST043,P007,Tablet,Electronics,East,Online,1,28000,0.1,25200.0
ORD01507,2026-02-15,CUST051,P009,Router,Networking,North,Partner,3,6500,0,19500
ORD01508,2026-02-15,CUST059,P001,Laptop,Electronics,East,Retail,5,65000,0.1,292500.0
ORD01509,2026-02-16,CUST004,P010,UPS,Power,South,Online,4,8000,0.05,30400.0
ORD01510,2026-02-16,CUST012,P002,Monitor,Electronics,West,Partner,6,18000,0.15,91800.0
ORD01511,2026-02-16,CUST020,P004,Mouse,Accessories,South,Retail,2,900,0.05,1710.0
ORD01512,2026-02-17,CUST025,P003,Keyboard,Accessories,North,Online,1,2200,0,2200
ORD01513,2026-02-17,CUST033,P005,Printer,Office,East,Partner,3,12500,0.1,33750.0
ORD01514,2026-02-17,CUST041,P007,Tablet,Electronics,North,Retail,5,28000,0,140000
ORD01515,2026-02-18,CUST046,P006,Headset,Accessories,West,Online,4,3500,0.15,11900.0
ORD01516,2026-02-18,CUST054,P008,Webcam,Accessories,South,Partner,6,4500,0.05,25650.0
ORD01517,2026-02-18,CUST002,P010,UPS,Power,West,Retail,2,8000,0.15,13600.0
ORD01518,2026-02-19,CUST007,P009,Router,Networking,East,Online,1,6500,0.1,5850.0
ORD01519,2026-02-19,CUST015,P001,Laptop,Electronics,North,Partner,3,65000,0,195000
ORD01520,2026-02-19,CUST023,P003,Keyboard,Accessories,East,Retail,5,2200,0.1,9900.0
ORD01521,2026-02-20,CUST028,P002,Monitor,Electronics,South,Online,4,18000,0.05,68400.0
ORD01522,2026-02-20,CUST036,P004,Mouse,Accessories,West,Partner,6,900,0.15,4590.0
ORD01523,2026-02-20,CUST044,P006,Headset,Accessories,South,Retail,2,3500,0.05,6650.0
ORD01524,2026-02-21,CUST049,P005,Printer,Office,North,Online,1,12500,0,12500
ORD01525,2026-02-21,CUST057,P007,Tablet,Electronics,East,Partner,3,28000,0.1,75600.0
ORD01526,2026-02-21,CUST005,P009,Router,Networking,North,Retail,5,6500,0,32500
ORD01527,2026-02-22,CUST010,P008,Webcam,Accessories,West,Online,4,4500,0.15,15300.0
ORD01528,2026-02-22,CUST018,P010,UPS,Power,South,Partner,6,8000,0.05,45600.0
ORD01529,2026-02-22,CUST026,P002,Monitor,Electronics,West,Retail,2,18000,0.15,30600.0
ORD01530,2026-02-23,CUST031,P001,Laptop,Electronics,East,Online,1,65000,0.1,58500.0
ORD01531,2026-02-23,CUST039,P003,Keyboard,Accessories,North,Partner,3,2200,0,6600
ORD01532,2026-02-23,CUST047,P005,Printer,Office,East,Retail,5,12500,0.1,56250.0
ORD01533,2026-02-24,CUST052,P004,Mouse,Accessories,South,Online,4,900,0.05,3420.0
ORD01534,2026-02-24,CUST060,P006,Headset,Accessories,West,Partner,6,3500,0.15,17850.0
ORD01535,2026-02-24,CUST008,P008,Webcam,Accessories,South,Retail,2,4500,0.05,8550.0
ORD01536,2026-02-25,CUST013,P007,Tablet,Electronics,North,Online,1,28000,0,28000
ORD01537,2026-02-25,CUST021,P009,Router,Networking,East,Partner,3,6500,0.1,17550.0
ORD01538,2026-02-25,CUST029,P001,Laptop,Electronics,North,Retail,5,65000,0,325000
ORD01539,2026-02-26,CUST034,P010,UPS,Power,West,Online,4,8000,0.15,27200.0
ORD01540,2026-02-26,CUST042,P002,Monitor,Electronics,South,Partner,6,18000,0.05,102600.0
ORD01541,2026-02-26,CUST050,P004,Mouse,Accessories,West,Retail,2,900,0.15,1530.0
ORD01542,2026-02-27,CUST055,P003,Keyboard,Accessories,East,Online,1,2200,0.1,1980.0
ORD01543,2026-02-27,CUST003,P005,Printer,Office,North,Partner,3,12500,0,37500
ORD01544,2026-02-27,CUST011,P007,Tablet,Electronics,East,Retail,5,28000,0.1,126000.0
ORD01545,2026-02-28,CUST016,P006,Headset,Accessories,South,Online,4,3500,0.05,13300.0
ORD01546,2026-02-28,CUST024,P008,Webcam,Accessories,West,Partner,6,4500,0.15,22950.0
ORD01547,2026-02-28,CUST032,P010,UPS,Power,South,Retail,2,8000,0.05,15200.0
ORD01548,2026-03-01,CUST037,P009,Router,Networking,North,Online,1,6500,0,6500
ORD01549,2026-03-01,CUST045,P001,Laptop,Electronics,East,Partner,3,65000,0.1,175500.0
ORD01550,2026-03-01,CUST053,P003,Keyboard,Accessories,North,Retail,5,2200,0,11000
ORD01551,2026-03-02,CUST058,P002,Monitor,Electronics,West,Online,4,18000,0.15,61200.0
ORD01552,2026-03-02,CUST006,P004,Mouse,Accessories,South,Partner,6,900,0.05,5130.0
ORD01553,2026-03-02,CUST014,P006,Headset,Accessories,West,Retail,2,3500,0.15,5950.0
ORD01554,2026-03-03,CUST019,P005,Printer,Office,East,Online,1,12500,0.1,11250.0
ORD01555,2026-03-03,CUST027,P007,Tablet,Electronics,North,Partner,3,28000,0,84000
ORD01556,2026-03-03,CUST035,P009,Router,Networking,East,Retail,5,6500,0.1,29250.0
ORD01557,2026-03-04,CUST040,P008,Webcam,Accessories,South,Online,4,4500,0.05,17100.0
ORD01558,2026-03-04,CUST048,P010,UPS,Power,West,Partner,6,8000,0.15,40800.0
ORD01559,2026-03-04,CUST056,P002,Monitor,Electronics,South,Retail,2,18000,0.05,34200.0
ORD01560,2026-03-05,CUST001,P001,Laptop,Electronics,North,Online,1,65000,0,65000
ORD01561,2026-03-05,CUST009,P003,Keyboard,Accessories,East,Partner,3,2200,0.1,5940.0
ORD01562,2026-03-05,CUST017,P005,Printer,Office,North,Retail,5,12500,0,62500
ORD01563,2026-03-06,CUST022,P004,Mouse,Accessories,West,Online,4,900,0.15,3060.0
ORD01564,2026-03-06,CUST030,P006,Headset,Accessories,South,Partner,6,3500,0.05,19950.0
ORD01565,2026-03-06,CUST038,P008,Webcam,Accessories,West,Retail,2,4500,0.15,7650.0
ORD01566,2026-03-07,CUST043,P007,Tablet,Electronics,East,Online,1,28000,0.1,25200.0
ORD01567,2026-03-07,CUST051,P009,Router,Networking,North,Partner,3,6500,0,19500
ORD01568,2026-03-07,CUST059,P001,Laptop,Electronics,East,Retail,5,65000,0.1,292500.0
ORD01569,2026-03-08,CUST004,P010,UPS,Power,South,Online,4,8000,0.05,30400.0
ORD01570,2026-03-08,CUST012,P002,Monitor,Electronics,West,Partner,6,18000,0.15,91800.0
ORD01571,2026-03-08,CUST020,P004,Mouse,Accessories,South,Retail,2,900,0.05,1710.0
ORD01572,2026-03-09,CUST025,P003,Keyboard,Accessories,North,Online,1,2200,0,2200
ORD01573,2026-03-09,CUST033,P005,Printer,Office,East,Partner,3,12500,0.1,33750.0
ORD01574,2026-03-09,CUST041,P007,Tablet,Electronics,North,Retail,5,28000,0,140000
ORD01575,2026-03-10,CUST046,P006,Headset,Accessories,West,Online,4,3500,0.15,11900.0
ORD01576,2026-03-10,CUST054,P008,Webcam,Accessories,South,Partner,6,4500,0.05,25650.0
ORD01577,2026-03-10,CUST002,P010,UPS,Power,West,Retail,2,8000,0.15,13600.0
ORD01578,2026-03-11,CUST007,P009,Router,Networking,East,Online,1,6500,0.1,5850.0
ORD01579,2026-03-11,CUST015,P001,Laptop,Electronics,North,Partner,3,65000,0,195000
ORD01580,2026-03-11,CUST023,P003,Keyboard,Accessories,East,Retail,5,2200,0.1,9900.0
ORD01581,2026-03-12,CUST028,P002,Monitor,Electronics,South,Online,4,18000,0.05,68400.0
ORD01582,2026-03-12,CUST036,P004,Mouse,Accessories,West,Partner,6,900,0.15,4590.0
ORD01583,2026-03-12,CUST044,P006,Headset,Accessories,South,Retail,2,3500,0.05,6650.0
ORD01584,2026-03-13,CUST049,P005,Printer,Office,North,Online,1,12500,0,12500
ORD01585,2026-03-13,CUST057,P007,Tablet,Electronics,East,Partner,3,28000,0.1,75600.0
ORD01586,2026-03-13,CUST005,P009,Router,Networking,North,Retail,5,6500,0,32500
ORD01587,2026-03-14,CUST010,P008,Webcam,Accessories,West,Online,4,4500,0.15,15300.0
ORD01588,2026-03-14,CUST018,P010,UPS,Power,South,Partner,6,8000,0.05,45600.0
ORD01589,2026-03-14,CUST026,P002,Monitor,Electronics,West,Retail,2,18000,0.15,30600.0
ORD01590,2026-03-15,CUST031,P001,Laptop,Electronics,East,Online,1,65000,0.1,58500.0
ORD01591,2026-03-15,CUST039,P003,Keyboard,Accessories,North,Partner,3,2200,0,6600
ORD01592,2026-03-15,CUST047,P005,Printer,Office,East,Retail,5,12500,0.1,56250.0
ORD01593,2026-03-16,CUST052,P004,Mouse,Accessories,South,Online,4,900,0.05,3420.0
ORD01594,2026-03-16,CUST060,P006,Headset,Accessories,West,Partner,6,3500,0.15,17850.0
ORD01595,2026-03-16,CUST008,P008,Webcam,Accessories,South,Retail,2,4500,0.05,8550.0
ORD01596,2026-03-17,CUST013,P007,Tablet,Electronics,North,Online,1,28000,0,28000
ORD01597,2026-03-17,CUST021,P009,Router,Networking,East,Partner,3,6500,0.1,17550.0
ORD01598,2026-03-17,CUST029,P001,Laptop,Electronics,North,Retail,5,65000,0,325000
ORD01599,2026-03-18,CUST034,P010,UPS,Power,West,Online,4,8000,0.15,27200.0
ORD01600,2026-03-18,CUST042,P002,Monitor,Electronics,South,Partner,6,18000,0.05,102600.0
ORD01601,2026-03-18,CUST050,P004,Mouse,Accessories,West,Retail,2,900,0.15,1530.0
ORD01602,2026-03-19,CUST055,P003,Keyboard,Accessories,East,Online,1,2200,0.1,1980.0
ORD01603,2026-03-19,CUST003,P005,Printer,Office,North,Partner,3,12500,0,37500
ORD01604,2026-03-19,CUST011,P007,Tablet,Electronics,East,Retail,5,28000,0.1,126000.0
ORD01605,2026-03-20,CUST016,P006,Headset,Accessories,South,Online,4,3500,0.05,13300.0
ORD01606,2026-03-20,CUST024,P008,Webcam,Accessories,West,Partner,6,4500,0.15,22950.0
ORD01607,2026-03-20,CUST032,P010,UPS,Power,South,Retail,2,8000,0.05,15200.0
ORD01608,2026-03-21,CUST037,P009,Router,Networking,North,Online,1,6500,0,6500
ORD01609,2026-03-21,CUST045,P001,Laptop,Electronics,East,Partner,3,65000,0.1,175500.0
ORD01610,2026-03-21,CUST053,P003,Keyboard,Accessories,North,Retail,5,2200,0,11000
ORD01611,2026-03-22,CUST058,P002,Monitor,Electronics,West,Online,4,18000,0.15,61200.0
ORD01612,2026-03-22,CUST006,P004,Mouse,Accessories,South,Partner,6,900,0.05,5130.0
ORD01613,2026-03-22,CUST014,P006,Headset,Accessories,West,Retail,2,3500,0.15,5950.0
ORD01614,2026-03-23,CUST019,P005,Printer,Office,East,Online,1,12500,0.1,11250.0
ORD01615,2026-03-23,CUST027,P007,Tablet,Electronics,North,Partner,3,28000,0,84000
ORD01616,2026-03-23,CUST035,P009,Router,Networking,East,Retail,5,6500,0.1,29250.0
ORD01617,2026-03-24,CUST040,P008,Webcam,Accessories,South,Online,4,4500,0.05,17100.0
ORD01618,2026-03-24,CUST048,P010,UPS,Power,West,Partner,6,8000,0.15,40800.0
ORD01619,2026-03-24,CUST056,P002,Monitor,Electronics,South,Retail,2,18000,0.05,34200.0
ORD01620,2026-03-25,CUST001,P001,Laptop,Electronics,North,Online,1,65000,0,65000
ORD01621,2026-03-25,CUST009,P003,Keyboard,Accessories,East,Partner,3,2200,0.1,5940.0
ORD01622,2026-03-25,CUST017,P005,Printer,Office,North,Retail,5,12500,0,62500
ORD01623,2026-03-26,CUST022,P004,Mouse,Accessories,West,Online,4,900,0.15,3060.0
ORD01624,2026-03-26,CUST030,P006,Headset,Accessories,South,Partner,6,3500,0.05,19950.0
ORD01625,2026-03-26,CUST038,P008,Webcam,Accessories,West,Retail,2,4500,0.15,7650.0
ORD01626,2026-03-27,CUST043,P007,Tablet,Electronics,East,Online,1,28000,0.1,25200.0
ORD01627,2026-03-27,CUST051,P009,Router,Networking,North,Partner,3,6500,0,19500
ORD01628,2026-03-27,CUST059,P001,Laptop,Electronics,East,Retail,5,65000,0.1,292500.0
ORD01629,2026-03-28,CUST004,P010,UPS,Power,South,Online,4,8000,0.05,30400.0
ORD01630,2026-03-28,CUST012,P002,Monitor,Electronics,West,Partner,6,18000,0.15,91800.0
ORD01631,2026-03-28,CUST020,P004,Mouse,Accessories,South,Retail,2,900,0.05,1710.0
ORD01632,2026-03-29,CUST025,P003,Keyboard,Accessories,North,Online,1,2200,0,2200
ORD01633,2026-03-29,CUST033,P005,Printer,Office,East,Partner,3,12500,0.1,33750.0
ORD01634,2026-03-29,CUST041,P007,Tablet,Electronics,North,Retail,5,28000,0,140000
ORD01635,2026-03-30,CUST046,P006,Headset,Accessories,West,Online,4,3500,0.15,11900.0
ORD01636,2026-03-30,CUST054,P008,Webcam,Accessories,South,Partner,6,4500,0.05,25650.0
ORD01637,2026-03-30,CUST002,P010,UPS,Power,West,Retail,2,8000,0.15,13600.0
ORD01638,2026-03-31,CUST007,P009,Router,Networking,East,Online,1,6500,0.1,5850.0
ORD01639,2026-03-31,CUST015,P001,Laptop,Electronics,North,Partner,3,65000,0,195000
ORD01640,2026-03-31,CUST023,P003,Keyboard,Accessories,East,Retail,5,2200,0.1,9900.0
ORD01641,2026-04-01,CUST028,P002,Monitor,Electronics,South,Online,4,18000,0.05,68400.0
ORD01642,2026-04-01,CUST036,P004,Mouse,Accessories,West,Partner,6,900,0.15,4590.0
ORD01643,2026-04-01,CUST044,P006,Headset,Accessories,South,Retail,2,3500,0.05,6650.0
ORD01644,2026-04-01,CUST052,P008,Webcam,Accessories,West,Online,4,4500,0.15,15300.0
ORD01645,2026-04-02,CUST056,P006,Headset,Accessories,South,Retail,2,3500,0.05,6650.0
ORD01646,2026-04-02,CUST004,P008,Webcam,Accessories,West,Online,4,4500,0.15,15300.0
ORD01647,2026-04-02,CUST012,P010,UPS,Power,South,Partner,6,8000,0.05,45600.0
ORD01648,2026-04-02,CUST020,P002,Monitor,Electronics,West,Retail,2,18000,0.15,30600.0
ORD01649,2026-04-03,CUST024,P010,UPS,Power,South,Partner,6,8000,0.05,45600.0
ORD01650,2026-04-03,CUST032,P002,Monitor,Electronics,West,Retail,2,18000,0.15,30600.0
ORD01651,2026-04-03,CUST040,P004,Mouse,Accessories,South,Online,4,900,0.05,3420.0
ORD01652,2026-04-03,CUST048,P006,Headset,Accessories,West,Partner,6,3500,0.15,17850.0
ORD01653,2026-04-04,CUST052,P004,Mouse,Accessories,South,Online,4,900,0.05,3420.0
ORD01654,2026-04-04,CUST060,P006,Headset,Accessories,West,Partner,6,3500,0.15,17850.0
ORD01655,2026-04-04,CUST008,P008,Webcam,Accessories,South,Retail,2,4500,0.05,8550.0
ORD01656,2026-04-04,CUST016,P010,UPS,Power,West,Online,4,8000,0.15,27200.0
ORD01657,2026-04-05,CUST020,P008,Webcam,Accessories,South,Retail,2,4500,0.05,8550.0
ORD01658,2026-04-05,CUST028,P010,UPS,Power,West,Online,4,8000,0.15,27200.0
ORD01659,2026-04-05,CUST036,P002,Monitor,Electronics,South,Partner,6,18000,0.05,102600.0
ORD01660,2026-04-05,CUST044,P004,Mouse,Accessories,West,Retail,2,900,0.15,1530.0
ORD01661,2026-04-06,CUST048,P002,Monitor,Electronics,South,Partner,6,18000,0.05,102600.0
ORD01662,2026-04-06,CUST056,P004,Mouse,Accessories,West,Retail,2,900,0.15,1530.0
ORD01663,2026-04-06,CUST004,P006,Headset,Accessories,South,Online,4,3500,0.05,13300.0
ORD01664,2026-04-06,CUST012,P008,Webcam,Accessories,West,Partner,6,4500,0.15,22950.0
ORD01665,2026-04-07,CUST016,P006,Headset,Accessories,South,Online,4,3500,0.05,13300.0
ORD01666,2026-04-07,CUST024,P008,Webcam,Accessories,West,Partner,6,4500,0.15,22950.0
ORD01667,2026-04-07,CUST032,P010,UPS,Power,South,Retail,2,8000,0.05,15200.0
ORD01668,2026-04-07,CUST040,P002,Monitor,Electronics,West,Online,4,18000,0.15,61200.0
ORD01669,2026-04-08,CUST044,P010,UPS,Power,South,Retail,2,8000,0.05,15200.0
ORD01670,2026-04-08,CUST052,P002,Monitor,Electronics,West,Online,4,18000,0.15,61200.0
ORD01671,2026-04-08,CUST060,P004,Mouse,Accessories,South,Partner,6,900,0.05,5130.0
ORD01672,2026-04-08,CUST008,P006,Headset,Accessories,West,Retail,2,3500,0.15,5950.0
ORD01673,2026-04-09,CUST012,P004,Mouse,Accessories,South,Partner,6,900,0.05,5130.0
ORD01674,2026-04-09,CUST020,P006,Headset,Accessories,West,Retail,2,3500,0.15,5950.0
ORD01675,2026-04-09,CUST028,P008,Webcam,Accessories,South,Online,4,4500,0.05,17100.0
ORD01676,2026-04-09,CUST036,P010,UPS,Power,West,Partner,6,8000,0.15,40800.0
ORD01677,2026-04-10,CUST040,P008,Webcam,Accessories,South,Online,4,4500,0.05,17100.0
ORD01678,2026-04-10,CUST048,P010,UPS,Power,West,Partner,6,8000,0.15,40800.0
ORD01679,2026-04-10,CUST056,P002,Monitor,Electronics,South,Retail,2,18000,0.05,34200.0
ORD01680,2026-04-10,CUST004,P004,Mouse,Accessories,West,Online,4,900,0.15,3060.0
ORD01681,2026-04-11,CUST008,P002,Monitor,Electronics,South,Retail,2,18000,0.05,34200.0
ORD01682,2026-04-11,CUST016,P004,Mouse,Accessories,West,Online,4,900,0.15,3060.0
ORD01683,2026-04-11,CUST024,P006,Headset,Accessories,South,Partner,6,3500,0.05,19950.0
ORD01684,2026-04-11,CUST032,P008,Webcam,Accessories,West,Retail,2,4500,0.15,7650.0
ORD01685,2026-04-12,CUST036,P006,Headset,Accessories,South,Partner,6,3500,0.05,19950.0
ORD01686,2026-04-12,CUST044,P008,Webcam,Accessories,West,Retail,2,4500,0.15,7650.0
ORD01687,2026-04-12,CUST052,P010,UPS,Power,South,Online,4,8000,0.05,30400.0
ORD01688,2026-04-12,CUST060,P002,Monitor,Electronics,West,Partner,6,18000,0.15,91800.0
ORD01689,2026-04-13,CUST004,P010,UPS,Power,South,Online,4,8000,0.05,30400.0
ORD01690,2026-04-13,CUST012,P002,Monitor,Electronics,West,Partner,6,18000,0.15,91800.0
ORD01691,2026-04-13,CUST020,P004,Mouse,Accessories,South,Retail,2,900,0.05,1710.0
ORD01692,2026-04-13,CUST028,P006,Headset,Accessories,West,Online,4,3500,0.15,11900.0
ORD01693,2026-04-14,CUST032,P004,Mouse,Accessories,South,Retail,2,900,0.05,1710.0
ORD01694,2026-04-14,CUST040,P006,Headset,Accessories,West,Online,4,3500,0.15,11900.0
ORD01695,2026-04-14,CUST048,P008,Webcam,Accessories,South,Partner,6,4500,0.05,25650.0
ORD01696,2026-04-14,CUST056,P010,UPS,Power,West,Retail,2,8000,0.15,13600.0
ORD01697,2026-04-15,CUST060,P008,Webcam,Accessories,South,Partner,6,4500,0.05,25650.0
ORD01698,2026-04-15,CUST008,P010,UPS,Power,West,Retail,2,8000,0.15,13600.0
ORD01699,2026-04-15,CUST016,P002,Monitor,Electronics,South,Online,4,18000,0.05,68400.0
ORD01700,2026-04-15,CUST024,P004,Mouse,Accessories,West,Partner,6,900,0.15,4590.0
ORD01701,2026-04-16,CUST028,P002,Monitor,Electronics,South,Online,4,18000,0.05,68400.0
ORD01702,2026-04-16,CUST036,P004,Mouse,Accessories,West,Partner,6,900,0.15,4590.0
ORD01703,2026-04-16,CUST044,P006,Headset,Accessories,South,Retail,2,3500,0.05,6650.0
ORD01704,2026-04-16,CUST052,P008,Webcam,Accessories,West,Online,4,4500,0.15,15300.0
ORD01705,2026-04-17,CUST056,P006,Headset,Accessories,South,Retail,2,3500,0.05,6650.0
ORD01706,2026-04-17,CUST004,P008,Webcam,Accessories,West,Online,4,4500,0.15,15300.0
ORD01707,2026-04-17,CUST012,P010,UPS,Power,South,Partner,6,8000,0.05,45600.0
ORD01708,2026-04-17,CUST020,P002,Monitor,Electronics,West,Retail,2,18000,0.15,30600.0
ORD01709,2026-04-18,CUST024,P010,UPS,Power,South,Partner,6,8000,0.05,45600.0
ORD01710,2026-04-18,CUST032,P002,Monitor,Electronics,West,Retail,2,18000,0.15,30600.0
ORD01711,2026-04-18,CUST040,P004,Mouse,Accessories,South,Online,4,900,0.05,3420.0
ORD01712,2026-04-18,CUST048,P006,Headset,Accessories,West,Partner,6,3500,0.15,17850.0
ORD01713,2026-04-19,CUST052,P004,Mouse,Accessories,South,Online,4,900,0.05,3420.0
ORD01714,2026-04-19,CUST060,P006,Headset,Accessories,West,Partner,6,3500,0.15,17850.0
ORD01715,2026-04-19,CUST008,P008,Webcam,Accessories,South,Retail,2,4500,0.05,8550.0
ORD01716,2026-04-19,CUST016,P010,UPS,Power,West,Online,4,8000,0.15,27200.0
ORD01717,2026-04-20,CUST020,P008,Webcam,Accessories,South,Retail,2,4500,0.05,8550.0
ORD01718,2026-04-20,CUST028,P010,UPS,Power,West,Online,4,8000,0.15,27200.0
ORD01719,2026-04-20,CUST036,P002,Monitor,Electronics,South,Partner,6,18000,0.05,102600.0
ORD01720,2026-04-20,CUST044,P004,Mouse,Accessories,West,Retail,2,900,0.15,1530.0
ORD01721,2026-04-21,CUST048,P002,Monitor,Electronics,South,Partner,6,18000,0.05,102600.0
ORD01722,2026-04-21,CUST056,P004,Mouse,Accessories,West,Retail,2,900,0.15,1530.0
ORD01723,2026-04-21,CUST004,P006,Headset,Accessories,South,Online,4,3500,0.05,13300.0
ORD01724,2026-04-21,CUST012,P008,Webcam,Accessories,West,Partner,6,4500,0.15,22950.0
ORD01725,2026-04-22,CUST016,P006,Headset,Accessories,South,Online,4,3500,0.05,13300.0
ORD01726,2026-04-22,CUST024,P008,Webcam,Accessories,West,Partner,6,4500,0.15,22950.0
ORD01727,2026-04-22,CUST032,P010,UPS,Power,South,Retail,2,8000,0.05,15200.0
ORD01728,2026-04-22,CUST040,P002,Monitor,Electronics,West,Online,4,18000,0.15,61200.0
ORD01729,2026-04-23,CUST044,P010,UPS,Power,South,Retail,2,8000,0.05,15200.0
ORD01730,2026-04-23,CUST052,P002,Monitor,Electronics,West,Online,4,18000,0.15,61200.0
ORD01731,2026-04-23,CUST060,P004,Mouse,Accessories,South,Partner,6,900,0.05,5130.0
ORD01732,2026-04-23,CUST008,P006,Headset,Accessories,West,Retail,2,3500,0.15,5950.0
ORD01733,2026-04-24,CUST012,P004,Mouse,Accessories,South,Partner,6,900,0.05,5130.0
ORD01734,2026-04-24,CUST020,P006,Headset,Accessories,West,Retail,2,3500,0.15,5950.0
ORD01735,2026-04-24,CUST028,P008,Webcam,Accessories,South,Online,4,4500,0.05,17100.0
ORD01736,2026-04-24,CUST036,P010,UPS,Power,West,Partner,6,8000,0.15,40800.0
ORD01737,2026-04-25,CUST040,P008,Webcam,Accessories,South,Online,4,4500,0.05,17100.0
ORD01738,2026-04-25,CUST048,P010,UPS,Power,West,Partner,6,8000,0.15,40800.0
ORD01739,2026-04-25,CUST056,P002,Monitor,Electronics,South,Retail,2,18000,0.05,34200.0
ORD01740,2026-04-25,CUST004,P004,Mouse,Accessories,West,Online,4,900,0.15,3060.0
ORD01741,2026-04-26,CUST008,P002,Monitor,Electronics,South,Retail,2,18000,0.05,34200.0
ORD01742,2026-04-26,CUST016,P004,Mouse,Accessories,West,Online,4,900,0.15,3060.0
ORD01743,2026-04-26,CUST024,P006,Headset,Accessories,South,Partner,6,3500,0.05,19950.0
ORD01744,2026-04-26,CUST032,P008,Webcam,Accessories,West,Retail,2,4500,0.15,7650.0
ORD01745,2026-04-27,CUST036,P006,Headset,Accessories,South,Partner,6,3500,0.05,19950.0
ORD01746,2026-04-27,CUST044,P008,Webcam,Accessories,West,Retail,2,4500,0.15,7650.0
ORD01747,2026-04-27,CUST052,P010,UPS,Power,South,Online,4,8000,0.05,30400.0
ORD01748,2026-04-27,CUST060,P002,Monitor,Electronics,West,Partner,6,18000,0.15,91800.0
ORD01749,2026-04-28,CUST004,P010,UPS,Power,South,Online,4,8000,0.05,30400.0
ORD01750,2026-04-28,CUST012,P002,Monitor,Electronics,West,Partner,6,18000,0.15,91800.0
ORD01751,2026-04-28,CUST020,P004,Mouse,Accessories,South,Retail,2,900,0.05,1710.0
ORD01752,2026-04-28,CUST028,P006,Headset,Accessories,West,Online,4,3500,0.15,11900.0
ORD01753,2026-04-29,CUST032,P004,Mouse,Accessories,South,Retail,2,900,0.05,1710.0
ORD01754,2026-04-29,CUST040,P006,Headset,Accessories,West,Online,4,3500,0.15,11900.0
ORD01755,2026-04-29,CUST048,P008,Webcam,Accessories,South,Partner,6,4500,0.05,25650.0
ORD01756,2026-04-29,CUST056,P010,UPS,Power,West,Retail,2,8000,0.15,13600.0
ORD01757,2026-04-30,CUST060,P008,Webcam,Accessories,South,Partner,6,4500,0.05,25650.0
ORD01758,2026-04-30,CUST008,P010,UPS,Power,West,Retail,2,8000,0.15,13600.0
ORD01759,2026-04-30,CUST016,P002,Monitor,Electronics,South,Online,4,18000,0.05,68400.0
ORD01760,2026-04-30,CUST024,P004,Mouse,Accessories,West,Partner,6,900,0.15,4590.0
ORD01761,2026-05-01,CUST028,P002,Monitor,Electronics,South,Online,4,18000,0.05,68400.0
ORD01762,2026-05-01,CUST036,P004,Mouse,Accessories,West,Partner,6,900,0.15,4590.0
ORD01763,2026-05-01,CUST044,P006,Headset,Accessories,South,Retail,2,3500,0.05,6650.0
ORD01764,2026-05-01,CUST052,P008,Webcam,Accessories,West,Online,4,4500,0.15,15300.0
ORD01765,2026-05-02,CUST056,P006,Headset,Accessories,South,Retail,2,3500,0.05,6650.0
ORD01766,2026-05-02,CUST004,P008,Webcam,Accessories,West,Online,4,4500,0.15,15300.0
ORD01767,2026-05-02,CUST012,P010,UPS,Power,South,Partner,6,8000,0.05,45600.0
ORD01768,2026-05-02,CUST020,P002,Monitor,Electronics,West,Retail,2,18000,0.15,30600.0
ORD01769,2026-05-03,CUST024,P010,UPS,Power,South,Partner,6,8000,0.05,45600.0
ORD01770,2026-05-03,CUST032,P002,Monitor,Electronics,West,Retail,2,18000,0.15,30600.0
ORD01771,2026-05-03,CUST040,P004,Mouse,Accessories,South,Online,4,900,0.05,3420.0
ORD01772,2026-05-03,CUST048,P006,Headset,Accessories,West,Partner,6,3500,0.15,17850.0
ORD01773,2026-05-04,CUST052,P004,Mouse,Accessories,South,Online,4,900,0.05,3420.0
ORD01774,2026-05-04,CUST060,P006,Headset,Accessories,West,Partner,6,3500,0.15,17850.0
ORD01775,2026-05-04,CUST008,P008,Webcam,Accessories,South,Retail,2,4500,0.05,8550.0
ORD01776,2026-05-04,CUST016,P010,UPS,Power,West,Online,4,8000,0.15,27200.0
ORD01777,2026-05-05,CUST020,P008,Webcam,Accessories,South,Retail,2,4500,0.05,8550.0
ORD01778,2026-05-05,CUST028,P010,UPS,Power,West,Online,4,8000,0.15,27200.0
ORD01779,2026-05-05,CUST036,P002,Monitor,Electronics,South,Partner,6,18000,0.05,102600.0
ORD01780,2026-05-05,CUST044,P004,Mouse,Accessories,West,Retail,2,900,0.15,1530.0
ORD01781,2026-05-06,CUST048,P002,Monitor,Electronics,South,Partner,6,18000,0.05,102600.0
ORD01782,2026-05-06,CUST056,P004,Mouse,Accessories,West,Retail,2,900,0.15,1530.0
ORD01783,2026-05-06,CUST004,P006,Headset,Accessories,South,Online,4,3500,0.05,13300.0
ORD01784,2026-05-06,CUST012,P008,Webcam,Accessories,West,Partner,6,4500,0.15,22950.0
ORD01785,2026-05-07,CUST016,P006,Headset,Accessories,South,Online,4,3500,0.05,13300.0
ORD01786,2026-05-07,CUST024,P008,Webcam,Accessories,West,Partner,6,4500,0.15,22950.0
ORD01787,2026-05-07,CUST032,P010,UPS,Power,South,Retail,2,8000,0.05,15200.0
ORD01788,2026-05-07,CUST040,P002,Monitor,Electronics,West,Online,4,18000,0.15,61200.0
ORD01789,2026-05-08,CUST044,P010,UPS,Power,South,Retail,2,8000,0.05,15200.0
ORD01790,2026-05-08,CUST052,P002,Monitor,Electronics,West,Online,4,18000,0.15,61200.0
ORD01791,2026-05-08,CUST060,P004,Mouse,Accessories,South,Partner,6,900,0.05,5130.0
ORD01792,2026-05-08,CUST008,P006,Headset,Accessories,West,Retail,2,3500,0.15,5950.0
ORD01793,2026-05-09,CUST012,P004,Mouse,Accessories,South,Partner,6,900,0.05,5130.0
ORD01794,2026-05-09,CUST020,P006,Headset,Accessories,West,Retail,2,3500,0.15,5950.0
ORD01795,2026-05-09,CUST028,P008,Webcam,Accessories,South,Online,4,4500,0.05,17100.0
ORD01796,2026-05-09,CUST036,P010,UPS,Power,West,Partner,6,8000,0.15,40800.0
ORD01797,2026-05-10,CUST040,P008,Webcam,Accessories,South,Online,4,4500,0.05,17100.0
ORD01798,2026-05-10,CUST048,P010,UPS,Power,West,Partner,6,8000,0.15,40800.0
ORD01799,2026-05-10,CUST056,P002,Monitor,Electronics,South,Retail,2,18000,0.05,34200.0
ORD01800,2026-05-10,CUST004,P004,Mouse,Accessories,West,Online,4,900,0.15,3060.0
ORD01801,2026-05-11,CUST008,P002,Monitor,Electronics,South,Retail,2,18000,0.05,34200.0
ORD01802,2026-05-11,CUST016,P004,Mouse,Accessories,West,Online,4,900,0.15,3060.0
ORD01803,2026-05-11,CUST024,P006,Headset,Accessories,South,Partner,6,3500,0.05,19950.0
ORD01804,2026-05-11,CUST032,P008,Webcam,Accessories,West,Retail,2,4500,0.15,7650.0
ORD01805,2026-05-12,CUST036,P006,Headset,Accessories,South,Partner,6,3500,0.05,19950.0
ORD01806,2026-05-12,CUST044,P008,Webcam,Accessories,West,Retail,2,4500,0.15,7650.0
ORD01807,2026-05-12,CUST052,P010,UPS,Power,South,Online,4,8000,0.05,30400.0
ORD01808,2026-05-12,CUST060,P002,Monitor,Electronics,West,Partner,6,18000,0.15,91800.0
ORD01809,2026-05-13,CUST004,P010,UPS,Power,South,Online,4,8000,0.05,30400.0
ORD01810,2026-05-13,CUST012,P002,Monitor,Electronics,West,Partner,6,18000,0.15,91800.0
ORD01811,2026-05-13,CUST020,P004,Mouse,Accessories,South,Retail,2,900,0.05,1710.0
ORD01812,2026-05-13,CUST028,P006,Headset,Accessories,West,Online,4,3500,0.15,11900.0
ORD01813,2026-05-14,CUST032,P004,Mouse,Accessories,South,Retail,2,900,0.05,1710.0
ORD01814,2026-05-14,CUST040,P006,Headset,Accessories,West,Online,4,3500,0.15,11900.0
ORD01815,2026-05-14,CUST048,P008,Webcam,Accessories,South,Partner,6,4500,0.05,25650.0
ORD01816,2026-05-14,CUST056,P010,UPS,Power,West,Retail,2,8000,0.15,13600.0
ORD01817,2026-05-15,CUST060,P008,Webcam,Accessories,South,Partner,6,4500,0.05,25650.0
ORD01818,2026-05-15,CUST008,P010,UPS,Power,West,Retail,2,8000,0.15,13600.0
ORD01819,2026-05-15,CUST016,P002,Monitor,Electronics,South,Online,4,18000,0.05,68400.0
ORD01820,2026-05-15,CUST024,P004,Mouse,Accessories,West,Partner,6,900,0.15,4590.0
ORD01821,2026-05-16,CUST028,P002,Monitor,Electronics,South,Online,4,18000,0.05,68400.0
ORD01822,2026-05-16,CUST036,P004,Mouse,Accessories,West,Partner,6,900,0.15,4590.0
ORD01823,2026-05-16,CUST044,P006,Headset,Accessories,South,Retail,2,3500,0.05,6650.0
ORD01824,2026-05-16,CUST052,P008,Webcam,Accessories,West,Online,4,4500,0.15,15300.0
ORD01825,2026-05-17,CUST056,P006,Headset,Accessories,South,Retail,2,3500,0.05,6650.0
ORD01826,2026-05-17,CUST004,P008,Webcam,Accessories,West,Online,4,4500,0.15,15300.0
ORD01827,2026-05-17,CUST012,P010,UPS,Power,South,Partner,6,8000,0.05,45600.0
ORD01828,2026-05-17,CUST020,P002,Monitor,Electronics,West,Retail,2,18000,0.15,30600.0
ORD01829,2026-05-18,CUST024,P010,UPS,Power,South,Partner,6,8000,0.05,45600.0
ORD01830,2026-05-18,CUST032,P002,Monitor,Electronics,West,Retail,2,18000,0.15,30600.0
ORD01831,2026-05-18,CUST040,P004,Mouse,Accessories,South,Online,4,900,0.05,3420.0
ORD01832,2026-05-18,CUST048,P006,Headset,Accessories,West,Partner,6,3500,0.15,17850.0
ORD01833,2026-05-19,CUST052,P004,Mouse,Accessories,South,Online,4,900,0.05,3420.0
ORD01834,2026-05-19,CUST060,P006,Headset,Accessories,West,Partner,6,3500,0.15,17850.0
ORD01835,2026-05-19,CUST008,P008,Webcam,Accessories,South,Retail,2,4500,0.05,8550.0
ORD01836,2026-05-19,CUST016,P010,UPS,Power,West,Online,4,8000,0.15,27200.0
ORD01837,2026-05-20,CUST020,P008,Webcam,Accessories,South,Retail,2,4500,0.05,8550.0
ORD01838,2026-05-20,CUST028,P010,UPS,Power,West,Online,4,8000,0.15,27200.0
ORD01839,2026-05-20,CUST036,P002,Monitor,Electronics,South,Partner,6,18000,0.05,102600.0
ORD01840,2026-05-20,CUST044,P004,Mouse,Accessories,West,Retail,2,900,0.15,1530.0
ORD01841,2026-05-21,CUST048,P002,Monitor,Electronics,South,Partner,6,18000,0.05,102600.0
ORD01842,2026-05-21,CUST056,P004,Mouse,Accessories,West,Retail,2,900,0.15,1530.0
ORD01843,2026-05-21,CUST004,P006,Headset,Accessories,South,Online,4,3500,0.05,13300.0
ORD01844,2026-05-21,CUST012,P008,Webcam,Accessories,West,Partner,6,4500,0.15,22950.0
ORD01845,2026-05-22,CUST016,P006,Headset,Accessories,South,Online,4,3500,0.05,13300.0
ORD01846,2026-05-22,CUST024,P008,Webcam,Accessories,West,Partner,6,4500,0.15,22950.0
ORD01847,2026-05-22,CUST032,P010,UPS,Power,South,Retail,2,8000,0.05,15200.0
ORD01848,2026-05-22,CUST040,P002,Monitor,Electronics,West,Online,4,18000,0.15,61200.0
ORD01849,2026-05-23,CUST044,P010,UPS,Power,South,Retail,2,8000,0.05,15200.0
ORD01850,2026-05-23,CUST052,P002,Monitor,Electronics,West,Online,4,18000,0.15,61200.0
ORD01851,2026-05-23,CUST060,P004,Mouse,Accessories,South,Partner,6,900,0.05,5130.0
ORD01852,2026-05-23,CUST008,P006,Headset,Accessories,West,Retail,2,3500,0.15,5950.0
ORD01853,2026-05-24,CUST012,P004,Mouse,Accessories,South,Partner,6,900,0.05,5130.0
ORD01854,2026-05-24,CUST020,P006,Headset,Accessories,West,Retail,2,3500,0.15,5950.0
ORD01855,2026-05-24,CUST028,P008,Webcam,Accessories,South,Online,4,4500,0.05,17100.0
ORD01856,2026-05-24,CUST036,P010,UPS,Power,West,Partner,6,8000,0.15,40800.0
ORD01857,2026-05-25,CUST040,P008,Webcam,Accessories,South,Online,4,4500,0.05,17100.0
ORD01858,2026-05-25,CUST048,P010,UPS,Power,West,Partner,6,8000,0.15,40800.0
ORD01859,2026-05-25,CUST056,P002,Monitor,Electronics,South,Retail,2,18000,0.05,34200.0
ORD01860,2026-05-25,CUST004,P004,Mouse,Accessories,West,Online,4,900,0.15,3060.0
ORD01861,2026-05-26,CUST008,P002,Monitor,Electronics,South,Retail,2,18000,0.05,34200.0
ORD01862,2026-05-26,CUST016,P004,Mouse,Accessories,West,Online,4,900,0.15,3060.0
ORD01863,2026-05-26,CUST024,P006,Headset,Accessories,South,Partner,6,3500,0.05,19950.0
ORD01864,2026-05-26,CUST032,P008,Webcam,Accessories,West,Retail,2,4500,0.15,7650.0
ORD01865,2026-05-27,CUST036,P006,Headset,Accessories,South,Partner,6,3500,0.05,19950.0
ORD01866,2026-05-27,CUST044,P008,Webcam,Accessories,West,Retail,2,4500,0.15,7650.0
ORD01867,2026-05-27,CUST052,P010,UPS,Power,South,Online,4,8000,0.05,30400.0
ORD01868,2026-05-27,CUST060,P002,Monitor,Electronics,West,Partner,6,18000,0.15,91800.0
ORD01869,2026-05-28,CUST004,P010,UPS,Power,South,Online,4,8000,0.05,30400.0
ORD01870,2026-05-28,CUST012,P002,Monitor,Electronics,West,Partner,6,18000,0.15,91800.0
ORD01871,2026-05-28,CUST020,P004,Mouse,Accessories,South,Retail,2,900,0.05,1710.0
ORD01872,2026-05-28,CUST028,P006,Headset,Accessories,West,Online,4,3500,0.15,11900.0
ORD01873,2026-05-29,CUST032,P004,Mouse,Accessories,South,Retail,2,900,0.05,1710.0
ORD01874,2026-05-29,CUST040,P006,Headset,Accessories,West,Online,4,3500,0.15,11900.0
ORD01875,2026-05-29,CUST048,P008,Webcam,Accessories,South,Partner,6,4500,0.05,25650.0
ORD01876,2026-05-29,CUST056,P010,UPS,Power,West,Retail,2,8000,0.15,13600.0
ORD01877,2026-05-30,CUST060,P008,Webcam,Accessories,South,Partner,6,4500,0.05,25650.0
ORD01878,2026-05-30,CUST008,P010,UPS,Power,West,Retail,2,8000,0.15,13600.0
ORD01879,2026-05-30,CUST016,P002,Monitor,Electronics,South,Online,4,18000,0.05,68400.0
ORD01880,2026-05-30,CUST024,P004,Mouse,Accessories,West,Partner,6,900,0.15,4590.0
ORD01881,2026-05-31,CUST028,P002,Monitor,Electronics,South,Online,4,18000,0.05,68400.0
ORD01882,2026-05-31,CUST036,P004,Mouse,Accessories,West,Partner,6,900,0.15,4590.0
ORD01883,2026-05-31,CUST044,P006,Headset,Accessories,South,Retail,2,3500,0.05,6650.0
ORD01884,2026-05-31,CUST052,P008,Webcam,Accessories,West,Online,4,4500,0.15,15300.0
ORD01885,2026-06-01,CUST056,P006,Headset,Accessories,South,Retail,2,3500,0.05,6650.0
ORD01886,2026-06-01,CUST004,P008,Webcam,Accessories,West,Online,4,4500,0.15,15300.0
ORD01887,2026-06-01,CUST012,P010,UPS,Power,South,Partner,6,8000,0.05,45600.0
ORD01888,2026-06-01,CUST020,P002,Monitor,Electronics,West,Retail,2,18000,0.15,30600.0
ORD01889,2026-06-02,CUST024,P010,UPS,Power,South,Partner,6,8000,0.05,45600.0
ORD01890,2026-06-02,CUST032,P002,Monitor,Electronics,West,Retail,2,18000,0.15,30600.0
ORD01891,2026-06-02,CUST040,P004,Mouse,Accessories,South,Online,4,900,0.05,3420.0
ORD01892,2026-06-02,CUST048,P006,Headset,Accessories,West,Partner,6,3500,0.15,17850.0
ORD01893,2026-06-03,CUST052,P004,Mouse,Accessories,South,Online,4,900,0.05,3420.0
ORD01894,2026-06-03,CUST060,P006,Headset,Accessories,West,Partner,6,3500,0.15,17850.0
ORD01895,2026-06-03,CUST008,P008,Webcam,Accessories,South,Retail,2,4500,0.05,8550.0
ORD01896,2026-06-03,CUST016,P010,UPS,Power,West,Online,4,8000,0.15,27200.0
ORD01897,2026-06-04,CUST020,P008,Webcam,Accessories,South,Retail,2,4500,0.05,8550.0
ORD01898,2026-06-04,CUST028,P010,UPS,Power,West,Online,4,8000,0.15,27200.0
ORD01899,2026-06-04,CUST036,P002,Monitor,Electronics,South,Partner,6,18000,0.05,102600.0
ORD01900,2026-06-04,CUST044,P004,Mouse,Accessories,West,Retail,2,900,0.15,1530.0
ORD01901,2026-06-05,CUST048,P002,Monitor,Electronics,South,Partner,6,18000,0.05,102600.0
ORD01902,2026-06-05,CUST056,P004,Mouse,Accessories,West,Retail,2,900,0.15,1530.0
ORD01903,2026-06-05,CUST004,P006,Headset,Accessories,South,Online,4,3500,0.05,13300.0
ORD01904,2026-06-05,CUST012,P008,Webcam,Accessories,West,Partner,6,4500,0.15,22950.0
ORD01905,2026-06-06,CUST016,P006,Headset,Accessories,South,Online,4,3500,0.05,13300.0
ORD01906,2026-06-06,CUST024,P008,Webcam,Accessories,West,Partner,6,4500,0.15,22950.0
ORD01907,2026-06-06,CUST032,P010,UPS,Power,South,Retail,2,8000,0.05,15200.0
ORD01908,2026-06-06,CUST040,P002,Monitor,Electronics,West,Online,4,18000,0.15,61200.0
ORD01909,2026-06-07,CUST044,P010,UPS,Power,South,Retail,2,8000,0.05,15200.0
ORD01910,2026-06-07,CUST052,P002,Monitor,Electronics,West,Online,4,18000,0.15,61200.0
ORD01911,2026-06-07,CUST060,P004,Mouse,Accessories,South,Partner,6,900,0.05,5130.0
ORD01912,2026-06-07,CUST008,P006,Headset,Accessories,West,Retail,2,3500,0.15,5950.0
ORD01913,2026-06-08,CUST012,P004,Mouse,Accessories,South,Partner,6,900,0.05,5130.0
ORD01914,2026-06-08,CUST020,P006,Headset,Accessories,West,Retail,2,3500,0.15,5950.0
ORD01915,2026-06-08,CUST028,P008,Webcam,Accessories,South,Online,4,4500,0.05,17100.0
ORD01916,2026-06-08,CUST036,P010,UPS,Power,West,Partner,6,8000,0.15,40800.0
ORD01917,2026-06-09,CUST040,P008,Webcam,Accessories,South,Online,4,4500,0.05,17100.0
ORD01918,2026-06-09,CUST048,P010,UPS,Power,West,Partner,6,8000,0.15,40800.0
ORD01919,2026-06-09,CUST056,P002,Monitor,Electronics,South,Retail,2,18000,0.05,34200.0
ORD01920,2026-06-09,CUST004,P004,Mouse,Accessories,West,Online,4,900,0.15,3060.0
ORD01921,2026-06-10,CUST008,P002,Monitor,Electronics,South,Retail,2,18000,0.05,34200.0
ORD01922,2026-06-10,CUST016,P004,Mouse,Accessories,West,Online,4,900,0.15,3060.0
ORD01923,2026-06-10,CUST024,P006,Headset,Accessories,South,Partner,6,3500,0.05,19950.0
ORD01924,2026-06-10,CUST032,P008,Webcam,Accessories,West,Retail,2,4500,0.15,7650.0
ORD01925,2026-06-11,CUST036,P006,Headset,Accessories,South,Partner,6,3500,0.05,19950.0
ORD01926,2026-06-11,CUST044,P008,Webcam,Accessories,West,Retail,2,4500,0.15,7650.0
ORD01927,2026-06-11,CUST052,P010,UPS,Power,South,Online,4,8000,0.05,30400.0
ORD01928,2026-06-11,CUST060,P002,Monitor,Electronics,West,Partner,6,18000,0.15,91800.0
ORD01929,2026-06-12,CUST004,P010,UPS,Power,South,Online,4,8000,0.05,30400.0
ORD01930,2026-06-12,CUST012,P002,Monitor,Electronics,West,Partner,6,18000,0.15,91800.0
ORD01931,2026-06-12,CUST020,P004,Mouse,Accessories,South,Retail,2,900,0.05,1710.0
ORD01932,2026-06-12,CUST028,P006,Headset,Accessories,West,Online,4,3500,0.15,11900.0
ORD01933,2026-06-13,CUST032,P004,Mouse,Accessories,South,Retail,2,900,0.05,1710.0
ORD01934,2026-06-13,CUST040,P006,Headset,Accessories,West,Online,4,3500,0.15,11900.0
ORD01935,2026-06-13,CUST048,P008,Webcam,Accessories,South,Partner,6,4500,0.05,25650.0
ORD01936,2026-06-13,CUST056,P010,UPS,Power,West,Retail,2,8000,0.15,13600.0
ORD01937,2026-06-14,CUST060,P008,Webcam,Accessories,South,Partner,6,4500,0.05,25650.0
ORD01938,2026-06-14,CUST008,P010,UPS,Power,West,Retail,2,8000,0.15,13600.0
ORD01939,2026-06-14,CUST016,P002,Monitor,Electronics,South,Online,4,18000,0.05,68400.0
ORD01940,2026-06-14,CUST024,P004,Mouse,Accessories,West,Partner,6,900,0.15,4590.0
ORD01941,2026-06-15,CUST028,P002,Monitor,Electronics,South,Online,4,18000,0.05,68400.0
ORD01942,2026-06-15,CUST036,P004,Mouse,Accessories,West,Partner,6,900,0.15,4590.0
ORD01943,2026-06-15,CUST044,P006,Headset,Accessories,South,Retail,2,3500,0.05,6650.0
ORD01944,2026-06-15,CUST052,P008,Webcam,Accessories,West,Online,4,4500,0.15,15300.0
ORD01945,2026-06-16,CUST056,P006,Headset,Accessories,South,Retail,2,3500,0.05,6650.0
ORD01946,2026-06-16,CUST004,P008,Webcam,Accessories,West,Online,4,4500,0.15,15300.0
ORD01947,2026-06-16,CUST012,P010,UPS,Power,South,Partner,6,8000,0.05,45600.0
ORD01948,2026-06-16,CUST020,P002,Monitor,Electronics,West,Retail,2,18000,0.15,30600.0
ORD01949,2026-06-17,CUST024,P010,UPS,Power,South,Partner,6,8000,0.05,45600.0
ORD01950,2026-06-17,CUST032,P002,Monitor,Electronics,West,Retail,2,18000,0.15,30600.0
ORD01951,2026-06-17,CUST040,P004,Mouse,Accessories,South,Online,4,900,0.05,3420.0
ORD01952,2026-06-17,CUST048,P006,Headset,Accessories,West,Partner,6,3500,0.15,17850.0
ORD01953,2026-06-18,CUST052,P004,Mouse,Accessories,South,Online,4,900,0.05,3420.0
ORD01954,2026-06-18,CUST060,P006,Headset,Accessories,West,Partner,6,3500,0.15,17850.0
ORD01955,2026-06-18,CUST008,P008,Webcam,Accessories,South,Retail,2,4500,0.05,8550.0
ORD01956,2026-06-18,CUST016,P010,UPS,Power,West,Online,4,8000,0.15,27200.0
ORD01957,2026-06-19,CUST020,P008,Webcam,Accessories,South,Retail,2,4500,0.05,8550.0
ORD01958,2026-06-19,CUST028,P010,UPS,Power,West,Online,4,8000,0.15,27200.0
ORD01959,2026-06-19,CUST036,P002,Monitor,Electronics,South,Partner,6,18000,0.05,102600.0
ORD01960,2026-06-19,CUST044,P004,Mouse,Accessories,West,Retail,2,900,0.15,1530.0
ORD01961,2026-06-20,CUST048,P002,Monitor,Electronics,South,Partner,6,18000,0.05,102600.0
ORD01962,2026-06-20,CUST056,P004,Mouse,Accessories,West,Retail,2,900,0.15,1530.0
ORD01963,2026-06-20,CUST004,P006,Headset,Accessories,South,Online,4,3500,0.05,13300.0
ORD01964,2026-06-20,CUST012,P008,Webcam,Accessories,West,Partner,6,4500,0.15,22950.0
ORD01965,2026-06-21,CUST016,P006,Headset,Accessories,South,Online,4,3500,0.05,13300.0
ORD01966,2026-06-21,CUST024,P008,Webcam,Accessories,West,Partner,6,4500,0.15,22950.0
ORD01967,2026-06-21,CUST032,P010,UPS,Power,South,Retail,2,8000,0.05,15200.0
ORD01968,2026-06-21,CUST040,P002,Monitor,Electronics,West,Online,4,18000,0.15,61200.0
ORD01969,2026-06-22,CUST044,P010,UPS,Power,South,Retail,2,8000,0.05,15200.0
ORD01970,2026-06-22,CUST052,P002,Monitor,Electronics,West,Online,4,18000,0.15,61200.0
ORD01971,2026-06-22,CUST060,P004,Mouse,Accessories,South,Partner,6,900,0.05,5130.0
ORD01972,2026-06-22,CUST008,P006,Headset,Accessories,West,Retail,2,3500,0.15,5950.0
ORD01973,2026-06-23,CUST012,P004,Mouse,Accessories,South,Partner,6,900,0.05,5130.0
ORD01974,2026-06-23,CUST020,P006,Headset,Accessories,West,Retail,2,3500,0.15,5950.0
ORD01975,2026-06-23,CUST028,P008,Webcam,Accessories,South,Online,4,4500,0.05,17100.0
ORD01976,2026-06-23,CUST036,P010,UPS,Power,West,Partner,6,8000,0.15,40800.0
ORD01977,2026-06-24,CUST040,P008,Webcam,Accessories,South,Online,4,4500,0.05,17100.0
ORD01978,2026-06-24,CUST048,P010,UPS,Power,West,Partner,6,8000,0.15,40800.0
ORD01979,2026-06-24,CUST056,P002,Monitor,Electronics,South,Retail,2,18000,0.05,34200.0
ORD01980,2026-06-24,CUST004,P004,Mouse,Accessories,West,Online,4,900,0.15,3060.0
ORD01981,2026-06-25,CUST008,P002,Monitor,Electronics,South,Retail,2,18000,0.05,34200.0
ORD01982,2026-06-25,CUST016,P004,Mouse,Accessories,West,Online,4,900,0.15,3060.0
ORD01983,2026-06-25,CUST024,P006,Headset,Accessories,South,Partner,6,3500,0.05,19950.0
ORD01984,2026-06-25,CUST032,P008,Webcam,Accessories,West,Retail,2,4500,0.15,7650.0
ORD01985,2026-06-26,CUST036,P006,Headset,Accessories,South,Partner,6,3500,0.05,19950.0
ORD01986,2026-06-26,CUST044,P008,Webcam,Accessories,West,Retail,2,4500,0.15,7650.0
ORD01987,2026-06-26,CUST052,P010,UPS,Power,South,Online,4,8000,0.05,30400.0
ORD01988,2026-06-26,CUST060,P002,Monitor,Electronics,West,Partner,6,18000,0.15,91800.0
ORD01989,2026-06-27,CUST004,P010,UPS,Power,South,Online,4,8000,0.05,30400.0
ORD01990,2026-06-27,CUST012,P002,Monitor,Electronics,West,Partner,6,18000,0.15,91800.0
ORD01991,2026-06-27,CUST020,P004,Mouse,Accessories,South,Retail,2,900,0.05,1710.0
ORD01992,2026-06-27,CUST028,P006,Headset,Accessories,West,Online,4,3500,0.15,11900.0
ORD01993,2026-06-28,CUST032,P004,Mouse,Accessories,South,Retail,2,900,0.05,1710.0
ORD01994,2026-06-28,CUST040,P006,Headset,Accessories,West,Online,4,3500,0.15,11900.0
ORD01995,2026-06-28,CUST048,P008,Webcam,Accessories,South,Partner,6,4500,0.05,25650.0
ORD01996,2026-06-28,CUST056,P010,UPS,Power,West,Retail,2,8000,0.15,13600.0
ORD01997,2026-06-29,CUST060,P008,Webcam,Accessories,South,Partner,6,4500,0.05,25650.0
ORD01998,2026-06-29,CUST008,P010,UPS,Power,West,Retail,2,8000,0.15,13600.0
ORD01999,2026-06-29,CUST016,P002,Monitor,Electronics,South,Online,4,18000,0.05,68400.0
ORD02000,2026-06-29,CUST024,P004,Mouse,Accessories,West,Partner,6,900,0.15,4590.0
ORD02001,2026-06-30,CUST028,P002,Monitor,Electronics,South,Online,4,18000,0.05,68400.0
ORD02002,2026-06-30,CUST036,P004,Mouse,Accessories,West,Partner,6,900,0.15,4590.0
ORD02003,2026-06-30,CUST044,P006,Headset,Accessories,South,Retail,2,3500,0.05,6650.0
ORD02004,2026-06-30,CUST052,P008,Webcam,Accessories,West,Online,4,4500,0.15,15300.0
ORD02005,2026-07-01,CUST056,P006,Headset,Accessories,South,Retail,2,3500,0.05,6650.0
ORD02006,2026-07-01,CUST004,P008,Webcam,Accessories,West,Online,4,4500,0.15,15300.0
ORD02007,2026-07-01,CUST012,P010,UPS,Power,South,Partner,6,8000,0.05,45600.0
ORD02008,2026-07-02,CUST017,P009,Router,Networking,North,Retail,5,6500,0,32500
ORD02009,2026-07-02,CUST025,P001,Laptop,Electronics,East,Online,1,65000,0.1,58500.0
ORD02010,2026-07-02,CUST033,P003,Keyboard,Accessories,North,Partner,3,2200,0,6600
ORD02011,2026-07-03,CUST038,P002,Monitor,Electronics,West,Retail,2,18000,0.15,30600.0
ORD02012,2026-07-03,CUST046,P004,Mouse,Accessories,South,Online,4,900,0.05,3420.0
ORD02013,2026-07-03,CUST054,P006,Headset,Accessories,West,Partner,6,3500,0.15,17850.0
ORD02014,2026-07-04,CUST059,P005,Printer,Office,East,Retail,5,12500,0.1,56250.0
ORD02015,2026-07-04,CUST007,P007,Tablet,Electronics,North,Online,1,28000,0,28000
ORD02016,2026-07-04,CUST015,P009,Router,Networking,East,Partner,3,6500,0.1,17550.0
ORD02017,2026-07-05,CUST020,P008,Webcam,Accessories,South,Retail,2,4500,0.05,8550.0
ORD02018,2026-07-05,CUST028,P010,UPS,Power,West,Online,4,8000,0.15,27200.0
ORD02019,2026-07-05,CUST036,P002,Monitor,Electronics,South,Partner,6,18000,0.05,102600.0
ORD02020,2026-07-06,CUST041,P001,Laptop,Electronics,North,Retail,5,65000,0,325000
ORD02021,2026-07-06,CUST049,P003,Keyboard,Accessories,East,Online,1,2200,0.1,1980.0
ORD02022,2026-07-06,CUST057,P005,Printer,Office,North,Partner,3,12500,0,37500
ORD02023,2026-07-07,CUST002,P004,Mouse,Accessories,West,Retail,2,900,0.15,1530.0
ORD02024,2026-07-07,CUST010,P006,Headset,Accessories,South,Online,4,3500,0.05,13300.0
ORD02025,2026-07-07,CUST018,P008,Webcam,Accessories,West,Partner,6,4500,0.15,22950.0
ORD02026,2026-07-08,CUST023,P007,Tablet,Electronics,East,Retail,5,28000,0.1,126000.0
ORD02027,2026-07-08,CUST031,P009,Router,Networking,North,Online,1,6500,0,6500
ORD02028,2026-07-08,CUST039,P001,Laptop,Electronics,East,Partner,3,65000,0.1,175500.0
ORD02029,2026-07-09,CUST044,P010,UPS,Power,South,Retail,2,8000,0.05,15200.0
ORD02030,2026-07-09,CUST052,P002,Monitor,Electronics,West,Online,4,18000,0.15,61200.0
ORD02031,2026-07-09,CUST060,P004,Mouse,Accessories,South,Partner,6,900,0.05,5130.0
ORD02032,2026-07-10,CUST005,P003,Keyboard,Accessories,North,Retail,5,2200,0,11000
ORD02033,2026-07-10,CUST013,P005,Printer,Office,East,Online,1,12500,0.1,11250.0
ORD02034,2026-07-10,CUST021,P007,Tablet,Electronics,North,Partner,3,28000,0,84000
ORD02035,2026-07-11,CUST026,P006,Headset,Accessories,West,Retail,2,3500,0.15,5950.0
ORD02036,2026-07-11,CUST034,P008,Webcam,Accessories,South,Online,4,4500,0.05,17100.0
ORD02037,2026-07-11,CUST042,P010,UPS,Power,West,Partner,6,8000,0.15,40800.0
ORD02038,2026-07-12,CUST047,P009,Router,Networking,East,Retail,5,6500,0.1,29250.0
ORD02039,2026-07-12,CUST055,P001,Laptop,Electronics,North,Online,1,65000,0,65000
ORD02040,2026-07-12,CUST003,P003,Keyboard,Accessories,East,Partner,3,2200,0.1,5940.0
ORD02041,2026-07-13,CUST008,P002,Monitor,Electronics,South,Retail,2,18000,0.05,34200.0
ORD02042,2026-07-13,CUST016,P004,Mouse,Accessories,West,Online,4,900,0.15,3060.0
ORD02043,2026-07-13,CUST024,P006,Headset,Accessories,South,Partner,6,3500,0.05,19950.0
ORD02044,2026-07-14,CUST029,P005,Printer,Office,North,Retail,5,12500,0,62500
ORD02045,2026-07-14,CUST037,P007,Tablet,Electronics,East,Online,1,28000,0.1,25200.0
ORD02046,2026-07-14,CUST045,P009,Router,Networking,North,Partner,3,6500,0,19500
ORD02047,2026-07-15,CUST050,P008,Webcam,Accessories,West,Retail,2,4500,0.15,7650.0
ORD02048,2026-07-15,CUST058,P010,UPS,Power,South,Online,4,8000,0.05,30400.0
ORD02049,2026-07-15,CUST006,P002,Monitor,Electronics,West,Partner,6,18000,0.15,91800.0
ORD02050,2026-07-16,CUST011,P001,Laptop,Electronics,East,Retail,5,65000,0.1,292500.0
ORD02051,2026-07-16,CUST019,P003,Keyboard,Accessories,North,Online,1,2200,0,2200
ORD02052,2026-07-16,CUST027,P005,Printer,Office,East,Partner,3,12500,0.1,33750.0
ORD02053,2026-07-17,CUST032,P004,Mouse,Accessories,South,Retail,2,900,0.05,1710.0
ORD02054,2026-07-17,CUST040,P006,Headset,Accessories,West,Online,4,3500,0.15,11900.0
ORD02055,2026-07-17,CUST048,P008,Webcam,Accessories,South,Partner,6,4500,0.05,25650.0
ORD02056,2026-07-18,CUST053,P007,Tablet,Electronics,North,Retail,5,28000,0,140000
ORD02057,2026-07-18,CUST001,P009,Router,Networking,East,Online,1,6500,0.1,5850.0
ORD02058,2026-07-18,CUST009,P001,Laptop,Electronics,North,Partner,3,65000,0,195000
ORD02059,2026-07-19,CUST014,P010,UPS,Power,West,Retail,2,8000,0.15,13600.0
ORD02060,2026-07-19,CUST022,P002,Monitor,Electronics,South,Online,4,18000,0.05,68400.0
ORD02061,2026-07-19,CUST030,P004,Mouse,Accessories,West,Partner,6,900,0.15,4590.0
ORD02062,2026-07-20,CUST035,P003,Keyboard,Accessories,East,Retail,5,2200,0.1,9900.0
ORD02063,2026-07-20,CUST043,P005,Printer,Office,North,Online,1,12500,0,12500
ORD02064,2026-07-20,CUST051,P007,Tablet,Electronics,East,Partner,3,28000,0.1,75600.0
ORD02065,2026-07-21,CUST056,P006,Headset,Accessories,South,Retail,2,3500,0.05,6650.0
ORD02066,2026-07-21,CUST004,P008,Webcam,Accessories,West,Online,4,4500,0.15,15300.0
ORD02067,2026-07-21,CUST012,P010,UPS,Power,South,Partner,6,8000,0.05,45600.0
ORD02068,2026-07-22,CUST017,P009,Router,Networking,North,Retail,5,6500,0,32500
ORD02069,2026-07-22,CUST025,P001,Laptop,Electronics,East,Online,1,65000,0.1,58500.0
ORD02070,2026-07-22,CUST033,P003,Keyboard,Accessories,North,Partner,3,2200,0,6600
ORD02071,2026-07-23,CUST038,P002,Monitor,Electronics,West,Retail,2,18000,0.15,30600.0
ORD02072,2026-07-23,CUST046,P004,Mouse,Accessories,South,Online,4,900,0.05,3420.0
ORD02073,2026-07-23,CUST054,P006,Headset,Accessories,West,Partner,6,3500,0.15,17850.0
ORD02074,2026-07-24,CUST059,P005,Printer,Office,East,Retail,5,12500,0.1,56250.0
ORD02075,2026-07-24,CUST007,P007,Tablet,Electronics,North,Online,1,28000,0,28000
ORD02076,2026-07-24,CUST015,P009,Router,Networking,East,Partner,3,6500,0.1,17550.0
ORD02077,2026-07-25,CUST020,P008,Webcam,Accessories,South,Retail,2,4500,0.05,8550.0
ORD02078,2026-07-25,CUST028,P010,UPS,Power,West,Online,4,8000,0.15,27200.0
ORD02079,2026-07-25,CUST036,P002,Monitor,Electronics,South,Partner,6,18000,0.05,102600.0
ORD02080,2026-07-26,CUST041,P001,Laptop,Electronics,North,Retail,5,65000,0,325000
ORD02081,2026-07-26,CUST049,P003,Keyboard,Accessories,East,Online,1,2200,0.1,1980.0
ORD02082,2026-07-26,CUST057,P005,Printer,Office,North,Partner,3,12500,0,37500
ORD02083,2026-07-27,CUST002,P004,Mouse,Accessories,West,Retail,2,900,0.15,1530.0
ORD02084,2026-07-27,CUST010,P006,Headset,Accessories,South,Online,4,3500,0.05,13300.0
ORD02085,2026-07-27,CUST018,P008,Webcam,Accessories,West,Partner,6,4500,0.15,22950.0
ORD02086,2026-07-28,CUST023,P007,Tablet,Electronics,East,Retail,5,28000,0.1,126000.0
ORD02087,2026-07-28,CUST031,P009,Router,Networking,North,Online,1,6500,0,6500
ORD02088,2026-07-28,CUST039,P001,Laptop,Electronics,East,Partner,3,65000,0.1,175500.0
ORD02089,2026-07-29,CUST044,P010,UPS,Power,South,Retail,2,8000,0.05,15200.0
ORD02090,2026-07-29,CUST052,P002,Monitor,Electronics,West,Online,4,18000,0.15,61200.0
ORD02091,2026-07-29,CUST060,P004,Mouse,Accessories,South,Partner,6,900,0.05,5130.0
ORD02092,2026-07-30,CUST005,P003,Keyboard,Accessories,North,Retail,5,2200,0,11000
ORD02093,2026-07-30,CUST013,P005,Printer,Office,East,Online,1,12500,0.1,11250.0
ORD02094,2026-07-30,CUST021,P007,Tablet,Electronics,North,Partner,3,28000,0,84000
ORD02095,2026-07-31,CUST026,P006,Headset,Accessories,West,Retail,2,3500,0.15,5950.0
ORD02096,2026-07-31,CUST034,P008,Webcam,Accessories,South,Online,4,4500,0.05,17100.0
ORD02097,2026-07-31,CUST042,P010,UPS,Power,West,Partner,6,8000,0.15,40800.0
ORD02098,2026-08-01,CUST047,P009,Router,Networking,East,Retail,5,6500,0.1,29250.0
ORD02099,2026-08-01,CUST055,P001,Laptop,Electronics,North,Online,1,65000,0,65000
ORD02100,2026-08-01,CUST003,P003,Keyboard,Accessories,East,Partner,3,2200,0.1,5940.0
ORD02101,2026-08-02,CUST008,P002,Monitor,Electronics,South,Retail,2,18000,0.05,34200.0
ORD02102,2026-08-02,CUST016,P004,Mouse,Accessories,West,Online,4,900,0.15,3060.0
ORD02103,2026-08-02,CUST024,P006,Headset,Accessories,South,Partner,6,3500,0.05,19950.0
ORD02104,2026-08-03,CUST029,P005,Printer,Office,North,Retail,5,12500,0,62500
ORD02105,2026-08-03,CUST037,P007,Tablet,Electronics,East,Online,1,28000,0.1,25200.0
ORD02106,2026-08-03,CUST045,P009,Router,Networking,North,Partner,3,6500,0,19500
ORD02107,2026-08-04,CUST050,P008,Webcam,Accessories,West,Retail,2,4500,0.15,7650.0
ORD02108,2026-08-04,CUST058,P010,UPS,Power,South,Online,4,8000,0.05,30400.0
ORD02109,2026-08-04,CUST006,P002,Monitor,Electronics,West,Partner,6,18000,0.15,91800.0
ORD02110,2026-08-05,CUST011,P001,Laptop,Electronics,East,Retail,5,65000,0.1,292500.0
ORD02111,2026-08-05,CUST019,P003,Keyboard,Accessories,North,Online,1,2200,0,2200
ORD02112,2026-08-05,CUST027,P005,Printer,Office,East,Partner,3,12500,0.1,33750.0
ORD02113,2026-08-06,CUST032,P004,Mouse,Accessories,South,Retail,2,900,0.05,1710.0
ORD02114,2026-08-06,CUST040,P006,Headset,Accessories,West,Online,4,3500,0.15,11900.0
ORD02115,2026-08-06,CUST048,P008,Webcam,Accessories,South,Partner,6,4500,0.05,25650.0
ORD02116,2026-08-07,CUST053,P007,Tablet,Electronics,North,Retail,5,28000,0,140000
ORD02117,2026-08-07,CUST001,P009,Router,Networking,East,Online,1,6500,0.1,5850.0
ORD02118,2026-08-07,CUST009,P001,Laptop,Electronics,North,Partner,3,65000,0,195000
ORD02119,2026-08-08,CUST014,P010,UPS,Power,West,Retail,2,8000,0.15,13600.0
ORD02120,2026-08-08,CUST022,P002,Monitor,Electronics,South,Online,4,18000,0.05,68400.0
ORD02121,2026-08-08,CUST030,P004,Mouse,Accessories,West,Partner,6,900,0.15,4590.0
ORD02122,2026-08-09,CUST035,P003,Keyboard,Accessories,East,Retail,5,2200,0.1,9900.0
ORD02123,2026-08-09,CUST043,P005,Printer,Office,North,Online,1,12500,0,12500
ORD02124,2026-08-09,CUST051,P007,Tablet,Electronics,East,Partner,3,28000,0.1,75600.0
ORD02125,2026-08-10,CUST056,P006,Headset,Accessories,South,Retail,2,3500,0.05,6650.0
ORD02126,2026-08-10,CUST004,P008,Webcam,Accessories,West,Online,4,4500,0.15,15300.0
ORD02127,2026-08-10,CUST012,P010,UPS,Power,South,Partner,6,8000,0.05,45600.0
ORD02128,2026-08-11,CUST017,P009,Router,Networking,North,Retail,5,6500,0,32500
ORD02129,2026-08-11,CUST025,P001,Laptop,Electronics,East,Online,1,65000,0.1,58500.0
ORD02130,2026-08-11,CUST033,P003,Keyboard,Accessories,North,Partner,3,2200,0,6600
ORD02131,2026-08-12,CUST038,P002,Monitor,Electronics,West,Retail,2,18000,0.15,30600.0
ORD02132,2026-08-12,CUST046,P004,Mouse,Accessories,South,Online,4,900,0.05,3420.0
ORD02133,2026-08-12,CUST054,P006,Headset,Accessories,West,Partner,6,3500,0.15,17850.0
ORD02134,2026-08-13,CUST059,P005,Printer,Office,East,Retail,5,12500,0.1,56250.0
ORD02135,2026-08-13,CUST007,P007,Tablet,Electronics,North,Online,1,28000,0,28000
ORD02136,2026-08-13,CUST015,P009,Router,Networking,East,Partner,3,6500,0.1,17550.0
ORD02137,2026-08-14,CUST020,P008,Webcam,Accessories,South,Retail,2,4500,0.05,8550.0
ORD02138,2026-08-14,CUST028,P010,UPS,Power,West,Online,4,8000,0.15,27200.0
ORD02139,2026-08-14,CUST036,P002,Monitor,Electronics,South,Partner,6,18000,0.05,102600.0
ORD02140,2026-08-15,CUST041,P001,Laptop,Electronics,North,Retail,5,65000,0,325000
ORD02141,2026-08-15,CUST049,P003,Keyboard,Accessories,East,Online,1,2200,0.1,1980.0
ORD02142,2026-08-15,CUST057,P005,Printer,Office,North,Partner,3,12500,0,37500
ORD02143,2026-08-16,CUST002,P004,Mouse,Accessories,West,Retail,2,900,0.15,1530.0
ORD02144,2026-08-16,CUST010,P006,Headset,Accessories,South,Online,4,3500,0.05,13300.0
ORD02145,2026-08-16,CUST018,P008,Webcam,Accessories,West,Partner,6,4500,0.15,22950.0
ORD02146,2026-08-17,CUST023,P007,Tablet,Electronics,East,Retail,5,28000,0.1,126000.0
ORD02147,2026-08-17,CUST031,P009,Router,Networking,North,Online,1,6500,0,6500
ORD02148,2026-08-17,CUST039,P001,Laptop,Electronics,East,Partner,3,65000,0.1,175500.0
ORD02149,2026-08-18,CUST044,P010,UPS,Power,South,Retail,2,8000,0.05,15200.0
ORD02150,2026-08-18,CUST052,P002,Monitor,Electronics,West,Online,4,18000,0.15,61200.0
ORD02151,2026-08-18,CUST060,P004,Mouse,Accessories,South,Partner,6,900,0.05,5130.0
ORD02152,2026-08-19,CUST005,P003,Keyboard,Accessories,North,Retail,5,2200,0,11000
ORD02153,2026-08-19,CUST013,P005,Printer,Office,East,Online,1,12500,0.1,11250.0
ORD02154,2026-08-19,CUST021,P007,Tablet,Electronics,North,Partner,3,28000,0,84000
ORD02155,2026-08-20,CUST026,P006,Headset,Accessories,West,Retail,2,3500,0.15,5950.0
ORD02156,2026-08-20,CUST034,P008,Webcam,Accessories,South,Online,4,4500,0.05,17100.0
ORD02157,2026-08-20,CUST042,P010,UPS,Power,West,Partner,6,8000,0.15,40800.0
ORD02158,2026-08-21,CUST047,P009,Router,Networking,East,Retail,5,6500,0.1,29250.0
ORD02159,2026-08-21,CUST055,P001,Laptop,Electronics,North,Online,1,65000,0,65000
ORD02160,2026-08-21,CUST003,P003,Keyboard,Accessories,East,Partner,3,2200,0.1,5940.0
ORD02161,2026-08-22,CUST008,P002,Monitor,Electronics,South,Retail,2,18000,0.05,34200.0
ORD02162,2026-08-22,CUST016,P004,Mouse,Accessories,West,Online,4,900,0.15,3060.0
ORD02163,2026-08-22,CUST024,P006,Headset,Accessories,South,Partner,6,3500,0.05,19950.0
ORD02164,2026-08-23,CUST029,P005,Printer,Office,North,Retail,5,12500,0,62500
ORD02165,2026-08-23,CUST037,P007,Tablet,Electronics,East,Online,1,28000,0.1,25200.0
ORD02166,2026-08-23,CUST045,P009,Router,Networking,North,Partner,3,6500,0,19500
ORD02167,2026-08-24,CUST050,P008,Webcam,Accessories,West,Retail,2,4500,0.15,7650.0
ORD02168,2026-08-24,CUST058,P010,UPS,Power,South,Online,4,8000,0.05,30400.0
ORD02169,2026-08-24,CUST006,P002,Monitor,Electronics,West,Partner,6,18000,0.15,91800.0
ORD02170,2026-08-25,CUST011,P001,Laptop,Electronics,East,Retail,5,65000,0.1,292500.0
ORD02171,2026-08-25,CUST019,P003,Keyboard,Accessories,North,Online,1,2200,0,2200
ORD02172,2026-08-25,CUST027,P005,Printer,Office,East,Partner,3,12500,0.1,33750.0
ORD02173,2026-08-26,CUST032,P004,Mouse,Accessories,South,Retail,2,900,0.05,1710.0
ORD02174,2026-08-26,CUST040,P006,Headset,Accessories,West,Online,4,3500,0.15,11900.0
ORD02175,2026-08-26,CUST048,P008,Webcam,Accessories,South,Partner,6,4500,0.05,25650.0
ORD02176,2026-08-27,CUST053,P007,Tablet,Electronics,North,Retail,5,28000,0,140000
ORD02177,2026-08-27,CUST001,P009,Router,Networking,East,Online,1,6500,0.1,5850.0
ORD02178,2026-08-27,CUST009,P001,Laptop,Electronics,North,Partner,3,65000,0,195000
ORD02179,2026-08-28,CUST014,P010,UPS,Power,West,Retail,2,8000,0.15,13600.0
ORD02180,2026-08-28,CUST022,P002,Monitor,Electronics,South,Online,4,18000,0.05,68400.0
ORD02181,2026-08-28,CUST030,P004,Mouse,Accessories,West,Partner,6,900,0.15,4590.0
ORD02182,2026-08-29,CUST035,P003,Keyboard,Accessories,East,Retail,5,2200,0.1,9900.0
ORD02183,2026-08-29,CUST043,P005,Printer,Office,North,Online,1,12500,0,12500
ORD02184,2026-08-29,CUST051,P007,Tablet,Electronics,East,Partner,3,28000,0.1,75600.0
ORD02185,2026-08-30,CUST056,P006,Headset,Accessories,South,Retail,2,3500,0.05,6650.0
ORD02186,2026-08-30,CUST004,P008,Webcam,Accessories,West,Online,4,4500,0.15,15300.0
ORD02187,2026-08-30,CUST012,P010,UPS,Power,South,Partner,6,8000,0.05,45600.0
ORD02188,2026-08-31,CUST017,P009,Router,Networking,North,Retail,5,6500,0,32500
ORD02189,2026-08-31,CUST025,P001,Laptop,Electronics,East,Online,1,65000,0.1,58500.0
ORD02190,2026-08-31,CUST033,P003,Keyboard,Accessories,North,Partner,3,2200,0,6600
ORD02191,2026-09-01,CUST038,P002,Monitor,Electronics,West,Retail,2,18000,0.15,30600.0
ORD02192,2026-09-01,CUST046,P004,Mouse,Accessories,South,Online,4,900,0.05,3420.0
ORD02193,2026-09-01,CUST054,P006,Headset,Accessories,West,Partner,6,3500,0.15,17850.0
ORD02194,2026-09-02,CUST059,P005,Printer,Office,East,Retail,5,12500,0.1,56250.0
ORD02195,2026-09-02,CUST007,P007,Tablet,Electronics,North,Online,1,28000,0,28000
ORD02196,2026-09-02,CUST015,P009,Router,Networking,East,Partner,3,6500,0.1,17550.0
ORD02197,2026-09-03,CUST020,P008,Webcam,Accessories,South,Retail,2,4500,0.05,8550.0
ORD02198,2026-09-03,CUST028,P010,UPS,Power,West,Online,4,8000,0.15,27200.0
ORD02199,2026-09-03,CUST036,P002,Monitor,Electronics,South,Partner,6,18000,0.05,102600.0
ORD02200,2026-09-04,CUST041,P001,Laptop,Electronics,North,Retail,5,65000,0,325000
ORD02201,2026-09-04,CUST049,P003,Keyboard,Accessories,East,Online,1,2200,0.1,1980.0
ORD02202,2026-09-04,CUST057,P005,Printer,Office,North,Partner,3,12500,0,37500
ORD02203,2026-09-05,CUST002,P004,Mouse,Accessories,West,Retail,2,900,0.15,1530.0
ORD02204,2026-09-05,CUST010,P006,Headset,Accessories,South,Online,4,3500,0.05,13300.0
ORD02205,2026-09-05,CUST018,P008,Webcam,Accessories,West,Partner,6,4500,0.15,22950.0
ORD02206,2026-09-06,CUST023,P007,Tablet,Electronics,East,Retail,5,28000,0.1,126000.0
ORD02207,2026-09-06,CUST031,P009,Router,Networking,North,Online,1,6500,0,6500
ORD02208,2026-09-06,CUST039,P001,Laptop,Electronics,East,Partner,3,65000,0.1,175500.0
ORD02209,2026-09-07,CUST044,P010,UPS,Power,South,Retail,2,8000,0.05,15200.0
ORD02210,2026-09-07,CUST052,P002,Monitor,Electronics,West,Online,4,18000,0.15,61200.0
ORD02211,2026-09-07,CUST060,P004,Mouse,Accessories,South,Partner,6,900,0.05,5130.0
ORD02212,2026-09-08,CUST005,P003,Keyboard,Accessories,North,Retail,5,2200,0,11000
ORD02213,2026-09-08,CUST013,P005,Printer,Office,East,Online,1,12500,0.1,11250.0
ORD02214,2026-09-08,CUST021,P007,Tablet,Electronics,North,Partner,3,28000,0,84000
ORD02215,2026-09-09,CUST026,P006,Headset,Accessories,West,Retail,2,3500,0.15,5950.0
ORD02216,2026-09-09,CUST034,P008,Webcam,Accessories,South,Online,4,4500,0.05,17100.0
ORD02217,2026-09-09,CUST042,P010,UPS,Power,West,Partner,6,8000,0.15,40800.0
ORD02218,2026-09-10,CUST047,P009,Router,Networking,East,Retail,5,6500,0.1,29250.0
ORD02219,2026-09-10,CUST055,P001,Laptop,Electronics,North,Online,1,65000,0,65000
ORD02220,2026-09-10,CUST003,P003,Keyboard,Accessories,East,Partner,3,2200,0.1,5940.0
ORD02221,2026-09-11,CUST008,P002,Monitor,Electronics,South,Retail,2,18000,0.05,34200.0
ORD02222,2026-09-11,CUST016,P004,Mouse,Accessories,West,Online,4,900,0.15,3060.0
ORD02223,2026-09-11,CUST024,P006,Headset,Accessories,South,Partner,6,3500,0.05,19950.0
ORD02224,2026-09-12,CUST029,P005,Printer,Office,North,Retail,5,12500,0,62500
ORD02225,2026-09-12,CUST037,P007,Tablet,Electronics,East,Online,1,28000,0.1,25200.0
ORD02226,2026-09-12,CUST045,P009,Router,Networking,North,Partner,3,6500,0,19500
ORD02227,2026-09-13,CUST050,P008,Webcam,Accessories,West,Retail,2,4500,0.15,7650.0
ORD02228,2026-09-13,CUST058,P010,UPS,Power,South,Online,4,8000,0.05,30400.0
ORD02229,2026-09-13,CUST006,P002,Monitor,Electronics,West,Partner,6,18000,0.15,91800.0
ORD02230,2026-09-14,CUST011,P001,Laptop,Electronics,East,Retail,5,65000,0.1,292500.0
ORD02231,2026-09-14,CUST019,P003,Keyboard,Accessories,North,Online,1,2200,0,2200
ORD02232,2026-09-14,CUST027,P005,Printer,Office,East,Partner,3,12500,0.1,33750.0
ORD02233,2026-09-15,CUST032,P004,Mouse,Accessories,South,Retail,2,900,0.05,1710.0
ORD02234,2026-09-15,CUST040,P006,Headset,Accessories,West,Online,4,3500,0.15,11900.0
ORD02235,2026-09-15,CUST048,P008,Webcam,Accessories,South,Partner,6,4500,0.05,25650.0
ORD02236,2026-09-16,CUST053,P007,Tablet,Electronics,North,Retail,5,28000,0,140000
ORD02237,2026-09-16,CUST001,P009,Router,Networking,East,Online,1,6500,0.1,5850.0
ORD02238,2026-09-16,CUST009,P001,Laptop,Electronics,North,Partner,3,65000,0,195000
ORD02239,2026-09-17,CUST014,P010,UPS,Power,West,Retail,2,8000,0.15,13600.0
ORD02240,2026-09-17,CUST022,P002,Monitor,Electronics,South,Online,4,18000,0.05,68400.0
ORD02241,2026-09-17,CUST030,P004,Mouse,Accessories,West,Partner,6,900,0.15,4590.0
ORD02242,2026-09-18,CUST035,P003,Keyboard,Accessories,East,Retail,5,2200,0.1,9900.0
ORD02243,2026-09-18,CUST043,P005,Printer,Office,North,Online,1,12500,0,12500
ORD02244,2026-09-18,CUST051,P007,Tablet,Electronics,East,Partner,3,28000,0.1,75600.0
ORD02245,2026-09-19,CUST056,P006,Headset,Accessories,South,Retail,2,3500,0.05,6650.0
ORD02246,2026-09-19,CUST004,P008,Webcam,Accessories,West,Online,4,4500,0.15,15300.0
ORD02247,2026-09-19,CUST012,P010,UPS,Power,South,Partner,6,8000,0.05,45600.0
ORD02248,2026-09-20,CUST017,P009,Router,Networking,North,Retail,5,6500,0,32500
ORD02249,2026-09-20,CUST025,P001,Laptop,Electronics,East,Online,1,65000,0.1,58500.0
ORD02250,2026-09-20,CUST033,P003,Keyboard,Accessories,North,Partner,3,2200,0,6600
ORD02251,2026-09-21,CUST038,P002,Monitor,Electronics,West,Retail,2,18000,0.15,30600.0
ORD02252,2026-09-21,CUST046,P004,Mouse,Accessories,South,Online,4,900,0.05,3420.0
ORD02253,2026-09-21,CUST054,P006,Headset,Accessories,West,Partner,6,3500,0.15,17850.0
ORD02254,2026-09-22,CUST059,P005,Printer,Office,East,Retail,5,12500,0.1,56250.0
ORD02255,2026-09-22,CUST007,P007,Tablet,Electronics,North,Online,1,28000,0,28000
ORD02256,2026-09-22,CUST015,P009,Router,Networking,East,Partner,3,6500,0.1,17550.0
ORD02257,2026-09-23,CUST020,P008,Webcam,Accessories,South,Retail,2,4500,0.05,8550.0
ORD02258,2026-09-23,CUST028,P010,UPS,Power,West,Online,4,8000,0.15,27200.0
ORD02259,2026-09-23,CUST036,P002,Monitor,Electronics,South,Partner,6,18000,0.05,102600.0
ORD02260,2026-09-24,CUST041,P001,Laptop,Electronics,North,Retail,5,65000,0,325000
ORD02261,2026-09-24,CUST049,P003,Keyboard,Accessories,East,Online,1,2200,0.1,1980.0
ORD02262,2026-09-24,CUST057,P005,Printer,Office,North,Partner,3,12500,0,37500
ORD02263,2026-09-25,CUST002,P004,Mouse,Accessories,West,Retail,2,900,0.15,1530.0
ORD02264,2026-09-25,CUST010,P006,Headset,Accessories,South,Online,4,3500,0.05,13300.0
ORD02265,2026-09-25,CUST018,P008,Webcam,Accessories,West,Partner,6,4500,0.15,22950.0
ORD02266,2026-09-26,CUST023,P007,Tablet,Electronics,East,Retail,5,28000,0.1,126000.0
ORD02267,2026-09-26,CUST031,P009,Router,Networking,North,Online,1,6500,0,6500
ORD02268,2026-09-26,CUST039,P001,Laptop,Electronics,East,Partner,3,65000,0.1,175500.0
ORD02269,2026-09-27,CUST044,P010,UPS,Power,South,Retail,2,8000,0.05,15200.0
ORD02270,2026-09-27,CUST052,P002,Monitor,Electronics,West,Online,4,18000,0.15,61200.0
ORD02271,2026-09-27,CUST060,P004,Mouse,Accessories,South,Partner,6,900,0.05,5130.0
ORD02272,2026-09-28,CUST005,P003,Keyboard,Accessories,North,Retail,5,2200,0,11000
ORD02273,2026-09-28,CUST013,P005,Printer,Office,East,Online,1,12500,0.1,11250.0
ORD02274,2026-09-28,CUST021,P007,Tablet,Electronics,North,Partner,3,28000,0,84000
ORD02275,2026-09-29,CUST026,P006,Headset,Accessories,West,Retail,2,3500,0.15,5950.0
ORD02276,2026-09-29,CUST034,P008,Webcam,Accessories,South,Online,4,4500,0.05,17100.0
ORD02277,2026-09-29,CUST042,P010,UPS,Power,West,Partner,6,8000,0.15,40800.0
ORD02278,2026-09-30,CUST047,P009,Router,Networking,East,Retail,5,6500,0.1,29250.0
ORD02279,2026-09-30,CUST055,P001,Laptop,Electronics,North,Online,1,65000,0,65000
ORD02280,2026-09-30,CUST003,P003,Keyboard,Accessories,East,Partner,3,2200,0.1,5940.0
ORD02281,2026-10-01,CUST008,P002,Monitor,Electronics,South,Retail,2,18000,0.05,34200.0
ORD02282,2026-10-01,CUST016,P004,Mouse,Accessories,West,Online,4,900,0.15,3060.0
ORD02283,2026-10-01,CUST024,P006,Headset,Accessories,South,Partner,6,3500,0.05,19950.0
ORD02284,2026-10-01,CUST032,P008,Webcam,Accessories,West,Retail,2,4500,0.15,7650.0
ORD02285,2026-10-01,CUST040,P010,UPS,Power,South,Online,4,8000,0.05,30400.0
ORD02286,2026-10-02,CUST043,P007,Tablet,Electronics,East,Online,1,28000,0.1,25200.0
ORD02287,2026-10-02,CUST051,P009,Router,Networking,North,Partner,3,6500,0,19500
ORD02288,2026-10-02,CUST059,P001,Laptop,Electronics,East,Retail,5,65000,0.1,292500.0
ORD02289,2026-10-02,CUST007,P003,Keyboard,Accessories,North,Online,1,2200,0,2200
ORD02290,2026-10-02,CUST015,P005,Printer,Office,East,Partner,3,12500,0.1,33750.0
ORD02291,2026-10-03,CUST018,P002,Monitor,Electronics,West,Partner,6,18000,0.15,91800.0
ORD02292,2026-10-03,CUST026,P004,Mouse,Accessories,South,Retail,2,900,0.05,1710.0
ORD02293,2026-10-03,CUST034,P006,Headset,Accessories,West,Online,4,3500,0.15,11900.0
ORD02294,2026-10-03,CUST042,P008,Webcam,Accessories,South,Partner,6,4500,0.05,25650.0
ORD02295,2026-10-03,CUST050,P010,UPS,Power,West,Retail,2,8000,0.15,13600.0
ORD02296,2026-10-04,CUST053,P007,Tablet,Electronics,North,Retail,5,28000,0,140000
ORD02297,2026-10-04,CUST001,P009,Router,Networking,East,Online,1,6500,0.1,5850.0
ORD02298,2026-10-04,CUST009,P001,Laptop,Electronics,North,Partner,3,65000,0,195000
ORD02299,2026-10-04,CUST017,P003,Keyboard,Accessories,East,Retail,5,2200,0.1,9900.0
ORD02300,2026-10-04,CUST025,P005,Printer,Office,North,Online,1,12500,0,12500
ORD02301,2026-10-05,CUST028,P002,Monitor,Electronics,South,Online,4,18000,0.05,68400.0
ORD02302,2026-10-05,CUST036,P004,Mouse,Accessories,West,Partner,6,900,0.15,4590.0
ORD02303,2026-10-05,CUST044,P006,Headset,Accessories,South,Retail,2,3500,0.05,6650.0
ORD02304,2026-10-05,CUST052,P008,Webcam,Accessories,West,Online,4,4500,0.15,15300.0
ORD02305,2026-10-05,CUST060,P010,UPS,Power,South,Partner,6,8000,0.05,45600.0
ORD02306,2026-10-06,CUST003,P007,Tablet,Electronics,East,Partner,3,28000,0.1,75600.0
ORD02307,2026-10-06,CUST011,P009,Router,Networking,North,Retail,5,6500,0,32500
ORD02308,2026-10-06,CUST019,P001,Laptop,Electronics,East,Online,1,65000,0.1,58500.0
ORD02309,2026-10-06,CUST027,P003,Keyboard,Accessories,North,Partner,3,2200,0,6600
ORD02310,2026-10-06,CUST035,P005,Printer,Office,East,Retail,5,12500,0.1,56250.0
ORD02311,2026-10-07,CUST038,P002,Monitor,Electronics,West,Retail,2,18000,0.15,30600.0
ORD02312,2026-10-07,CUST046,P004,Mouse,Accessories,South,Online,4,900,0.05,3420.0
ORD02313,2026-10-07,CUST054,P006,Headset,Accessories,West,Partner,6,3500,0.15,17850.0
ORD02314,2026-10-07,CUST002,P008,Webcam,Accessories,South,Retail,2,4500,0.05,8550.0
ORD02315,2026-10-07,CUST010,P010,UPS,Power,West,Online,4,8000,0.15,27200.0
ORD02316,2026-10-08,CUST013,P007,Tablet,Electronics,North,Online,1,28000,0,28000
ORD02317,2026-10-08,CUST021,P009,Router,Networking,East,Partner,3,6500,0.1,17550.0
ORD02318,2026-10-08,CUST029,P001,Laptop,Electronics,North,Retail,5,65000,0,325000
ORD02319,2026-10-08,CUST037,P003,Keyboard,Accessories,East,Online,1,2200,0.1,1980.0
ORD02320,2026-10-08,CUST045,P005,Printer,Office,North,Partner,3,12500,0,37500
ORD02321,2026-10-09,CUST048,P002,Monitor,Electronics,South,Partner,6,18000,0.05,102600.0
ORD02322,2026-10-09,CUST056,P004,Mouse,Accessories,West,Retail,2,900,0.15,1530.0
ORD02323,2026-10-09,CUST004,P006,Headset,Accessories,South,Online,4,3500,0.05,13300.0
ORD02324,2026-10-09,CUST012,P008,Webcam,Accessories,West,Partner,6,4500,0.15,22950.0
ORD02325,2026-10-09,CUST020,P010,UPS,Power,South,Retail,2,8000,0.05,15200.0
ORD02326,2026-10-10,CUST023,P007,Tablet,Electronics,East,Retail,5,28000,0.1,126000.0
ORD02327,2026-10-10,CUST031,P009,Router,Networking,North,Online,1,6500,0,6500
ORD02328,2026-10-10,CUST039,P001,Laptop,Electronics,East,Partner,3,65000,0.1,175500.0
ORD02329,2026-10-10,CUST047,P003,Keyboard,Accessories,North,Retail,5,2200,0,11000
ORD02330,2026-10-10,CUST055,P005,Printer,Office,East,Online,1,12500,0.1,11250.0
ORD02331,2026-10-11,CUST058,P002,Monitor,Electronics,West,Online,4,18000,0.15,61200.0
ORD02332,2026-10-11,CUST006,P004,Mouse,Accessories,South,Partner,6,900,0.05,5130.0
ORD02333,2026-10-11,CUST014,P006,Headset,Accessories,West,Retail,2,3500,0.15,5950.0
ORD02334,2026-10-11,CUST022,P008,Webcam,Accessories,South,Online,4,4500,0.05,17100.0
ORD02335,2026-10-11,CUST030,P010,UPS,Power,West,Partner,6,8000,0.15,40800.0
ORD02336,2026-10-12,CUST033,P007,Tablet,Electronics,North,Partner,3,28000,0,84000
ORD02337,2026-10-12,CUST041,P009,Router,Networking,East,Retail,5,6500,0.1,29250.0
ORD02338,2026-10-12,CUST049,P001,Laptop,Electronics,North,Online,1,65000,0,65000
ORD02339,2026-10-12,CUST057,P003,Keyboard,Accessories,East,Partner,3,2200,0.1,5940.0
ORD02340,2026-10-12,CUST005,P005,Printer,Office,North,Retail,5,12500,0,62500
ORD02341,2026-10-13,CUST008,P002,Monitor,Electronics,South,Retail,2,18000,0.05,34200.0
ORD02342,2026-10-13,CUST016,P004,Mouse,Accessories,West,Online,4,900,0.15,3060.0
ORD02343,2026-10-13,CUST024,P006,Headset,Accessories,South,Partner,6,3500,0.05,19950.0
ORD02344,2026-10-13,CUST032,P008,Webcam,Accessories,West,Retail,2,4500,0.15,7650.0
ORD02345,2026-10-13,CUST040,P010,UPS,Power,South,Online,4,8000,0.05,30400.0
ORD02346,2026-10-14,CUST043,P007,Tablet,Electronics,East,Online,1,28000,0.1,25200.0
ORD02347,2026-10-14,CUST051,P009,Router,Networking,North,Partner,3,6500,0,19500
ORD02348,2026-10-14,CUST059,P001,Laptop,Electronics,East,Retail,5,65000,0.1,292500.0
ORD02349,2026-10-14,CUST007,P003,Keyboard,Accessories,North,Online,1,2200,0,2200
ORD02350,2026-10-14,CUST015,P005,Printer,Office,East,Partner,3,12500,0.1,33750.0
ORD02351,2026-10-15,CUST018,P002,Monitor,Electronics,West,Partner,6,18000,0.15,91800.0
ORD02352,2026-10-15,CUST026,P004,Mouse,Accessories,South,Retail,2,900,0.05,1710.0
ORD02353,2026-10-15,CUST034,P006,Headset,Accessories,West,Online,4,3500,0.15,11900.0
ORD02354,2026-10-15,CUST042,P008,Webcam,Accessories,South,Partner,6,4500,0.05,25650.0
ORD02355,2026-10-15,CUST050,P010,UPS,Power,West,Retail,2,8000,0.15,13600.0
ORD02356,2026-10-16,CUST053,P007,Tablet,Electronics,North,Retail,5,28000,0,140000
ORD02357,2026-10-16,CUST001,P009,Router,Networking,East,Online,1,6500,0.1,5850.0
ORD02358,2026-10-16,CUST009,P001,Laptop,Electronics,North,Partner,3,65000,0,195000
ORD02359,2026-10-16,CUST017,P003,Keyboard,Accessories,East,Retail,5,2200,0.1,9900.0
ORD02360,2026-10-16,CUST025,P005,Printer,Office,North,Online,1,12500,0,12500
ORD02361,2026-10-17,CUST028,P002,Monitor,Electronics,South,Online,4,18000,0.05,68400.0
ORD02362,2026-10-17,CUST036,P004,Mouse,Accessories,West,Partner,6,900,0.15,4590.0
ORD02363,2026-10-17,CUST044,P006,Headset,Accessories,South,Retail,2,3500,0.05,6650.0
ORD02364,2026-10-17,CUST052,P008,Webcam,Accessories,West,Online,4,4500,0.15,15300.0
ORD02365,2026-10-17,CUST060,P010,UPS,Power,South,Partner,6,8000,0.05,45600.0
ORD02366,2026-10-18,CUST003,P007,Tablet,Electronics,East,Partner,3,28000,0.1,75600.0
ORD02367,2026-10-18,CUST011,P009,Router,Networking,North,Retail,5,6500,0,32500
ORD02368,2026-10-18,CUST019,P001,Laptop,Electronics,East,Online,1,65000,0.1,58500.0
ORD02369,2026-10-18,CUST027,P003,Keyboard,Accessories,North,Partner,3,2200,0,6600
ORD02370,2026-10-18,CUST035,P005,Printer,Office,East,Retail,5,12500,0.1,56250.0
ORD02371,2026-10-19,CUST038,P002,Monitor,Electronics,West,Retail,2,18000,0.15,30600.0
ORD02372,2026-10-19,CUST046,P004,Mouse,Accessories,South,Online,4,900,0.05,3420.0
ORD02373,2026-10-19,CUST054,P006,Headset,Accessories,West,Partner,6,3500,0.15,17850.0
ORD02374,2026-10-19,CUST002,P008,Webcam,Accessories,South,Retail,2,4500,0.05,8550.0
ORD02375,2026-10-19,CUST010,P010,UPS,Power,West,Online,4,8000,0.15,27200.0
ORD02376,2026-10-20,CUST013,P007,Tablet,Electronics,North,Online,1,28000,0,28000
ORD02377,2026-10-20,CUST021,P009,Router,Networking,East,Partner,3,6500,0.1,17550.0
ORD02378,2026-10-20,CUST029,P001,Laptop,Electronics,North,Retail,5,65000,0,325000
ORD02379,2026-10-20,CUST037,P003,Keyboard,Accessories,East,Online,1,2200,0.1,1980.0
ORD02380,2026-10-20,CUST045,P005,Printer,Office,North,Partner,3,12500,0,37500
ORD02381,2026-10-21,CUST048,P002,Monitor,Electronics,South,Partner,6,18000,0.05,102600.0
ORD02382,2026-10-21,CUST056,P004,Mouse,Accessories,West,Retail,2,900,0.15,1530.0
ORD02383,2026-10-21,CUST004,P006,Headset,Accessories,South,Online,4,3500,0.05,13300.0
ORD02384,2026-10-21,CUST012,P008,Webcam,Accessories,West,Partner,6,4500,0.15,22950.0
ORD02385,2026-10-21,CUST020,P010,UPS,Power,South,Retail,2,8000,0.05,15200.0
ORD02386,2026-10-22,CUST023,P007,Tablet,Electronics,East,Retail,5,28000,0.1,126000.0
ORD02387,2026-10-22,CUST031,P009,Router,Networking,North,Online,1,6500,0,6500
ORD02388,2026-10-22,CUST039,P001,Laptop,Electronics,East,Partner,3,65000,0.1,175500.0
ORD02389,2026-10-22,CUST047,P003,Keyboard,Accessories,North,Retail,5,2200,0,11000
ORD02390,2026-10-22,CUST055,P005,Printer,Office,East,Online,1,12500,0.1,11250.0
ORD02391,2026-10-23,CUST058,P002,Monitor,Electronics,West,Online,4,18000,0.15,61200.0
ORD02392,2026-10-23,CUST006,P004,Mouse,Accessories,South,Partner,6,900,0.05,5130.0
ORD02393,2026-10-23,CUST014,P006,Headset,Accessories,West,Retail,2,3500,0.15,5950.0
ORD02394,2026-10-23,CUST022,P008,Webcam,Accessories,South,Online,4,4500,0.05,17100.0
ORD02395,2026-10-23,CUST030,P010,UPS,Power,West,Partner,6,8000,0.15,40800.0
ORD02396,2026-10-24,CUST033,P007,Tablet,Electronics,North,Partner,3,28000,0,84000
ORD02397,2026-10-24,CUST041,P009,Router,Networking,East,Retail,5,6500,0.1,29250.0
ORD02398,2026-10-24,CUST049,P001,Laptop,Electronics,North,Online,1,65000,0,65000
ORD02399,2026-10-24,CUST057,P003,Keyboard,Accessories,East,Partner,3,2200,0.1,5940.0
ORD02400,2026-10-24,CUST005,P005,Printer,Office,North,Retail,5,12500,0,62500
ORD02401,2026-10-25,CUST008,P002,Monitor,Electronics,South,Retail,2,18000,0.05,34200.0
ORD02402,2026-10-25,CUST016,P004,Mouse,Accessories,West,Online,4,900,0.15,3060.0
ORD02403,2026-10-25,CUST024,P006,Headset,Accessories,South,Partner,6,3500,0.05,19950.0
ORD02404,2026-10-25,CUST032,P008,Webcam,Accessories,West,Retail,2,4500,0.15,7650.0
ORD02405,2026-10-25,CUST040,P010,UPS,Power,South,Online,4,8000,0.05,30400.0
ORD02406,2026-10-26,CUST043,P007,Tablet,Electronics,East,Online,1,28000,0.1,25200.0
ORD02407,2026-10-26,CUST051,P009,Router,Networking,North,Partner,3,6500,0,19500
ORD02408,2026-10-26,CUST059,P001,Laptop,Electronics,East,Retail,5,65000,0.1,292500.0
ORD02409,2026-10-26,CUST007,P003,Keyboard,Accessories,North,Online,1,2200,0,2200
ORD02410,2026-10-26,CUST015,P005,Printer,Office,East,Partner,3,12500,0.1,33750.0
ORD02411,2026-10-27,CUST018,P002,Monitor,Electronics,West,Partner,6,18000,0.15,91800.0
ORD02412,2026-10-27,CUST026,P004,Mouse,Accessories,South,Retail,2,900,0.05,1710.0
ORD02413,2026-10-27,CUST034,P006,Headset,Accessories,West,Online,4,3500,0.15,11900.0
ORD02414,2026-10-27,CUST042,P008,Webcam,Accessories,South,Partner,6,4500,0.05,25650.0
ORD02415,2026-10-27,CUST050,P010,UPS,Power,West,Retail,2,8000,0.15,13600.0
ORD02416,2026-10-28,CUST053,P007,Tablet,Electronics,North,Retail,5,28000,0,140000
ORD02417,2026-10-28,CUST001,P009,Router,Networking,East,Online,1,6500,0.1,5850.0
ORD02418,2026-10-28,CUST009,P001,Laptop,Electronics,North,Partner,3,65000,0,195000
ORD02419,2026-10-28,CUST017,P003,Keyboard,Accessories,East,Retail,5,2200,0.1,9900.0
ORD02420,2026-10-28,CUST025,P005,Printer,Office,North,Online,1,12500,0,12500
ORD02421,2026-10-29,CUST028,P002,Monitor,Electronics,South,Online,4,18000,0.05,68400.0
ORD02422,2026-10-29,CUST036,P004,Mouse,Accessories,West,Partner,6,900,0.15,4590.0
ORD02423,2026-10-29,CUST044,P006,Headset,Accessories,South,Retail,2,3500,0.05,6650.0
ORD02424,2026-10-29,CUST052,P008,Webcam,Accessories,West,Online,4,4500,0.15,15300.0
ORD02425,2026-10-29,CUST060,P010,UPS,Power,South,Partner,6,8000,0.05,45600.0
ORD02426,2026-10-30,CUST003,P007,Tablet,Electronics,East,Partner,3,28000,0.1,75600.0
ORD02427,2026-10-30,CUST011,P009,Router,Networking,North,Retail,5,6500,0,32500
ORD02428,2026-10-30,CUST019,P001,Laptop,Electronics,East,Online,1,65000,0.1,58500.0
ORD02429,2026-10-30,CUST027,P003,Keyboard,Accessories,North,Partner,3,2200,0,6600
ORD02430,2026-10-30,CUST035,P005,Printer,Office,East,Retail,5,12500,0.1,56250.0
ORD02431,2026-10-31,CUST038,P002,Monitor,Electronics,West,Retail,2,18000,0.15,30600.0
ORD02432,2026-10-31,CUST046,P004,Mouse,Accessories,South,Online,4,900,0.05,3420.0
ORD02433,2026-10-31,CUST054,P006,Headset,Accessories,West,Partner,6,3500,0.15,17850.0
ORD02434,2026-10-31,CUST002,P008,Webcam,Accessories,South,Retail,2,4500,0.05,8550.0
ORD02435,2026-10-31,CUST010,P010,UPS,Power,West,Online,4,8000,0.15,27200.0
ORD02436,2026-11-01,CUST013,P007,Tablet,Electronics,North,Online,1,28000,0,28000
ORD02437,2026-11-01,CUST021,P009,Router,Networking,East,Partner,3,6500,0.1,17550.0
ORD02438,2026-11-01,CUST029,P001,Laptop,Electronics,North,Retail,5,65000,0,325000
ORD02439,2026-11-01,CUST037,P003,Keyboard,Accessories,East,Online,1,2200,0.1,1980.0
ORD02440,2026-11-01,CUST045,P005,Printer,Office,North,Partner,3,12500,0,37500
ORD02441,2026-11-02,CUST048,P002,Monitor,Electronics,South,Partner,6,18000,0.05,102600.0
ORD02442,2026-11-02,CUST056,P004,Mouse,Accessories,West,Retail,2,900,0.15,1530.0
ORD02443,2026-11-02,CUST004,P006,Headset,Accessories,South,Online,4,3500,0.05,13300.0
ORD02444,2026-11-02,CUST012,P008,Webcam,Accessories,West,Partner,6,4500,0.15,22950.0
ORD02445,2026-11-02,CUST020,P010,UPS,Power,South,Retail,2,8000,0.05,15200.0
ORD02446,2026-11-03,CUST023,P007,Tablet,Electronics,East,Retail,5,28000,0.1,126000.0
ORD02447,2026-11-03,CUST031,P009,Router,Networking,North,Online,1,6500,0,6500
ORD02448,2026-11-03,CUST039,P001,Laptop,Electronics,East,Partner,3,65000,0.1,175500.0
ORD02449,2026-11-03,CUST047,P003,Keyboard,Accessories,North,Retail,5,2200,0,11000
ORD02450,2026-11-03,CUST055,P005,Printer,Office,East,Online,1,12500,0.1,11250.0
ORD02451,2026-11-04,CUST058,P002,Monitor,Electronics,West,Online,4,18000,0.15,61200.0
ORD02452,2026-11-04,CUST006,P004,Mouse,Accessories,South,Partner,6,900,0.05,5130.0
ORD02453,2026-11-04,CUST014,P006,Headset,Accessories,West,Retail,2,3500,0.15,5950.0
ORD02454,2026-11-04,CUST022,P008,Webcam,Accessories,South,Online,4,4500,0.05,17100.0
ORD02455,2026-11-04,CUST030,P010,UPS,Power,West,Partner,6,8000,0.15,40800.0
ORD02456,2026-11-05,CUST033,P007,Tablet,Electronics,North,Partner,3,28000,0,84000
ORD02457,2026-11-05,CUST041,P009,Router,Networking,East,Retail,5,6500,0.1,29250.0
ORD02458,2026-11-05,CUST049,P001,Laptop,Electronics,North,Online,1,65000,0,65000
ORD02459,2026-11-05,CUST057,P003,Keyboard,Accessories,East,Partner,3,2200,0.1,5940.0
ORD02460,2026-11-05,CUST005,P005,Printer,Office,North,Retail,5,12500,0,62500
ORD02461,2026-11-06,CUST008,P002,Monitor,Electronics,South,Retail,2,18000,0.05,34200.0
ORD02462,2026-11-06,CUST016,P004,Mouse,Accessories,West,Online,4,900,0.15,3060.0
ORD02463,2026-11-06,CUST024,P006,Headset,Accessories,South,Partner,6,3500,0.05,19950.0
ORD02464,2026-11-06,CUST032,P008,Webcam,Accessories,West,Retail,2,4500,0.15,7650.0
ORD02465,2026-11-06,CUST040,P010,UPS,Power,South,Online,4,8000,0.05,30400.0
ORD02466,2026-11-07,CUST043,P007,Tablet,Electronics,East,Online,1,28000,0.1,25200.0
ORD02467,2026-11-07,CUST051,P009,Router,Networking,North,Partner,3,6500,0,19500
ORD02468,2026-11-07,CUST059,P001,Laptop,Electronics,East,Retail,5,65000,0.1,292500.0
ORD02469,2026-11-07,CUST007,P003,Keyboard,Accessories,North,Online,1,2200,0,2200
ORD02470,2026-11-07,CUST015,P005,Printer,Office,East,Partner,3,12500,0.1,33750.0
ORD02471,2026-11-08,CUST018,P002,Monitor,Electronics,West,Partner,6,18000,0.15,91800.0
ORD02472,2026-11-08,CUST026,P004,Mouse,Accessories,South,Retail,2,900,0.05,1710.0
ORD02473,2026-11-08,CUST034,P006,Headset,Accessories,West,Online,4,3500,0.15,11900.0
ORD02474,2026-11-08,CUST042,P008,Webcam,Accessories,South,Partner,6,4500,0.05,25650.0
ORD02475,2026-11-08,CUST050,P010,UPS,Power,West,Retail,2,8000,0.15,13600.0
ORD02476,2026-11-09,CUST053,P007,Tablet,Electronics,North,Retail,5,28000,0,140000
ORD02477,2026-11-09,CUST001,P009,Router,Networking,East,Online,1,6500,0.1,5850.0
ORD02478,2026-11-09,CUST009,P001,Laptop,Electronics,North,Partner,3,65000,0,195000
ORD02479,2026-11-09,CUST017,P003,Keyboard,Accessories,East,Retail,5,2200,0.1,9900.0
ORD02480,2026-11-09,CUST025,P005,Printer,Office,North,Online,1,12500,0,12500
ORD02481,2026-11-10,CUST028,P002,Monitor,Electronics,South,Online,4,18000,0.05,68400.0
ORD02482,2026-11-10,CUST036,P004,Mouse,Accessories,West,Partner,6,900,0.15,4590.0
ORD02483,2026-11-10,CUST044,P006,Headset,Accessories,South,Retail,2,3500,0.05,6650.0
ORD02484,2026-11-10,CUST052,P008,Webcam,Accessories,West,Online,4,4500,0.15,15300.0
ORD02485,2026-11-10,CUST060,P010,UPS,Power,South,Partner,6,8000,0.05,45600.0
ORD02486,2026-11-11,CUST003,P007,Tablet,Electronics,East,Partner,3,28000,0.1,75600.0
ORD02487,2026-11-11,CUST011,P009,Router,Networking,North,Retail,5,6500,0,32500
ORD02488,2026-11-11,CUST019,P001,Laptop,Electronics,East,Online,1,65000,0.1,58500.0
ORD02489,2026-11-11,CUST027,P003,Keyboard,Accessories,North,Partner,3,2200,0,6600
ORD02490,2026-11-11,CUST035,P005,Printer,Office,East,Retail,5,12500,0.1,56250.0
ORD02491,2026-11-12,CUST038,P002,Monitor,Electronics,West,Retail,2,18000,0.15,30600.0
ORD02492,2026-11-12,CUST046,P004,Mouse,Accessories,South,Online,4,900,0.05,3420.0
ORD02493,2026-11-12,CUST054,P006,Headset,Accessories,West,Partner,6,3500,0.15,17850.0
ORD02494,2026-11-12,CUST002,P008,Webcam,Accessories,South,Retail,2,4500,0.05,8550.0
ORD02495,2026-11-12,CUST010,P010,UPS,Power,West,Online,4,8000,0.15,27200.0
ORD02496,2026-11-13,CUST013,P007,Tablet,Electronics,North,Online,1,28000,0,28000
ORD02497,2026-11-13,CUST021,P009,Router,Networking,East,Partner,3,6500,0.1,17550.0
ORD02498,2026-11-13,CUST029,P001,Laptop,Electronics,North,Retail,5,65000,0,325000
ORD02499,2026-11-13,CUST037,P003,Keyboard,Accessories,East,Online,1,2200,0.1,1980.0
ORD02500,2026-11-13,CUST045,P005,Printer,Office,North,Partner,3,12500,0,37500
ORD02501,2026-11-14,CUST048,P002,Monitor,Electronics,South,Partner,6,18000,0.05,102600.0
ORD02502,2026-11-14,CUST056,P004,Mouse,Accessories,West,Retail,2,900,0.15,1530.0
ORD02503,2026-11-14,CUST004,P006,Headset,Accessories,South,Online,4,3500,0.05,13300.0
ORD02504,2026-11-14,CUST012,P008,Webcam,Accessories,West,Partner,6,4500,0.15,22950.0
ORD02505,2026-11-14,CUST020,P010,UPS,Power,South,Retail,2,8000,0.05,15200.0
ORD02506,2026-11-15,CUST023,P007,Tablet,Electronics,East,Retail,5,28000,0.1,126000.0
ORD02507,2026-11-15,CUST031,P009,Router,Networking,North,Online,1,6500,0,6500
ORD02508,2026-11-15,CUST039,P001,Laptop,Electronics,East,Partner,3,65000,0.1,175500.0
ORD02509,2026-11-15,CUST047,P003,Keyboard,Accessories,North,Retail,5,2200,0,11000
ORD02510,2026-11-15,CUST055,P005,Printer,Office,East,Online,1,12500,0.1,11250.0
ORD02511,2026-11-16,CUST058,P002,Monitor,Electronics,West,Online,4,18000,0.15,61200.0
ORD02512,2026-11-16,CUST006,P004,Mouse,Accessories,South,Partner,6,900,0.05,5130.0
ORD02513,2026-11-16,CUST014,P006,Headset,Accessories,West,Retail,2,3500,0.15,5950.0
ORD02514,2026-11-16,CUST022,P008,Webcam,Accessories,South,Online,4,4500,0.05,17100.0
ORD02515,2026-11-16,CUST030,P010,UPS,Power,West,Partner,6,8000,0.15,40800.0
ORD02516,2026-11-17,CUST033,P007,Tablet,Electronics,North,Partner,3,28000,0,84000
ORD02517,2026-11-17,CUST041,P009,Router,Networking,East,Retail,5,6500,0.1,29250.0
ORD02518,2026-11-17,CUST049,P001,Laptop,Electronics,North,Online,1,65000,0,65000
ORD02519,2026-11-17,CUST057,P003,Keyboard,Accessories,East,Partner,3,2200,0.1,5940.0
ORD02520,2026-11-17,CUST005,P005,Printer,Office,North,Retail,5,12500,0,62500
ORD02521,2026-11-18,CUST008,P002,Monitor,Electronics,South,Retail,2,18000,0.05,34200.0
ORD02522,2026-11-18,CUST016,P004,Mouse,Accessories,West,Online,4,900,0.15,3060.0
ORD02523,2026-11-18,CUST024,P006,Headset,Accessories,South,Partner,6,3500,0.05,19950.0
ORD02524,2026-11-18,CUST032,P008,Webcam,Accessories,West,Retail,2,4500,0.15,7650.0
ORD02525,2026-11-18,CUST040,P010,UPS,Power,South,Online,4,8000,0.05,30400.0
ORD02526,2026-11-19,CUST043,P007,Tablet,Electronics,East,Online,1,28000,0.1,25200.0
ORD02527,2026-11-19,CUST051,P009,Router,Networking,North,Partner,3,6500,0,19500
ORD02528,2026-11-19,CUST059,P001,Laptop,Electronics,East,Retail,5,65000,0.1,292500.0
ORD02529,2026-11-19,CUST007,P003,Keyboard,Accessories,North,Online,1,2200,0,2200
ORD02530,2026-11-19,CUST015,P005,Printer,Office,East,Partner,3,12500,0.1,33750.0
ORD02531,2026-11-20,CUST018,P002,Monitor,Electronics,West,Partner,6,18000,0.15,91800.0
ORD02532,2026-11-20,CUST026,P004,Mouse,Accessories,South,Retail,2,900,0.05,1710.0
ORD02533,2026-11-20,CUST034,P006,Headset,Accessories,West,Online,4,3500,0.15,11900.0
ORD02534,2026-11-20,CUST042,P008,Webcam,Accessories,South,Partner,6,4500,0.05,25650.0
ORD02535,2026-11-20,CUST050,P010,UPS,Power,West,Retail,2,8000,0.15,13600.0
ORD02536,2026-11-21,CUST053,P007,Tablet,Electronics,North,Retail,5,28000,0,140000
ORD02537,2026-11-21,CUST001,P009,Router,Networking,East,Online,1,6500,0.1,5850.0
ORD02538,2026-11-21,CUST009,P001,Laptop,Electronics,North,Partner,3,65000,0,195000
ORD02539,2026-11-21,CUST017,P003,Keyboard,Accessories,East,Retail,5,2200,0.1,9900.0
ORD02540,2026-11-21,CUST025,P005,Printer,Office,North,Online,1,12500,0,12500
ORD02541,2026-11-22,CUST028,P002,Monitor,Electronics,South,Online,4,18000,0.05,68400.0
ORD02542,2026-11-22,CUST036,P004,Mouse,Accessories,West,Partner,6,900,0.15,4590.0
ORD02543,2026-11-22,CUST044,P006,Headset,Accessories,South,Retail,2,3500,0.05,6650.0
ORD02544,2026-11-22,CUST052,P008,Webcam,Accessories,West,Online,4,4500,0.15,15300.0
ORD02545,2026-11-22,CUST060,P010,UPS,Power,South,Partner,6,8000,0.05,45600.0
ORD02546,2026-11-23,CUST003,P007,Tablet,Electronics,East,Partner,3,28000,0.1,75600.0
ORD02547,2026-11-23,CUST011,P009,Router,Networking,North,Retail,5,6500,0,32500
ORD02548,2026-11-23,CUST019,P001,Laptop,Electronics,East,Online,1,65000,0.1,58500.0
ORD02549,2026-11-23,CUST027,P003,Keyboard,Accessories,North,Partner,3,2200,0,6600
ORD02550,2026-11-23,CUST035,P005,Printer,Office,East,Retail,5,12500,0.1,56250.0
ORD02551,2026-11-24,CUST038,P002,Monitor,Electronics,West,Retail,2,18000,0.15,30600.0
ORD02552,2026-11-24,CUST046,P004,Mouse,Accessories,South,Online,4,900,0.05,3420.0
ORD02553,2026-11-24,CUST054,P006,Headset,Accessories,West,Partner,6,3500,0.15,17850.0
ORD02554,2026-11-24,CUST002,P008,Webcam,Accessories,South,Retail,2,4500,0.05,8550.0
ORD02555,2026-11-24,CUST010,P010,UPS,Power,West,Online,4,8000,0.15,27200.0
ORD02556,2026-11-25,CUST013,P007,Tablet,Electronics,North,Online,1,28000,0,28000
ORD02557,2026-11-25,CUST021,P009,Router,Networking,East,Partner,3,6500,0.1,17550.0
ORD02558,2026-11-25,CUST029,P001,Laptop,Electronics,North,Retail,5,65000,0,325000
ORD02559,2026-11-25,CUST037,P003,Keyboard,Accessories,East,Online,1,2200,0.1,1980.0
ORD02560,2026-11-25,CUST045,P005,Printer,Office,North,Partner,3,12500,0,37500
ORD02561,2026-11-26,CUST048,P002,Monitor,Electronics,South,Partner,6,18000,0.05,102600.0
ORD02562,2026-11-26,CUST056,P004,Mouse,Accessories,West,Retail,2,900,0.15,1530.0
ORD02563,2026-11-26,CUST004,P006,Headset,Accessories,South,Online,4,3500,0.05,13300.0
ORD02564,2026-11-26,CUST012,P008,Webcam,Accessories,West,Partner,6,4500,0.15,22950.0
ORD02565,2026-11-26,CUST020,P010,UPS,Power,South,Retail,2,8000,0.05,15200.0
ORD02566,2026-11-27,CUST023,P007,Tablet,Electronics,East,Retail,5,28000,0.1,126000.0
ORD02567,2026-11-27,CUST031,P009,Router,Networking,North,Online,1,6500,0,6500
ORD02568,2026-11-27,CUST039,P001,Laptop,Electronics,East,Partner,3,65000,0.1,175500.0
ORD02569,2026-11-27,CUST047,P003,Keyboard,Accessories,North,Retail,5,2200,0,11000
ORD02570,2026-11-27,CUST055,P005,Printer,Office,East,Online,1,12500,0.1,11250.0
ORD02571,2026-11-28,CUST058,P002,Monitor,Electronics,West,Online,4,18000,0.15,61200.0
ORD02572,2026-11-28,CUST006,P004,Mouse,Accessories,South,Partner,6,900,0.05,5130.0
ORD02573,2026-11-28,CUST014,P006,Headset,Accessories,West,Retail,2,3500,0.15,5950.0
ORD02574,2026-11-28,CUST022,P008,Webcam,Accessories,South,Online,4,4500,0.05,17100.0
ORD02575,2026-11-28,CUST030,P010,UPS,Power,West,Partner,6,8000,0.15,40800.0
ORD02576,2026-11-29,CUST033,P007,Tablet,Electronics,North,Partner,3,28000,0,84000
ORD02577,2026-11-29,CUST041,P009,Router,Networking,East,Retail,5,6500,0.1,29250.0
ORD02578,2026-11-29,CUST049,P001,Laptop,Electronics,North,Online,1,65000,0,65000
ORD02579,2026-11-29,CUST057,P003,Keyboard,Accessories,East,Partner,3,2200,0.1,5940.0
ORD02580,2026-11-29,CUST005,P005,Printer,Office,North,Retail,5,12500,0,62500
ORD02581,2026-11-30,CUST008,P002,Monitor,Electronics,South,Retail,2,18000,0.05,34200.0
ORD02582,2026-11-30,CUST016,P004,Mouse,Accessories,West,Online,4,900,0.15,3060.0
ORD02583,2026-11-30,CUST024,P006,Headset,Accessories,South,Partner,6,3500,0.05,19950.0
ORD02584,2026-11-30,CUST032,P008,Webcam,Accessories,West,Retail,2,4500,0.15,7650.0
ORD02585,2026-11-30,CUST040,P010,UPS,Power,South,Online,4,8000,0.05,30400.0
ORD02586,2026-12-01,CUST043,P007,Tablet,Electronics,East,Online,1,28000,0.1,25200.0
ORD02587,2026-12-01,CUST051,P009,Router,Networking,North,Partner,3,6500,0,19500
ORD02588,2026-12-01,CUST059,P001,Laptop,Electronics,East,Retail,5,65000,0.1,292500.0
ORD02589,2026-12-01,CUST007,P003,Keyboard,Accessories,North,Online,1,2200,0,2200
ORD02590,2026-12-01,CUST015,P005,Printer,Office,East,Partner,3,12500,0.1,33750.0
ORD02591,2026-12-02,CUST018,P002,Monitor,Electronics,West,Partner,6,18000,0.15,91800.0
ORD02592,2026-12-02,CUST026,P004,Mouse,Accessories,South,Retail,2,900,0.05,1710.0
ORD02593,2026-12-02,CUST034,P006,Headset,Accessories,West,Online,4,3500,0.15,11900.0
ORD02594,2026-12-02,CUST042,P008,Webcam,Accessories,South,Partner,6,4500,0.05,25650.0
ORD02595,2026-12-02,CUST050,P010,UPS,Power,West,Retail,2,8000,0.15,13600.0
ORD02596,2026-12-03,CUST053,P007,Tablet,Electronics,North,Retail,5,28000,0,140000
ORD02597,2026-12-03,CUST001,P009,Router,Networking,East,Online,1,6500,0.1,5850.0
ORD02598,2026-12-03,CUST009,P001,Laptop,Electronics,North,Partner,3,65000,0,195000
ORD02599,2026-12-03,CUST017,P003,Keyboard,Accessories,East,Retail,5,2200,0.1,9900.0
ORD02600,2026-12-03,CUST025,P005,Printer,Office,North,Online,1,12500,0,12500
ORD02601,2026-12-04,CUST028,P002,Monitor,Electronics,South,Online,4,18000,0.05,68400.0
ORD02602,2026-12-04,CUST036,P004,Mouse,Accessories,West,Partner,6,900,0.15,4590.0
ORD02603,2026-12-04,CUST044,P006,Headset,Accessories,South,Retail,2,3500,0.05,6650.0
ORD02604,2026-12-04,CUST052,P008,Webcam,Accessories,West,Online,4,4500,0.15,15300.0
ORD02605,2026-12-04,CUST060,P010,UPS,Power,South,Partner,6,8000,0.05,45600.0
ORD02606,2026-12-05,CUST003,P007,Tablet,Electronics,East,Partner,3,28000,0.1,75600.0
ORD02607,2026-12-05,CUST011,P009,Router,Networking,North,Retail,5,6500,0,32500
ORD02608,2026-12-05,CUST019,P001,Laptop,Electronics,East,Online,1,65000,0.1,58500.0
ORD02609,2026-12-05,CUST027,P003,Keyboard,Accessories,North,Partner,3,2200,0,6600
ORD02610,2026-12-05,CUST035,P005,Printer,Office,East,Retail,5,12500,0.1,56250.0
ORD02611,2026-12-06,CUST038,P002,Monitor,Electronics,West,Retail,2,18000,0.15,30600.0
ORD02612,2026-12-06,CUST046,P004,Mouse,Accessories,South,Online,4,900,0.05,3420.0
ORD02613,2026-12-06,CUST054,P006,Headset,Accessories,West,Partner,6,3500,0.15,17850.0
ORD02614,2026-12-06,CUST002,P008,Webcam,Accessories,South,Retail,2,4500,0.05,8550.0
ORD02615,2026-12-06,CUST010,P010,UPS,Power,West,Online,4,8000,0.15,27200.0
ORD02616,2026-12-07,CUST013,P007,Tablet,Electronics,North,Online,1,28000,0,28000
ORD02617,2026-12-07,CUST021,P009,Router,Networking,East,Partner,3,6500,0.1,17550.0
ORD02618,2026-12-07,CUST029,P001,Laptop,Electronics,North,Retail,5,65000,0,325000
ORD02619,2026-12-07,CUST037,P003,Keyboard,Accessories,East,Online,1,2200,0.1,1980.0
ORD02620,2026-12-07,CUST045,P005,Printer,Office,North,Partner,3,12500,0,37500
ORD02621,2026-12-08,CUST048,P002,Monitor,Electronics,South,Partner,6,18000,0.05,102600.0
ORD02622,2026-12-08,CUST056,P004,Mouse,Accessories,West,Retail,2,900,0.15,1530.0
ORD02623,2026-12-08,CUST004,P006,Headset,Accessories,South,Online,4,3500,0.05,13300.0
ORD02624,2026-12-08,CUST012,P008,Webcam,Accessories,West,Partner,6,4500,0.15,22950.0
ORD02625,2026-12-08,CUST020,P010,UPS,Power,South,Retail,2,8000,0.05,15200.0
ORD02626,2026-12-09,CUST023,P007,Tablet,Electronics,East,Retail,5,28000,0.1,126000.0
ORD02627,2026-12-09,CUST031,P009,Router,Networking,North,Online,1,6500,0,6500
ORD02628,2026-12-09,CUST039,P001,Laptop,Electronics,East,Partner,3,65000,0.1,175500.0
ORD02629,2026-12-09,CUST047,P003,Keyboard,Accessories,North,Retail,5,2200,0,11000
ORD02630,2026-12-09,CUST055,P005,Printer,Office,East,Online,1,12500,0.1,11250.0
ORD02631,2026-12-10,CUST058,P002,Monitor,Electronics,West,Online,4,18000,0.15,61200.0
ORD02632,2026-12-10,CUST006,P004,Mouse,Accessories,South,Partner,6,900,0.05,5130.0
ORD02633,2026-12-10,CUST014,P006,Headset,Accessories,West,Retail,2,3500,0.15,5950.0
ORD02634,2026-12-10,CUST022,P008,Webcam,Accessories,South,Online,4,4500,0.05,17100.0
ORD02635,2026-12-10,CUST030,P010,UPS,Power,West,Partner,6,8000,0.15,40800.0
ORD02636,2026-12-11,CUST033,P007,Tablet,Electronics,North,Partner,3,28000,0,84000
ORD02637,2026-12-11,CUST041,P009,Router,Networking,East,Retail,5,6500,0.1,29250.0
ORD02638,2026-12-11,CUST049,P001,Laptop,Electronics,North,Online,1,65000,0,65000
ORD02639,2026-12-11,CUST057,P003,Keyboard,Accessories,East,Partner,3,2200,0.1,5940.0
ORD02640,2026-12-11,CUST005,P005,Printer,Office,North,Retail,5,12500,0,62500
ORD02641,2026-12-12,CUST008,P002,Monitor,Electronics,South,Retail,2,18000,0.05,34200.0
ORD02642,2026-12-12,CUST016,P004,Mouse,Accessories,West,Online,4,900,0.15,3060.0
ORD02643,2026-12-12,CUST024,P006,Headset,Accessories,South,Partner,6,3500,0.05,19950.0
ORD02644,2026-12-12,CUST032,P008,Webcam,Accessories,West,Retail,2,4500,0.15,7650.0
ORD02645,2026-12-12,CUST040,P010,UPS,Power,South,Online,4,8000,0.05,30400.0
ORD02646,2026-12-13,CUST043,P007,Tablet,Electronics,East,Online,1,28000,0.1,25200.0
ORD02647,2026-12-13,CUST051,P009,Router,Networking,North,Partner,3,6500,0,19500
ORD02648,2026-12-13,CUST059,P001,Laptop,Electronics,East,Retail,5,65000,0.1,292500.0
ORD02649,2026-12-13,CUST007,P003,Keyboard,Accessories,North,Online,1,2200,0,2200
ORD02650,2026-12-13,CUST015,P005,Printer,Office,East,Partner,3,12500,0.1,33750.0
ORD02651,2026-12-14,CUST018,P002,Monitor,Electronics,West,Partner,6,18000,0.15,91800.0
ORD02652,2026-12-14,CUST026,P004,Mouse,Accessories,South,Retail,2,900,0.05,1710.0
ORD02653,2026-12-14,CUST034,P006,Headset,Accessories,West,Online,4,3500,0.15,11900.0
ORD02654,2026-12-14,CUST042,P008,Webcam,Accessories,South,Partner,6,4500,0.05,25650.0
ORD02655,2026-12-14,CUST050,P010,UPS,Power,West,Retail,2,8000,0.15,13600.0
ORD02656,2026-12-15,CUST053,P007,Tablet,Electronics,North,Retail,5,28000,0,140000
ORD02657,2026-12-15,CUST001,P009,Router,Networking,East,Online,1,6500,0.1,5850.0
ORD02658,2026-12-15,CUST009,P001,Laptop,Electronics,North,Partner,3,65000,0,195000
ORD02659,2026-12-15,CUST017,P003,Keyboard,Accessories,East,Retail,5,2200,0.1,9900.0
ORD02660,2026-12-15,CUST025,P005,Printer,Office,North,Online,1,12500,0,12500
ORD02661,2026-12-16,CUST028,P002,Monitor,Electronics,South,Online,4,18000,0.05,68400.0
ORD02662,2026-12-16,CUST036,P004,Mouse,Accessories,West,Partner,6,900,0.15,4590.0
ORD02663,2026-12-16,CUST044,P006,Headset,Accessories,South,Retail,2,3500,0.05,6650.0
ORD02664,2026-12-16,CUST052,P008,Webcam,Accessories,West,Online,4,4500,0.15,15300.0
ORD02665,2026-12-16,CUST060,P010,UPS,Power,South,Partner,6,8000,0.05,45600.0
ORD02666,2026-12-17,CUST003,P007,Tablet,Electronics,East,Partner,3,28000,0.1,75600.0
ORD02667,2026-12-17,CUST011,P009,Router,Networking,North,Retail,5,6500,0,32500
ORD02668,2026-12-17,CUST019,P001,Laptop,Electronics,East,Online,1,65000,0.1,58500.0
ORD02669,2026-12-17,CUST027,P003,Keyboard,Accessories,North,Partner,3,2200,0,6600
ORD02670,2026-12-17,CUST035,P005,Printer,Office,East,Retail,5,12500,0.1,56250.0
ORD02671,2026-12-18,CUST038,P002,Monitor,Electronics,West,Retail,2,18000,0.15,30600.0
ORD02672,2026-12-18,CUST046,P004,Mouse,Accessories,South,Online,4,900,0.05,3420.0
ORD02673,2026-12-18,CUST054,P006,Headset,Accessories,West,Partner,6,3500,0.15,17850.0
ORD02674,2026-12-18,CUST002,P008,Webcam,Accessories,South,Retail,2,4500,0.05,8550.0
ORD02675,2026-12-18,CUST010,P010,UPS,Power,West,Online,4,8000,0.15,27200.0
ORD02676,2026-12-19,CUST013,P007,Tablet,Electronics,North,Online,1,28000,0,28000
ORD02677,2026-12-19,CUST021,P009,Router,Networking,East,Partner,3,6500,0.1,17550.0
ORD02678,2026-12-19,CUST029,P001,Laptop,Electronics,North,Retail,5,65000,0,325000
ORD02679,2026-12-19,CUST037,P003,Keyboard,Accessories,East,Online,1,2200,0.1,1980.0
ORD02680,2026-12-19,CUST045,P005,Printer,Office,North,Partner,3,12500,0,37500
ORD02681,2026-12-20,CUST048,P002,Monitor,Electronics,South,Partner,6,18000,0.05,102600.0
ORD02682,2026-12-20,CUST056,P004,Mouse,Accessories,West,Retail,2,900,0.15,1530.0
ORD02683,2026-12-20,CUST004,P006,Headset,Accessories,South,Online,4,3500,0.05,13300.0
ORD02684,2026-12-20,CUST012,P008,Webcam,Accessories,West,Partner,6,4500,0.15,22950.0
ORD02685,2026-12-20,CUST020,P010,UPS,Power,South,Retail,2,8000,0.05,15200.0
ORD02686,2026-12-21,CUST023,P007,Tablet,Electronics,East,Retail,5,28000,0.1,126000.0
ORD02687,2026-12-21,CUST031,P009,Router,Networking,North,Online,1,6500,0,6500
ORD02688,2026-12-21,CUST039,P001,Laptop,Electronics,East,Partner,3,65000,0.1,175500.0
ORD02689,2026-12-21,CUST047,P003,Keyboard,Accessories,North,Retail,5,2200,0,11000
ORD02690,2026-12-21,CUST055,P005,Printer,Office,East,Online,1,12500,0.1,11250.0
ORD02691,2026-12-22,CUST058,P002,Monitor,Electronics,West,Online,4,18000,0.15,61200.0
ORD02692,2026-12-22,CUST006,P004,Mouse,Accessories,South,Partner,6,900,0.05,5130.0
ORD02693,2026-12-22,CUST014,P006,Headset,Accessories,West,Retail,2,3500,0.15,5950.0
ORD02694,2026-12-22,CUST022,P008,Webcam,Accessories,South,Online,4,4500,0.05,17100.0
ORD02695,2026-12-22,CUST030,P010,UPS,Power,West,Partner,6,8000,0.15,40800.0
ORD02696,2026-12-23,CUST033,P007,Tablet,Electronics,North,Partner,3,28000,0,84000
ORD02697,2026-12-23,CUST041,P009,Router,Networking,East,Retail,5,6500,0.1,29250.0
ORD02698,2026-12-23,CUST049,P001,Laptop,Electronics,North,Online,1,65000,0,65000
ORD02699,2026-12-23,CUST057,P003,Keyboard,Accessories,East,Partner,3,2200,0.1,5940.0
ORD02700,2026-12-23,CUST005,P005,Printer,Office,North,Retail,5,12500,0,62500
ORD02701,2026-12-24,CUST008,P002,Monitor,Electronics,South,Retail,2,18000,0.05,34200.0
ORD02702,2026-12-24,CUST016,P004,Mouse,Accessories,West,Online,4,900,0.15,3060.0
ORD02703,2026-12-24,CUST024,P006,Headset,Accessories,South,Partner,6,3500,0.05,19950.0
ORD02704,2026-12-24,CUST032,P008,Webcam,Accessories,West,Retail,2,4500,0.15,7650.0
ORD02705,2026-12-24,CUST040,P010,UPS,Power,South,Online,4,8000,0.05,30400.0
ORD02706,2026-12-25,CUST043,P007,Tablet,Electronics,East,Online,1,28000,0.1,25200.0
ORD02707,2026-12-25,CUST051,P009,Router,Networking,North,Partner,3,6500,0,19500
ORD02708,2026-12-25,CUST059,P001,Laptop,Electronics,East,Retail,5,65000,0.1,292500.0
ORD02709,2026-12-25,CUST007,P003,Keyboard,Accessories,North,Online,1,2200,0,2200
ORD02710,2026-12-25,CUST015,P005,Printer,Office,East,Partner,3,12500,0.1,33750.0
ORD02711,2026-12-26,CUST018,P002,Monitor,Electronics,West,Partner,6,18000,0.15,91800.0
ORD02712,2026-12-26,CUST026,P004,Mouse,Accessories,South,Retail,2,900,0.05,1710.0
ORD02713,2026-12-26,CUST034,P006,Headset,Accessories,West,Online,4,3500,0.15,11900.0
ORD02714,2026-12-26,CUST042,P008,Webcam,Accessories,South,Partner,6,4500,0.05,25650.0
ORD02715,2026-12-26,CUST050,P010,UPS,Power,West,Retail,2,8000,0.15,13600.0
ORD02716,2026-12-27,CUST053,P007,Tablet,Electronics,North,Retail,5,28000,0,140000
ORD02717,2026-12-27,CUST001,P009,Router,Networking,East,Online,1,6500,0.1,5850.0
ORD02718,2026-12-27,CUST009,P001,Laptop,Electronics,North,Partner,3,65000,0,195000
ORD02719,2026-12-27,CUST017,P003,Keyboard,Accessories,East,Retail,5,2200,0.1,9900.0
ORD02720,2026-12-27,CUST025,P005,Printer,Office,North,Online,1,12500,0,12500
ORD02721,2026-12-28,CUST028,P002,Monitor,Electronics,South,Online,4,18000,0.05,68400.0
ORD02722,2026-12-28,CUST036,P004,Mouse,Accessories,West,Partner,6,900,0.15,4590.0
ORD02723,2026-12-28,CUST044,P006,Headset,Accessories,South,Retail,2,3500,0.05,6650.0
ORD02724,2026-12-28,CUST052,P008,Webcam,Accessories,West,Online,4,4500,0.15,15300.0
ORD02725,2026-12-28,CUST060,P010,UPS,Power,South,Partner,6,8000,0.05,45600.0
ORD02726,2026-12-29,CUST003,P007,Tablet,Electronics,East,Partner,3,28000,0.1,75600.0
ORD02727,2026-12-29,CUST011,P009,Router,Networking,North,Retail,5,6500,0,32500
ORD02728,2026-12-29,CUST019,P001,Laptop,Electronics,East,Online,1,65000,0.1,58500.0
ORD02729,2026-12-29,CUST027,P003,Keyboard,Accessories,North,Partner,3,2200,0,6600
ORD02730,2026-12-29,CUST035,P005,Printer,Office,East,Retail,5,12500,0.1,56250.0
ORD02731,2026-12-30,CUST038,P002,Monitor,Electronics,West,Retail,2,18000,0.15,30600.0
ORD02732,2026-12-30,CUST046,P004,Mouse,Accessories,South,Online,4,900,0.05,3420.0
ORD02733,2026-12-30,CUST054,P006,Headset,Accessories,West,Partner,6,3500,0.15,17850.0
ORD02734,2026-12-30,CUST002,P008,Webcam,Accessories,South,Retail,2,4500,0.05,8550.0
ORD02735,2026-12-30,CUST010,P010,UPS,Power,West,Online,4,8000,0.15,27200.0
ORD02736,2026-12-31,CUST013,P007,Tablet,Electronics,North,Online,1,28000,0,28000
ORD02737,2026-12-31,CUST021,P009,Router,Networking,East,Partner,3,6500,0.1,17550.0
ORD02738,2026-12-31,CUST029,P001,Laptop,Electronics,North,Retail,5,65000,0,325000
ORD02739,2026-12-31,CUST037,P003,Keyboard,Accessories,East,Online,1,2200,0.1,1980.0
ORD02740,2026-12-31,CUST045,P005,Printer,Office,North,Partner,3,12500,0,37500
