employee_id,employee_name,department,salary,joining_date,status,age
EMP00001,Neel Das,HR,60000,2024-02-10,Inactive,47
EMP00002,Vihaan Das,Marketing,45000,2022-10-04,Active,41
EMP00003,Riya Singh,Finance,72000,2022-01-20,Inactive,36
EMP00004,Tara Nair,IT,60000,2023-05-25,Active,36
EMP00005,Vihaan Iyer,IT,72000,2023-01-30,On Leave,22
EMP00006,Vihaan Mehta,HR,95000,2022-02-09,Inactive,39
EMP00007,Aarav Mehta,Finance,72000,2021-10-22,Inactive,58
EMP00008,Ira Singh,HR,95000,2024-07-21,Active,36
EMP00009,Diya Das,Marketing,N/A,2026-02-20,Inactive,36
EMP00010,Ishaan Mehta,Sales,95000,2026-06-11,On Leave,55
EMP00011,Aarav Das,Operations,95000,2024-07-05,On Leave,36
EMP00012,Rahul Das,Sales,38000,2023-11-15,Inactive,53
EMP00013,Vihaan Patel,Sales,60000,2022-11-29,Inactive,48
EMP00014,Pooja Nair,HR,45000,2021-01-07,On Leave,33
EMP00015,Rahul Mehta,Finance,32000,2025-08-13,Inactive,37
EMP00016,Karan Rao,HR,45000,2021-12-29,Active,49
EMP00017,Ira Iyer,HR,38000,2024-04-21,On Leave,56
EMP00018,Aditya Rao,HR,80000,2024-10-11,On Leave,57
EMP00019,Rahul Patel,IT,45000,2026-02-25,On Leave,30
EMP00020,Riya Gupta,IT,32000,2021-01-07,On Leave,53
EMP00021,Aarav Nair,HR,95000,2022-08-22,On Leave,34
EMP00022,Riya Patel,HR,95000,2023-01-25,Inactive,51
EMP00023,Riya Iyer,HR,80000,2022-10-24,Inactive,41
EMP00024,Ira Nair,IT,95000,2025-02-19,On Leave,33
EMP00025,Anaya Patel,Finance,45000,2021-06-15,On Leave,48
EMP00026,Anaya Mehta,Finance,95000,2022-06-24,Inactive,56
EMP00027,Nisha Patel,IT,72000,2026-03-08,Inactive,48
EMP00028,Maya Mehta,Marketing,72000,2023-10-04,Active,39
EMP00029,Riya Mehta,IT,60000,2024-02-20,Active,26
EMP00030,Tara Sharma,IT,60000,2023-03-05,Inactive,47
EMP00031,Sara Patel,Sales,80000,2024-01-29,Active,45
EMP00032,Dev Singh,Finance,80000,2024-11-24,Inactive,34
EMP00033,Anaya Gupta,Finance,42000,2022-06-08,On Leave,27
EMP00034,Ira Singh,Marketing,72000,2026-03-27,On Leave,43
EMP00035,Nisha Rao,HR,95000,2026-03-13,Inactive,39
EMP00036,Anaya Sharma,HR,95000,2024-03-02,Inactive,23
EMP00037,Aditya Singh,Finance,60000,2022-11-06,Inactive,45
EMP00038,Diya Patel,IT,95000,2022-06-02,On Leave,44
EMP00039,Aarav Mehta,IT,42000,2024-10-01,Inactive,36
EMP00040,Maya Nair,IT,32000,2022-09-02,On Leave,27
EMP00041,Riya Singh,Sales,72000,2024-03-26,Inactive,42
EMP00042,Sara Mehta,Finance,45000,2024-06-07,Inactive,58
EMP00043,Nisha Sharma,HR,60000,2022-05-26,Inactive,43
EMP00044,Dev Rao,Finance,32000,2026-02-09,Inactive,49
EMP00045,Sara Khan,Sales,45000,2025-01-04,Inactive,40
EMP00046,Dev Patel,Operations,95000,2024-04-25,Active,39
EMP00047,Dev Iyer,IT,32000,2024-02-24,On Leave,36
EMP00048,Maya Mehta,HR,52000,2022-09-18,Active,25
EMP00049,Ishaan Patel,Sales,42000,2022-04-17,Inactive,34
EMP00050,Neel Mehta,HR,72000,2024-12-26,On Leave,50
EMP00051,Aarav Rao,HR,80000,2022-05-17,Active,31
EMP00052,Nisha Mehta,,52000,2022-03-28,Inactive,21
EMP00053,Neel Singh,Marketing,32000,2023-06-26,On Leave,30
EMP00054,Arjun Singh,Marketing,72000,2021-12-20,On Leave,58
EMP00055,Anaya Khan,Marketing,45000,2022-11-10,Inactive,52
EMP00056,Aditya Patel,IT,38000,2025-05-19,Active,51
EMP00057,Tara Patel,Sales,42000,2021-04-06,Inactive,50
EMP00058,Ishaan Das,Finance,60000,2024-06-10,On Leave,38
EMP00059,Neel Sharma,HR,32000,2023-05-17,Active,58
EMP00060,Pooja Iyer,Sales,32000,2025-04-16,Active,23
EMP00061,Dev Patel,IT,45000,2025-03-12,Active,42
EMP00062,Ira Iyer,HR,95000,2022-01-03,Inactive,30
EMP00063,Diya Rao,Operations,42000,2021-09-12,On Leave,48
EMP00064,Karan Rao,IT,72000,2023-12-11,Active,33
EMP00065,Sara Gupta,Finance,80000,2026-06-09,On Leave,25
EMP00066,Diya Patel,HR,32000,2025-02-06,Inactive,26
EMP04997,Pooja Das,Marketing,52000,2021-11-25,Active,46
EMP00068,Riya Iyer,HR,52000,2024-06-08,Active,49
EMP00069,Karan Singh,IT,42000,2021-08-13,Active,42
EMP00070,Neel Sharma,IT,60000,2022-02-09,Active,56
EMP00071,Anaya Mehta,Operations,72000,2021-10-20,Inactive,52
EMP00072,Pooja Rao,HR,80000,2021-06-24,On Leave,52
EMP00073,Aditya Das,Marketing,60000,2026-06-13,Inactive,43
EMP00074,Vihaan Patel,IT,-5000,2023-12-06,On Leave,53
EMP00075,Tara Rao,Marketing,42000,2024-05-23,On Leave,23
EMP00076,Diya Gupta,Operations,60000,2023-03-05,Inactive,44
EMP00077,Kabir Mehta,Finance,60000,2024-02-25,Inactive,36
EMP00078,Riya Khan,HR,95000,2023-07-19,Inactive,36
EMP00079,Pooja Singh,HR,52000,2024-07-02,Inactive,21
EMP00080,Tara Patel,Sales,38000,2024-05-04,Inactive,57
EMP00081,Karan Gupta,Operations,42000,2024-03-12,Active,56
EMP00082,Rahul Mehta,HR,38000,2025-08-23,On Leave,41
EMP00083,Arjun Das,Operations,95000,2021-08-11,Active,41
EMP00084,Rahul Iyer,Sales,38000,2025-07-13,On Leave,57
EMP00085,Tara Das,IT,80000,2025-04-21,On Leave,38
EMP00086,Rahul Nair,HR,72000,2025-02-12,Inactive,30
EMP00087,Maya Gupta,IT,60000,2026-06-20,Inactive,41
EMP00088,Anaya Gupta,IT,42000,2023-11-21,Active,33
EMP00089,Ira Rao,Marketing,52000,2022-11-15,Active,21
EMP00090,Karan Khan,Sales,42000,2021-04-28,On Leave,26
EMP00091,Rahul Sharma,IT,42000,2024-08-09,Active,35
EMP00092,Sara Mehta,Marketing,72000,2025-07-11,Active,48
EMP00093,Ishaan Iyer,HR,60000,2026-02-08,Inactive,55
EMP00094,Kabir Gupta,Finance,72000,2021-04-03,On Leave,32
EMP00095,Arjun Mehta,Sales,52000,2023-03-11,Active,55
EMP00096,Tara Das,Marketing,32000,2024-12-28,Active,34
EMP00097,Dev Mehta,IT,45000,2023-09-09,Active,27
EMP00098,Tara Nair,Operations,80000,2023-04-19,On Leave,42
EMP00099,Dev Singh,Marketing,52000,2023-02-13,Inactive,46
EMP00100,Ishaan Sharma,HR,45000,2021-05-03,Active,49
EMP00101,Ishaan Gupta,Sales,52000,2022-08-13,Inactive,57
EMP00102,Anaya Mehta,IT,42000,2023-09-18,On Leave,22
EMP00103,Neel Gupta,Sales,80000,2025-06-19,On Leave,45
EMP00104,Ira Sharma,Sales,72000,2022-02-25,Active,29
EMP00105,Vihaan Patel,HR,45000,2021-11-15,On Leave,34
EMP00106,Diya Iyer,Operations,60000,2022-11-14,Inactive,43
EMP00107,Anaya Das,Operations,95000,2024-01-02,,21
EMP00108,Nisha Sharma,Operations,80000,2021-12-04,Active,43
EMP00109,Meera Nair,Finance,42000,2023-03-24,Inactive,52
EMP00110,Sara Sharma,IT,32000,2022-08-31,Active,54
EMP00111,Tara Nair,Finance,72000,2026-04-28,Active,44
EMP00112,Anaya Gupta,Finance,42000,2023-03-11,On Leave,50
EMP00113,Kabir Sharma,HR,72000,2022-03-08,Inactive,28
EMP00114,Meera Singh,Sales,32000,2026-04-21,Inactive,53
EMP00115,Anaya Khan,IT,,2024-01-24,Active,48
EMP00116,Vihaan Gupta,IT,80000,2025-02-02,Inactive,48
EMP00117,Karan Singh,Operations,32000,2025-07-15,Inactive,22
EMP00118,Riya Khan,IT,72000,2022-06-25,On Leave,48
EMP00119,Tara Khan,IT,38000,2022-01-01,Active,48
EMP00120,Tara Iyer,IT,38000,2024-12-04,On Leave,34
EMP00121,Aarav Rao,Marketing,42000,2026-04-22,Inactive,47
EMP00122,Riya Rao,Sales,52000,2026-02-16,On Leave,46
EMP00123,Sara Patel,Sales,95000,2023-04-15,On Leave,32
EMP00124,Aarav Gupta,HR,42000,2024-10-04,On Leave,56
EMP00125,Anaya Iyer,HR,52000,2026-02-01,Inactive,50
EMP00126,Tara Mehta,HR,72000,2025-01-10,Active,24
EMP00127,Nisha Sharma,IT,72000,2024-10-25,On Leave,29
EMP00128,Vihaan Das,Operations,60000,2023-05-21,Active,57
EMP00129,Sara Rao,Marketing,52000,2024-10-12,Inactive,49
EMP00130,Arjun Khan,HR,38000,2023-09-01,On Leave,39
EMP00131,Meera Gupta,HR,95000,2023-04-25,Inactive,42
EMP00132,Neel Khan,Marketing,38000,2022-03-30,Active,53
EMP00133,Diya Mehta,Sales,60000,2026-02-24,On Leave,23
EMP00134,Tara Das,Marketing,32000,2024-05-26,Active,29
EMP00135,Ishaan Khan,Sales,95000,2024-06-22,Active,27
EMP00136,Sara Khan,IT,80000,2023-03-10,Active,29
EMP00137,Vihaan Iyer,Sales,52000,2022-02-21,Active,39
EMP00138,Arjun Rao,Sales,38000,2025-10-29,Inactive,38
EMP00139,Kabir Rao,Finance,95000,2022-07-06,Inactive,47
EMP00140,Nisha Iyer,Operations,80000,2022-10-01,,35
EMP00141,Kabir Iyer,Sales,42000,2026-01-19,Active,54
EMP00142,Aarav Khan,HR,80000,2022-04-18,Inactive,48
EMP00143,Neel Das,Sales,72000,2021-09-18,Inactive,48
EMP00144,Neel Gupta,Marketing,60000,2022-09-23,Inactive,48
EMP00145,Ishaan Singh,IT,32000,2023-03-12,Active,49
EMP00146,Aditya Gupta,IT,95000,2024-09-11,On Leave,50
EMP00147,Kabir Das,HR,80000,2024-12-18,On Leave,52
EMP00148,Dev Gupta,HR,45000,2021-10-26,Inactive,53
EMP00149,Sara Rao,Sales,45000,2025-06-26,On Leave,44
EMP00150,Maya Iyer,Finance,72000,2025-07-18,Inactive,34
EMP00151,Riya Mehta,IT,95000,2021-07-09,Inactive,50
EMP00152,Neel Gupta,Operations,38000,2023-04-25,Active,22
EMP00153,Dev Khan,IT,32000,2022-03-22,On Leave,56
EMP00154,Pooja Mehta,Finance,52000,2021-10-14,Inactive,30
EMP00155,Maya Das,Operations,60000,2021-09-14,Inactive,49
EMP00156,Anaya Das,IT,72000,2023-11-22,On Leave,58
EMP00157,Dev Singh,Sales,42000,2025-09-03,On Leave,32
EMP00158,Aarav Singh,Finance,45000,2024-12-22,On Leave,50
EMP00159,Sara Iyer,Operations,72000,2024-11-14,On Leave,34
EMP00160,Nisha Rao,HR,32000,2025-09-28,On Leave,54
EMP00161,Meera Nair,Finance,32000,2021-02-13,Active,36
EMP00162,Ishaan Das,Sales,32000,2025-09-22,Inactive,43
EMP00163,Sara Iyer,Finance,38000,2025-05-23,Active,40
EMP00164,Tara Gupta,Marketing,95000,2022-01-23,On Leave,23
EMP00165,Kabir Nair,Finance,60000,2025-07-12,On Leave,21
EMP00166,Aditya Das,HR,60000,2021-10-11,Inactive,57
EMP00167,Aditya Das,Sales,95000,2023-04-12,Inactive,52
EMP00168,Pooja Das,HR,52000,2023-02-18,Inactive,43
EMP00169,Anaya Patel,IT,42000,2023-10-16,Active,47
EMP00170,Neel Nair,Finance,52000,2021-05-11,On Leave,39
EMP00171,Aarav Singh,Marketing,52000,2021-12-10,Inactive,50
EMP00172,Maya Mehta,Operations,38000,2021-12-13,Inactive,34
EMP00173,Nisha Mehta,Operations,52000,2025-10-06,Inactive,50
EMP00174,Maya Gupta,Sales,72000,2022-10-22,,57
EMP00175,Nisha Nair,Marketing,95000,2024-07-24,On Leave,29
EMP00176,Anaya Patel,HR,60000,2022-01-20,On Leave,34
EMP00177,Vihaan Rao,IT,38000,2021-01-04,Active,25
EMP00178,Tara Iyer,Marketing,80000,2024-01-26,Active,41
EMP00179,Vihaan Sharma,Sales,42000,2023-03-03,Inactive,32
EMP00180,Tara Nair,HR,80000,2023-11-18,On Leave,33
EMP00181,Arjun Khan,Operations,95000,2025-02-09,Inactive,47
EMP00182,Ira Mehta,Operations,42000,2025-08-14,Active,55
EMP00183,Vihaan Gupta,Finance,52000,2023-01-20,Active,28
EMP00184,Ira Sharma,IT ,42000,2024-10-16,Inactive,37
EMP00185,Maya Singh,Marketing,80000,2025-01-29,Active,30
EMP00186,Aarav Nair,Finance,72000,2021-06-26,Inactive,49
EMP00187,Arjun Sharma,IT,95000,2021-11-21,On Leave,53
EMP00188,Aditya Das,HR,52000,2025-04-07,On Leave,36
EMP00189,Diya Mehta,IT,45000,2025-09-12,Active,28
EMP00190,Aditya Sharma,,42000,2022-12-07,On Leave,44
EMP00191,Karan Mehta,Marketing,45000,2022-07-05,Active,35
EMP00192,Nisha Singh,Finance,95000,2021-09-07,Inactive,36
EMP00193,Ishaan Mehta,Sales,72000,2021-09-25,On Leave,36
EMP00194,Karan Iyer,Finance,45000,2023-01-30,On Leave,47
EMP00195,Sara Khan,Operations,42000,2022-02-28,Active,34
EMP00196,Aditya Khan,IT,72000,2023-05-05,Active,thirty
EMP00197,Pooja Patel,IT,80000,2023-04-11,Inactive,47
EMP00198,Aditya Khan,Marketing,32000,2025-04-02,On Leave,39
EMP00199,Kabir Sharma,HR,32000,2021-09-06,On Leave,39
EMP00200,Arjun Khan,Finance,95000,2021-10-01,Inactive,41
EMP00201,Arjun Nair,Finance,80000,2025-11-19,,42
EMP00202,Anaya Iyer,Finance,52000,2021-11-07,On Leave,35
EMP00203,Meera Rao,HR,45000,2022-04-25,Inactive,40
EMP00204,Anaya Nair,IT,80000,2026-04-26,On Leave,54
EMP00205,Ishaan Nair,IT,42000,2026-05-16,On Leave,23
EMP00206,Nisha Iyer,Operations,95000,2023-04-17,Active,40
EMP00207,Vihaan Nair,Sales,60000,2025-02-10,Active,55
EMP00208,Rahul Iyer,HR,42000,2026-06-21,On Leave,51
EMP00209,Dev Singh,Operations,95000,2024-06-27,On Leave,44
EMP00210,Tara Nair,Finance,95000,2021-11-17,Inactive,26
EMP00211,Arjun Khan,Operations,80000,2024-06-20,Active,21
EMP00212,Tara Das,IT,42000,2023-09-28,On Leave,34
EMP00213,Vihaan Sharma,HR,60000,2022-10-20,On Leave,50
EMP00214,Aarav Singh,IT,72000,2025-10-26,On Leave,25
EMP00215,Sara Singh,Finance,52000,2025-07-22,Active,57
EMP00216,Pooja Das,Marketing,45000,2023-08-31,Inactive,49
EMP00217,Ishaan Iyer,Operations,42000,2021-07-31,Inactive,40
EMP00218,Arjun Das,Marketing,32000,2025-08-22,Inactive,22
EMP00219,Aditya Sharma,Sales,72000,2024-03-14,On Leave,55
EMP00220,Riya Singh,Sales,60000,2023-08-22,Active,25
EMP00221,Ishaan Nair,HR,45000,2022-05-24,Inactive,21
EMP00222,Kabir Rao,HR,52000,2023-08-14,On Leave,42
EMP00223,Nisha Patel,Finance,72000,2024-09-15,Active,27
EMP00224,Meera Khan,Operations,80000,2022-03-22,Inactive,25
EMP00225,Dev Patel,Sales,52000,2021-10-17,Active,28
EMP00226,Maya Das,Marketing,42000,2022-09-18,Inactive,21
EMP00227,Rahul Das,Sales,52000,2025-06-21,Inactive,51
EMP00228,Aditya Gupta,Finance,72000,2025-08-20,Inactive,27
EMP00229,Riya Das,Marketing,80000,2023-08-23,On Leave,48
EMP00230,Ishaan Patel,HR,60000,2023-09-01,Active,27
EMP00231,Dev Das,Finance,42000,2022-05-29,Inactive,26
EMP00232,Kabir Khan,IT,42000,2025-06-22,On Leave,37
EMP00233,Vihaan Khan,IT,52000,2021-08-21,On Leave,34
EMP00234,Arjun Singh,Sales,38000,2024-11-14,Inactive,25
EMP00235,Riya Singh,Finance,72000,2023-04-22,Active,37
EMP00236,Pooja Iyer,Sales,42000,2024-06-26,On Leave,23
EMP00237,Rahul Mehta,IT,95000,2021-01-12,Inactive,36
EMP00238,Aarav Iyer,HR,38000,2025-12-14,Inactive,37
EMP00239,Dev Iyer,Operations,45000,2021-11-20,Inactive,31
EMP00240,Rahul Das,Sales,52000,2023-02-17,On Leave,21
EMP00241,Rahul Gupta,IT,45000,2023-09-13,Inactive,33
EMP00242,Tara Sharma,Marketing,80000,2025-05-16,On Leave,54
EMP00243,Kabir Mehta,Operations,52000,2025-01-12,Active,25
EMP00244,Sara Gupta,Finance,32000,2023-10-21,On Leave,53
EMP00245,Anaya Rao,Operations,72000,2022-05-13,Inactive,49
EMP00246,Anaya Mehta,Operations,42000,2023-10-21,Active,49
EMP00247,Anaya Gupta,Marketing,95000,2022-12-08,On Leave,31
EMP00248,Aarav Singh,Operations,72000,2022-06-26,On Leave,27
EMP00249,Arjun Patel,IT,45000,2022-02-03,On Leave,32
EMP00250,Neel Rao,HR,45000,2025-11-06,Inactive,44
EMP00251,Tara Khan,Sales,52000,2024-06-13,Inactive,56
EMP00252,Diya Das,IT,72000,2023-05-01,Inactive,37
EMP00253,Dev Sharma,Marketing,42000,2023-04-08,Active,54
EMP00254,Maya Mehta,Sales,72000,2022-09-20,On Leave,42
EMP00255,Tara Das,IT,60000,2024-02-01,Active,24
EMP00256,Anaya Iyer,HR,60000,2022-01-16,Inactive,47
EMP00257,Arjun Das,Finance,38000,2025-01-21,Inactive,28
EMP00258,Diya Khan,Finance,72000,2022-10-27,On Leave,24
EMP00259,Sara Gupta,Finance,60000,2024-08-11,On Leave,23
EMP00260,Dev Sharma,Marketing,60000,2024-10-31,Active,40
EMP00261,Nisha Patel,HR,95000,2022-07-28,Inactive,55
EMP00262,Nisha Sharma,Finance,42000,2021-09-29,Active,53
EMP00263,Arjun Iyer,Marketing,38000,2025-12-17,Inactive,28
EMP00264,Dev Das,Operations,42000,2025-07-16,On Leave,48
EMP00265,Aarav Rao,Sales,52000,2024-02-05,Active,21
EMP00266,Kabir Patel,Operations,72000,2022-05-11,On Leave,53
EMP00267,Diya Das,Operations,42000,2022-02-05,Active,32
EMP00268,Diya Patel,Sales,52000,2023-03-06,On Leave,53
EMP00269,Meera Sharma,IT,95000,2023-08-19,Active,28
EMP00270,Ishaan Singh,IT,52000,2026-05-04,Inactive,58
EMP00271,Arjun Nair,Operations,60000,2021-01-15,On Leave,46
EMP00272,Arjun Sharma,Sales,32000,2025-07-30,On Leave,21
EMP00273,Neel Patel,HR,45000,2024-07-19,Active,54
EMP00274,Maya Khan,HR,95000,2022-08-31,Active,49
EMP00275,Tara Singh,Sales,42000,2024-10-30,On Leave,28
EMP00276,Nisha Singh,Operations,38000,2023-07-26,Inactive,23
EMP00277,Riya Mehta,Finance,42000,2026-04-03,On Leave,40
EMP00278,Ishaan Das,Marketing,80000,2022-09-22,On Leave,58
EMP00279,Arjun Nair,Marketing,42000,2024-11-11,Active,36
EMP00280,Maya Das,Sales,80000,2021-11-19,Inactive,46
EMP00281,Aditya Rao,Sales,32000,2023-04-08,Active,56
EMP00282,Diya Singh,Finance,95000,2021-10-31,Inactive,39
EMP00283,Ira Das,HR,45000,2021-12-06,On Leave,24
EMP00284,Arjun Gupta,HR,72000,2024-11-05,Active,56
EMP00285,Tara Sharma,Finance,95000,2022-04-09,Inactive,50
EMP00286,Aarav Gupta,Sales,80000,2026-03-20,On Leave,54
EMP00287,Nisha Patel,Sales,45000,2024-09-25,On Leave,54
EMP00288,Sara Iyer,HR,32000,2025-01-31,Inactive,29
EMP00289,Tara Singh,HR,80000,2023-07-20,On Leave,43
EMP00290,Kabir Das,Sales,95000,2023-02-13,Active,47
EMP00291,Vihaan Nair,Operations,42000,2021-04-13,Active,26
EMP00292,Nisha Iyer,HR,42000,2021-08-31,Active,25
EMP00293,Ira Mehta,HR,45000,2021-06-13,Inactive,29
EMP00294,Ira Singh,IT,45000,2023-10-27,Active,48
EMP00295,Sara Sharma,HR,45000,2021-07-28,Active,30
EMP00296,Aditya Das,Marketing,42000,2021-12-05,On Leave,39
EMP00297,Sara Singh,Marketing,52000,2021-08-11,Active,29
EMP00298,Vihaan Patel,Marketing,60000,2021-09-12,On Leave,53
EMP00299,Ira Patel,Marketing,72000,2024-05-10,Inactive,30
EMP00300,,HR,45000,2024-04-29,On Leave,27
EMP00301,Nisha Singh,HR,52000,2022-06-30,Active,22
EMP00302,Ira Sharma,Operations,95000,2022-04-29,Inactive,51
EMP00303,Nisha Singh,Sales,95000,2025-10-27,Active,29
EMP00304,Nisha Mehta,Finance,52000,2022-09-29,Active,45
EMP00305,Ira Khan,HR,60000,2022-09-30,On Leave,37
EMP00306,Dev Iyer,HR,38000,2024-11-09,Inactive,21
EMP00307,Tara Patel,HR,52000,2022-05-06,Inactive,28
EMP00308,Riya Gupta,IT,80000,2024-10-20,Inactive,45
EMP00309,Arjun Iyer,Marketing,95000,2021-03-15,On Leave,43
EMP00310,Vihaan Khan,Finance,52000,2022-10-30,On Leave,22
EMP00311,Aditya Iyer,IT ,80000,2021-09-25,Inactive,35
EMP00312,Pooja Gupta,IT,60000,2025-09-12,On Leave,43
EMP00313,Meera Iyer,Sales,42000,2026-03-15,On Leave,23
EMP00314,Riya Iyer,Finance,60000,2021-03-03,Active,30
EMP00315,Rahul Patel,Operations,42000,2024-12-17,Active,34
EMP00316,Arjun Mehta,Sales,52000,2021-01-07,Active,42
EMP00317,Kabir Iyer,Sales,60000,2024-08-29,Inactive,42
EMP00318,Aarav Iyer,Marketing,45000,2024-04-05,Inactive,49
EMP00319,Vihaan Nair,Sales,52000,2023-12-23,On Leave,27
EMP00320,Dev Singh,HR,60000,2026-02-14,Active,28
EMP00321,Riya Mehta,Marketing,95000,2022-06-21,Inactive,28
EMP00322,Pooja Iyer,Operations,45000,2024-01-25,Active,36
EMP00323,Neel Sharma,Finance,95000,2024-03-14,Active,27
EMP00324,Diya Sharma,Finance,60000,,Inactive,45
EMP00325,Ira Das,Operations,60000,2024-02-23,Inactive,42
EMP00326,Ira Patel,Marketing,95000,2024-04-29,On Leave,50
EMP00327,Tara Nair,Finance,52000,2024-12-15,Active,57
EMP00328,Ishaan Sharma,Operations,42000,2025-11-04,Inactive,38
EMP00329,Tara Singh,Finance,52000,2022-03-27,Active,21
EMP00330,Ishaan Gupta,IT,32000,2024-07-31,Active,31
EMP00331,Neel Gupta,HR,60000,2021-07-09,Active,26
EMP00332,Karan Patel,Finance,95000,2021-08-31,On Leave,36
EMP00333,Meera Mehta,Finance,38000,2024-01-01,On Leave,45
EMP00334,Tara Khan,HR,60000,2023-01-05,Inactive,41
EMP00335,Diya Nair,Finance,32000,2025-01-29,Inactive,36
EMP00336,Meera Mehta,Finance,45000,2022-11-01,Inactive,53
EMP00337,Karan Patel,IT,80000,2021-06-27,On Leave,29
EMP00338,Nisha Nair,Sales,80000,2022-10-13,Active,43
EMP00339,Ira Mehta,IT,45000,2022-08-18,Inactive,37
EMP00340,Kabir Khan,Finance,42000,2024-04-01,Inactive,34
EMP00341,Kabir Nair,Sales,38000,2022-05-03,On Leave,38
EMP00342,Aarav Rao,Marketing,52000,2023-01-25,Active,21
EMP00343,Neel Sharma,Operations,72000,2025-11-03,On Leave,51
EMP00344,Karan Rao,Operations,32000,2022-09-24,Active,53
EMP00345,Arjun Sharma,Sales,52000,2021-02-09,On Leave,46
EMP00346,Arjun Khan,Finance,60000,2024-04-29,On Leave,36
EMP00347,Pooja Gupta,Sales,80000,2022-11-26,On Leave,54
EMP00348,Nisha Khan,Finance,32000,2024-01-11,Inactive,33
EMP00349,Riya Das,Finance,45000,2025-11-17,Active,22
EMP00350,Karan Gupta,IT,60000,2023-12-05,On Leave,47
EMP00351,Karan Singh,Operations,60000,2023-07-28,Active,36
EMP00352,Vihaan Sharma,Sales,72000,2023-12-23,On Leave,31
EMP00353,Diya Gupta,Sales,52000,2025-01-14,Active,32
EMP00354,Riya Mehta,Sales,38000,2023-05-14,Active,32
EMP00355,Maya Mehta,Operations,52000,2022-02-26,Active,41
EMP00356,Neel Nair,Marketing,60000,2024-05-18,Active,49
EMP00357,Tara Singh,Marketing,32000,2025-09-23,Active,35
EMP00358,Dev Nair,Marketing,52000,2022-11-08,On Leave,53
EMP00359,Sara Nair,Finance,42000,2022-07-16,On Leave,52
EMP00360,Karan Iyer,Finance,45000,2024-10-15,Inactive,42
EMP00361,Neel Khan,IT,38000,2024-02-19,Active,37
EMP00362,Karan Singh,HR,45000,2022-04-22,On Leave,54
EMP00363,Aarav Iyer,Operations,60000,2023-10-02,Active,21
EMP00364,Diya Patel,HR,60000,2026-06-15,Inactive,27
EMP00365,Nisha Rao,IT,52000,2024-02-14,On Leave,55
EMP00366,Aarav Sharma,Finance,95000,2025-01-19,Inactive,45
EMP00367,Ishaan Iyer,Sales,80000,2025-01-01,Active,58
EMP00368,Pooja Rao,IT,95000,2021-03-12,on leave,38
EMP00369,Neel Mehta,Marketing,42000,2023-03-10,Active,25
EMP00370,Sara Singh,HR,80000,2021-06-03,On Leave,57
EMP00371,Ira Sharma,Operations,72000,2024-01-01,Inactive,40
EMP00372,Anaya Khan,Marketing,60000,2023-04-17,Active,42
EMP00373,Aditya Nair,Finance,42000,2024-01-05,Inactive,29
EMP00374,Riya Das,Finance,72000,2021-05-21,Active,24
EMP00375,Rahul Sharma,Sales,32000,2023-03-18,On Leave,39
EMP00376,Arjun Mehta,IT,45000,2024-03-18,Inactive,36
EMP00377,Maya Gupta,HR,52000,2025-06-13,Inactive,35
EMP00378,Meera Rao,Finance,72000,2021-06-13,On Leave,48
EMP00379,Aarav Das,Marketing,60000,2025-12-13,Inactive,47
EMP00380,Diya Gupta,Operations,80000,2026-05-21,Active,29
EMP00381,Dev Nair,Sales,52000,2021-08-29,Inactive,24
EMP00382,Tara Mehta,HR,32000,2026-05-17,On Leave,30
EMP00383,Riya Nair,IT,80000,2022-05-12,Inactive,32
EMP00384,Dev Rao,IT,45000,2023-12-11,Inactive,30
EMP00385,Vihaan Gupta,Finance,60000,2022-12-30,Active,26
EMP00386,Arjun Nair,IT,80000,2026-02-25,Inactive,28
EMP00387,Neel Sharma,Sales,38000,2021-11-22,Inactive,23
EMP00388,Pooja Nair,IT,52000,2021-06-22,Inactive,30
EMP00389,Arjun Das,IT,45000,2023-08-24,Inactive,33
EMP00390,Kabir Nair,Operations,72000,2023-03-19,On Leave,36
EMP00391,Kabir Iyer,Finance,38000,2021-02-23,Active,56
EMP00392,Diya Singh,Operations,80000,2025-12-11,Inactive,42
EMP00393,Vihaan Iyer,IT,42000,2026-05-08,On Leave,24
EMP00394,Arjun Sharma,IT,32000,2026-02-16,Inactive,thirty
EMP00395,Tara Khan,Marketing,42000,2022-05-16,On Leave,58
EMP00396,Dev Khan,Finance,52000,2022-02-07,Inactive,47
EMP00397,Ishaan Rao,Operations,32000,2023-12-10,Active,48
EMP00398,Arjun Khan,HR,52000,2022-01-07,Active,57
EMP00399,Maya Iyer,Finance,32000,2024-03-29,On Leave,37
EMP00400,Rahul Rao,Finance,38000,2021-08-28,On Leave,47
EMP00401,Aarav Nair,IT,42000,2021-12-18,Inactive,57
EMP00402,Tara Mehta,Marketing,45000,2026-04-28,On Leave,35
EMP00403,Karan Sharma,Operations,95000,2025-04-08,Inactive,58
EMP00404,Rahul Khan,Sales,42000,2024-10-15,Active,48
EMP00405,Riya Gupta,IT,32000,2021-06-12,Inactive,36
EMP00406,Ira Gupta,Marketing,95000,2024-04-12,Active,33
EMP00407,Anaya Nair,,80000,2024-01-16,Active,29
EMP00408,Aditya Singh,Sales,80000,2024-09-04,Active,25
EMP00409,Vihaan Mehta,Operations,45000,2024-04-06,Inactive,46
EMP00410,Kabir Gupta,Operations,,2024-01-15,On Leave,58
EMP00411,Tara Singh,IT,80000,2022-08-26,Active,40
EMP00412,Anaya Patel,HR,38000,2022-10-14,inactive,42
EMP00413,Aarav Rao,Operations,38000,2023-12-27,On Leave,41
EMP00414,Ira Rao,Operations,52000,2022-04-25,Active,45
EMP00415,Diya Gupta,Finance,42000,2026-03-21,Inactive,50
EMP00416,Aarav Singh,Marketing,95000,2022-05-11,Active,55
EMP00417,Tara Khan,HR,52000,2023-02-21,Inactive,56
EMP00418,Rahul Iyer,Finance,95000,2024-03-23,On Leave,50
EMP00419,Vihaan Iyer,Marketing,42000,2025-06-24,Inactive,37
EMP00420,Neel Nair,Marketing,60000,2022-11-01,On Leave,24
EMP00421,Rahul Patel,HR,95000,2025-11-10,Active,54
EMP00422,Pooja Nair,Sales,42000,2022-11-06,Active,47
EMP00423,Nisha Iyer,Sales,42000,2021-08-06,Inactive,56
EMP00424,Karan Mehta,Marketing,38000,2022-01-21,On Leave,33
EMP00425,Kabir Sharma,Finance,32000,2023-12-07,On Leave,37
EMP00426,Riya Das,Operations,60000,2021-02-23,Inactive,52
EMP00427,Pooja Mehta,Marketing,80000,2024-06-18,On Leave,57
EMP00428,Karan Singh,HR,32000,2026-03-25,Active,24
EMP00429,Meera Sharma,Operations,42000,2022-04-11,Active,41
EMP00430,Kabir Patel,Sales,38000,2024-02-26,Active,31
EMP00431,Nisha Iyer,Sales,42000,2025-04-22,On Leave,22
EMP00432,,HR,95000,2022-05-25,On Leave,22
EMP00433,Ira Khan,Sales,60000,2023-05-23,Inactive,39
EMP00434,Pooja Das, IT,45000,2023-12-05,Active,41
EMP00435,Ira Rao,IT,95000,2025-10-20,Active,46
EMP00436,Ira Nair,IT,72000,2022-12-03,Active,45
EMP00437,Diya Singh,Operations,45000,2026-03-25,On Leave,58
EMP00438,Aarav Patel,Marketing,80000,2023-12-31,Active,30
EMP00439,Aditya Khan,Sales,95000,2024-06-10,On Leave,49
EMP00440,Diya Gupta,IT,42000,2025-12-29,Inactive,57
EMP00441,Neel Das,Marketing,60000,2024-01-11,On Leave,37
EMP00442,Rahul Patel,Finance,45000,2021-07-02,Active,32
EMP00443,Karan Singh,Marketing,42000,2025-12-16,on leave,23
EMP00444,Vihaan Khan,HR,72000,2021-03-09,Active,35
EMP00445,Aarav Rao,IT,38000,2023-06-12,Active,56
EMP00446,Diya Singh,Finance,32000,2026-03-25,On Leave,38
EMP00447,Nisha Khan,Sales,95000,2026-02-25,Active,43
EMP00448,Vihaan Nair,IT,42000,2023-12-16,On Leave,28
EMP00449,Nisha Sharma,Operations,95000,2021-04-17,Active,30
EMP00450,Kabir Gupta,Finance,95000,2022-05-27,Active,39
EMP00451,Dev Khan,Sales,95000,2022-11-07,Inactive,51
EMP00452,Tara Mehta,Sales,38000,2025-04-14,Active,24
EMP00453,Dev Gupta,Operations,38000,2024-09-06,Active,43
EMP00454,Nisha Sharma,Sales,52000,2024-03-27,Inactive,32
EMP00455,Riya Khan,HR,80000,2022-11-09,Inactive,35
EMP00456,Aarav Khan,Marketing,45000,2023-07-10,Inactive,47
EMP00457,Karan Sharma,Marketing,60000,2025-09-30,On Leave,22
EMP00458,Nisha Khan,Marketing,42000,2024-11-13,Active,40
EMP00459,Vihaan Patel,HR,42000,2026-05-15,Active,22
EMP00460,Riya Gupta,Marketing,32000,2022-04-06,Inactive,22
EMP00461,Sara Sharma,HR,60000,2024-05-20,Inactive,42
EMP00462,Aarav Nair,Sales,95000,2025-03-15,Inactive,24
EMP00463,Meera Mehta,Marketing,80000,2026-01-07,Active,45
EMP00464,Aditya Singh,Marketing,60000,2023-06-13,On Leave,22
EMP00465,Karan Gupta,IT,38000,2025-03-10,Inactive,26
EMP00466,Rahul Iyer,Sales,32000,2023-09-26,On Leave,58
EMP00467,Sara Khan,Sales,38000,2021-06-12,On Leave,30
EMP00468,Sara Nair,Finance,45000,2024-01-11,Active,42
EMP00469,Vihaan Iyer,Marketing,32000,2023-01-18,On Leave,48
EMP00470,Meera Patel,Operations,72000,2021-03-07,Inactive,53
EMP00471,Rahul Gupta,Finance,72000,2023-07-18,On Leave,40
EMP00472,Ishaan Rao,Sales,42000,2023-01-08,Inactive,42
EMP00473,Rahul Iyer,Marketing,95000,2021-07-16,Active,36
EMP00474,Aarav Sharma,Marketing,52000,2025-03-02,On Leave,26
EMP00475,Nisha Rao,Finance,72000,2023-05-01,Active,25
EMP00476,Ishaan Das,IT,80000,2022-10-12,Inactive,21
EMP00477,Pooja Gupta,Finance,80000,2022-06-12,Active,47
EMP00478,Aarav Patel,HR,42000,2022-05-23,Inactive,42
EMP00479,Nisha Gupta,Marketing,45000,2026-05-05,On Leave,22
EMP00480,Nisha Sharma,Operations,38000,2025-12-20,Inactive,29
EMP00481,Anaya Iyer,Finance,38000,2023-02-08,Active,34
EMP00482,Anaya Khan,IT,72000,2026-01-02,Inactive,35
EMP00483,Tara Rao,Finance,42000,2025-04-10,On Leave,44
EMP00484,Arjun Das,Marketing,45000,2022-01-23,On Leave,55
EMP00485,Rahul Iyer,HR,32000,2022-03-23,Inactive,52
EMP00486,Arjun Mehta,Sales,80000,2025-02-09,Inactive,44
EMP00487,Karan Singh,Sales,80000,2023-12-05,Inactive,25
EMP00488,Rahul Sharma,IT,95000,2026-06-08,On Leave,45
EMP00489,Aditya Mehta,HR,60000,2025-07-19,On Leave,46
EMP00490,Karan Rao,HR,45000,2024-09-12,Active,48
EMP00491,Rahul Singh,Sales,38000,2025-04-29,Active,54
EMP00492,Ishaan Sharma,IT,45000,2021-01-24,On Leave,47
EMP00493,Nisha Rao,Operations,42000,2021-12-09,Inactive,26
EMP00494,Diya Sharma,Finance,52000,2025-09-21,Active,35
EMP00495,Ira Khan,Sales,45000,2025-04-12,On Leave,36
EMP00496,Anaya Khan,Sales,45000,2022-12-13,Active,29
EMP00497,Ira Iyer,Marketing,60000,2024-12-02,Active,47
EMP00498,Arjun Gupta,HR,45000,2026-02-18,Active,23
EMP00499,Riya Singh,IT,32000,2023-10-05,Active,50
EMP00500,Neel Nair,Marketing,95000,2021-04-29,Inactive,37
EMP00501,Diya Mehta,HR,80000,2023-06-29,On Leave,21
EMP00502,Riya Patel,IT,72000,2024-12-28,On Leave,37
EMP00503,Sara Nair,Sales,42000,2025-08-19,Active,47
EMP00504,Ishaan Patel,Finance,80000,2023-08-20,Active,52
EMP00505,Tara Gupta,Marketing,60000,2025-01-08,Inactive,57
EMP00506,Neel Gupta,Marketing,80000,2022-01-22,On Leave,27
EMP00507,Diya Nair,Marketing,72000,2022-01-04,Active,49
EMP00508,Arjun Nair,IT,60000,2025-02-21,On Leave,28
EMP00509,Kabir Sharma,IT,42000,2026-04-24,On Leave,47
EMP00510,Rahul Gupta,Marketing,38000,2024-04-15,On Leave,29
EMP00511,Maya Khan,IT,80000,2021-06-19,Inactive,48
EMP00512,Sara Iyer,Finance,52000,2024-04-12,Active,52
EMP00513,Aditya Singh,IT,72000,2021-04-20,On Leave,48
EMP00514,Pooja Rao,Sales,38000,2024-11-12,Inactive,34
EMP00515,Sara Singh,Marketing,95000,2022-04-10,Active,42
EMP00516,Karan Singh,IT,95000,2026-01-14,Inactive,24
EMP00517,Anaya Nair,Operations,72000,2023-04-23,Inactive,24
EMP00518,Riya Khan,Operations,45000,2024-11-05,Active,50
EMP00519,Pooja Gupta,Operations,80000,2025-01-27,Active,23
EMP00520,Neel Rao,Marketing,52000,2024-01-23,On Leave,54
EMP00521,Neel Singh,HR,45000 INR,2023-09-09,On Leave,38
EMP00522,Dev Mehta,Finance,52000,2023-12-29,Active,30
EMP00523,Kabir Iyer,Marketing,72000,2026-06-13,Active,24
EMP00524,Kabir Gupta,Sales,32000,2021-02-18,Active,34
EMP00525,Aditya Sharma,HR,38000,2024-07-01,Inactive,50
EMP00526,Meera Rao,HR,95000,2021-07-25,On Leave,32
EMP00527,Nisha Das,Marketing,72000,2026-03-09,Inactive,21
EMP00528,Dev Rao,Operations,52000,2024-10-06,Inactive,43
EMP00529,Ishaan Khan,Marketing,38000,2024-05-22,On Leave,46
EMP00530,Vihaan Iyer,Finance,80000,2024-05-11,On Leave,58
EMP00531,Rahul Gupta,,32000,2025-08-13,Inactive,23
EMP00532,Arjun Das,IT,52000,2022-02-27,Active,29
EMP00533,Nisha Mehta,IT,45000,2021-01-05,Active,31
EMP00534,Vihaan Nair,Sales,60000,2024-04-04,On Leave,51
EMP00535,Vihaan Rao,Marketing,32000,2022-11-06,On Leave,21
EMP00536,Neel Gupta,Marketing,52000,2024-04-23,Active,55
EMP00537,Aarav Khan,Sales,52000,2024-02-12,Active,53
EMP00538,Karan Nair,Sales,72000,2024-09-03,Active,57
EMP00539,Anaya Das,HR,60000,2022-11-14,Active,40
EMP00540,Tara Khan,Sales,42000,2023-03-07,Inactive,48
EMP00541,Vihaan Singh,Finance,45000,2024-05-22,On Leave,21
EMP00542,Dev Das,Marketing,60000,2023-01-25,Active,27
EMP00543,Ishaan Sharma,IT,72000,2025-03-12,Inactive,43
EMP00544,Aditya Nair,Finance,52000,2021-12-27,On Leave,34
EMP00545,Nisha Singh,IT,45000,2022-09-18,Inactive,47
EMP00546,Pooja Rao,Marketing,32000,2021-05-22,Inactive,58
EMP00547,Pooja Das,IT,52000,2022-03-05,Active,25
EMP00548,Kabir Khan,Marketing,95000,2023-09-28,Inactive,21
EMP00549,Rahul Singh,IT,42000,2025-12-31,Active,40
EMP00550,Ira Mehta,IT,32000,2024-12-24,Active,37
EMP00551,Ishaan Das,Marketing,38000,2026-05-14,Inactive,51
EMP00552,Tara Singh,Sales,80000,2026-03-06,Active,47
EMP00553,Aarav Nair,Sales,95000,2025-01-29,On Leave,49
EMP00554,Anaya Das,IT,80000,2023-11-02,Inactive,57
EMP00555,Dev Khan,Marketing,42000,2024-01-17,On Leave,56
EMP00556,Rahul Patel,Marketing,38000,2025-11-29,Active,51
EMP00557,Dev Rao,IT,80000,2024-12-20,On Leave,57
EMP00558,Arjun Singh,HR,unknown,2022-05-15,Active,32
EMP00559,Vihaan Singh,HR,42000,2026-05-23,Inactive,29
EMP00560,Aditya Das,Finance,32000,2021-08-13,Active,36
EMP00561,Diya Iyer,HR,80000,2026-02-07,On Leave,30
EMP00562,Nisha Iyer,HR,95000,2023-05-12,Active,47
EMP00563,Rahul Khan,Sales,42000,2024-10-23,On Leave,41
EMP00564,Karan Rao,IT,60000,not available,Inactive,39
EMP00565,Diya Patel,Finance,32000,2023-03-03,Active,29
EMP00566,Neel Iyer,IT,72000,2023-03-07,On Leave,44
EMP00567,Kabir Nair,Operations,45000,2024-01-15,On Leave,35
EMP00568,Ira Khan,Operations,95000,2021-06-26,On leave,40
EMP00569,Aarav Nair,Sales,60000,2025-12-17,Active,48
EMP00570,Karan Sharma,Finance,38000,2023-09-24,On Leave,57
EMP00571,Aditya Patel,IT,38000,2025-08-15,Inactive,24
EMP00572,Diya Nair,Sales,60000,2025-12-07,Inactive,43
EMP00573,Karan Patel,HR,52000,2025-10-02,Active,21
EMP00574,Nisha Rao,Finance,95000,2024-04-16,Inactive,45
EMP00575,Nisha Mehta,Finance,32000,2025-07-27,On Leave,24
EMP00576,Arjun Mehta,Marketing,52000,2021-05-25,Active,41
EMP00577,Tara Gupta,HR,72000,2023-12-29,Active,54
EMP00578,Dev Mehta,Marketing,95000,2023-09-30,Inactive,39
EMP00579,Anaya Mehta,Operations,38000,2023-09-21,Inactive,57
EMP00580,Dev Sharma,Sales,60000,2021-12-21,Inactive,30
EMP00581,Rahul Sharma,HR,80000,2023-12-03,Inactive,45
EMP00582,Aditya Singh,HR,72000,2026-02-07,Active,32
EMP00583,Anaya Nair,Operations,32000,2022-03-29,Active,52
EMP00584,Vihaan Das,Sales,32000,2021-08-13,Active,47
EMP00585,Diya Iyer,Marketing,60000,2025-06-12,Inactive,38
EMP00586,Pooja Sharma,IT,45000,2024-08-21,Active,24
EMP00587,Tara Patel,Marketing,45000,2024-08-29,Inactive,45
EMP00588,Nisha Rao,Finance,72000,2023-09-23,On Leave,49
EMP00589,Tara Singh,HR,52000,2024-12-14,On Leave,53
EMP00590,Kabir Patel,Marketing,72000,2023-06-24,On Leave,56
EMP00591,Sara Gupta,HR,38000,2026-05-18,Active,35
EMP00592,Tara Rao,Marketing,80000,2026-04-01,Inactive,30
EMP00783,Meera Gupta,Marketing,45000,2022-07-28,Active,54
EMP00594,Maya Khan,HR,38000,2026-04-08,Inactive,55
EMP00595,Ishaan Mehta,Marketing,45000,2021-05-22,On Leave,29
EMP00596,Anaya Nair,Finance,80000,2025-08-09,Active,40
EMP00597,Kabir Das,Finance,38000,2023-02-12,Active,45
EMP00598,Neel Mehta,Finance,42000,2023-08-24,Inactive,39
EMP00599,Arjun Sharma,Finance,32000,2023-01-20,Active,46
EMP00600,Kabir Rao,Finance,32000,2024-06-05,On Leave,28
EMP00601,Tara Khan,Finance,52000,2025-07-12,On Leave,31
EMP00602,Rahul Rao,Sales,60000,2024-06-11,On Leave,47
EMP00603,Diya Khan,Finance,45000,2025-08-05,Inactive,35
EMP00604,Diya Mehta,IT,42000,2025-10-30,Inactive,50
EMP00605,Neel Mehta,Operations,80000,2022-07-23,Inactive,41
EMP00606,Arjun Iyer,Marketing,60000,2024-03-01,On Leave,50
EMP00607,Vihaan Gupta,Sales,95000,2026-05-07,Active,37
EMP00608,Tara Sharma,HR,,2021-03-26,On Leave,48
EMP00609,Arjun Khan,Operations,72000,2023-11-11,Active,41
EMP00610,Ishaan Khan,Finance,42000,2023-03-05,On Leave,28
EMP00611,Anaya Mehta,HR,,2025-03-02,Active,42
EMP00612,Vihaan Gupta,Finance,52000,2025-07-06,On Leave,29
EMP00613,Maya Mehta,HR,95000,2021-06-25,On Leave,27
EMP00614,Kabir Khan,Marketing,32000,2025-01-24,Inactive,33
EMP00615,Dev Singh,Sales,45000,2021-10-21,On Leave,36
EMP00616,Dev Rao,Sales,42000,2023-06-06,Active,24
EMP00617,Ishaan Singh,IT,72000,2026-01-28,Active,43
EMP00618,Aarav Patel,Operations,45000,2024-01-21,Active,41
EMP00619,Riya Mehta,IT,45000,2022-04-04,Active,56
EMP00620,Neel Khan,Finance,80000,2024-01-16,Inactive,27
EMP00621,Anaya Mehta,Marketing,45000 INR,2024-11-13,On Leave,58
EMP00622,Dev Sharma,Marketing,42000,2026-05-01,On Leave,44
EMP00623,Vihaan Patel,Marketing,32000,2023-11-24,Inactive,52
EMP00624,Anaya Singh,Marketing,52000,2022-03-03,Inactive,57
EMP00625,Sara Nair,IT,45000,2024-01-23,Inactive,53
EMP00626,Karan Das,IT,80000,2021-05-17,Active,25
EMP00627,Nisha Singh,Sales,52000,2021-04-22,Inactive,57
EMP00628,Dev Mehta,HR,42000,2021-08-19,Active,38
EMP00629,Diya Rao,Sales,60000,2026-04-13,Active,25
EMP00630,Nisha Patel,IT,80000,2022-11-12,Active,39
EMP00631,Arjun Patel,IT,32000,2022-12-14,Inactive,39
EMP00632,Aditya Rao,Operations,80000,2025-01-08,Inactive,57
EMP00633,Rahul Nair,Sales,38000,2021-09-21,Inactive,27
EMP00634,Maya Gupta,IT,52000,2024/15/99,On Leave,30
EMP00635,Sara Patel,Sales,32000,2025-07-12,Active,22
EMP00636,Pooja Mehta,Marketing,38000,2021-08-01,Inactive,31
EMP00637,Pooja Gupta,Marketing,,2021-08-31,On Leave,23
EMP00638,Neel Das,Operations,72000,2021-11-21,Inactive,41
EMP00639,Tara Khan,HR,60000,2021-03-06,Active,56
EMP00640,Dev Sharma,Sales,42000,2026-03-27,Inactive,26
EMP00641,Meera Patel,Finance,42000,2026-04-02,Inactive,38
EMP00642,Pooja Mehta,HR,32000,2024-10-10,Inactive,40
EMP00643,Ishaan Gupta,HR,60000,2021-08-21,Active,23
EMP00644,Neel Iyer,Sales,95000,2021-08-01,On Leave,43
EMP00645,Sara Das,IT,60000,2023-01-23,Active,21
EMP00646,Kabir Mehta,Sales,45000,2025-10-09,Active,46
EMP00647,Meera Patel,IT ,80000,2025-06-20,Inactive,41
EMP00648,Arjun Mehta,HR,38000,2024-12-31,Inactive,43
EMP00649,Kabir Patel,Operations,80000,2024-07-29,On Leave,31
EMP00650,Pooja Rao,Marketing,52000,2021-08-24,On Leave,36
EMP00651,Karan Nair,Finance,38000,2026-04-18,Active,48
EMP00652,Diya Patel,Operations,60000,2021-09-27,Active,29
EMP00653,Tara Iyer,Operations,38000,2021-12-08,Active,56
EMP00654,Meera Nair,Finance,95000,2025-12-21,On Leave,24
EMP00655,Ishaan Patel,Marketing,52000,2025-12-07,On Leave,27
EMP00656,Maya Rao,IT,32000,2022-01-25,Inactive,54
EMP00657,Meera Singh,Operations,38000,2023-03-09,Inactive,37
EMP00658,Tara Gupta,Operations,95000,2022-02-13,On Leave,27
EMP00659,Neel Khan,IT,45000,2022-08-26,On Leave,42
EMP00660,Pooja Khan,HR,95000,2025-05-04,On Leave,
EMP00661,Sara Iyer,Operations,95000,2022-02-15,Active,51
EMP00662,Arjun Iyer,IT,80000,2022-11-30,On Leave,51
EMP00663,Tara Gupta,Finance,45000,2021-10-27,On Leave,34
EMP00664,Anaya Patel,Operations,80000,2025-05-03,On Leave,48
EMP00665,Neel Das,Finance,72000,2024-11-30,On Leave,29
EMP00666,Kabir Sharma,Finance,60000,2024-08-23,On Leave,45
EMP00667,Meera Mehta,Finance,42000,2023-08-15,On Leave,33
EMP00668,Aarav Mehta,Marketing,42000,2023-04-05,Active,45
EMP00669,Riya Sharma,Finance,45000,2021-11-16,On Leave,29
EMP00670,Dev Nair,Sales,38000,2021-12-02,Active,23
EMP00671,Kabir Singh,Operations,52000,2024-04-26,Inactive,53
EMP00672,Arjun Rao,Operations,52000,2024-10-21,On Leave,52
EMP00673,Meera Mehta,HR,52000,2022-02-26,On Leave,48
EMP00674,Rahul Das,Operations,38000,2025-10-24,Active,27
EMP00675,Ira Rao,IT,42000,2024-01-30,Inactive,22
EMP00676,Arjun Gupta,Sales,60000,2023-04-29,Active,43
EMP00677,Anaya Singh,IT,80000,2025-02-21,Inactive,55
EMP00678,Dev Sharma,Finance,72000,2026-03-27,Active,40
EMP00679,Anaya Patel,Operations,80000,2023-10-22,On Leave,50
EMP00680,Neel Das,Finance,52000,2026-02-23,Active,50
EMP00681,Pooja Khan,HR,52000,2021-12-09,Active,21
EMP00682,Ishaan Mehta,IT,80000,2022-08-25,Active,43
EMP00683,Diya Patel,IT,32000,2025-06-30,Active,39
EMP00684,Diya Sharma,Finance,72000,2021-06-16,On Leave,46
EMP00685,Ira Mehta,Sales,38000,2024-01-10,Active,44
EMP00686,Meera Iyer,Operations,80000,2023-11-20,On Leave,31
EMP00687,Ishaan Nair,Marketing,38000,2024-09-05,Active,50
EMP00688,Dev Gupta,HR,72000,2026-01-25,On Leave,24
EMP00689,Tara Das,Marketing,80000,2026-04-06,Inactive,43
EMP00690,Tara Singh,Sales,32000,2024-01-04,Active,45
EMP00691,Diya Mehta,Finance,60000,2021-06-11,Active,55
EMP00692,Meera Patel,IT,45000,2023-09-16,Inactive,44
EMP00693,Kabir Rao,Finance,45000,2021-10-03,Active,47
EMP00694,Meera Patel,IT,32000,2025-02-05,Inactive,35
EMP00695,Aditya Rao,Marketing,45000,2022-06-02,Inactive,25
EMP00696,Arjun Das,IT,60000,2023-03-04,On Leave,54
EMP00697,Rahul Khan,HR,72000,2021-08-20,Inactive,36
EMP00698,Aarav Patel,HR,45000,2022-10-05,Inactive,52
EMP00699,Arjun Sharma,Sales,38000,2025-06-04,Active,53
EMP00700,Riya Sharma,Operations,95000,2026-02-14,Inactive,32
EMP00701,Ira Gupta,Operations,72000,2024-11-06,Active,40
EMP00702,Pooja Rao,Operations,42000,2021-05-21,On Leave,36
EMP00703,Maya Sharma,Sales,42000,2025-10-10,Inactive,26
EMP00704,Riya Khan,Finance,72000,2025-07-10,On Leave,58
EMP00705,Karan Das,Finance,72000,2022-10-23,Active,35
EMP00706,Vihaan Patel,Finance,60000,2021-11-10,On Leave,29
EMP00707,Riya Rao,Sales,72000,2025-02-18,Inactive,46
EMP00708,Nisha Sharma,Sales,42000,2021-05-04,Active,23
EMP00709,Nisha Patel,Finance,38000,2021-04-05,Active,39
EMP00710,Aditya Nair,IT,80000,2025-03-29,On Leave,54
EMP00711,Anaya Khan,Operations,52000,2022-08-25,Inactive,35
EMP00712,Sara Mehta,Operations,52000,2025-06-06,Active,42
EMP00713,Diya Rao,Operations,60000,2023-10-05,Active,46
EMP00714,Meera Patel,HR,52000,2024-03-12,Active,39
EMP00715,Ira Patel,Marketing,38000,2021-05-05,Inactive,35
EMP00716,Riya Gupta,Operations,45000,2023-12-12,Active,28
EMP00717,Maya Mehta,it,,2025-05-14,Active,49
EMP00718,Meera Rao,HR,32000,2025-02-14,Inactive,56
EMP00719,Dev Das,Operations,52000,2022-04-23,Inactive,32
EMP00720,Sara Gupta,Marketing,42000,2023-07-21,Active,38
EMP00721,Riya Iyer,HR,52000,2025-02-07,On Leave,39
EMP00722,Arjun Nair,Operations,72000,2023-06-08,On Leave,44
EMP00723,Karan Gupta,Sales,95000,2023-12-26,On Leave,39
EMP00724,Ishaan Patel,Finance,95000,2026-01-04,Active,36
EMP00725,Aarav Das,HR,95000,2021-04-30,Inactive,24
EMP00726,Ira Khan,Operations,32000,2024-10-15,Inactive,38
EMP00727,Rahul Khan,Operations,95000,2022-03-30,Active,27
EMP00728,Maya Gupta,HR,32000,2021-10-22,Inactive,33
EMP00729,Sara Das,Marketing,72000,2025-02-24,Inactive,49
EMP00730,Ishaan Patel,HR,72000,2024-03-25,Inactive,40
EMP00731,Neel Iyer,IT,38000,2024-01-20,On Leave,49
EMP00732,Aditya Gupta,Finance,38000,2025-10-13,Active,42
EMP00733,Ishaan Iyer,Finance,72000,2024-04-27,Inactive,31
EMP00734,Ishaan Nair,Sales,95000,2022-09-20,Active,33
EMP00735,Nisha Iyer,Operations,60000,2026-04-18,Inactive,44
EMP00736,Aarav Gupta,Operations,38000,2024-07-22,Inactive,40
EMP00737,Aditya Das,Finance,38000,2022-11-16,Inactive,33
EMP00738,Aditya Gupta,IT,60000,2023-08-29,Active,54
EMP00739,Meera Mehta,HR,72000,2023-06-06,Active,54
EMP00740,Kabir Iyer,HR,45000,2021-12-01,Inactive,36
EMP00741,Riya Sharma,Finance,80000,2025-12-30,On Leave,39
EMP00742,Rahul Sharma,Finance,42000,2024-12-01,On Leave,55
EMP00743,Rahul Khan,HR,45000,2024-03-31,On Leave,49
EMP00744,Riya Khan,Finance,38000,2024-06-28,Active,56
EMP00745,Dev Gupta,IT,32000,2022-04-01,Active,49
EMP00746,Aarav Gupta,Finance,60000,2023-09-14,Inactive,34
EMP00747,Pooja Rao,Finance,52000,2021-05-07,Inactive,50
EMP00748,Sara Das,HR,80000,2021-06-05,Active,29
EMP00749,Riya Gupta,Finance,72000,2023-10-11,Active,47
EMP00750,Meera Nair,IT,60000,2026-04-26,On Leave,46
EMP00751,Ishaan Gupta,Marketing,-5000,2022-11-27,On Leave,41
EMP00752,Aditya Sharma,Operations,45000,2022-02-26,Active,24
EMP00753,Ira Rao,Sales,60000,2025-12-17,On Leave,31
EMP00754,Vihaan Mehta,Sales,72000,2024-10-31,Active,58
EMP00755,Diya Sharma,Finance,38000,2021-11-24,,35
EMP00756,Sara Singh,Operations,95000,2024-09-21,Active,46
EMP00757,Diya Sharma,IT,80000,2022-05-15,Inactive,24
EMP00758,Maya Sharma,IT,72000,2022-08-12,Active,32
EMP00759,Riya Rao,Operations,72000,2025-01-12,,37
EMP00760,Arjun Sharma,Finance,95000,2022-05-22,Active,31
EMP00761,Rahul Gupta,Finance,72000,2023-08-21,Active,25
EMP00762,Riya Gupta,Marketing,32000,2023-06-09,Inactive,27
EMP00763,Riya Singh,Operations,38000,2025-02-10,Inactive,40
EMP00764,Diya Iyer,Finance,42000,2023-02-07,Active,40
EMP00765,Aditya Singh,Operations,95000,2025-02-28,On Leave,24
EMP00766,Vihaan Khan,Marketing,45000,2025-03-05,Inactive,52
EMP00767,Kabir Nair,IT,45000,2021-05-21,Inactive,39
EMP00768,Kabir Khan,IT,45000,2021-07-05,On Leave,35
EMP00769,Tara Iyer,Operations,60000,2021-02-17,On Leave,23
EMP00770,Tara Rao,Finance,72000,2022-12-15,Inactive,32
EMP00771,Dev Rao,Sales,32000,2025-02-09,Inactive,32
EMP00772,Anaya Sharma,IT,42000,2022-10-01,Inactive,30
EMP00773,Aarav Sharma,Finance,52000,2022-12-18,Active,45
EMP00774,Arjun Khan,Sales,95000,2021-10-23,Inactive,49
EMP00775,Meera Khan,Finance,95000,2025-05-01,Inactive,48
EMP00776,Arjun Sharma,HR,80000,2023-10-27,Active,26
EMP00777,Anaya Iyer,HR,38000,2023-05-19,Active,46
EMP00778,Tara Nair,HR,45000,2026-06-11,Active,31
EMP00779,Anaya Nair,Finance,38000,2021-07-02,Active,58
EMP00780,Aditya Mehta,HR,80000,2021-05-15,Active,52
EMP00781,Ishaan Rao,Marketing,42000,2022-11-23,Inactive,56
EMP00782,Diya Sharma,HR,32000,2025-10-14,On Leave,27
EMP00783,Maya Gupta,HR,72000,2022-07-29,Active,30
EMP00784,Vihaan Patel,Marketing,52000,2023-08-18,On Leave,54
EMP00785,Riya Nair,Sales,45000,2025-01-27,On Leave,41
EMP00786,Tara Das,Marketing,95000,2021-04-11,Active,25
EMP00787,Vihaan Khan,Marketing,95000,2022-10-22,Inactive,57
EMP00788,Ishaan Gupta,Marketing,42000,2023-02-14,On Leave,34
EMP00789,Nisha Gupta,Sales,32000,2022-03-10,inactive,43
EMP00790,Meera Iyer,HR,32000,2026-02-23,On Leave,53
EMP00791,Aditya Khan,Operations,45000,2023-01-18,Active,26
EMP00792,Vihaan Singh,Sales,52000,2026-03-06,Active,39
EMP00793,Arjun Sharma,HR,72000,2021-07-10,Active,34
EMP00794,Aarav Patel,Finance,52000,2023-03-27,Active,31
EMP00795,Rahul Gupta,HR,95000,2025-06-13,Active,53
EMP00796,Karan Iyer,Sales,52000,2022-02-03,Inactive,32
EMP00797,Rahul Patel,Sales,80000,2023-10-22,Inactive,49
EMP00798,Riya Singh,Operations,72000,2023-12-12,Active,35
EMP00799,Rahul Iyer,Marketing,52000,2021-06-01,On Leave,26
EMP00800,Tara Nair,HR,42000,2023-02-11,Active,32
EMP00801,Ishaan Iyer,HR,42000,2021-03-16,On Leave,44
EMP00802,Pooja Nair,Operations,80000,2025-01-25,Active,24
EMP00803,Riya Iyer,Marketing,42000,2024-05-08,Inactive,37
EMP00804,Riya Das,Sales,45000,2026-01-06,Inactive,36
EMP00805,Tara Sharma,Operations,42000,2023-09-25,On Leave,43
EMP00806,Aarav Khan,IT,38000,2021-07-22,Inactive,29
EMP00807,Meera Das,Operations,72000,2024-04-30,Active,28
EMP00808,Maya Patel,Operations,38000,2024-07-25,Active,37
EMP00809,Neel Das,Operations,60000,2022-12-08,On Leave,27
EMP00810,Ishaan Patel,Marketing,45000,2021-02-12,On Leave,24
EMP00811,Ishaan Khan,Finance,95000,2024-10-29,Active,54
EMP00812,Karan Iyer,HR,38000,2025-06-30,Active,43
EMP00813,Kabir Patel,Sales,95000,2024-06-24,On Leave,54
EMP00814,Riya Nair,Operations,52000,2025-09-12,On Leave,24
EMP00815,Ira Rao,HR,95000,2026-06-20,On Leave,42
EMP00816,Aditya Mehta,Finance,42000,2026-01-24,On Leave,25
EMP00817,Kabir Das,Finance,95000,2024-09-24,Active,55
EMP00818,Riya Singh,Operations,95000,2023-04-07,Active,46
EMP00819,Maya Iyer,Sales,42000,2021-01-08,Inactive,26
EMP00820,Anaya Mehta,Sales,80000,2025-04-15,On Leave,24
EMP00821,Pooja Patel,HR,38000,2026-01-08,Active,43
EMP00822,Riya Mehta,Sales,42000,2026-03-11,Active,25
EMP00823,Anaya Mehta,Sales,52000,2023-04-02,Active,33
EMP00824,Karan Sharma,Finance,38000,2024-04-08,Active,47
EMP00825,Vihaan Das,Finance,52000,2025-04-15,Active,33
EMP00826,Anaya Gupta,IT,38000,2024-08-17,Inactive,47
EMP00827,Riya Singh,IT,42000,2025-12-21,Active,39
EMP00828,Neel Das,Finance,32000,2022-06-13,Inactive,34
EMP00829,Kabir Patel,Marketing,95000,2026-03-10,On Leave,55
EMP00830,Arjun Mehta,Marketing,95000,2023-03-22,On Leave,48
EMP00831,Arjun Das,Operations,38000,2024-01-28,Active,30
EMP00832,Diya Khan,IT,38000,2025-12-26,Inactive,51
EMP00833,Ishaan Gupta,Finance,45000,2023-12-11,On Leave,35
EMP00834,Diya Khan,IT,38000,2024-07-02,On Leave,25
EMP00835,Riya Patel,Operations,38000,2023-07-03,Active,37
EMP00836,Karan Iyer,IT,95000,2022-05-31,Active,57
EMP00837,Arjun Sharma,Operations,42000,2024-12-26,On Leave,42
EMP00838,Rahul Iyer,Operations,60000,2021-09-02,Inactive,58
EMP00839,Vihaan Mehta,Operations,72000,2025-12-21,On Leave,37
EMP00840,Rahul Patel,Marketing,42000,2022-12-07,Active,41
EMP00841,Aditya Mehta,HR,52000,2022-08-16,Inactive,41
EMP00842,Ishaan Gupta,IT,72000,2022-02-13,Active,34
EMP00843,Neel Singh,HR,38000,2025-05-27,Inactive,51
EMP00844,Aarav Gupta,HR,95000,2021-04-22,Inactive,47
EMP00845,Kabir Rao,Sales,42000,2025-07-26,Active,23
EMP00846,Maya Das,Marketing,45000,2022-02-14,Inactive,22
EMP00847,Sara Rao,Operations,72000,2022-01-07,Active,43
EMP00848,Kabir Iyer,Operations,38000,2024-03-31,On Leave,38
EMP00849,Vihaan Iyer,Operations,60000,2024-03-22,On Leave,21
EMP00850,Dev Das,IT,95000,2021-07-16,Active,25
EMP00851,Aarav Patel,IT,80000,2024-04-16,On Leave,41
EMP00852,Maya Das,Operations,32000,2025-06-13,On Leave,57
EMP00853,Meera Gupta,Operations,60000,2026-03-23,Inactive,39
EMP00854,Neel Singh,Operations,95000,2026-03-02,On Leave,44
EMP00855,Tara Mehta,Operations,38000,2024-10-11,Inactive,38
EMP00856,Aditya Das,Operations,42000,2023-03-26,On Leave,24
EMP00857,Anaya Sharma,Finance,95000,2022-05-18,On Leave,51
EMP00858,Sara Mehta,HR,32000,2025-06-24,Inactive,37
EMP00859,Riya Das,HR,72000,2023-09-30,Active,56
EMP00860,Ira Singh,HR,60000,2021-02-12,Inactive,56
EMP00861,Rahul Mehta,IT,80000,2021-03-03,Inactive,55
EMP00862,Maya Iyer,Finance,38000,2021-07-20,Inactive,57
EMP00863,Vihaan Nair,IT,80000,2025-03-14,Inactive,29
EMP00864,Riya Nair, IT,60000,2021-04-25,Active,55
EMP00865,Diya Mehta,Marketing,38000,2024-08-25,On Leave,38
EMP00866,Sara Iyer,HR,52000,2021-03-11,Active,45
EMP00867,Ishaan Patel,Operations,38000,2021-12-27,Active,58
EMP00868,Karan Khan,,95000,2025-01-13,Active,30
EMP00869,Sara Das,Finance,42000,2022-09-25,On Leave,48
EMP00870,Ira Khan,IT,42000,2022-04-03,On Leave,43
EMP00871,Meera Das,HR,42000,2025-07-14,On Leave,53
EMP00872,Arjun Patel,Finance,32000,2023-08-31,Active,58
EMP00873,Vihaan Mehta,Marketing,32000,2024-02-25,On Leave,46
EMP00874,Aarav Khan,IT,80000,2022-01-20,Active,22
EMP00875,Pooja Gupta,IT,95000,2024-04-05,Inactive,35
EMP00876,Vihaan Das,Sales,95000,2025-02-24,Active,40
EMP00877,Arjun Mehta,Operations,80000,2025-11-22,On Leave,54
EMP00878,Ira Nair,IT,45000,2023-01-07,Inactive,29
EMP00879,Ira Das,HR,38000,2021-06-25,Active,38
EMP00880,Nisha Patel,Sales,42000,2026-04-01,Active,56
EMP00881,Maya Das,Marketing,32000,2026-04-12,Active,37
EMP00882,Aditya Mehta,Sales,95000,2023-11-16,Active,50
EMP00883,Sara Iyer,Finance,60000,2022-12-16,Inactive,47
EMP00884,Diya Sharma,Sales,95000,2022-10-05,On Leave,38
EMP00885,Meera Khan,Operations,45000,2026-05-18,Inactive,39
EMP00886,Kabir Singh,HR,52000,2026-05-19,On Leave,53
EMP00887,Neel Singh,Operations,80000,2025-04-23,Active,27
EMP00888,Arjun Iyer,Operations,45000,2022-02-06,On Leave,47
EMP00889,Arjun Iyer,Finance,38000,2022-08-30,On Leave,56
EMP00890,Arjun Nair,IT,42000,2026-05-29,Active,29
EMP00891,Kabir Gupta,Sales,45000,2021-09-29,Active,46
EMP00892,Rahul Das,IT,72000,2022-08-31,Active,29
EMP00893,Sara Khan,Sales,95000,2022-09-24,Active,-5
EMP00894,Maya Patel,Finance,38000,2026-03-22,Inactive,32
EMP00895,Pooja Iyer,IT,45000,2026-02-15,Active,55
EMP00896,Riya Khan,Finance,80000,2025-02-14,On Leave,42
EMP00897,Rahul Nair,Operations,95000,2024-02-01,Active,27
EMP00898,Tara Khan,HR,32000,2024-03-04,Inactive,48
EMP00899,Kabir Rao,IT,38000,2022-09-14,Inactive,55
EMP00900,Neel Nair,Operations,80000,2021-10-10,Active,27
EMP00901,Tara Das,Sales,95000,2022-03-05,Inactive,25
EMP00902,Dev Khan,Operations,45000,2024-12-07,Active,42
EMP00903,Aarav Rao,Finance,80000,2025-06-22,Active,27
EMP00904,Karan Khan,IT,72000,2024-01-11,Inactive,26
EMP00905,Riya Iyer,IT,60000,2023-10-18,Inactive,58
EMP00906,Maya Singh,Sales,42000,2023-04-19,Active,22
EMP00907,Arjun Gupta,HR,38000,2022-04-05,Inactive,45
EMP00908,Tara Singh,Finance,80000,2026-03-26,Active,41
EMP00909,Riya Das,HR,80000,2025-02-12,On Leave,57
EMP00910,Aditya Sharma,Finance,72000,2023-07-06,Active,28
EMP00911,Aditya Rao,Marketing,32000,2023-04-18,Active,21
EMP00912,Tara Das,Finance,60000,2022-03-09,On Leave,50
EMP00913,Dev Iyer,,52000,2025-11-02,On Leave,38
EMP00914,Ira Gupta,Sales,42000,2023-04-11,Inactive,32
EMP00915,Aditya Rao,Sales,42000,2025-11-13,On Leave,28
EMP00916,Ira Iyer,IT,45000,2021-05-15,On Leave,26
EMP00917,Meera Nair,HR,72000,2024-01-13,Active,34
EMP00918,Arjun Singh,IT,80000,2024-05-30,Active,43
EMP00919,Tara Singh,Finance,72000,2024-06-29,Inactive,33
EMP00920,Ira Mehta,Operations,52000,2025-04-24,Inactive,39
EMP00921,Anaya Mehta,Operations,80000,2025-06-27,Inactive,58
EMP00922,Arjun Rao,Marketing,52000,2021-01-24,Inactive,26
EMP00923,Aditya Rao,HR,95000,2026-02-09,Inactive,36
EMP00924,Aarav Gupta,Marketing,95000,2022-12-08,Inactive,49
EMP00925,Pooja Khan,HR,45000,2025-05-03,Inactive,28
EMP00926,Arjun Singh,Operations,72000,2025-09-08,Active,41
EMP00927,Dev Nair,Sales,32000,2025-05-09,Active,55
EMP00928,Nisha Rao,HR,45000,2024-12-08,Active,28
EMP00929,Arjun Khan,HR,80000,2023-08-22,Active,56
EMP00930,Sara Patel,HR,52000,2021-10-10,On Leave,52
EMP00931,Vihaan Iyer,Operations,80000,2025-02-26,On Leave,54
EMP00932,Kabir Singh,IT,45000,2025-05-08,Inactive,56
EMP00933,Riya Khan,Finance,95000,2025-07-28,Active,42
EMP00934,Ishaan Iyer,Sales,72000,2024-01-23,On Leave,38
EMP00935,Rahul Sharma,IT,60000,2024-08-28,Active,27
EMP00936,Meera Gupta,IT,52000,2025-12-26,On Leave,45
EMP00937,Dev Patel,Marketing,42000,2021-01-05,On Leave,30
EMP00938,Dev Gupta,Operations,52000,2022-06-13,Inactive,57
EMP00939,Vihaan Sharma,HR,80000,2024-06-11,On Leave,36
EMP00940,Anaya Sharma,Sales,32000,2026-04-27,Inactive,35
EMP00941,Karan Rao,Marketing,60000,2024-06-12,On Leave,44
EMP00942,Maya Rao,HR,45000,2023-07-27,Inactive,24
EMP00943,Tara Gupta,IT,52000,2021-05-07,On Leave,53
EMP00944,Anaya Rao,Operations,80000,2022-02-12,Active,23
EMP00945,Aarav Rao,Operations,52000,2025-02-08,On Leave,41
EMP00946,Diya Rao,Operations,38000,2021-10-20,Active,28
EMP00947,Diya Das,Marketing,95000,2025-02-26,On Leave,30
EMP00948,Meera Khan,Marketing,32000,2022-07-16,On Leave,34
EMP00949,Karan Gupta,HR,38000,2022-03-10,Active,25
EMP00950,Kabir Patel,HR,52000,2023-08-13,On Leave,34
EMP00951,Dev Patel,IT,45000,2021-05-16,On Leave,22
EMP00952,Aditya Iyer,Operations,38000,2026-06-23,Inactive,45
EMP00953,Meera Singh,Operations,72000,2026-04-14,On Leave,38
EMP00954,Dev Khan,Operations,60000,2023-01-29,Active,44
EMP00955,Ishaan Iyer,HR,45000,2021-07-21,On Leave,54
EMP00956,Karan Das,Marketing,42000,2026-01-30,Inactive,21
EMP00957,Anaya Gupta,HR,80000,2025-03-16,On Leave,37
EMP00958,Aditya Sharma,HR,42000,2021-05-26,Active,21
EMP00959,Karan Khan,Operations,42000,2026-03-28,Active,56
EMP00960,Neel Patel,Sales,95000,2022-11-13,On Leave,37
EMP00961,Nisha Nair,Marketing,80000,2024-01-24,On Leave,33
EMP00962,Ira Das,Operations,38000,2025-01-15,Inactive,45
EMP00963,Sara Singh,Marketing,80000,2022-07-07,Inactive,26
EMP00964,Diya Mehta,Marketing,72000,2022-09-23,Active,57
EMP00965,Maya Mehta,Marketing,95000,2021-01-15,On Leave,27
EMP00966,Diya Das,Marketing,95000,2023-04-14,Inactive,22
EMP00967,Kabir Singh,IT,45000,2021-05-06,Active,42
EMP00968,Meera Iyer,IT,38000,2026-04-30,Inactive,24
EMP00969,Ira Das,Finance,72000,2023-09-16,Inactive,26
EMP00970,Vihaan Patel,HR,60000,2023-06-24,Inactive,41
EMP00971,Rahul Rao,Marketing,45000,2022-07-26,Inactive,41
EMP00972,Meera Rao,Sales,60000,2021-07-31,On Leave,48
EMP00973,Ishaan Iyer,Sales,95000,2024-03-20,Inactive,24
EMP00974,Aditya Nair,Finance,52000,2025-03-15,On Leave,31
EMP00975,Kabir Singh,Operations,38000,2021-11-08,Inactive,50
EMP00976,Aarav Nair,HR,42000,2022-12-17,Inactive,26
EMP00977,Dev Patel,Sales,52000,2023-09-19,Active,46
EMP00978,Karan Mehta,HR,52000,2024-01-20,Active,31
EMP00979,Riya Iyer,Sales,72000,2024-05-03,On Leave,49
EMP00980,Riya Iyer,Marketing,52000,2026-03-17,Inactive,24
EMP00981,Rahul Mehta,Operations,60000,2023-01-12,Inactive,45
EMP00982,Karan Das,Finance,72000,2021-01-01,Active,56
EMP00983,Ishaan Nair,Marketing,45000,2024-05-28,Active,48
EMP00984,Riya Mehta,IT,72000,2023-11-16,Active,39
EMP00985,Meera Sharma,Operations,45000,2024-10-14,Inactive,54
EMP00986,Vihaan Khan,Operations,52000,2025-12-23,On Leave,34
EMP00987,Riya Iyer,Sales,42000,2022-06-07,Inactive,42
EMP00988,Tara Iyer,Sales,45000,2021-05-24,Active,36
EMP00989,Arjun Gupta,Finance,80000,2024-12-15,On Leave,57
EMP00990,Ishaan Sharma,IT,95000,2021-08-27,Inactive,38
EMP00991,Vihaan Rao,Finance,42000,2026-05-25,Active,41
EMP00992,Sara Mehta,Sales,60000,2024-04-28,Active,38
EMP00993,Meera Khan,IT,38000,2025-04-08,Active,58
EMP00994,Karan Mehta,HR,60000,2024-08-07,On Leave,29
EMP00995,Kabir Das,Finance,45000,2024-04-28,On Leave,45
EMP00996,Maya Nair,Finance,42000,2024-04-19,Inactive,42
EMP00997,Kabir Nair,Marketing,72000,2022-06-14,On Leave,26
EMP00998,Riya Das,Sales,80000,2023-08-11,Inactive,43
EMP00999,Tara Gupta,Sales,38000,2024-09-24,Inactive,42
EMP01000,Aarav Sharma,IT,80000,2023-05-20,Inactive,46
EMP01001,Vihaan Gupta,Finance,52000,2022-05-06,Active,58
EMP01002,Karan Mehta,HR,38000,2021-09-27,On Leave,57
EMP01003,Meera Mehta,IT,95000,2026-06-08,On Leave,50
EMP01004,Dev Singh,Operations,45000,2024-01-31,On Leave,55
EMP01005,Kabir Sharma,Operations,42000,2022-04-15,Active,53
EMP01006,Aarav Das,Sales,72000,2023-09-05,On Leave,24
EMP01007,Aditya Gupta,IT,72000,2022-12-30,Inactive,21
EMP01008,Diya Das,Sales,42000,2024-04-28,On Leave,40
EMP01009,Aditya Rao,HR,45000,2026-02-04,Inactive,27
EMP01010,Dev Rao,Sales,32000,2021-07-05,Active,57
EMP01011,Ishaan Singh,Operations,95000,2023-01-06,On Leave,32
EMP01012,Ishaan Patel,HR,38000,2022-08-06,Inactive,36
EMP01013,Neel Singh,IT,80000,2023-05-19,Active,38
EMP01014,Pooja Rao,Marketing,80000,2021-03-07,Inactive,36
EMP01015,Neel Mehta,Operations,45000,2022-10-17,Active,39
EMP01016,Maya Nair,Finance,95000,2022-05-28,Active,57
EMP01017,Anaya Gupta,Operations,72000,2025-03-21,Active,49
EMP01018,Anaya Iyer,Marketing,60000,2021-08-10,Inactive,27
EMP01019,Ishaan Sharma,IT,60000,2026-01-08,On Leave,44
EMP01020,Meera Sharma,IT,72000,2024-02-09,Inactive,57
EMP01021,Neel Mehta,Sales,60000,2024-11-27,Inactive,32
EMP01022,Meera Nair,Operations,80000,2021-11-25,On Leave,25
EMP01023,Meera Patel,Sales,32000,2022-04-06,On Leave,55
EMP01024,Ishaan Patel,IT,60000,2025-04-17,Inactive,27
EMP01025,Maya Patel,Finance,52000,2024-05-26,On Leave,48
EMP01026,Aarav Rao,IT,32000,2025-09-27,Active,23
EMP01027,Riya Khan,Operations,38000,2026-05-23,Inactive,23
EMP01028,Karan Patel,Finance,42000,2021-08-28,Active,24
EMP01029,Kabir Patel,Marketing,72000,2022-03-28,On Leave,29
EMP01030,Vihaan Sharma,HR,45000,2022-07-26,On Leave,22
EMP01031,,Sales,72000,2024-02-04,Active,34
EMP01032,Neel Khan,Finance,42000,2025-05-07,Inactive,58
EMP01033,Nisha Das,IT,45000,2021-06-22,Inactive,27
EMP01034,Neel Singh,HR,72000,2022-02-24,On Leave,44
EMP01035,Neel Gupta,HR,32000,2021-08-25,Active,54
EMP01036,Ira Rao,IT,60000,2022-11-28,Inactive,54
EMP01037,Meera Rao,HR,52000,2025-11-11,On Leave,45
EMP01038,Arjun Khan,Sales,,2022-03-16,Inactive,34
EMP01039,Kabir Patel,Operations,38000,2022-06-04,Active,39
EMP01040,Arjun Khan,Finance,45000,2024-08-29,Inactive,58
EMP01041,Meera Iyer,Finance,95000,2021-04-15,Inactive,34
EMP01042,Neel Iyer,HR,52000,2025-05-03,Inactive,32
EMP01043,Diya Gupta,IT,95000,2025-10-16,Inactive,54
EMP01044,Kabir Mehta,Sales,32000,2025-06-16,Inactive,58
EMP01045,Karan Iyer,Finance,38000,2022-10-24,Inactive,54
EMP01046,Karan Rao,Operations,45000,2025-10-04,Active,43
EMP01047,Rahul Gupta,Finance,38000,2022-04-19,Active,42
EMP01048,Nisha Nair,IT,80000,2021-02-04,Inactive,56
EMP01049,Aarav Sharma,Sales,52000,2023-08-20,Inactive,35
EMP01050,Tara Khan,Sales,52000,2023-08-30,Active,56
EMP01051,Pooja Khan,Finance,38000,2023-05-30,Active,31
EMP01052,Anaya Rao,Operations,38000,2024-01-25,Inactive,24
EMP01053,Nisha Gupta,Finance,72000,2021-10-25,On Leave,31
EMP01054,Neel Nair,Finance,32000,2026-02-24,On Leave,39
EMP01055,Neel Singh,Operations,45000,2025-02-05,Inactive,24
EMP01056,Neel Gupta,Finance,42000,2022-05-28,On Leave,37
EMP01057,Neel Singh,IT,52000,2026-05-24,On Leave,38
EMP01058,Pooja Patel,Operations,60000,2024-02-22,On Leave,49
EMP01059,Rahul Nair,Operations,72000,2024-09-07,On Leave,21
EMP01060,Rahul Rao,HR,60000,2022-11-22,Inactive,24
EMP01061,Diya Singh,HR,52000,2023-03-30,Inactive,55
EMP01062,Aditya Rao,Operations,80000,2024-11-22,Inactive,50
EMP01063,Nisha Sharma,HR,32000,2021-10-10,Inactive,41
EMP01064,Dev Sharma,IT,95000,2024-07-19,On Leave,35
EMP01065,Karan Mehta,HR,60000,2023-07-29,Inactive,26
EMP01066,Vihaan Sharma,Marketing,42000,2025-09-27,On Leave,50
EMP01067,Kabir Khan,Operations,,2026-05-14,On Leave,51
EMP01068,Anaya Das,IT,42000,2026-06-14,Active,27
EMP01069,Nisha Rao,IT,52000,2021-06-14,On Leave,39
EMP01070,Dev Das,Sales,42000,2023-02-08,On Leave,22
EMP01071,Ishaan Das,IT,72000,2024-03-21,Inactive,48
EMP01072,Kabir Iyer,Marketing,32000,2025-12-26,On Leave,52
EMP01073,Pooja Nair,Sales,60000,2023-03-27,On Leave,23
EMP01074,Meera Iyer,Sales,42000,2023-09-10,Active,38
EMP01075,Nisha Sharma,Operations,52000,2021-11-27,On Leave,45
EMP01076,Meera Sharma,Marketing,38000,2025-07-23,Active,32
EMP01077,Maya Gupta,it,38000,2024-07-10,Active,47
EMP01078,Anaya Iyer,Sales,52000,2024-08-12,Active,26
EMP01079,Tara Khan,Sales,72000,2025-06-23,On Leave,28
EMP01080,Karan Sharma,Marketing,80000,2025-09-16,On Leave,35
EMP01081,Kabir Sharma,HR,52000,2024-01-14,On Leave,27
EMP01082,Pooja Mehta,Marketing,80000,2022-07-26,Active,29
EMP01083,Riya Das,Operations,80000,2021-06-17,Inactive,30
EMP01084,Meera Nair,IT,95000,2022-01-25,On Leave,56
EMP01085,Tara Iyer,HR,38000,2024-05-17,On Leave,38
EMP01086,Tara Singh,Finance,95000,2025-10-24,On Leave,36
EMP01087,Anaya Khan,Finance,52000,2022-02-18,On Leave,45
EMP01088,Tara Khan,Sales,52000,2026-03-29,Active,47
EMP01089,Ira Rao,IT,,2022-08-13,Active,39
EMP01090,Ira Gupta,Sales,32000,2023-04-27,On Leave,41
EMP01091,Meera Singh,Operations,38000,2022-08-23,Active,57
EMP01092,Sara Rao,HR,95000,2025-12-16,Active,32
EMP01093,Ira Gupta,Marketing,80000,2025-12-19,Inactive,22
EMP01094,Meera Singh,HR,45000,2022-11-05,Active,41
EMP01095,Sara Patel,IT,32000,2026-03-07,Inactive,23
EMP01096,Nisha Das,Operations,45000,2021-12-27,On Leave,39
EMP01097,Kabir Iyer,Operations,80000,2025-04-24,Active,30
EMP01098,Riya Singh,Marketing,45000,2026-01-22,On Leave,57
EMP01099,Ira Mehta,Finance,unknown,2025-08-23,Active,35
EMP01100,Nisha Singh,Marketing,42000,2021-10-30,Inactive,29
EMP01101,Rahul Nair,Sales,60000,2026-05-24,On Leave,36
EMP01102,Pooja Rao,HR,45000,2022-08-14,On Leave,36
EMP01103,Anaya Das,Sales,42000,2025-03-19,On Leave,31
EMP01104,Rahul Sharma,HR,42000,2022-07-01,On Leave,26
EMP01105,Aditya Patel,Operations,45000,2023-07-01,Inactive,52
EMP01106,Kabir Khan,Finance,,2023-03-19,On Leave,25
EMP01107,Arjun Das,Finance,60000,2025-07-27,On Leave,31
EMP01108,Sara Nair,Sales,60000,2025-11-23,Active,48
EMP01109,Karan Das,Sales,52000,2023-03-22,Active,34
EMP01110,Kabir Gupta,Finance,80000,2023-05-21,On Leave,21
EMP01111,Dev Singh,Finance,52000,2026-01-06,Active,22
EMP01112,Karan Das,Marketing,95000,2022-03-30,On Leave,58
EMP01113,Ira Das,HR,45000,2025-02-18,Inactive,45
EMP01114,Dev Khan,IT,60000,2022-11-17,Inactive,45
EMP01115,Ishaan Das,Finance,45000,2021-05-08,Active,39
EMP01116,Ira Gupta,Sales,52000,2021-08-08,Active,50
EMP03180,Ishaan Iyer,IT,42000,2023-10-28,Inactive,49
EMP01118,Neel Rao,Sales,32000,2022-08-13,Inactive,25
EMP01119,Maya Singh,Sales,95000,2024-11-12,Inactive,38
EMP01120,Meera Patel,Finance,45000,2021-05-15,Inactive,50
EMP01121,Maya Mehta,IT,72000,2023-08-16,Active,34
EMP01122,Neel Mehta,HR,95000,2022-02-19,On Leave,36
EMP01123,Vihaan Gupta,IT,60000,2022-01-19,Inactive,46
EMP01124,Nisha Khan,Finance,72000,2025-10-05,Inactive,51
EMP01125,Riya Khan,HR,60000,2024-08-10,Active,35
EMP01126,Ishaan Rao,Finance,72000,2024-01-26,On Leave,47
EMP01127,Neel Das,Marketing,72000,2021-06-04,Active,30
EMP01128,Rahul Khan,HR,32000,2022-06-22,On Leave,56
EMP01129,Rahul Khan,Finance,60000,2024-11-08,Active,53
EMP01130,Riya Nair,Operations,95000,2023-04-24,Active,26
EMP01131,Diya Patel,Sales,80000,2025-01-17,On Leave,58
EMP01132,Nisha Khan,Sales,32000,2023-12-18,Inactive,30
EMP01133,Maya Nair,Operations,72000,2026-02-23,Inactive,24
EMP01134,Rahul Rao,Operations,95000,2021-07-04,Active,42
EMP01135,Pooja Gupta,HR,72000,2021-01-14,On Leave,35
EMP01136,Ishaan Rao,Sales,95000,2024-04-25,Active,21
EMP01137,Aarav Nair,hr,95000,2025-06-20,Active,21
EMP01138,Aditya Singh,Finance,32000,2025-03-08,Active,33
EMP01139,Dev Iyer,Finance,32000,2024-02-19,On Leave,55
EMP01140,Nisha Rao,Operations,72000,2024-10-20,On Leave,44
EMP01141,Diya Singh,HR,52000,2025-12-16,On Leave,36
EMP01142,Meera Gupta,HR ,45000,2023-03-02,Active,25
EMP01143,Ira Mehta,Finance,72000,2022-07-03,Inactive,22
EMP01144,Pooja Sharma,Finance,72000,2024-08-18,Inactive,26
EMP01145,Pooja Sharma,Operations,80000,2023-06-26,Active,47
EMP01146,Riya Gupta,Operations,95000,2021-11-19,Active,40
EMP01147,Maya Nair,Sales,32000,2021-06-27,On Leave,42
EMP01148,Pooja Singh,Marketing,38000,2026-01-31,Active,22
EMP01149,Pooja Mehta,Operations,80000,2025-10-10,On Leave,40
EMP03142,Aarav Gupta,Marketing,80000,2022-11-09,On Leave,34
EMP01151,Karan Khan,IT,52000,2022-04-09,On Leave,54
EMP01152,Ishaan Rao,Operations,38000,2022-10-17,On Leave,53
EMP01153,Tara Iyer,Marketing,42000,2025-08-29,On Leave,49
EMP01154,Riya Patel,Operations,45000,2022-03-12,Inactive,27
EMP01155,Sara Gupta,,42000,2023-09-28,ACTIVE,47
EMP01156,Tara Gupta,Operations,52000,2022-12-16,On Leave,57
EMP01157,Pooja Khan,Sales,60000,2022-05-11,On Leave,33
EMP01158,Vihaan Singh,Operations,42000,2024-10-10,Active,52
EMP01159,Maya Das,Finance,95000,2022-05-23,Active,54
EMP01160,Sara Rao,Finance,52000,2022-11-05,Active,39
EMP01161,Aarav Gupta,HR ,45000,2026-01-14,On Leave,58
EMP01162,Ira Nair,IT,52000,2023-12-26,Active,45
EMP01163,Maya Mehta,Marketing,52000,2024-12-18,On Leave,54
EMP01164,Vihaan Iyer,IT,52000,2022-02-27,Inactive,31
EMP01165,Ira Patel,IT,42000,2023-12-16,Inactive,31
EMP01166,Tara Rao,Marketing,80000,2024-02-21,On Leave,38
EMP01167,Aditya Sharma,Operations,38000,2026-01-13,On Leave,45
EMP01168,Riya Khan,HR,80000,2022-09-06,On Leave,41
EMP06793,Rahul Sharma,Operations,80000,2025-09-17,Inactive,48
EMP01170,Riya Das,Marketing,60000,2026-01-10,Inactive,36
EMP01171,Nisha Khan,IT,32000,2023-09-29,Active,49
EMP01172,Vihaan Iyer,Finance,45000,2023-03-27,Inactive,51
EMP01173,Arjun Khan,HR,95000,2021-01-29,Active,47
EMP01174,Nisha Khan,Operations,95000,2024-02-02,On Leave,27
EMP01175,Ira Rao,Sales,38000,2023-06-15,Inactive,29
EMP01176,Meera Das,Marketing,95000,2023-06-25,Inactive,47
EMP01177,Tara Das,Operations,45000,2023-05-13,Active,57
EMP01178,Neel Khan,IT,52000,2023-07-24,Active,50
EMP01179,Meera Khan,Marketing,72000,2022-02-02,On Leave,56
EMP01180,Vihaan Rao,Operations,80000,2026-01-03,Inactive,57
EMP01181,Diya Rao,Operations,42000,2025-10-25,On Leave,42
EMP01182,Anaya Rao,Marketing,72000,2021-05-08,Inactive,39
EMP01183,Ishaan Patel,HR,52000,2023-04-12,On Leave,53
EMP01184,Diya Patel,Finance,80000,2022-07-18,Inactive,57
EMP01185,Tara Nair,Finance,42000,2021-10-31,On Leave,26
EMP01186,Aditya Iyer,HR,80000,2024-07-27,Inactive,53
EMP01187,Riya Das,Operations,45000,2025-05-22,Inactive,58
EMP01188,Maya Nair,HR,45000,2021-08-12,Inactive,57
EMP01189,Tara Khan,Marketing,52000,2024-11-17,Inactive,53
EMP01190,Tara Rao,Marketing,45000,2022-12-19,Active,49
EMP01191,Neel Khan,Operations,32000,2023-08-30,Inactive,33
EMP01192,Meera Gupta,Sales,42000,2022-10-29,On Leave,58
EMP01193,Tara Sharma,Finance,80000,2025-01-20,On Leave,34
EMP01194,Aarav Gupta,Sales,32000,2025-06-11,Inactive,23
EMP01195,Vihaan Gupta,Sales,32000,2026-05-12,On Leave,29
EMP01196,Aarav Khan,IT,80000,2022-04-26,Active,39
EMP01197,Vihaan Khan,IT,52000,2025-04-17,Inactive,24
EMP01198,Neel Das,Operations,42000,2026-01-09,Active,32
EMP01199,Meera Mehta,Operations,45000,2023-03-23,On Leave,43
EMP01200,Arjun Iyer,HR,45000,2024-08-15,On Leave,35
EMP01201,Sara Iyer,HR,52000,2025-06-30,On Leave,55
EMP01202,Aarav Patel,Operations,42000,2026-01-17,Active,26
EMP01203,Ishaan Khan,,38000,2025-05-04,Inactive,57
EMP01204,Meera Das,Finance,95000,2022-07-22,Active,23
EMP01205,Tara Das,Marketing,32000,2023-05-22,Active,30
EMP01206,Vihaan Mehta,Operations,42000,2023-08-31,Active,54
EMP01207,Riya Mehta,IT,38000,2026-01-28,Inactive,32
EMP01208,Tara Rao,Finance,45000,2022-04-03,On Leave,50
EMP01209,Aditya Sharma,Operations,38000,2024-03-07,Inactive,31
EMP01210,Riya Sharma,Finance,38000,2021-12-07,Active,48
EMP01211,Sara Singh,Sales,45000,2024-06-05,On Leave,48
EMP01212,Neel Singh,Marketing,60000,2023-08-01,Active,28
EMP01213,Aarav Khan,Finance,80000,2022-04-14,On Leave,36
EMP01214,Riya Singh,IT,80000,2023-03-27,Inactive,46
EMP01215,Arjun Nair,Sales,80000,2021-05-05,Inactive,46
EMP01216,Neel Nair,Marketing,45000,2024-12-13,Inactive,43
EMP01217,Arjun Singh,Finance,45000,2022-05-21,Inactive,29
EMP01218,Ishaan Das,Finance,38000,2026-05-07,On Leave,43
EMP01219,Aditya Rao,Sales,60000,2026-01-05,Inactive,45
EMP01220,Pooja Rao,Operations,42000,2023-12-07,Inactive,22
EMP01221,Aarav Rao,Operations,45000,2022-07-03,Active,37
EMP01222,Anaya Khan,Operations,72000,2026-05-10,Inactive,29
EMP01223,Maya Khan,Marketing,95000,2024-07-14,Active,36
EMP01224,Rahul Khan,HR ,80000,2025-06-22,Active,41
EMP01225,Ira Patel,IT,60000,2025-06-30,Inactive,51
EMP01226,Sara Nair,Operations,38000,2022-01-11,On Leave,56
EMP01227,Ishaan Patel,Sales,42000,2024-10-16,Active,25
EMP01228,Aarav Rao,Operations,38000,2023-10-28,On Leave,54
EMP01229,Meera Rao,Operations,45000,2026-01-19,On Leave,54
EMP01230,Sara Nair,Sales,80000,2022-12-11,Inactive,46
EMP01231,Ira Patel,Marketing,45000,2023-12-30,Inactive,32
EMP01232,Dev Nair,IT,52000,2025-09-13,On Leave,41
EMP01233,Diya Gupta,Marketing,60000,2023-09-10,Inactive,56
EMP01234,Karan Iyer,Finance,32000,2024-04-27,Inactive,33
EMP01235,Sara Iyer,Finance,42000,2022-03-03,On Leave,23
EMP06407,Pooja Rao,Marketing,72000,2021-07-29,Active,31
EMP01237,Anaya Khan,Operations,52000,2025-05-02,Inactive,45
EMP01238,Aditya Rao,Sales,42000,2023-01-26,Inactive,43
EMP01239,Maya Mehta,Marketing,95000,2025-11-09,On Leave,29
EMP01240,Riya Patel,Finance,32000,2025-04-13,Inactive,41
EMP01241,Karan Gupta,IT,45000,2023-09-02,On Leave,23
EMP01242,Vihaan Khan,Marketing,60000,2025-02-18,Active,55
EMP01243,Nisha Rao,finance,32000,2024-12-26,Active,33
EMP01244,Maya Das,HR,60000,2021-09-16,On Leave,41
EMP01245,Ira Mehta,,52000,2024-04-30,Active,30
EMP01246,Meera Sharma,Marketing,80000,2025-03-19,On Leave,23
EMP01247,Riya Mehta,Sales,45000,2024-03-27,On Leave,48
EMP01248,Ishaan Sharma,Marketing,52000,2023-07-30,Active,31
EMP01249,Ishaan Das,Finance,32000,2021-04-30,Inactive,28
EMP01250,Sara Sharma,IT,95000,2025-09-06,Active,44
EMP05398,Meera Nair,Finance,52000,2026-01-09,On Leave,26
EMP01252,Meera Khan,Finance,32000,2022-04-15,Inactive,35
EMP01253,Nisha Gupta,Marketing,32000,2021-07-17,Active,39
EMP01254,Aarav Sharma,Operations,45000,2023-09-19,On Leave,57
EMP01255,Tara Khan,IT,80000,2024-01-13,Active,52
EMP01256,Nisha Patel,Operations,72000,2026-03-07,Active,57
EMP01257,Ishaan Das,HR,32000,2021-04-25,Inactive,47
EMP01258,Rahul Das,Sales,52000,2025-05-28,Inactive,35
EMP01259,Arjun Mehta,Finance,45000,2023-03-29,Active,58
EMP01260,Ishaan Iyer,Operations,45000,2022-05-12,Active,26
EMP01261,Dev Rao,HR,72000,2023-09-16,Active,37
EMP01262,Aarav Singh,Finance,72000,2021-10-14,Active,50
EMP01263,Riya Iyer,Finance,72000,2025-06-28,On Leave,56
EMP01264,Neel Khan,Marketing,60000,2025-03-27,On Leave,30
EMP01265,Arjun Iyer,HR,32000,2025-06-05,Active,40
EMP01266,Vihaan Sharma,Finance,32000,2026-05-25,Inactive,54
EMP01267,Riya Khan,it,45000,2026-03-15,Inactive,36
EMP01268,Maya Patel,Operations,45000,2024-12-06,Active,28
EMP01269,Diya Iyer,Finance,45000,2026-03-19,On Leave,45
EMP01270,Neel Singh,Marketing,32000,2022-02-14,On Leave,56
EMP01271,Rahul Gupta,Sales,32000,2024-10-15,Active,45
EMP01272,Arjun Mehta,Sales,72000,2023-06-23,Active,52
EMP01273,Rahul Nair,Sales,42000,2025-02-13,On Leave,55
EMP01274,Anaya Mehta,Operations,52000,2024-05-14,Inactive,35
EMP01275,Nisha Khan,HR,80000,2025-08-02,Active,41
EMP01276,Kabir Khan,HR,38000,2022-09-09,On Leave,47
EMP01277,Anaya Gupta,Finance,72000,2025-04-19,Active,43
EMP01278,Sara Nair,Finance,52000,2021-01-11,Active,55
EMP01279,Aditya Das,HR,60000,2024-12-25,On Leave,57
EMP01280,Sara Gupta,Finance,32000,2026-06-21,Active,25
EMP01281,Anaya Iyer,Marketing,72000,2022-07-16,On Leave,26
EMP01282,Anaya Rao,Sales,95000,2024-05-09,Inactive,58
EMP01283,Kabir Mehta,HR,45000,2021-11-03,Inactive,41
EMP01284,Dev Gupta,IT,,2023-05-05,On Leave,31
EMP01285,Anaya Mehta,IT,95000,2024-12-02,Active,57
EMP01286,Ira Gupta,HR,72000,2021-03-20,Active,57
EMP01287,Neel Das,Finance,72000,2026-03-24,Inactive,22
EMP01288,Diya Gupta,Operations,80000,2023-02-21,Inactive,58
EMP01289,Nisha Rao,IT,45000,2024-11-12,Active,35
EMP01290,Riya Das,Marketing,32000,2021-07-27,Inactive,57
EMP05699,Dev Nair,IT,60000,2021-04-23,Inactive,55
EMP06046,Anaya Gupta,IT,60000,2022-01-24,On Leave,49
EMP01293,Anaya Nair,Sales,45000,2021-07-22,Active,40
EMP01294,Vihaan Khan,Sales,72000,2026-05-05,On Leave,30
EMP01295,Kabir Khan,IT,32000,2024-05-21,Inactive,43
EMP01296,Meera Singh,Finance,32000,2025-10-05,Inactive,36
EMP01297,Pooja Gupta,Finance,52000,2023-12-16,On Leave,37
EMP01298,Maya Gupta,Operations,32000,2022-02-16,Inactive,30
EMP01299,Aarav Nair,Finance,72000,2023-09-07,On Leave,45
EMP01300,Meera Das,Operations,60000,2021-08-20,Inactive,35
EMP01301,Maya Rao,Marketing,80000,2024-09-02,Active,34
EMP01302,Maya Nair,,42000,2024-06-06,Active,48
EMP01303,Sara Khan,IT,38000,2022-04-27,Active,27
EMP01304,Arjun Rao,Sales,52000,2026-01-06,Inactive,28
EMP01305,Aditya Gupta,IT,80000,2025-12-25,On Leave,56
EMP01306,Aarav Gupta,Marketing,80000,2025-10-19,Active,52
EMP01307,Diya Khan,Marketing,95000,2022-01-24,On Leave,51
EMP01308,Maya Das,HR,38000,2024-01-02,On Leave,45
EMP01309,Dev Patel,Marketing,32000,2024-10-17,Inactive,32
EMP01310,Nisha Khan,IT,95000,2021-06-30,Inactive,21
EMP01311,Neel Patel,Operations,95000,2021-10-02,Inactive,31
EMP01312,Ira Sharma,Finance,45000,2024-09-08,Inactive,49
EMP01313,Arjun Gupta,Finance,42000,2022-07-18,Inactive,49
EMP01314,Arjun Mehta,Finance,52000,2026-03-15,On Leave,43
EMP01315,Ira Mehta,Operations,52000,2024-10-20,Inactive,42
EMP01316,Ira Das,Operations,32000,2025-07-30,Active,34
EMP01317,Dev Mehta,Finance,80000,2024-11-05,Inactive,29
EMP01318,Tara Khan,IT,95000,2021-05-28,On Leave,52
EMP01319,Arjun Khan,Sales,60000,2021-03-05,Active,32
EMP01320,Rahul Sharma,Marketing,38000,2026-05-06,On Leave,56
EMP01321,Kabir Gupta,HR,95000,2021-04-15,Active,30
EMP01322,Tara Singh,Operations,80000,2021-06-26,Active,52
EMP01323,Karan Gupta,HR,52000,2024-06-24,On Leave,36
EMP01324,Dev Nair,IT,42000,2023-08-10,On Leave,56
EMP01325,Diya Sharma,Operations,42000,2024-10-13,On Leave,51
EMP01326,Vihaan Gupta,Operations,52000,2021-06-03,On Leave,47
EMP01327,,IT,52000,2022-02-08,Inactive,57
EMP01328,Nisha Singh,HR,60000,2022-01-08,On Leave,46
EMP01329,Vihaan Singh,IT,42000,2021-09-06,On Leave,31
EMP01330,Meera Gupta,IT,45000,2022-07-25,Active,32
EMP01331,Ira Iyer,Sales,80000,2021-09-09,Inactive,40
EMP01332,Rahul Sharma,Finance,,2023-08-23,Inactive,29
EMP01333,Kabir Sharma,IT,38000,2025-04-04,Active,58
EMP01334,Meera Das,HR,32000,2023-07-07,Inactive,49
EMP01335,Nisha Iyer,Operations,95000,2021-07-01,Inactive,46
EMP01336,Aditya Patel,HR,72000,2022-09-19,On Leave,35
EMP01337,Ishaan Patel,Marketing,60000,2022-08-21,Inactive,34
EMP01338,Sara Sharma,Sales,52000,2025-06-01,On Leave,21
EMP01339,Neel Sharma,Finance,32000,2021-09-11,Inactive,37
EMP01340,Vihaan Rao,Operations,32000,2021-04-21,Inactive,23
EMP01341,Arjun Mehta,Operations,32000,2023-04-16,Active,35
EMP01342,Maya Das,HR,72000,2022-12-19,Inactive,23
EMP01343,Dev Das,HR,42000,2026-05-21,Inactive,39
EMP01344,Aarav Patel,HR,45000,2022-06-25,Active,55
EMP01345,Nisha Gupta,Marketing,32000,2025-02-04,Active,50
EMP01346,Aditya Khan,Marketing,45000,2024-09-14,On Leave,30
EMP01347,Ira Sharma,IT,80000,2025-08-02,On Leave,34
EMP01348,Aarav Sharma,Finance,60000,2025-01-11,Inactive,25
EMP01349,Anaya Khan,Sales,52000,2024-12-29,Inactive,23
EMP01350,Sara Das,HR,80000,2025-04-20,Inactive,47
EMP01351,Vihaan Gupta,IT,60000,2024-08-10,On Leave,28
EMP01352,Aditya Gupta,HR,32000,2024-01-19,Active,27
EMP01353,Nisha Iyer,Marketing,52000,2022-11-05,Active,36
EMP01354,Riya Singh,Sales,42000,2022-11-11,Active,35
EMP01355,Karan Sharma,Sales,72000,2026-04-04,Inactive,31
EMP01356,Anaya Patel,HR,45000,2023-04-08,On Leave,25
EMP01357,Maya Iyer,HR,95000,2024-04-16,Inactive,33
EMP01358,Sara Khan,Operations,80000,2021-09-04,Inactive,27
EMP04858,Maya Singh,HR,38000,2026-03-17,Inactive,22
EMP01360,Aditya Khan,Marketing,80000,2024-12-10,Active,56
EMP01361,Kabir Rao,Marketing,95000,2024-07-05,On Leave,21
EMP01362,Diya Khan,Sales,,2022-04-02,On Leave,41
EMP01363,Maya Das,Sales,38000,2024-09-08,On Leave,40
EMP01364,Karan Rao,Sales,32000,2021-11-24,Active,37
EMP01365,Anaya Khan,Sales,32000,2024-06-16,Inactive,49
EMP01366,Vihaan Iyer,Operations,60000,2025-05-30,Inactive,34
EMP01367,Neel Das,Marketing,95000,2023-08-29,Active,32
EMP01368,Rahul Khan,Marketing,95000,2023-02-17,Inactive,31
EMP01369,Aditya Nair,IT,52000,2024-11-06,Inactive,26
EMP01370,Riya Singh,Operations,32000,2024-10-24,Active,57
EMP01371,Diya Iyer,Marketing,32000,2025-11-28,Inactive,25
EMP01372,Meera Sharma,Sales,72000,2025-05-05,On Leave,42
EMP01373,Anaya Das,HR,72000,2024-11-26,On Leave,32
EMP01374,Anaya Nair,Marketing,52000,2021-05-26,On Leave,31
EMP01375,Kabir Mehta,HR,72000,2023-09-06,Inactive,25
EMP01376,Nisha Mehta,Marketing,38000,2022-05-22,Active,25
EMP01377,Aditya Patel,IT,32000,2023-12-10,On Leave,29
EMP01378,Tara Khan,HR,72000,2026-04-02,Active,46
EMP01379,Anaya Sharma,HR,60000,2025-05-21,On Leave,54
EMP01380,Rahul Mehta,Sales,60000,2021-07-12,Inactive,49
EMP01381,Sara Nair,Operations,80000,2023-03-14,Active,38
EMP01382,Aarav Nair,HR,80000,2023-08-04,Inactive,42
EMP01383,Rahul Sharma,Marketing,72000,2025-03-05,On Leave,31
EMP01384,Meera Iyer,Sales,,2025-10-28,On Leave,45
EMP01385,Aditya Sharma,Finance,95000,2023-07-22,inactive,50
EMP01386,Meera Iyer,Operations,32000,2024-02-27,On Leave,46
EMP01387,Vihaan Gupta,Marketing,80000,2024-09-04,On Leave,26
EMP01388,Dev Das,Operations,32000,2023-05-28,On Leave,27
EMP01389,Ira Khan,Marketing,42000,2022-07-13,Inactive,26
EMP01390,Aarav Nair,Sales,95000,2022-05-20,Active,51
EMP01391,Karan Patel,HR,32000,2024-01-23,Inactive,44
EMP01392,Karan Nair,Sales,80000,2021-05-31,On Leave,49
EMP01393,Nisha Sharma,Finance,72000,2026-03-11,On Leave,47
EMP01394,Rahul Khan,Sales,42000,2026-06-19,On Leave,39
EMP01395,Nisha Iyer,HR,38000,2023-09-13,Inactive,44
EMP01396,Diya Khan,Marketing,45000,2021-12-22,Active,44
EMP01397,Maya Mehta,Sales,38000,2022-12-17,Inactive,35
EMP01398,Vihaan Iyer,Sales,32000,2026-03-15,Active,47
EMP01399,Kabir Iyer,Operations,45000,2026-01-27,Active,31
EMP01400,Rahul Iyer,IT,32000,2025-11-28,On Leave,58
EMP01401,Kabir Khan,Sales,42000,2021-06-16,,42
EMP01402,Pooja Sharma,Finance,52000,2023-08-27,Active,44
EMP01403,Neel Mehta,Operations,38000,2024-04-25,Inactive,35
EMP01404,Tara Singh,HR,80000,2022-12-24,On Leave,36
EMP07599,Pooja Gupta,Marketing,45000,2021-08-19,Active,37
EMP01406,Pooja Gupta,Operations,95000,2023-04-18,Active,26
EMP01407,Aarav Gupta,Marketing,95000,2023-12-28,Inactive,47
EMP01408,Pooja Khan,IT,60000,2021-02-08,Inactive,29
EMP01409,Nisha Sharma,IT,38000,2022-11-05,Active,42
EMP01410,Meera Rao,Sales,32000,2023-02-28,Inactive,36
EMP01411,Arjun Sharma,Finance,32000,2025-01-17,On Leave,23
EMP01412,Aarav Nair,Operations,32000,2022-01-13,On Leave,46
EMP01413,Ishaan Khan,Finance,80000,2023-04-13,Inactive,36
EMP01414,Dev Sharma,Marketing,52000,2022-10-08,Inactive,56
EMP01415,Rahul Nair,Finance,95000,2024-08-28,Inactive,34
EMP01416,Ira Khan,IT,38000,2022-12-15,Inactive,50
EMP01417,Ira Singh,HR,52000,2021-10-21,On Leave,39
EMP01418,Maya Singh,HR,32000,2022-10-10,Active,30
EMP01419,Karan Mehta,IT,42000,2024-04-08,On Leave,40
EMP01420,Pooja Nair,Marketing,38000,2026-03-01,Inactive,34
EMP01421,Rahul Gupta,Finance,42000,2023-01-26,Active,50
EMP01422,Sara Rao,HR,80000,2025-03-02,Inactive,46
EMP01423,Tara Sharma,Sales,95000,2024-12-19,On Leave,22
EMP01424,Dev Patel,IT,32000,2023-06-24,On Leave,26
EMP01425,Aarav Das,Finance,45000 INR,2021-08-10,On Leave,29
EMP01426,Karan Patel,IT,95000,2022-09-23,On Leave,24
EMP01427,Nisha Singh,Marketing,42000,2024-08-17,Active,53
EMP01428,Pooja Singh,Sales,42000,2024-07-29,Inactive,23
EMP01429,Sara Das,Sales,95000,2022-04-16,Inactive,25
EMP01430,Aarav Singh,Sales,,2023-04-16,Inactive,22
EMP01431,Anaya Iyer,Operations,45000,2023-10-16,Inactive,49
EMP01432,Nisha Mehta,Marketing,52000,2021-10-25,Inactive,27
EMP01433,Ira Rao,Finance,38000,2022-07-31,Active,35
EMP01434,Arjun Khan,IT,72000,2023-01-04,Inactive,56
EMP01435,Ishaan Mehta,Sales,52000,2025-09-20,On Leave,56
EMP01436,Rahul Khan,Finance,95000,2021-05-30,On Leave,30
EMP01437,Vihaan Sharma,HR,52000,2024-12-03,Active,31
EMP01438,Arjun Gupta,Operations,80000,2025-02-18,Active,39
EMP01439,Ishaan Khan,Finance,32000,2024-03-16,Inactive,26
EMP01440,Neel Mehta,HR,38000,2026-04-12,Active,21
EMP01441,Diya Gupta,HR,38000,2025-12-19,On Leave,33
EMP01442,Kabir Das,Finance,52000,2023-05-12,On Leave,47
EMP01443,Aarav Das,IT,38000,2025-11-26,On Leave,36
EMP01444,Dev Mehta,Operations,32000,2021-07-06,Inactive,21
EMP01445,Diya Das,Sales,52000,2025-03-12,Inactive,43
EMP01446,Anaya Singh,IT,52000,2023-05-27,On Leave,29
EMP01447,Ishaan Sharma,Sales,60000,2024-05-17,Active,31
EMP01448,Aditya Patel,Sales,38000,2024-06-24,On Leave,37
EMP01449,Pooja Nair,Marketing,72000,2025-03-26,On Leave,47
EMP01450,Nisha Patel,Finance,32000,2024-08-20,Active,31
EMP01451,Meera Singh,IT,52000,2024-06-24,Inactive,28
EMP01452,Dev Iyer,IT,38000,2022-11-14,Inactive,51
EMP01453,Aarav Rao,Finance,95000,2021-01-13,Active,35
EMP01454,Anaya Rao,Finance,32000,2025-02-16,Active,23
EMP01455,Karan Khan,Marketing,42000,2024-01-16,Inactive,45
EMP01456,Aditya Gupta,Operations,52000,2023-03-04,Active,41
EMP01457,Maya Gupta,Finance,45000,2025-11-04,On Leave,49
EMP01458,Anaya Gupta,IT,38000,2021-07-17,On Leave,31
EMP01459,Diya Iyer,Sales,52000,2024-03-27,On Leave,45
EMP01460,Ira Gupta,Marketing,80000,2025-11-17,Active,28
EMP01461,Rahul Nair,Sales,42000,2021-02-28,Inactive,56
EMP01462,Vihaan Khan,Marketing,72000,2023-03-11,Inactive,37
EMP01463,Riya Das,Operations,42000,2023-08-11,Inactive,28
EMP01464,Rahul Sharma,IT,95000,2023-08-04,Inactive,42
EMP01465,Maya Rao,HR,60000,2026-02-06,Inactive,23
EMP01466,Tara Khan,IT,95000,2025-11-30,Active,29
EMP01467,Aarav Mehta,Sales,38000,2026-05-11,Inactive,42
EMP01468,Maya Mehta,Marketing,52000,2026-05-08,Active,56
EMP01469,Diya Patel,Operations,32000,2024-10-27,Inactive,43
EMP01470,Ishaan Singh,Operations,45000,2023-07-02,On Leave,25
EMP01471,Arjun Sharma,Sales,32000,2021-11-05,Active,36
EMP01472,Aditya Patel,Operations,60000,2021-08-03,Active,49
EMP01473,Arjun Singh,Operations,52000,2023-04-05,Inactive,23
EMP01474,Kabir Mehta,HR,95000,2025-01-24,On Leave,49
EMP01475,Meera Iyer,Sales,42000,2023-02-19,Inactive,46
EMP01476,Ira Gupta,Sales,52000,2023-02-02,On Leave,56
EMP01477,Vihaan Rao,Marketing,45000,2021-02-21,Active,47
EMP01478,Anaya Das,Marketing,42000,2021-07-21,On Leave,43
EMP01479,Anaya Mehta,Finance,95000,2025-07-14,Inactive,35
EMP01480,Meera Rao,Marketing,45000,2021-07-05,Inactive,36
EMP01481,Tara Rao,Operations,80000,2021-12-14,On Leave,27
EMP01482,Meera Rao,Sales,,2024-01-02,On Leave,26
EMP01483,Anaya Mehta,Marketing,95000,2021-05-01,Active,37
EMP01484,Maya Patel,Operations,32000,2024-08-29,On Leave,52
EMP01485,Meera Iyer,HR,60000,2022-01-29,Inactive,31
EMP01486,Nisha Khan,Operations,32000,2023-10-28,Active,39
EMP01487,Meera Das,Sales,45000,2025-07-22,On Leave,40
EMP01488,Meera Iyer,Finance,38000,2025-02-16,Inactive,39
EMP01489,Meera Iyer,Sales,42000,2025-09-20,Active,40
EMP01490,Karan Iyer,Marketing,95000,2022-11-09,Active,41
EMP01491,Neel Rao,Sales,32000,2026-03-21,On Leave,22
EMP01492,Aditya Nair,Marketing,32000,2026-05-18,Inactive,21
EMP01493,Kabir Khan,Sales,45000,2023-01-20,Active,31
EMP01494,Tara Mehta,Finance,95000,2025-01-03,Inactive,47
EMP01495,Kabir Das,IT,45000,2025-03-07,Inactive,42
EMP01496,Karan Singh,IT,42000,2023-11-08,Active,25
EMP01497,Neel Rao,Sales,38000,2026-03-12,Inactive,43
EMP01498,Dev Khan,IT,80000,2021-08-24,On Leave,35
EMP01499,Pooja Iyer,Finance,95000,2026-05-22,Active,51
EMP01500,Ira Gupta,Finance,80000,2025-06-25,Active,36
EMP01501,Sara Gupta,Finance,60000,2022-04-03,Active,38
EMP01502,Pooja Khan,,95000,2022-12-17,On Leave,29
EMP01503,Riya Khan,Finance,45000,2024-06-21,On Leave,43
EMP01504,Vihaan Mehta,Finance,72000,2021-01-07,Inactive,38
EMP01505,Tara Khan,Sales,38000,2023-08-04,Inactive,51
EMP01506,Kabir Rao,Sales,52000,2024-05-07,Inactive,21
EMP01507,Pooja Rao,Operations,38000,2021-04-11,Inactive,28
EMP01508,Nisha Gupta,Finance,95000,2023-09-19,Active,30
EMP01509,Tara Mehta,Finance,80000,2026-03-20,Inactive,32
EMP01510,Sara Nair,HR,60000,2024-03-03,Active,49
EMP01511,Meera Das,IT,95000,2023-06-14,On Leave,49
EMP01512,Nisha Mehta,Operations,45000,2024-06-03,On Leave,25
EMP01513,Diya Rao,Finance,42000,2023-07-05,Inactive,35
EMP01514,Kabir Gupta,Finance,95000,2021-10-30,Inactive,26
EMP01515,Diya Khan,HR,52000,2021-06-03,Inactive,29
EMP01516,Ishaan Patel,Operations,42000,2021-01-10,Active,47
EMP01517,Rahul Nair,Marketing,38000,2022-04-11,On Leave,29
EMP01518,Dev Das,Sales,45000,2025-09-22,Active,21
EMP01519,Sara Rao,Finance,52000,2022-01-29,Active,57
EMP01520,Anaya Nair,HR,80000,2022-11-30,On Leave,53
EMP01521,Aditya Patel,HR,42000,2024-09-01,On Leave,28
EMP01522,Sara Nair,HR,80000,2025-09-02,Active,43
EMP01523,Nisha Rao,Operations,52000,2024-11-10,On Leave,55
EMP01524,Sara Mehta,HR,80000,2025-11-15,Inactive,22
EMP01525,Nisha Iyer,IT,72000,2024-02-23,Inactive,53
EMP01526,Aditya Khan,it,72000,2021-08-13,On Leave,57
EMP01527,Kabir Khan,Operations,52000,2026-01-09,Inactive,28
EMP01528,Anaya Das,HR,42000,2022-01-24,On Leave,27
EMP01529,Pooja Mehta,HR,80000,2022-04-11,Inactive,42
EMP01530,Dev Rao,Sales,32000,2022-12-01,Inactive,21
EMP01531,Arjun Patel,Sales,80000,2023-02-27,Inactive,27
EMP01532,Kabir Khan,IT,38000,2024-11-10,Inactive,42
EMP01533,Anaya Patel,Finance,95000,2026-01-13,On Leave,24
EMP01534,Kabir Iyer,HR,45000,2022-07-19,On Leave,52
EMP01535,Sara Nair,Operations,38000,2021-12-14,Active,58
EMP01536,Meera Sharma,HR,72000,2022-05-04,Inactive,34
EMP01537,Kabir Khan,IT,42000,2022-01-26,On Leave,46
EMP01538,Ira Das,Finance,80000,2025-03-19,On Leave,43
EMP01539,Karan Sharma,HR,42000,2021-08-06,On Leave,29
EMP01540,Dev Das,IT,32000,2022-01-09,On Leave,36
EMP01541,Kabir Sharma,Operations,72000,2021-06-20,Active,41
EMP01542,Meera Rao,HR,42000,2024-05-05,Inactive,33
EMP01543,Aditya Singh,Sales,52000,2023-06-19,Active,26
EMP01544,Sara Singh,Operations,80000,2022-09-18,Active,43
EMP01545,Tara Singh,Sales,80000,2021-12-31,On Leave,48
EMP01546,Vihaan Singh,Marketing,60000,2023-10-18,Inactive,27
EMP01547,Aditya Iyer,Operations,42000,2024-11-16,Active,36
EMP01548,Ira Das,HR,52000,2025-06-23,Active,55
EMP01549,Tara Patel,Marketing,38000,2021-09-08,Inactive,36
EMP01550,Neel Gupta,Sales,38000,2022-02-16,Active,39
EMP01551,Vihaan Sharma,HR,80000,2025-11-26,Active,29
EMP01552,Rahul Rao,Finance,95000,2022-04-23,Inactive,33
EMP01553,Nisha Iyer,Finance,42000,2026-04-06,On Leave,41
EMP01554,Kabir Nair,Finance,32000,2024-08-22,Active,46
EMP01555,Arjun Nair,Finance,38000,2024-04-10,Inactive,21
EMP01556,Anaya Das,HR,52000,2023-03-22,Inactive,33
EMP01557,Maya Nair,HR,45000,2025-11-26,On Leave,54
EMP01558,Tara Iyer,Operations,32000,2023-04-28,On Leave,40
EMP01559,Dev Rao,Marketing,45000,2025-04-16,On Leave,24
EMP01560,Maya Singh,HR,32000,2022-07-12,Inactive,52
EMP01561,Ishaan Nair,HR,52000,2025-11-09,Active,57
EMP01562,Rahul Das,Operations,95000,2023-07-03,Active,43
EMP01563,Arjun Patel,HR,80000,2026-04-15,Active,42
EMP01564,Meera Rao,IT,60000,2023-05-22,Inactive,47
EMP01565,Arjun Das,IT,42000,2021-02-23,Inactive,56
EMP01566,Nisha Khan,Operations,60000,2022-01-19,On Leave,41
EMP01567,Ishaan Rao,Finance,42000,2026-04-22,inactive,25
EMP01568,Sara Khan,Sales,32000,2022-09-21,On Leave,26
EMP01569,Karan Sharma,Sales,42000,2024-07-29,Active,53
EMP01570,Rahul Rao,Sales,95000,2025-11-26,Inactive,26
EMP01571,Maya Khan,Sales,80000,2022-04-02,Inactive,51
EMP01572,Meera Nair,HR,52000,2021-09-13,On Leave,24
EMP01573,Diya Patel,Finance,52000,2024-06-08,Inactive,43
EMP01574,Neel Khan,IT,95000,2022-09-24,Inactive,56
EMP01575,Karan Mehta,Sales,52000,2021-06-08,Active,57
EMP01576,Neel Khan,Finance,38000,2024-04-30,Active,40
EMP01577,Nisha Iyer,Marketing,32000,2021-08-02,On Leave,57
EMP01578,Tara Nair,Operations,42000,2024-10-16,On Leave,48
EMP01579,Ishaan Nair,HR,38000,2023-09-26,Active,36
EMP01580,Rahul Iyer,HR,72000,2021-03-15,Active,23
EMP01581,Ishaan Nair,Sales,60000,2024-03-16,Inactive,56
EMP01582,Maya Mehta,Marketing,42000,2021-08-07,On Leave,41
EMP01583,Aditya Das,Marketing,60000,2023-09-26,Inactive,42
EMP01584,Rahul Khan,IT,38000,2021-02-13,Inactive,36
EMP01585,Dev Das,Sales,52000,2021-07-27,Inactive,38
EMP01586,Meera Iyer,Sales,52000,2024-01-22,Inactive,46
EMP01587,Ira Singh,IT,45000,2021-03-01,Active,31
EMP01588,Nisha Nair,HR,72000,2022-04-27,Inactive,46
EMP01589,Sara Rao,Marketing,60000,2021-10-29,On Leave,21
EMP01590,Rahul Khan,HR,80000,2021-08-19,Inactive,27
EMP01591,Dev Singh,Sales,38000,2025-10-27,Inactive,53
EMP01592,Pooja Das,IT,42000,2025-09-05,Inactive,58
EMP01593,Dev Das,Marketing,60000,2023-12-25,On Leave,35
EMP01594,Pooja Khan,Marketing,32000,2023-04-18,Active,28
EMP01595,Vihaan Mehta,Marketing,72000,2022-03-15,On Leave,31
EMP01596,Anaya Rao,Operations,60000,2023-11-18,Inactive,47
EMP01597,Rahul Mehta,Finance,72000,2025-09-07,Inactive,24
EMP01598,Aarav Gupta,IT,38000,2024-08-11,Inactive,54
EMP01599,Diya Patel,Sales,60000,2021-03-18,Inactive,56
EMP01600,Kabir Patel,Operations,95000,2021-04-14,On Leave,28
EMP01601,Arjun Patel,Finance,52000,2024-05-14,Active,50
EMP01602,Rahul Gupta,Marketing,95000,2024-01-27,Inactive,46
EMP01603,Diya Mehta,Operations,38000,2025-04-26,Active,34
EMP01604,Karan Nair,Marketing,38000,2022-08-02,Active,42
EMP01605,Dev Patel,Sales,80000,2026-04-23,On Leave,46
EMP01606,Sara Nair,Sales,72000,2023-08-14,Inactive,57
EMP01607,Kabir Khan,Finance,45000,2021-08-03,Active,46
EMP01608,Aditya Sharma,IT,60000,2021-10-15,On Leave,42
EMP01609,Pooja Patel,IT,42000,2023-07-20,Inactive,52
EMP01610,Dev Mehta,Operations,42000,2024-06-28,On Leave,46
EMP01611,Arjun Nair,Sales,45000,2021-01-31,Active,49
EMP01612,Meera Das,Operations,95000,2024-04-24,Inactive,34
EMP01613,Pooja Gupta,Marketing,32000,2022-09-03,On Leave,53
EMP01614,Ira Das,Marketing,95000,2024-06-14,Active,50
EMP01615,Arjun Mehta,Sales,72000,2021-03-11,On Leave,31
EMP01616,Riya Iyer,HR,80000,2024-04-04,On Leave,46
EMP01617,Aditya Singh,Finance,38000,2024-04-26,Inactive,29
EMP01618,Aditya Khan,Marketing,72000,2022-09-16,Active,37
EMP01619,Rahul Iyer,IT,42000,2022-09-03,On Leave,34
EMP01620,Anaya Mehta,Sales,60000,2026-02-13,On Leave,25
EMP01621,Anaya Gupta,Operations,80000,2021-09-16,Inactive,25
EMP01622,Maya Mehta,HR,45000,2023-06-16,Active,45
EMP01623,Karan Patel,IT,45000,2022-05-21,On Leave,31
EMP01624,Riya Khan,IT,42000,2023-05-24,On Leave,21
EMP01625,Aarav Das,Operations,42000,2024-01-01,Inactive,40
EMP01626,Diya Sharma,Operations,80000,2021-03-26,On Leave,54
EMP01627,Ira Iyer,Finance,95000,2021-04-08,Active,26
EMP01628,Anaya Nair,IT,95000,2023-05-19,Inactive,35
EMP01629,Aditya Gupta,Finance,60000,2024-01-04,On Leave,58
EMP01630,Ira Sharma,Finance,32000,2024-11-30,On Leave,26
EMP01631,Kabir Sharma,Sales,45000,2026-01-16,Active,40
EMP01632,Maya Khan,Finance,95000,2024/15/99,On Leave,57
EMP01633,Diya Iyer,Marketing,95000,2026-01-01,Active,29
EMP01634,Pooja Nair,IT ,38000,2024-05-28,On Leave,40
EMP01635,Aarav Singh,Sales,38000,2024-12-04,On Leave,23
EMP01636,Aditya Patel,Operations,42000,2022-11-06,On Leave,40
EMP01637,Rahul Patel,Marketing,80000,2024-12-16,Active,24
EMP01638,Ira Patel,Operations,45000,2022-09-15,On Leave,29
EMP01639,Dev Sharma,Operations,42000,2022-04-07,On Leave,29
EMP01640,Dev Rao,Finance,95000,2026-04-10,On Leave,35
EMP01641,Karan Das,Marketing,52000,2024-04-23,On Leave,33
EMP01642,Aditya Das,,38000,2022-02-27,Active,24
EMP01643,Aarav Das,Operations,45000,2021-04-04,On Leave,54
EMP01644,Sara Sharma,Marketing,52000,2026-06-13,Inactive,50
EMP01645,Karan Nair,Finance,52000,2026-06-11,On Leave,29
EMP01646,Tara Iyer,Sales,80000,2021-09-23,Inactive,21
EMP01647,Rahul Sharma,Sales,45000,2026-04-29,Active,55
EMP01648,Anaya Nair,IT,32000,2021-12-24,Active,42
EMP01649,Nisha Sharma,IT,45000,2023-10-26,Inactive,41
EMP01650,Aarav Khan,IT,52000,2025-08-30,Inactive,46
EMP01651,Aarav Khan,HR,95000,2022-01-15,Active,21
EMP01652,Anaya Gupta,Marketing,60000,2026-01-08,Inactive,31
EMP01653,Tara Iyer,HR,80000,2022-07-02,On Leave,54
EMP01654,Ishaan Singh,IT,95000,2024-08-03,Active,35
EMP01655,Karan Singh,Finance,45000,2025-05-20,Active,28
EMP01656,Neel Das,Operations,72000,2025-04-20,Inactive,53
EMP01657,Sara Mehta,Operations,32000,2025-10-08,Active,26
EMP01658,Kabir Khan,Operations,95000,2024-04-14,Active,37
EMP01659,Ishaan Mehta,Finance,38000,2024-07-12,Active,41
EMP01660,Diya Rao,IT,45000,2023-10-13,On Leave,47
EMP01661,Meera Das,Operations,52000,2024-07-02,Active,25
EMP01662,Neel Singh,Operations,72000,2026-03-17,Active,24
EMP01663,Karan Rao,HR,60000,2021-06-09,Inactive,26
EMP01664,Karan Mehta,Sales,42000,2022-01-04,On Leave,50
EMP01665,Ira Das,Sales,42000,2022-03-02,Active,30
EMP01666,Anaya Sharma,Operations,45000,2025-01-17,On Leave,51
EMP01667,Anaya Khan,Operations,95000,2025-02-09,Inactive,53
EMP01668,Kabir Nair,HR,52000,2021-04-24,Inactive,58
EMP08949,Arjun Rao,Finance,60000,2022-11-29,Inactive,33
EMP01670,Maya Gupta,IT,42000,2023-05-26,Active,44
EMP01671,Ishaan Rao,Operations,42000,2023-07-10,Inactive,55
EMP01672,Pooja Iyer,Operations,80000,2022-12-04,Active,40
EMP01673,Karan Rao,Operations,,2023-09-22,On Leave,50
EMP01674,Pooja Mehta,IT,,2021-10-13,Inactive,38
EMP01675,Tara Patel,Sales,45000,2026-06-18,On Leave,38
EMP01676,Aditya Mehta,Finance,38000,2025-02-02,Active,44
EMP01677,Aarav Singh,Marketing,80000,2025-03-19,Active,30
EMP01678,Rahul Patel,Finance,38000,2023-02-28,Inactive,34
EMP01679,Ira Khan,Marketing,52000,2025-07-13,Inactive,40
EMP01680,Neel Iyer,Sales,52000,2023-11-21,Active,45
EMP01681,Ira Das,Operations,95000,2022-11-09,On Leave,21
EMP01682,Maya Mehta,Finance,38000,2021-08-18,Active,47
EMP01683,Neel Nair,Operations,72000,2025-03-19,On Leave,47
EMP01684,Maya Khan,Operations,72000,2023-07-02,On Leave,25
EMP01685,Riya Mehta,IT,72000,2025-07-31,Active,29
EMP01686,Vihaan Iyer,HR,60000,2023-08-06,Active,22
EMP01687,Maya Gupta,HR,95000,2026-03-17,On Leave,50
EMP01688,Tara Khan,HR,60000,2021-06-13,Active,41
EMP01689,Ishaan Das,HR,38000,2022-08-13,Inactive,55
EMP01690,Pooja Patel,Marketing,72000,2023-03-08,On Leave,45
EMP01691,Maya Das,Operations,32000,2026-02-07,Active,32
EMP01692,Pooja Nair,Sales,52000,2024-12-08,Inactive,36
EMP01693,Diya Khan,HR,45000,2022-10-01,Active,44
EMP01694,Sara Patel,HR,45000,2024-09-07,Inactive,46
EMP01695,Sara Iyer,HR,42000,2021-10-21,On Leave,57
EMP01696,Ishaan Patel,Operations,42000,2022-03-12,Active,42
EMP01697,Nisha Rao,HR,45000,2022-10-30,On Leave,41
EMP01698,Vihaan Iyer,Marketing,38000,2022-07-03,Inactive,26
EMP01699,Aditya Das,IT,72000,2024-06-02,Active,21
EMP01700,Dev Nair,IT,52000,2021-10-28,Active,28
EMP01701,Anaya Mehta,HR,80000,2023-10-28,On Leave,57
EMP01702,Tara Das,IT,42000,2022-08-28,Active,48
EMP01703,Nisha Das,HR,60000,2025-07-17,Inactive,56
EMP01704,Maya Sharma,IT,72000,2025-07-06,On Leave,44
EMP01705,Neel Mehta,HR,72000,2021-12-27,On Leave,27
EMP01706,Vihaan Singh,HR,60000,2025-01-28,inactive,41
EMP01707,Aarav Sharma,Sales,45000,2025-09-09,On Leave,40
EMP01708,Vihaan Das,Sales,60000,2022-01-19,Active,30
EMP01709,Diya Sharma,Marketing,42000,2026-02-15,Active,52
EMP01710,Pooja Mehta,Operations,72000,2025-11-06,On Leave,47
EMP01711,Rahul Khan,Finance,38000,2023-10-20,Inactive,53
EMP01712,Tara Mehta,Finance,72000,2023-03-25,Inactive,23
EMP01713,Pooja Rao,Finance,38000,2023-12-22,On Leave,47
EMP01714,Dev Singh,Operations,80000,2023-06-06,On Leave,47
EMP01715,Aarav Singh,IT,60000,2022-06-23,Active,25
EMP01716,Ishaan Singh,IT,38000,2021-07-21,Active,24
EMP01717,Karan Iyer,HR,45000,2025-12-23,Active,29
EMP01718,Kabir Rao,Marketing,42000,2021-12-26,Inactive,55
EMP01719,Anaya Patel,IT,52000,2024-01-30,Inactive,26
EMP01720,Sara Singh,Operations,42000,2022-05-26,On Leave,46
EMP01721,Anaya Khan,IT,38000,2021-04-13,Active,39
EMP01722,Dev Rao,IT,80000,2025-02-04,Active,47
EMP01723,Dev Singh,Sales,52000,2025-12-11,Inactive,53
EMP01724,Ira Nair,Sales,52000,2024-08-23,Active,35
EMP01725,Vihaan Sharma,Finance,80000,2022-08-28,Active,57
EMP01726,Tara Nair,Marketing,,2024-11-20,Active,44
EMP01727,Aditya Nair,Operations,52000,2021-04-03,Inactive,46
EMP01728,Karan Sharma,HR,32000,2025-02-28,On Leave,38
EMP01729,Maya Nair,Finance,60000,2024-10-23,Active,40
EMP01730,Rahul Mehta,Marketing,80000,2022-03-17,Active,25
EMP01731,Diya Das,Sales,72000,2023-02-22,Active,30
EMP01732,Maya Khan,Sales,72000,2025-02-12,On Leave,26
EMP01733,Ira Rao,Marketing,95000,2021-11-15,Inactive,33
EMP01734,Sara Khan,Operations,32000,2023-08-17,Active,22
EMP01735,Anaya Mehta,Operations,45000,2021-05-02,Active,24
EMP01736,Aarav Nair,Finance,72000,2023-03-20,On Leave,49
EMP01737,Meera Nair,Sales,42000,2024-08-14,Inactive,48
EMP01738,Tara Nair,Operations,45000,2023-11-28,On Leave,52
EMP01739,Ira Nair,Operations,80000,2026-02-16,Active,47
EMP01740,Neel Gupta,Operations,45000,2023-02-12,Active,37
EMP01741,Kabir Sharma,Finance,32000,2025-06-06,Active,35
EMP01742,Aditya Iyer,HR,32000,2023-04-19,On Leave,22
EMP01743,Ishaan Khan,IT,72000,2026-02-09,On Leave,51
EMP01744,Diya Iyer,Operations,72000,2025-06-29,Inactive,49
EMP01745,Kabir Singh,Operations,60000,2024-10-02,On Leave,56
EMP01746,Sara Patel,Marketing,60000,2022-06-17,Inactive,51
EMP01747,Neel Das,HR,42000,2022-10-24,Active,57
EMP01748,Aditya Patel,IT,32000,2024-02-27,On Leave,35
EMP01749,Sara Sharma,IT,80000,2024-12-14,On Leave,40
EMP01750,Meera Patel,HR,80000,2023-08-13,Inactive,48
EMP01751,Nisha Nair,Finance,52000,2022-08-05,Inactive,42
EMP01752,Kabir Nair,Operations,72000,2025-07-28,Inactive,40
EMP01753,Sara Rao,Marketing,42000,2024-07-04,Active,42
EMP01754,Ishaan Mehta,Finance,52000,2025-11-03,On Leave,22
EMP01755,Aarav Gupta,Marketing,45000,2021-03-15,On Leave,52
EMP01756,Aditya Sharma,HR,95000,2024-07-05,On Leave,49
EMP00707,Aditya Mehta,Operations,38000,2026-06-05,Active,47
EMP01758,Maya Mehta,Sales,95000,2022-12-29,Active,49
EMP01759,Riya Iyer,HR,72000,2021-10-12,Active,23
EMP01760,Rahul Sharma,Finance,52000,2023-08-11,Inactive,49
EMP01761,Riya Singh,Finance,60000,2025-01-31,Inactive,57
EMP01762,Riya Rao,Marketing,95000,2025-02-05,On Leave,23
EMP01763,Riya Patel,IT,95000,2024-06-28,On Leave,55
EMP01764,Diya Gupta,HR,45000,2023-02-19,On Leave,46
EMP01765,Karan Gupta,Finance,38000,2025-02-26,Inactive,48
EMP01766,Arjun Gupta,Finance,80000,2021-02-20,Inactive,51
EMP01767,Diya Rao,Finance,42000,2022-04-01,On Leave,36
EMP01768,Anaya Patel,Finance,38000,2021-06-25,,26
EMP01769,Arjun Khan,Operations,52000,2021-02-28,On Leave,50
EMP01770,Nisha Nair,HR,32000,2021-02-01,Active,51
EMP01771,Riya Gupta,IT,60000,2021-10-13,Active,58
EMP01772,Ira Iyer,Marketing,32000,2025-12-01,Active,42
EMP01773,Neel Singh,Operations,72000,2022-01-14,On Leave,45
EMP01774,Neel Sharma,IT,95000,2024-07-22,On Leave,N/A
EMP01775,Arjun Mehta,IT,72000,2024-07-12,Active,55
EMP01776,Riya Khan,Operations,42000,2022-03-16,On Leave,49
EMP01777,Riya Khan,HR,52000,2022-08-30,Inactive,56
EMP01778,Nisha Gupta,Operations,unknown,2024-10-06,On Leave,40
EMP01779,Ishaan Nair,IT,42000,2026-05-02,Inactive,27
EMP01780,Aditya Singh,Finance,42000,2024-12-26,Inactive,22
EMP01781,Anaya Patel,HR,95000,2024-03-12,On Leave,57
EMP01782,Neel Mehta,Marketing,45000,2021-07-25,On Leave,58
EMP01783,Maya Iyer,Marketing,42000,,Inactive,22
EMP01784,Neel Patel,Marketing,95000,2021-06-13,Inactive,22
EMP01785,Neel Mehta,IT,45000,2025-02-04,Inactive,26
EMP01786,Sara Nair,IT,42000,2021-07-11,On Leave,47
EMP01787,Tara Nair,Sales,95000,2026-03-10,On Leave,57
EMP01788,Arjun Rao,Sales,80000,2025-11-08,On Leave,21
EMP01789,Maya Singh,Marketing,32000,2025-01-25,On Leave,31
EMP01790,Anaya Nair,Operations,60000,2023-06-30,On Leave,46
EMP01791,Riya Nair,Sales,32000,2022-02-04,On Leave,43
EMP01792,Aarav Rao,IT,80000,2026-06-05,On Leave,23
EMP01793,Anaya Khan,Marketing,72000,2024-07-27,On Leave,46
EMP01794,Tara Gupta,HR,95000,2023-09-02,On Leave,37
EMP01795,Aarav Nair,Finance,32000,2023-09-19,Active,28
EMP01796,Pooja Iyer,IT,80000,2024-11-11,Active,37
EMP01797,Kabir Das,HR,95000,2025-01-19,On Leave,43
EMP01798,Aarav Mehta,Finance,32000,2024-09-02,On Leave,58
EMP01799,Dev Iyer,Operations,32000,,Inactive,58
EMP01800,Sara Khan,Sales,95000,2022-12-15,Active,53
EMP01801,Aditya Iyer,Operations,72000,2022-04-29,Inactive,49
EMP01802,Neel Singh,Operations,42000,2023-03-08,Active,30
EMP01803,Riya Nair,Finance,45000,2021-09-07,Inactive,30
EMP01804,Pooja Patel,Sales,42000,2021-05-23,Inactive,42
EMP01805,Dev Sharma,Sales,32000,2026-01-15,On Leave,54
EMP01806,Nisha Khan,Marketing,42000,2023-08-27,Active,38
EMP01807,Karan Khan,IT,95000,2022-01-03,On Leave,44
EMP01808,Riya Sharma,Operations,80000,2023-08-21,On Leave,29
EMP01809,Karan Rao,Marketing,42000,2021-01-29,Inactive,53
EMP01810,Neel Rao,Marketing,32000,2025-07-19,Inactive,38
EMP01811,Kabir Patel,Sales,42000,2021-12-16,On Leave,29
EMP01812,Kabir Rao,Finance,72000,2022-11-23,Active,36
EMP01813,Nisha Iyer,,42000,2024-01-03,On leave,26
EMP01814,Dev Das,Sales,95000,2022-09-03,On Leave,57
EMP01815,Tara Khan,HR,38000,2025-04-17,Inactive,57
EMP01816,Sara Nair,,60000,2021-09-16,Active,51
EMP01817,Anaya Rao,Operations,95000,2024-02-03,On Leave,24
EMP01818,Diya Gupta,Marketing,80000,2024-10-15,Inactive,39
EMP01819,Pooja Patel,IT,72000,2021-08-08,Inactive,24
EMP01820,Karan Das,HR,60000,2025-12-16,Active,32
EMP01821,Anaya Patel,Marketing,45000,2024-02-05,On Leave,51
EMP01822,Rahul Iyer,Sales,72000,2022-07-06,Active,21
EMP01823,Rahul Iyer,Finance,38000,2025-02-01,On Leave,50
EMP01824,Vihaan Iyer,IT,72000,2021-12-28,Active,47
EMP01825,Riya Khan,HR,32000,2021-04-06,Active,55
EMP01826,Sara Singh,IT,95000,2023-09-16,Active,28
EMP01827,Meera Mehta,HR,42000,2021-11-07,On Leave,55
EMP01828,Anaya Sharma,Finance,42000,2021-11-05,On Leave,48
EMP01829,Aditya Rao,Finance,38000,2024-01-25,Active,26
EMP01830,Tara Singh,Finance,42000,2022-12-18,Active,52
EMP01831,Maya Singh,Sales,60000,2021-06-16,Active,51
EMP01832,Karan Sharma,IT,52000,2022-08-20,On Leave,39
EMP01833,Arjun Iyer,IT,45000,2022-10-15,Inactive,51
EMP01834,Ira Singh,Operations,60000,2023-03-27,On Leave,22
EMP01835,Dev Rao,Finance,60000,2021-11-06,Inactive,26
EMP01836,Vihaan Sharma,Sales,80000,2024-12-08,Active,54
EMP01837,Dev Singh,Marketing,42000,2026-04-04,Active,26
EMP01838,Diya Mehta,Finance,42000,2021-10-08,Inactive,41
EMP01839,Pooja Patel,Sales,95000,2025-05-02,Inactive,45
EMP01840,Sara Patel,Operations,95000,2021-08-20,On Leave,47
EMP01841,Diya Das,Sales,42000,2023-06-12,Active,42
EMP01842,Karan Singh,Marketing,38000,2023-09-24,Inactive,41
EMP01843,Riya Das,IT,72000,2023-07-26,Active,50
EMP01844,Dev Mehta,HR,52000,2024-07-21,On Leave,57
EMP01845,Neel Singh,Marketing,72000,2025-09-10,Inactive,23
EMP01846,Neel Khan,IT,95000,2024-04-03,On Leave,30
EMP01847,Kabir Khan,Finance,72000,2024-11-12,Active,24
EMP01848,Ira Rao,IT,80000,2023-12-04,Active,32
EMP01849,Karan Sharma,HR,38000,2021-10-10,Inactive,50
EMP01850,Anaya Rao,IT,32000,2024-09-25,Active,52
EMP01851,Pooja Mehta,HR,95000,2021-02-22,Active,29
EMP01852,Maya Iyer,Marketing,32000,2022-09-21,Inactive,33
EMP01853,Karan Patel,HR,60000,2025-02-10,Active,58
EMP01854,Riya Sharma,Sales,32000,2025-01-03,Inactive,50
EMP01855,Arjun Sharma,Finance,32000,2021-02-19,Inactive,37
EMP01856,Maya Khan,IT,95000,2023-11-13,On Leave,28
EMP01857,Riya Mehta,HR,45000,2021-04-30,on leave,49
EMP01858,Diya Gupta,Sales,80000,2024-05-07,Inactive,41
EMP01859,Meera Iyer,Marketing,95000,2026-04-21,Inactive,43
EMP01860,Anaya Sharma,IT,52000,2024-11-18,Active,23
EMP01861,Ira Mehta,Operations,32000,2024-10-26,Inactive,23
EMP01862,Diya Gupta,Marketing,52000,2022-02-20,On Leave,23
EMP00861,Pooja Khan,Marketing,80000,2023-04-17,Active,28
EMP01864,Rahul Iyer,Sales,45000,2023-07-08,Inactive,53
EMP01865,Ishaan Rao,HR,38000,2021-10-28,On Leave,54
EMP01866,Nisha Gupta,Operations,72000,2024-11-23,On Leave,26
EMP01867,Sara Das,Marketing,45000,2026-06-03,Inactive,36
EMP01868,Vihaan Nair,IT,38000,2026-04-24,Active,30
EMP01869,Nisha Rao,Operations,80000,2022-04-05,Inactive,31
EMP01870,Nisha Khan,Operations,32000,2025-01-19,Active,29
EMP01871,Tara Iyer,Marketing,60000,2025-05-05,On Leave,57
EMP01872,Karan Singh,Operations,45000,2024-08-08,Active,42
EMP01873,Sara Singh,IT,60000,2024-04-25,Active,46
EMP01874,Nisha Singh,IT,60000,2021-07-30,Inactive,25
EMP01875,Karan Sharma,Operations,60000,2025-09-24,On Leave,37
EMP01876,Karan Das,Sales,95000,2023-09-19,Inactive,37
EMP01877,Arjun Nair,HR,38000,2024-08-03,Active,49
EMP01878,Ishaan Das,Operations,80000,2025-06-20,Active,50
EMP01879,Anaya Khan,Marketing,45000,2025-05-08,On Leave,34
EMP01880,Vihaan Rao,Marketing,,2022-05-29,Inactive,28
EMP01881,Meera Gupta,HR,95000,2025-11-29,On Leave,38
EMP01882,Meera Gupta,Finance,72000,2022-07-08,On Leave,46
EMP01883,Maya Sharma,Operations,60000,2026-01-11,Active,30
EMP01884,Maya Khan,Sales,52000,2023-03-25,Inactive,42
EMP01885,Aarav Rao,Marketing,72000,2024-02-12,Active,34
EMP01886,Sara Patel,IT,60000,2023-10-13,Active,58
EMP01887,Diya Rao,HR,80000,2021-06-30,Active,26
EMP01888,Sara Gupta,Marketing,45000,2022-09-08,Inactive,56
EMP01889,Karan Das,Sales,32000,2021-07-27,Active,29
EMP01890,Nisha Gupta,HR,72000,2024-01-02,On Leave,55
EMP01891,Karan Gupta,Marketing,52000,2021-05-11,On Leave,24
EMP01892,Diya Singh,Finance,52000,2024-04-17,Active,30
EMP01893,Dev Iyer,Sales,72000,2023-04-13,On Leave,58
EMP01894,Maya Iyer,Operations,45000,2023-03-22,On Leave,31
EMP01895,Karan Nair,Finance,38000,2022-05-15,On Leave,37
EMP01896,Aditya Gupta,IT,72000,2021-09-11,Active,25
EMP01897,Ishaan Nair,Finance,45000,2023-04-10,Active,48
EMP01898,Dev Singh,HR,95000,2025-10-28,Inactive,29
EMP01899,Maya Nair,Sales,32000,2024-11-29,On Leave,45
EMP01900,Aarav Gupta,Sales,38000,2024-03-27,Active,33
EMP01901,Tara Mehta,IT,32000,2024-07-13,On Leave,46
EMP01902,Aarav Das,Finance,32000,2024-10-23,Active,33
EMP01903,Nisha Mehta,HR,45000,2022-01-01,Inactive,34
EMP01904,Karan Gupta,HR,42000,2022-12-03,On Leave,31
EMP01905,Diya Nair,Sales,45000,2023-12-05,On Leave,39
EMP01906,Arjun Rao,IT,42000,2024-06-05,On Leave,29
EMP01907,Meera Gupta,IT,80000,2024-10-06,Inactive,45
EMP01908,Maya Iyer,IT,52000,2025-03-18,Inactive,26
EMP01909,Maya Mehta,Marketing,95000,2022-01-05,Active,41
EMP01910,Ira Gupta,HR,60000,2021-12-30,Active,150
EMP01911,Anaya Sharma,Finance,95000,2021-08-18,Inactive,56
EMP01912,Neel Nair,Sales,,2025-11-14,Inactive,32
EMP01913,Ira Khan,Finance,45000 INR,2024-07-21,On Leave,41
EMP01914,Diya Khan,Marketing,32000,2024-09-05,Inactive,57
EMP01915,Anaya Rao,Operations,38000,2023-12-30,On Leave,22
EMP01916,Vihaan Rao,IT,95000,2022-11-07,On Leave,35
EMP01917,Kabir Nair,Operations,42000,2022-11-04,On Leave,53
EMP01918,Ira Gupta,Operations,72000,2024-09-24,Inactive,47
EMP01919,Anaya Gupta,Finance,52000,2023-07-17,Inactive,35
EMP01920,Rahul Iyer,Sales,80000,2023-10-26,Inactive,47
EMP01921,Kabir Khan,Finance,80000,2021-09-08,On Leave,33
EMP01922,Nisha Singh,HR,95000,2025-04-24,Active,36
EMP01923,Anaya Patel,Operations,80000,2023-08-21,On Leave,51
EMP01924,Meera Sharma,Operations,,2025-07-01,Active,30
EMP01925,Arjun Gupta,Finance,45000,2025-05-12,On Leave,33
EMP01926,Nisha Patel,Marketing,32000,2026-01-05,Active,46
EMP01927,Diya Iyer,Finance,60000,2025-11-13,Inactive,28
EMP01928,Maya Gupta,Sales,45000,2026-05-26,On Leave,25
EMP01929,Ira Khan,Sales,38000,2022-09-10,Active,53
EMP01930,Karan Das,Sales,38000,2023-09-09,Inactive,49
EMP01931,Dev Das,Operations,45000,2022-07-31,On Leave,58
EMP01932,Meera Sharma,IT,80000,2024-11-23,Active,47
EMP01933,Ira Mehta,IT,52000,2024-01-10,Inactive,37
EMP01934,Diya Sharma,Sales,60000,2023-09-06,On Leave,28
EMP01935,Diya Singh,Operations,42000,2024-05-17,On Leave,54
EMP01936,Pooja Nair,HR,95000,2023-07-31,Inactive,34
EMP01937,Neel Gupta,Finance,60000,2021-04-05,Active,47
EMP01938,Riya Das,Finance,42000,2025-10-25,On Leave,29
EMP01939,Maya Rao,HR,32000,2025-01-25,Inactive,47
EMP01940,Diya Rao,Operations,52000,2025-05-14,On Leave,40
EMP01941,Sara Sharma,Finance,52000,2025-03-08,Active,56
EMP01942,Rahul Rao,Operations,95000,2025-01-15,On Leave,33
EMP01943,Neel Rao,Marketing,32000,2024-04-08,Active,48
EMP01944,Aarav Patel,Operations,95000,2025-08-17,Inactive,33
EMP01945,Dev Das,Sales,95000,2021-11-05,Active,56
EMP01946,Tara Nair,Finance,60000,2021-09-02,On Leave,35
EMP01947,Aditya Khan,Operations,45000,2023-12-28,Inactive,31
EMP01948,Tara Mehta,Marketing,60000,2022-11-05,Active,33
EMP01949,Ishaan Patel,IT,,2025-03-11,Inactive,49
EMP01950,Maya Nair,HR,60000,2021-12-29,Inactive,50
EMP01951,Pooja Rao,IT,60000,2024-03-13,Inactive,51
EMP01952,Rahul Khan,Marketing,95000,2026-04-03,Active,58
EMP01953,Nisha Singh,Marketing,32000,2024-06-28,Inactive,50
EMP01954,Tara Rao,Sales,52000,2023-12-08,Active,51
EMP01955,Neel Sharma,IT,32000,2022-08-08,On Leave,37
EMP01956,Arjun Sharma,Sales,38000,2025-11-05,Active,43
EMP01957,Ira Patel,HR,42000,2024-06-02,Inactive,38
EMP01958,Kabir Nair,Sales,95000,2026-03-14,Active,36
EMP01959,Rahul Singh,Marketing,45000,2024-01-24,On Leave,39
EMP01960,Neel Iyer,Operations,42000,2024-10-14,On Leave,44
EMP01961,Ishaan Khan,Sales,80000,2022-10-04,Active,21
EMP01962,Maya Khan,Marketing,80000,2024-12-12,Inactive,55
EMP01963,Ishaan Nair,Sales,45000,2021-11-27,Active,49
EMP01964,Aarav Nair,Finance,60000,2025-11-07,Active,37
EMP01965,Aarav Khan,Operations,38000,2024-08-26,Active,22
EMP01966,Aarav Mehta,IT,42000,2024-01-16,On Leave,39
EMP01967,Meera Nair,IT,38000,2023-05-12,Active,52
EMP01968,Meera Das,HR,80000,2023-07-31,Inactive,33
EMP01969,Arjun Nair,Sales,72000,2026-05-13,Inactive,40
EMP01970,Tara Sharma,HR,60000,2025-09-28,On Leave,40
EMP01971,Pooja Mehta,Finance,38000,2025-04-01,Inactive,26
EMP01972,Ishaan Gupta,HR,52000,2024-02-05,On Leave,49
EMP01973,Meera Mehta,Sales,95000,2024-06-08,Inactive,44
EMP01974,Dev Gupta,IT,45000,2022-07-07,Active,42
EMP01975,Diya Gupta,Finance,80000,2026-04-25,Inactive,58
EMP01976,Pooja Nair,Sales,72000,2024-11-06,On Leave,46
EMP01977,Karan Rao,Marketing,60000,2023-06-15,Active,53
EMP01978,Arjun Mehta,Marketing,N/A,2026-01-24,Inactive,53
EMP01979,Arjun Rao,Finance,38000,2021-08-02,On Leave,46
EMP01980,Rahul Das,Operations,52000,2025-05-05,Active,25
EMP01981,Vihaan Rao,Finance,45000,2021-06-26,On Leave,35
EMP01982,Diya Sharma,IT,80000,2023-01-17,On Leave,54
EMP01983,Sara Iyer,HR,52000,2021-01-14,Inactive,58
EMP01984,Ishaan Khan,HR,42000,2023-01-07,Active,33
EMP01985,Nisha Patel,IT,52000,2023-04-07,On Leave,35
EMP01986,Tara Patel,HR,72000,2021-04-02,Inactive,29
EMP01987,Neel Rao,Marketing,38000,2023-04-13,Active,21
EMP01988,Ishaan Singh,IT,60000,2026-03-01,Active,35
EMP01989,Dev Gupta,Finance,95000,,Inactive,37
EMP01990,Meera Nair,Sales,45000,2025-10-17,Active,45
EMP01991,Karan Patel,Marketing,42000,2025-04-29,On Leave,39
EMP01992,Meera Sharma,HR ,38000,2023-09-04,Active,
EMP01993,Maya Iyer,Marketing,32000,2026-04-18,On Leave,46
EMP01994,Nisha Gupta,Finance,38000,2022-12-05,On Leave,thirty
EMP01995,Nisha Patel,Operations,45000,2026-01-27,Inactive,54
EMP01996,Pooja Nair,Marketing,45000,2021-12-13,On Leave,55
EMP01997,Riya Sharma,Sales,80000,2024-04-08,On Leave,22
EMP01998,Pooja Iyer,HR,60000,2022-07-23,On Leave,34
EMP01999,Tara Gupta,Marketing,42000,2025-11-30,On Leave,30
EMP02000,Pooja Das,Finance,60000,2023-08-28,Active,27
EMP02001,Dev Sharma,Sales,42000,2024-01-23,On Leave,27
EMP02002,Aarav Singh,Marketing,72000,2023-06-18,On Leave,34
EMP02003,Arjun Sharma,Operations,72000,2026-03-28,On Leave,46
EMP02004,Anaya Gupta,Finance,60000,2022-02-04,Inactive,45
EMP02005,Neel Das,Operations,45000,2024-10-12,Inactive,37
EMP02006,Sara Mehta,Finance,95000,2026-02-25,Active,38
EMP02007,Vihaan Khan,Finance,32000,2023-06-19,Inactive,40
EMP02008,Pooja Das,HR,38000,2022-11-23,On Leave,46
EMP02009,Nisha Nair,Finance,95000,2025-02-16,Inactive,54
EMP02010,Vihaan Patel,HR,,2024-07-01,On Leave,42
EMP02011,Meera Khan,HR,52000,2024-11-03,Active,23
EMP02012,Rahul Rao,IT,42000,2025-04-14,Inactive,56
EMP02013,Maya Khan,HR,45000,2021-06-06,On Leave,29
EMP02014,Nisha Gupta,HR,60000,2025-01-24,Active,48
EMP02015,Dev Mehta,Sales,95000,2021-12-10,Active,27
EMP02016,Meera Patel,Operations,42000,2024-04-28,Inactive,52
EMP02017,Aditya Gupta,HR,45000,2023-02-13,Inactive,47
EMP02018,Dev Iyer,Finance,45000,2025-06-16,Active,39
EMP02019,Aditya Iyer,HR,45000,2023-01-23,,45
EMP02020,Rahul Singh,IT,80000,2024-09-05,Active,49
EMP02021,Rahul Singh,Finance,95000,,On Leave,56
EMP02022,Aditya Gupta,IT,95000,2024-06-06,Inactive,31
EMP02023,Karan Rao,Sales,72000,2026-01-29,Inactive,41
EMP02024,Aarav Nair,Operations,80000,2024-11-18,Inactive,45
EMP02025,Ishaan Gupta,IT,32000,2023-07-17,On Leave,40
EMP02026,Dev Iyer,Finance,38000,2021-12-09,Active,46
EMP02027,Neel Patel,Marketing,52000,2024-12-16,Active,40
EMP02028,Neel Rao,HR ,72000,2025-06-02,Active,29
EMP02029,Meera Khan,Operations,95000,2025-02-17,Active,53
EMP02030,Ishaan Gupta,Marketing,32000,2021-04-24,Inactive,40
EMP02031,Tara Singh,IT,95000,2024-12-31,Inactive,48
EMP02032,Aditya Mehta,Finance,42000,2022-11-07,On Leave,53
EMP02033,Meera Nair,IT,42000,2026-01-25,Active,37
EMP02034,Ira Gupta,HR,52000,2024-12-23,On Leave,25
EMP02035,Pooja Singh,Operations,95000,2022-11-21,On Leave,56
EMP02036,Rahul Das,Marketing,32000,2023-04-05,Active,45
EMP02037,Nisha Patel,Finance,42000,2021-12-28,Inactive,42
EMP02038,Pooja Sharma,IT,95000,2024-09-12,On Leave,33
EMP02039,Riya Rao,Operations,72000,2026-06-08,Active,30
EMP02040,Karan Das,Finance,38000,2021-05-11,On Leave,21
EMP02041,Ishaan Patel,finance,38000,2026-04-26,On Leave,26
EMP02042,Ira Rao,Marketing,52000,2021-12-19,On Leave,47
EMP02043,Rahul Rao,IT,32000,2024-02-20,On Leave,40
EMP02044,Riya Sharma,Marketing,72000,2025-12-07,Active,47
EMP02045,Pooja Patel,Operations,72000,2023-06-17,Active,44
EMP02046,Aarav Gupta,HR,32000,2023-03-16,Active,36
EMP02047,Neel Gupta,Operations,38000,2024-02-15,On Leave,29
EMP02048,Neel Patel,HR,80000,2022-08-13,Active,58
EMP02049,Rahul Sharma,Marketing,72000,2024-06-30,Inactive,38
EMP02050,Pooja Mehta,Sales,32000,2026-05-11,Inactive,34
EMP02051,Ira Sharma,Marketing,52000,2024-09-13,Inactive,52
EMP02052,Sara Gupta,Marketing,38000,2023-02-05,Inactive,50
EMP02053,Vihaan Patel,Marketing,72000,2024-04-28,Inactive,51
EMP02054,Aditya Sharma,,38000,2021-04-27,On Leave,32
EMP02055,Ira Iyer,Operations,80000,2021-09-04,On Leave,56
EMP02056,Sara Mehta,Operations,95000,2022-01-07,Active,33
EMP02057,Ira Iyer,Sales,60000,2021-04-01,On Leave,47
EMP02058,Aditya Nair,Sales,80000,2021-04-17,Inactive,34
EMP02059,Nisha Patel,HR,32000,2022-02-15,Inactive,53
EMP02060,Maya Rao,Sales,52000,2024-03-17,Active,57
EMP02061,Kabir Das,IT,60000,2026-04-02,On Leave,38
EMP02062,Kabir Rao,Sales,,2021-04-05,Inactive,31
EMP02063,Tara Iyer,Operations,38000,2025-02-15,On Leave,44
EMP02064,Karan Rao,HR,80000,2022-10-17,On Leave,33
EMP02065,Riya Rao,Finance,95000,2025-06-24,Active,56
EMP02066,Neel Singh,Finance,42000,2023-04-15,Active,23
EMP02067,Nisha Sharma,IT,32000,2023-12-24,Active,50
EMP02068,Aditya Rao,Marketing,52000,2025-05-05,Inactive,53
EMP02069,Sara Sharma,Operations,38000,2021-09-28,Active,26
EMP02070,Karan Das,Sales,95000,2021-08-03,On Leave,37
EMP02071,Kabir Patel,Marketing,72000,2023-12-18,Active,43
EMP02072,Vihaan Das,Operations,60000,2021-02-21,Active,26
EMP02073,Meera Singh,HR,80000,2025-04-15,On Leave,54
EMP02074,Diya Sharma,Finance,45000,2021-02-09,On Leave,46
EMP02075,Dev Patel,Finance,80000,2024-04-23,On Leave,42
EMP02076,Ira Das,IT,72000,2024-02-06,Active,37
EMP02077,Rahul Patel,Sales,45000,2026-05-12,Active,49
EMP02078,Ishaan Rao,HR,45000,2024-10-18,Inactive,31
EMP02079,Rahul Gupta,Finance,32000,2026-02-09,On Leave,34
EMP02080,Maya Gupta,Operations,80000,2026-01-17,Active,27
EMP02081,Aarav Rao,Operations,60000,2022-06-15,Inactive,48
EMP02082,Aarav Das,Finance,72000,2024-09-04,Active,34
EMP02083,Nisha Rao,IT,42000,2024-07-26,Active,27
EMP02084,Ishaan Khan,IT,32000,2023-02-24,Inactive,57
EMP02085,Dev Patel,HR,38000,2023-04-23,On Leave,46
EMP02086,Riya Das,Operations,32000,2023-12-20,Active,27
EMP02087,Diya Khan,Sales,32000,2024-03-26,Inactive,58
EMP02088,Aarav Gupta,IT,95000,2024-11-29,Active,37
EMP02089,Tara Iyer,IT,42000,2026-04-16,Active,44
EMP02090,Ira Iyer,Marketing,80000,2023-07-20,Inactive,36
EMP02091,Pooja Khan,Sales,42000,2026-04-04,On Leave,51
EMP02092,Arjun Patel,Finance,60000,2022-02-03,Active,53
EMP02093,Anaya Gupta,HR,38000,2021-01-16,On Leave,41
EMP02094,Sara Nair,IT,60000,2024-08-26,Inactive,38
EMP02095,Kabir Sharma,HR,32000,2021-09-08,Active,57
EMP02096,Aditya Das,Marketing,52000,2025-02-13,Active,31
EMP02097,Rahul Nair,Sales,52000,2023-07-04,On Leave,56
EMP02098,Pooja Iyer,IT,60000,2025-09-12,On Leave,37
EMP02099,Kabir Rao,Sales,42000,2024-08-11,On Leave,26
EMP02100,Nisha Singh,HR,60000,2024-02-27,Active,52
EMP02101,Pooja Iyer,HR,45000,2024-12-29,Inactive,21
EMP02102,Meera Nair,HR,52000,2024-03-10,Active,57
EMP02103,Tara Gupta,HR,45000,2025-07-08,On Leave,54
EMP02104,Neel Singh,Marketing,42000,2024-10-24,Inactive,33
EMP02105,Nisha Singh,Operations,38000,2022-05-25,Active,47
EMP02106,Karan Iyer,Sales,32000,2022-03-12,On Leave,32
EMP02107,Riya Sharma,Sales,52000,2024-12-22,Inactive,57
EMP02108,Aarav Mehta,Operations,45000,2022-11-10,Active,35
EMP02109,Pooja Mehta,Finance,60000,2023-11-01,On Leave,32
EMP02110,Neel Rao,Operations,32000,2026-03-08,On Leave,57
EMP02111,Anaya Singh,Marketing,38000,2025-04-02,Inactive,25
EMP02112,Dev Iyer,Sales,80000,2023-09-20,Active,36
EMP02113,Anaya Khan,Operations,52000,2025-12-16,Inactive,36
EMP02114,Sara Khan,HR,52000,2025-07-14,Active,32
EMP02115,,Marketing,95000,2025-02-06,Active,38
EMP02116,Aditya Gupta,Sales,72000,2022-05-27,On Leave,33
EMP02117,Nisha Mehta,Sales,52000,2024-01-03,Inactive,22
EMP02118,Kabir Patel,Sales,52000,2023-08-29,On Leave,41
EMP02119,Kabir Patel,Marketing,60000,2023-12-08,Inactive,34
EMP02120,Meera Gupta,HR,80000,2021-04-14,Inactive,58
EMP02121,Sara Sharma,Operations,80000,2025-05-26,Active,56
EMP02122,Pooja Gupta,Sales,32000,2023-11-30,Active,40
EMP02123,Maya Sharma,HR,42000,2021-03-14,On Leave,49
EMP02124,Riya Khan,IT,42000,2023-04-08,Active,27
EMP02125,Ira Gupta,IT,95000,2024-11-19,Active,37
EMP02126,Ira Patel,Marketing,32000,2022-04-12,Active,32
EMP02127,Arjun Das,HR,72000,2024-10-14,Active,54
EMP02128,Pooja Mehta,Sales,95000,2023-04-22,Active,50
EMP02129,Neel Mehta,HR,72000,2024-02-19,Active,34
EMP02130,Karan Das,IT,95000,2026-04-20,On Leave,21
EMP02131,Aditya Das,Marketing,95000,2021-05-29,Active,55
EMP02132,Anaya Khan,Finance,95000,2021-07-14,On Leave,25
EMP02133,Neel Singh,Operations,60000,2024-12-01,Active,30
EMP02134,Dev Rao,Finance,38000,2021-06-25,Active,46
EMP02135,Anaya Khan,Finance,42000,2025-10-26,Active,41
EMP02136,Sara Khan,Operations,60000,2026-04-17,Inactive,35
EMP02137,Vihaan Patel,Marketing,72000,2026-06-16,Active,25
EMP02138,Vihaan Das,Finance,42000,2023-09-26,Active,50
EMP02139,Karan Das,Finance,32000,2024-04-11,Active,21
EMP02140,Ishaan Mehta,Operations,42000,2021-12-13,Active,53
EMP02141,Rahul Khan,Sales,95000,2024-11-26,Active,35
EMP02142,Arjun Patel,Sales,60000,2021-01-04,Active,42
EMP02143,Sara Singh,Sales,38000,2023-09-05,On Leave,47
EMP02144,Ira Iyer,Sales,80000,2024-08-04,Inactive,29
EMP02145,Dev Gupta,Operations,38000,2026-01-15,Inactive,44
EMP02146,Nisha Das,HR,52000,2023-02-12,Inactive,26
EMP02147,Riya Sharma,Marketing,42000,2025-03-20,On Leave,52
EMP02148,Arjun Sharma,Operations,60000,2024-06-06,On Leave,31
EMP02149,Aarav Iyer,Sales,45000,2026-02-30,On Leave,55
EMP02150,Anaya Nair,Marketing,80000,2025-04-15,Inactive,30
EMP02151,Rahul Singh,Operations,52000,2024-04-22,Inactive,32
EMP02152,Riya Singh,Sales,72000,2024-03-29,Active,30
EMP02153,Karan Mehta,Operations,42000,2022-12-03,On Leave,43
EMP02154,Rahul Nair,Operations,32000,2022-01-18,Active,36
EMP02155,Diya Singh, IT,52000,2025-02-24,On Leave,42
EMP02156,Aditya Khan,IT,52000,2022-05-12,Active,43
EMP02157,Diya Singh,IT,45000,2023-07-20,On Leave,22
EMP02158,Riya Sharma,Operations,32000,2023-01-14,Active,31
EMP02159,Dev Iyer,Marketing,,2021-03-05,Active,48
EMP02160,Aditya Nair,Operations,38000,2025-06-16,On Leave,25
EMP02161,Aarav Das,HR,95000,2026-03-21,Inactive,53
EMP02162,Aditya Khan,Marketing,95000,2025-09-05,On Leave,45
EMP02163,Arjun Singh,Marketing,42000,2021-03-20,Active,37
EMP02164,Pooja Gupta,Sales,95000,2023-06-07,On Leave,24
EMP02165,Diya Gupta,HR,72000,2022-08-04,Inactive,37
EMP02166,Ishaan Das,HR,52000,2026-05-11,Inactive,49
EMP02167,Aditya Singh,IT,32000,2022-09-16,Inactive,52
EMP02168,Vihaan Singh,HR,60000,2021-07-24,On Leave,55
EMP02169,Pooja Sharma,Operations,38000,2021-01-12,On Leave,57
EMP02170,Riya Singh,Operations,38000,2022-07-26,Active,42
EMP02171,Sara Nair,Marketing,60000,2026-06-23,Inactive,29
EMP02172,Riya Rao,HR,32000,2022-09-04,On Leave,52
EMP02173,Vihaan Sharma,IT,52000,2023-11-20,Inactive,35
EMP02174,Pooja Rao,HR,38000,2026-05-28,Inactive,30
EMP02175,Rahul Khan,Finance,45000,2025-12-30,On Leave,30
EMP02176,Ishaan Gupta,Marketing,95000,2021-03-12,On Leave,41
EMP02177,Ira Sharma,Operations,45000,2022-03-21,On Leave,43
EMP02178,Dev Das,Finance,60000,2025-07-31,On Leave,44
EMP02179,Diya Singh,Sales,72000,2025-10-27,Inactive,29
EMP02180,Aditya Patel,Sales,52000,2023-10-13,Active,44
EMP02181,Aarav Mehta,Operations,95000,2023-04-15,Inactive,54
EMP02182,Aarav Das,Finance,60000,2022-11-04,Active,25
EMP02183,Pooja Rao,Finance,60000,2023-08-25,On Leave,30
EMP02184,Tara Gupta,Finance,80000,2021-07-23,On Leave,28
EMP02185,Arjun Sharma,Operations,52000,2024-12-12,Active,34
EMP02186,Ishaan Khan,Marketing,32000,2022-08-23,Inactive,31
EMP02187,Dev Nair,HR,32000,2025-08-01,Active,49
EMP02188,Nisha Singh,Operations,32000,2021-11-20,On Leave,49
EMP02189,Rahul Nair,HR,32000,2023-04-26,Active,54
EMP02190,Aditya Singh,Finance,42000,2024-12-12,On Leave,22
EMP02191,Pooja Gupta,IT,60000,2025-01-17,Inactive,48
EMP02192,Ishaan Singh,Finance,95000,2025-07-27,Active,40
EMP02193,Aditya Rao,Marketing,95000,2025-01-27,Active,22
EMP02194,Aditya Nair,Marketing,32000,2023-04-24,On Leave,35
EMP02195,Sara Sharma,Marketing,38000,2025-07-13,On Leave,46
EMP02196,Aarav Sharma,Operations,42000,2025-11-05,Inactive,21
EMP02197,Meera Gupta,IT,45000,2021-06-11,Inactive,46
EMP02198,Dev Nair,Finance,45000,2022-07-03,Inactive,23
EMP02199,Kabir Patel,HR,52000,2026-01-16,On Leave,37
EMP02200,Arjun Iyer,Sales,42000,2023-06-16,Active,24
EMP02201,Nisha Mehta,HR,42000,2026-03-24,Inactive,25
EMP02202,Pooja Iyer,Operations,52000,2023-12-19,Active,27
EMP02203,Ira Rao,Marketing,95000,2021-08-21,On Leave,54
EMP02204,Ira Khan,HR,95000,2025-04-17,On Leave,34
EMP02205,Kabir Das,Sales,32000,2025-12-28,Active,30
EMP02206,Riya Nair,Marketing,95000,,Active,48
EMP02207,Karan Singh,Marketing,52000,2025-02-17,On Leave,150
EMP02208,Pooja Rao,Finance,60000,2022-03-31,Active,25
EMP02209,Ira Patel,Operations,,2021-04-28,Active,45
EMP02210,Karan Nair,Finance,45000,2022-06-05,On Leave,57
EMP02211,Nisha Iyer,IT,60000,2025-06-20,Active,52
EMP02212,Karan Mehta,Operations,45000,2021-05-26,On Leave,57
EMP02213,Riya Singh,HR,95000,2025-02-23,On Leave,56
EMP02214,Aarav Sharma,IT,80000,2021-06-18,On Leave,34
EMP02215,Dev Patel,IT,42000,2022-12-25,On Leave,52
EMP02216,Neel Nair,IT,42000,2022-06-29,Active,39
EMP02217,Riya Gupta,Marketing,52000,2022-03-02,Inactive,25
EMP02218,Rahul Gupta,HR,52000,2024-07-30,On Leave,24
EMP02219,Sara Sharma,IT,32000,2025-07-11,Inactive,21
EMP02220,Aarav Nair,Operations,38000,2023-08-28,Active,38
EMP02221,Kabir Khan,Operations,32000,2022-05-11,Active,35
EMP02222,Meera Khan,Marketing,60000,2024-11-14,Active,58
EMP02223,Aditya Sharma,Marketing,72000,2025-07-11,Active,26
EMP02224,Riya Rao,IT,38000,2026-03-21,Active,23
EMP02225,Karan Khan,Finance,38000,2024-04-06,Active,27
EMP02226,Nisha Gupta,Operations,42000,2021-04-26,active,24
EMP02227,Rahul Das,IT,32000,2023-12-24,Active,31
EMP02228,Sara Iyer,HR,60000,2021-01-03,Active,34
EMP02229,Diya Khan,Finance,52000,2024-06-22,Inactive,47
EMP02230,Ishaan Nair,IT,32000,2026-04-25,Active,36
EMP02231,Ishaan Nair,IT,42000,2021-04-15,Inactive,55
EMP02232,Ira Gupta,Marketing,52000,2024-10-22,On Leave,56
EMP02233,Diya Gupta,Marketing,80000,2025-10-16,Inactive,54
EMP02234,Aarav Khan,Operations,38000,2022-07-20,On Leave,44
EMP02235,Kabir Gupta,Marketing,72000,2025-02-25,Active,28
EMP02236,Nisha Singh,IT,45000,2022-03-24,Active,41
EMP02237,Vihaan Sharma,Finance,52000,2024-04-07,On Leave,
EMP02238,Neel Gupta,Sales,38000,2021-04-04,Active,48
EMP02239,Meera Singh,Finance,42000,2023-08-22,On Leave,42
EMP02240,Tara Khan,Marketing,60000,2023-08-09,On Leave,22
EMP02241,Sara Patel,Marketing,38000,2021-07-20,Active,42
EMP02242,Sara Iyer,Finance,32000,2025-05-11,Active,48
EMP02243,Dev Rao,Sales,42000,2026-04-03,Inactive,25
EMP02244,Diya Sharma,Marketing,38000,2024-07-10,Active,43
EMP02245,Diya Singh,Sales,32000,2023-09-16,On Leave,21
EMP02246,Neel Sharma,Finance,60000,2021-03-06,Active,52
EMP02247,Ira Nair,Finance,38000,2021-05-21,On Leave,48
EMP02248,Anaya Das,Marketing,95000,2026-03-19,Active,49
EMP02249,Meera Mehta,Marketing,60000,2024-08-04,Active,57
EMP02250,Anaya Sharma,IT,32000,2024-06-18,Inactive,43
EMP02251,Maya Nair,Finance,38000,2022-05-18,Inactive,58
EMP02252,Neel Khan,Finance,72000,2025-08-29,Inactive,49
EMP02253,Kabir Khan,Operations,32000,2025-08-21,Active,33
EMP02254,Dev Rao,Finance,60000,2024-09-21,On Leave,37
EMP02255,Meera Rao,Finance,52000,2025-07-06,On Leave,58
EMP02256,Pooja Rao,Finance,60000,2022-12-20,Inactive,31
EMP02257,Kabir Sharma,HR,80000,2026-05-12,Active,23
EMP02258,Rahul Iyer,IT,80000,2021-09-23,On Leave,46
EMP02259,Rahul Nair,Marketing,45000,2026-01-06,Active,41
EMP02260,Vihaan Nair,Operations,95000,2021-02-08,Inactive,52
EMP02261,Ishaan Rao,Sales,42000,2026-04-02,Inactive,48
EMP02262,Tara Das,HR,52000,2021-12-02,On Leave,53
EMP02263,Pooja Patel,IT,72000,2022-12-28,On Leave,58
EMP02264,Vihaan Gupta,Operations,80000,2022-02-14,Inactive,57
EMP02265,Meera Patel,Sales,42000,2025-08-27,Active,56
EMP02266,Meera Singh,Operations,60000,2021-11-05,Active,49
EMP02267,Neel Mehta,Operations,72000,2023-02-03,Inactive,26
EMP02268,Pooja Iyer,Operations,72000,2024-06-01,On Leave,24
EMP02269,Riya Gupta,Sales,32000,2022-09-04,Active,41
EMP02270,Ishaan Rao,IT,42000,2025-11-03,On Leave,44
EMP02271,Tara Mehta,Sales,52000,2024-02-22,Inactive,48
EMP02272,Meera Nair,HR,52000,2023-01-24,Inactive,31
EMP02273,Vihaan Nair,Finance,52000,2022-05-15,Active,25
EMP02274,Riya Khan,Finance,80000,2024-04-26,Active,25
EMP02275,Karan Das,HR,52000,2025-12-12,Inactive,21
EMP02276,Pooja Gupta,Operations,72000,2021-10-26,On Leave,35
EMP02277,Pooja Gupta,HR,80000,2025-04-24,Inactive,48
EMP02278,Maya Singh,Sales,42000,2024-06-20,Active,33
EMP02279,Vihaan Sharma,Marketing,52000,2024-03-27,Active,23
EMP02280,Nisha Khan,HR,38000,2023-10-10,Inactive,47
EMP02281,Tara Iyer,Operations,95000,2024-09-03,Active,49
EMP02282,Arjun Patel,Sales,38000,2025-04-27,Active,39
EMP02283,Meera Singh,IT,32000,2022-07-25,On Leave,28
EMP02284,Pooja Khan,Marketing,42000,2022-03-10,On Leave,56
EMP02285,Aditya Patel,Finance,60000,2022-06-30,Inactive,
EMP02286,Ishaan Iyer,HR,72000,2023-06-07,On Leave,34
EMP02287,Sara Sharma,HR,80000,2024-06-10,On Leave,57
EMP02288,Ira Singh,IT,32000,2026-02-14,On Leave,56
EMP02289,Arjun Sharma,Operations,72000,2025-12-18,Active,28
EMP02290,Diya Das,HR,95000,2024-08-02,Inactive,25
EMP02291,Kabir Khan,Marketing,42000,2021-08-10,Inactive,55
EMP02292,Meera Singh,Marketing,52000,2024-12-27,Inactive,23
EMP02293,Diya Patel,HR,32000,2022-10-07,On Leave,39
EMP02294,Tara Mehta,Marketing,52000,2025-08-01,Active,30
EMP02295,Kabir Mehta,Operations,60000,2025-02-28,Active,47
EMP02296,Neel Rao,IT,38000,2023-05-18,On Leave,37
EMP02297,Meera Patel,Operations,95000,2024-10-11,On Leave,46
EMP02298,Neel Sharma,Marketing,,2023-05-11,Inactive,33
EMP02299,Ira Patel,Marketing,80000,2021-08-12,Inactive,38
EMP02300,Kabir Iyer,Sales,60000,2023-06-02,Active,41
EMP02301,Ira Singh,Sales,95000,2023-07-16,Active,30
EMP02302,Tara Mehta,Operations,32000,2024-06-16,Active,52
EMP02303,Tara Iyer,Marketing,38000,2023-07-13,On Leave,49
EMP02304,Aditya Singh,IT,72000,2023-10-19,Inactive,26
EMP02305,Aarav Patel,IT,32000,2022-05-24,Active,44
EMP02306,Neel Iyer,HR,52000,2026-06-18,Inactive,41
EMP02307,Aditya Sharma,Finance,72000,2021-04-27,Active,29
EMP02308,Karan Rao,Sales,95000,2024-11-12,On Leave,32
EMP02309,Maya Nair,Operations,95000,2023-11-10,On Leave,24
EMP02310,Ira Patel,Sales,72000,2024-11-10,On Leave,27
EMP02311,Tara Sharma,Sales,80000,2023-12-30,Inactive,27
EMP02312,Aarav Das,Finance,60000,2025-10-09,On Leave,24
EMP02313,Anaya Patel,Sales,95000,2024-08-13,Inactive,48
EMP02314,Sara Das,HR,45000,2023-03-31,Inactive,24
EMP02315,Rahul Sharma,HR,N/A,2022-05-22,Inactive,55
EMP02316,Aarav Khan,IT,42000,2024-02-24,Inactive,26
EMP02317,Kabir Iyer,Marketing,80000,2024-09-27,Active,44
EMP02318,Anaya Rao,IT,38000,2023-05-08,Inactive,49
EMP02319,Rahul Rao,Sales,80000,2021-06-03,Inactive,38
EMP02320,Sara Singh,IT,38000,2025-03-31,Active,47
EMP02321,Diya Khan,Marketing,52000,2025-02-21,On Leave,22
EMP02322,Maya Singh,Operations,95000,2025-06-02,Active,30
EMP02323,Kabir Gupta,Operations,38000,2022-08-28,Inactive,49
EMP02324,Nisha Iyer,Marketing,42000,2023-10-08,On Leave,34
EMP02325,Rahul Rao,Sales,72000,2022-10-23,On Leave,48
EMP02326,Vihaan Patel,HR,80000,2023-03-01,Inactive,45
EMP02327,Neel Iyer,Sales,60000,2022-10-17,Active,49
EMP02328,Arjun Mehta,Sales,32000,2021-11-22,Inactive,24
EMP02329,Kabir Nair,IT,32000,2024-09-18,On Leave,45
EMP02330,Ishaan Mehta,Finance,52000,2021-10-04,Inactive,54
EMP02331,Pooja Nair,Marketing,95000,2025-11-09,Inactive,29
EMP02332,Ishaan Iyer,Finance,95000,2025-08-25,Inactive,30
EMP02333,Kabir Mehta,IT,95000,2026-04-05,On Leave,25
EMP02334,Anaya Mehta,Operations,38000,2021-04-09,Inactive,56
EMP02335,Aarav Das,IT,32000,2021-06-04,On Leave,44
EMP02336,Kabir Das,IT,80000,2025-05-07,Active,50
EMP02337,Maya Patel,Finance,80000,2023-04-15,On Leave,37
EMP02338,Maya Rao,HR,45000,2025-01-03,On Leave,51
EMP02339,Kabir Singh,Sales,45000,2021-12-26,On Leave,57
EMP02340,Tara Khan,Marketing,80000,2025-08-15,On Leave,51
EMP02341,Neel Khan,Sales,38000,2021-05-01,On Leave,26
EMP02342,Aarav Khan,Sales,72000,2022-05-28,On Leave,42
EMP02343,Dev Khan,Operations,45000,2025-01-22,Active,36
EMP02344,Anaya Khan,Finance,52000,2023-08-15,On Leave,56
EMP02345,Meera Patel,IT,32000,2026-06-03,On Leave,51
EMP02346,Aarav Sharma,Finance,32000,2025-01-25,Active,36
EMP02347,Neel Khan,IT,80000,2025-05-25,On Leave,51
EMP02348,Maya Iyer,Sales,72000,2023-01-31,Active,56
EMP02349,Pooja Nair,IT,45000,2022-10-20,Inactive,38
EMP02350,Anaya Nair,HR,45000,2021-01-27,Inactive,47
EMP02351,Aditya Iyer,Marketing,95000,2021-03-14,On Leave,23
EMP02352,Ira Khan,Marketing,95000,2021-10-02,Active,46
EMP02353,Aditya Gupta,Marketing,38000,2023-03-03,On Leave,26
EMP02354,Rahul Patel,HR,52000,2026-02-22,On Leave,26
EMP02355,Ira Rao,Sales,95000,2022-01-21,Active,33
EMP02356,Diya Gupta,Marketing,45000,2026-03-09,Inactive,47
EMP02357,Ishaan Das,Marketing,72000,2022-03-18,Active,40
EMP02358,Ishaan Gupta,Operations,72000,2022-07-29,Inactive,53
EMP02359,Arjun Mehta,it,60000,2022-09-06,Active,52
EMP02360,Riya Mehta,IT,52000,2025-03-16,On Leave,41
EMP02361,Aditya Gupta,Finance,42000,2023-12-18,Inactive,34
EMP02362,Riya Singh,Operations,32000,2023-12-31,Active,49
EMP02363,Pooja Singh,Operations,42000,2026-01-24,Inactive,22
EMP02364,Neel Das,HR,52000,2023-03-16,Inactive,40
EMP02365,Pooja Das,IT,95000,2022-10-14,Inactive,55
EMP02366,Riya Khan,Marketing,95000,2023-02-01,Inactive,38
EMP02367,Vihaan Mehta,Sales,38000,2024-02-06,Inactive,24
EMP02368,Pooja Sharma,Marketing,32000,2025-03-30,On Leave,57
EMP02369,Tara Das,Finance,95000,2025-02-07,On Leave,52
EMP02370,Kabir Iyer,Sales,95000,2025-04-27,On Leave,42
EMP02371,Sara Rao,Operations,72000,2024-05-19,Active,42
EMP02372,Ishaan Rao,Sales,80000,2022-11-25,Active,29
EMP02373,Aarav Singh,Finance,45000,2024-09-18,Inactive,24
EMP02374,Maya Rao,Operations,60000,2024-05-23,On Leave,27
EMP02375,Ishaan Khan,IT,38000,2021-05-01,On Leave,26
EMP02376,Vihaan Gupta,HR,32000,2022-12-24,Inactive,25
EMP02377,Rahul Mehta,Marketing,38000,2022-01-14,Active,52
EMP02378,Pooja Singh,Operations,38000,2025-05-31,Inactive,29
EMP02379,Vihaan Patel,IT,95000,2023-06-14,Active,38
EMP02380,Riya Das,Marketing,80000,2021-04-26,Inactive,58
EMP02381,Ira Sharma,Marketing,38000,2023-12-01,Active,29
EMP02382,Karan Rao,Finance,32000,2023-09-27,Active,46
EMP02383,Neel Rao,Sales,38000,2025-12-04,Active,46
EMP02384,Vihaan Gupta,Operations,95000,2021-09-15,On Leave,21
EMP02385,Diya Das,IT,52000,2021-03-11,On Leave,40
EMP02386,Nisha Mehta,Operations,32000,2026-04-26,Inactive,43
EMP02387,Nisha Mehta,IT,80000,2025-11-24,On Leave,36
EMP02388,Riya Singh,IT,72000,2026-04-26,Active,21
EMP02389,Riya Mehta,HR,38000,2024-04-20,On Leave,36
EMP02390,Nisha Das,Finance,38000,2025-06-09,Inactive,42
EMP02391,Meera Gupta,Sales,72000,2025-05-12,Active,35
EMP02392,Rahul Nair,Finance,32000,2025-05-12,On Leave,58
EMP02393,Neel Khan,Sales,72000,2026-04-23,Active,35
EMP02394,Maya Mehta,Sales,45000,2025-01-20,On Leave,42
EMP02395,Rahul Patel,IT,60000,2021-06-21,Active,32
EMP02396,Anaya Mehta,Sales,45000,2022-06-10,Inactive,50
EMP02397,Anaya Mehta,Finance,32000,2024-05-12,On Leave,27
EMP02398,Tara Khan,IT,60000,2022-09-04,Inactive,46
EMP02399,Riya Rao,Operations,72000,2025-05-29,On Leave,52
EMP02400,Tara Gupta,HR,32000,2023-08-02,Active,55
EMP02401,Sara Das,Marketing,52000,2024-04-14,Inactive,44
EMP02402,Kabir Patel,HR,42000,2023-03-14,Active,27
EMP02403,Aditya Singh,IT,95000,2023-03-27,On Leave,40
EMP02404,Maya Rao,,72000,2021-07-17,Active,47
EMP02405,Neel Das,Finance,60000,2025-04-26,Active,49
EMP02406,Meera Singh,Marketing,52000,2022-01-07,Active,50
EMP02407,Ishaan Rao,Sales,95000,2023-06-14,On Leave,45
EMP02408,Ishaan Sharma,HR,72000,2022-02-21,On Leave,24
EMP02409,Aarav Mehta,Sales,45000,2023-04-30,Inactive,34
EMP02410,Arjun Das,Finance,60000,2025-01-06,Active,21
EMP02411,Arjun Das,IT,72000,2024-08-02,Inactive,47
EMP02412,Arjun Singh,Operations,45000,2026-01-28,On Leave,42
EMP02413,Diya Gupta,IT,38000,2023-02-01,Inactive,27
EMP02414,Nisha Mehta,Finance,80000,2022-11-23,On Leave,38
EMP02415,Kabir Nair,HR,32000,2023-05-07,On Leave,49
EMP02416,Riya Nair,Marketing,38000,,Inactive,57
EMP02417,Tara Gupta,IT,60000,2026-04-25,Inactive,23
EMP02418,Ishaan Singh,Operations,45000,2021-11-30,Active,49
EMP02419,Ira Das, IT,80000,2024-01-23,On Leave,55
EMP02420,Nisha Das,Marketing,42000,2026-03-02,Active,48
EMP02421,Sara Nair,Operations,45000,2024-06-28,Inactive,54
EMP02422,Kabir Singh,HR,42000,2024-04-05,On Leave,55
EMP02423,Kabir Singh,IT,45000,2022-04-17,On Leave,57
EMP02424,Diya Iyer,IT,42000,2026-02-04,Inactive,42
EMP02425,Anaya Iyer,Sales,95000,2024-06-07,Inactive,27
EMP02426,Ira Das,IT,32000,2022-03-28,On Leave,38
EMP02427,Nisha Iyer,Sales,95000,2026-06-20,Active,58
EMP02428,Sara Mehta,Sales,52000,2023-10-27,On Leave,57
EMP02429,Vihaan Patel,Operations,45000,2026-03-06,Inactive,57
EMP02430,Dev Khan,Marketing,52000,2022-04-03,Inactive,56
EMP02431,Vihaan Das,Sales,38000,2023-02-08,Active,33
EMP02432,Nisha Nair,IT,80000,2024-03-28,On Leave,35
EMP02433,Meera Khan,Operations,72000,2025-08-04,Active,37
EMP02434,Maya Das,Marketing,52000,2024-09-09,Active,25
EMP02435,Sara Gupta,IT,42000,2022-03-19,On Leave,54
EMP02436,Kabir Gupta,Operations,80000,2024-05-15,Inactive,58
EMP02437,Sara Gupta,Sales,38000,2024-05-02,On Leave,41
EMP02438,Aditya Nair,Finance,42000,2023-03-18,Inactive,32
EMP02439,Sara Patel,Finance,42000,2021-08-16,Inactive,28
EMP02440,Tara Singh,Finance,38000,2021-08-17,On Leave,57
EMP02441,Tara Nair,Operations,80000,2024-11-25,Active,21
EMP02442,Nisha Das,Finance,95000,2025-05-21,Inactive,46
EMP02443,Neel Patel,HR,45000,2026-06-15,Inactive,50
EMP02444,Sara Sharma,Marketing,72000,2023-04-07,On Leave,25
EMP02445,Sara Khan,Sales,45000,2025-12-29,Active,38
EMP02446,Karan Singh,Operations,42000,2021-06-26,Active,29
EMP02447,Vihaan Rao,Marketing,72000,2023-10-28,Inactive,53
EMP02448,Karan Sharma,Finance,72000,2023-01-28,Active,55
EMP02449,Maya Iyer,Finance,52000,2024-10-20,Active,49
EMP02450,Tara Nair,Operations,80000,2021-01-27,Inactive,54
EMP02451,Nisha Rao,Marketing,42000,2021-07-19,Active,28
EMP02452,Riya Iyer,HR,42000,2026-02-22,On Leave,56
EMP02453,Tara Gupta,HR,42000,2026-04-30,Inactive,34
EMP02454,,Operations,95000,2022-11-24,Active,54
EMP02455,Nisha Sharma,HR,45000,2023-07-25,Inactive,37
EMP09851,Diya Mehta,Finance,60000,2023-12-13,On Leave,53
EMP02457,Meera Iyer,HR,42000,2022-01-11,Inactive,26
EMP02458,Pooja Mehta,Finance,95000,2026-02-02,Active,47
EMP02459,Dev Sharma,Finance,45000,2023-02-10,Inactive,58
EMP02460,Meera Iyer,Finance,80000,2022-04-08,Active,29
EMP02461,Neel Nair,HR,38000,2022-01-16,Inactive,26
EMP02462,Tara Mehta,IT,80000,2023-07-24,Inactive,35
EMP02463,Anaya Rao,Marketing,52000,2021-01-22,On Leave,22
EMP02464,Arjun Khan,HR,42000,2025-11-12,Active,53
EMP02465,Tara Iyer,Marketing,72000,2022-04-21,Active,47
EMP02466,Diya Patel,HR,52000,2023-09-17,On Leave,39
EMP02467,Rahul Mehta,Finance,52000,2021-07-05,Inactive,45
EMP02468,Meera Iyer,Sales,38000,2026-02-15,Inactive,38
EMP02469,Anaya Singh,Operations,38000,2024-03-31,On Leave,47
EMP02470,Karan Iyer,Finance,32000,2021-09-30,Inactive,45
EMP02471,Dev Rao,HR,42000,2021-01-14,On Leave,24
EMP02472,Nisha Nair,Finance,72000,2026-04-08,Active,34
EMP02473,Aarav Sharma,Marketing,80000,2025-07-13,Active,54
EMP02474,Karan Das,Finance,95000,2024-07-27,Inactive,21
EMP02475,Pooja Mehta,Sales,52000,2023-09-26,On Leave,42
EMP02476,Kabir Sharma,IT,72000,2024-12-19,On Leave,50
EMP02477,Arjun Das,Finance,60000,2025-05-08,On Leave,55
EMP02478,Meera Gupta,Finance,45000,2023-09-30,Active,50
EMP02479,Anaya Patel,Marketing,32000,2023-05-20,Inactive,52
EMP02480,Ira Singh,Operations,95000,2022-05-08,Active,37
EMP02481,Tara Das,Finance,38000,2024-04-18,Active,43
EMP02482,Arjun Patel,Finance,60000,2022-02-23,On Leave,34
EMP02483,Maya Das,Operations,72000,2021-11-24,Active,30
EMP02484,Meera Rao,Finance,52000,2021-01-12,Active,42
EMP02485,Ishaan Rao,Operations,95000,2024-09-19,Active,54
EMP02486,Diya Das,Operations,60000,2023-01-14,Active,31
EMP02487,Meera Singh,Marketing,72000,2024-06-26,Active,55
EMP02488,Pooja Singh,HR,52000,2024-08-24,Inactive,25
EMP02489,Diya Rao,IT,60000,2025-08-17,Inactive,44
EMP02490,Nisha Patel,Sales,32000,2025-12-03,Active,36
EMP02491,Maya Das,IT,32000,2021-03-12,On Leave,39
EMP06858,Neel Patel,Operations,72000,2023-11-23,Inactive,26
EMP02493,Neel Das,HR,42000,2022-05-30,On Leave,23
EMP02494,Vihaan Das,Marketing,52000,2025-08-08,Inactive,24
EMP02495,Tara Singh,HR,38000,2024-11-15,On Leave,46
EMP02496,Vihaan Nair,HR,32000,2021-10-13,On Leave,24
EMP02497,Sara Khan,Marketing,52000,2021-11-05,On Leave,23
EMP02498,Diya Mehta,,72000,2026-02-05,Active,42
EMP02499,Nisha Rao,Finance,80000,2025-10-28,On Leave,54
EMP02500,Kabir Iyer,Finance,80000,2022-10-04,Inactive,50
EMP02501,Anaya Singh,HR,60000,2023-11-08,Active,54
EMP02502,Nisha Patel,HR,80000,2021-01-23,Active,26
EMP02503,Ishaan Sharma,Operations,52000,2023-04-19,Inactive,32
EMP02504,Tara Sharma,Sales,38000,2021-04-22,On Leave,26
EMP02505,Riya Patel,Finance,32000,2024-05-01,On Leave,48
EMP02506,Meera Nair,Operations,38000,2022-10-22,Inactive,54
EMP02507,Karan Patel,HR,80000,2024-09-16,On Leave,25
EMP02508,Riya Mehta,Finance,72000,2025-02-24,On Leave,52
EMP02509,Nisha Nair,HR,45000,2023-03-25,Inactive,57
EMP02510,Kabir Iyer,it,32000,2026-06-01,On Leave,31
EMP02511,Ishaan Nair,HR,52000,2022-10-25,On Leave,36
EMP02512,Diya Nair,IT,45000,2026-06-08,Inactive,46
EMP02513,,Sales,32000,2025-06-08,Inactive,35
EMP02514,Arjun Nair,Sales,95000,2024-11-29,Active,46
EMP02515,Anaya Nair,Finance,60000,2025-04-19,On Leave,33
EMP02516,Tara Iyer,Sales,72000,2024-04-03,Inactive,45
EMP02517,Karan Rao,Finance,95000,2025-01-11,Inactive,41
EMP02518,Nisha Singh,Sales,95000,2023-10-15,Active,54
EMP02519,Rahul Patel,HR,72000,2023-07-22,Inactive,35
EMP02520,Kabir Iyer,Operations,52000,2023-11-17,Active,21
EMP02521,Vihaan Rao,Sales,80000,2023-01-23,Inactive,38
EMP02522,Dev Gupta,IT,42000,2023-12-16,Inactive,39
EMP02523,Riya Singh,Marketing,42000,2025-06-17,Active,22
EMP02524,Rahul Gupta,HR,42000,2021-08-23,Active,31
EMP02525,Ishaan Sharma,Operations,72000,2023-11-29,On Leave,55
EMP02526,Kabir Mehta,IT,52000,2024-09-29,Active,53
EMP02527,Sara Mehta,HR,42000,2022-05-26,On Leave,22
EMP02528,Neel Patel,Marketing,32000,2023-02-18,Inactive,36
EMP02529,Ishaan Nair,IT,60000,2023-11-12,Active,33
EMP02530,Anaya Khan,Operations,80000,2023-09-30,Inactive,47
EMP02531,Dev Patel,Marketing,95000,2022-03-03,Active,31
EMP02532,Aarav Singh,Finance,45000,2026-02-20,Inactive,32
EMP02533,Nisha Rao,Sales,60000,2025-10-05,Inactive,47
EMP02534,Nisha Khan,Sales,52000,2022-07-20,Inactive,57
EMP02535,Maya Patel,Finance,42000,2025-10-19,Active,29
EMP02536,Sara Khan,IT,42000,2024-01-18,Inactive,44
EMP02537,Ishaan Patel,Marketing,32000,2022-02-15,On Leave,31
EMP02538,Ira Rao,Sales,,2022-05-18,On Leave,42
EMP02539,Nisha Iyer,Sales,60000,2026-02-11,On Leave,55
EMP02540,Arjun Khan,Marketing,80000,2025-12-05,On Leave,44
EMP02541,Arjun Sharma,Operations,60000,2025-01-07,On Leave,50
EMP02542,Vihaan Patel,Finance,72000,2022-03-13,Active,29
EMP02543,Nisha Mehta,Finance,45000,2023-10-09,On Leave,41
EMP02544,Ishaan Rao,Sales,32000,2024-07-08,Active,48
EMP02545,Dev Gupta,HR,60000,2022-08-09,Active,22
EMP02546,Ira Iyer,Marketing,45000,not available,Active,36
EMP02547,Neel Khan,Sales,80000,2024-04-06,Active,54
EMP02548,Arjun Singh,Marketing,95000,2024-09-26,On Leave,27
EMP02549,Aditya Patel,Finance,42000,2021-03-08,Active,34
EMP02550,Aarav Patel,Sales,95000,2024-09-13,,54
EMP02551,Arjun Das,Marketing,95000,2025-07-29,Inactive,35
EMP02552,Dev Mehta,Finance,45000,2023-11-21,Active,46
EMP02553,Pooja Sharma,HR,72000,2022-05-28,Active,24
EMP02554,Riya Nair,IT,80000,2026-05-31,On Leave,32
EMP02555,Dev Sharma,Finance,45000 INR,2023-06-24,Active,52
EMP02556,Aditya Sharma,IT,52000,2026-03-30,Active,35
EMP02557,Anaya Das,Sales,80000,2023-05-13,On Leave,46
EMP02558,Dev Nair,Marketing,95000,2024-04-14,On Leave,43
EMP02559,Nisha Iyer,IT,45000,2024-12-15,On Leave,28
EMP02560,Pooja Iyer,HR,52000,2021-09-21,Inactive,42
EMP02561,Ira Mehta,Sales,42000,2025-04-06,On Leave,50
EMP02562,Vihaan Sharma,Sales,80000,2022-01-14,Inactive,44
EMP02563,Pooja Khan,HR,,2024-09-26,Active,43
EMP02564,Aarav Nair,Marketing,95000,2022-09-08,Inactive,57
EMP02565,Vihaan Nair,Operations,72000,2026-04-08,On Leave,44
EMP02566,Arjun Rao,Operations,95000,2023-12-25,Active,56
EMP02567,Anaya Singh,IT,42000,2023-01-17,Inactive,22
EMP02568,Anaya Khan,Marketing,42000,2023-10-09,Inactive,46
EMP02569,Diya Sharma,Operations,45000,2026-02-18,Active,45
EMP02570,Dev Patel,Finance,32000,2025-03-13,Inactive,46
EMP02571,Rahul Das,Sales,45000,2025-07-02,On Leave,28
EMP02572,Rahul Nair,Operations,72000,2022-10-07,On Leave,41
EMP02573,Nisha Iyer,Marketing,80000,2024-10-05,On Leave,42
EMP02574,Aarav Patel,IT,38000,2021-11-16,Inactive,35
EMP02575,Anaya Iyer,HR,32000,2021-09-01,Inactive,30
EMP02576,Vihaan Das,Sales,32000,2022-07-02,On Leave,22
EMP02577,Anaya Iyer,Marketing,52000,2021-02-16,Inactive,35
EMP02578,Karan Nair,Operations,80000,2022-09-10,Active,43
EMP02579,Ishaan Sharma,Finance,52000,2022-03-01,Inactive,
EMP02580,Ira Gupta,Finance,60000,2025-11-24,On Leave,36
EMP02581,Riya Singh,IT,38000,2023-09-30,Active,26
EMP02582,Diya Khan,Operations,95000,2021-09-10,Inactive,36
EMP02583,Riya Gupta,Marketing,52000,2021-10-01,Inactive,57
EMP02584,Aditya Iyer,Sales,32000,2022-01-26,Inactive,38
EMP02585,Sara Nair,Marketing,38000,2024-08-14,On Leave,47
EMP02586,Rahul Patel,Operations,42000,2023-08-09,On Leave,54
EMP02587,Karan Patel,Marketing,72000,2025-05-08,On Leave,26
EMP02588,Neel Sharma,Marketing,,2025-01-18,Active,41
EMP02589,Aarav Rao,Operations,72000,2023-09-15,Inactive,52
EMP02590,Ira Gupta,Marketing,80000,2024-01-27,On Leave,32
EMP02591,Sara Khan,Finance,52000,2022-10-27,Inactive,51
EMP02592,Karan Nair,Sales,72000,2021-08-23,Inactive,55
EMP02593,Aditya Sharma,HR,32000,,Active,54
EMP02594,Ishaan Khan,IT,52000,2021-02-23,On Leave,22
EMP02595,Karan Nair,IT,60000,2024-03-27,Inactive,48
EMP02596,Diya Singh,Finance,95000,2022-05-03,Active,28
EMP02597,Diya Rao,Marketing,38000,2023-09-18,On Leave,57
EMP02598,Maya Rao,IT,60000,2023-01-29,Active,54
EMP02599,Kabir Nair,Marketing,60000,2022-01-25,Inactive,33
EMP02600,Neel Das,Marketing,38000,2021-06-18,On Leave,38
EMP02601,Karan Sharma,IT,45000,2022-11-07,,23
EMP02602,Ishaan Singh,Finance,45000,2022-10-14,Active,22
EMP02603,Maya Nair,Sales,32000,2021-11-24,Inactive,50
EMP02604,Karan Iyer,HR,38000,2026-02-27,Active,33
EMP02605,Dev Nair,Operations,95000,2026-02-25,Inactive,37
EMP02606,Kabir Gupta,IT,32000,2023-06-19,Active,21
EMP02607,Aditya Das,Sales,38000,2022-04-18,On Leave,23
EMP02608,Ishaan Rao,Finance,,2024-08-10,Inactive,32
EMP02609,Ishaan Singh,HR,80000,2023-05-01,On Leave,54
EMP02610,Ira Iyer,IT,42000,2024-05-17,On Leave,23
EMP02611,Pooja Mehta,Marketing,45000,2022-05-13,On Leave,56
EMP02612,Arjun Sharma,IT,42000,2021-01-28,On Leave,53
EMP02613,Aarav Rao,HR,60000,2024-12-10,Inactive,33
EMP02614,Ishaan Das,Sales,80000,2025-05-18,On Leave,40
EMP02615,Tara Khan,HR,,2022-04-18,On Leave,27
EMP02616,Anaya Nair,,95000,2021-07-03,Active,38
EMP02617,Ira Nair,Operations,45000,2025-06-08,On Leave,56
EMP02618,Dev Khan,HR,95000,2024-01-28,Active,41
EMP02619,Aditya Das,Operations,32000,2024-05-29,Inactive,26
EMP02620,Sara Singh,HR,45000,2025-07-20,Active,26
EMP02621,Kabir Patel,Finance,45000,2025-01-31,Inactive,58
EMP02622,Arjun Mehta,Finance,72000,2025-05-18,On Leave,43
EMP02623,Aditya Iyer,Marketing,72000,2024-02-04,On Leave,40
EMP02624,Rahul Mehta,Marketing,60000,2021-03-03,Inactive,28
EMP02625,Pooja Das,Finance,52000,2025-03-03,Inactive,42
EMP02626,Aarav Sharma,Finance,38000,2024-02-25,Inactive,35
EMP02627,Ishaan Das,Marketing,52000,2024-08-27,Inactive,
EMP00002,Anaya Nair,Marketing,52000,2026-04-02,Inactive,24
EMP02629,Pooja Rao,Sales,45000,2022-02-18,Active,34
EMP02630,Tara Sharma,IT,60000,2025-07-06,Inactive,21
EMP02631,Riya Patel,IT,42000,2026-05-02,Inactive,51
EMP02632,Nisha Mehta,HR,80000,2025-04-15,Inactive,46
EMP02633,Kabir Nair,IT,60000,2026-04-10,Active,39
EMP02634,Aditya Iyer,IT,42000,2024-02-15,Active,29
EMP02635,Kabir Rao,Operations,45000,2025-08-30,Inactive,24
EMP02636,Neel Patel,Sales,45000,2021-09-02,Inactive,44
EMP02637,Diya Das,Marketing,60000,2022-04-28,Active,36
EMP02638,Nisha Khan,Operations,52000,2025-09-02,Inactive,37
EMP02639,Meera Mehta,Operations,38000,2021-05-20,Inactive,27
EMP02640,Anaya Das,IT,95000,2025-10-25,Active,41
EMP02641,Pooja Rao,HR,52000,2024-01-11,On Leave,42
EMP02642,Meera Sharma,Operations,52000,2024-05-27,Inactive,37
EMP02643,Vihaan Singh,Operations,52000,2023-11-23,On Leave,39
EMP02644,Ira Gupta,Sales,42000,2025-05-20,Inactive,50
EMP02645,Arjun Singh,Finance,45000,2023-03-26,Active,57
EMP02646,Ira Mehta,Operations,95000,2023-03-16,Inactive,50
EMP02647,Karan Mehta,HR,42000,2021-04-08,Active,22
EMP02648,Karan Nair,Sales,42000,2022-11-12,Active,29
EMP02649,Ishaan Sharma,Finance,72000,2025-11-11,On Leave,31
EMP02650,Dev Das,IT,80000,2026-03-02,On Leave,52
EMP02651,Meera Mehta,Marketing,45000,2023-10-04,On Leave,36
EMP02652,Nisha Singh,Marketing,42000,2023-10-01,Active,38
EMP02653,Karan Das,Marketing,32000,2022-05-11,Active,43
EMP02654,,Operations,95000,2022-01-08,On Leave,30
EMP02655,Riya Iyer,Operations,52000,2021-10-18,On Leave,47
EMP02656,Ira Nair,Finance,32000,2023-04-30,Inactive,52
EMP02657,Meera Sharma,Operations,72000,2022-06-30,Inactive,51
EMP02658,Ira Nair,Operations,52000,2025-09-08,On Leave,31
EMP02659,Arjun Patel,IT,95000,2025-06-19,On Leave,48
EMP02660,Rahul Sharma,Operations,80000,2024-07-07,Active,36
EMP02661,Maya Khan,Operations,45000,2024-12-10,On Leave,43
EMP02662,Neel Gupta,IT,72000,2023-09-01,On Leave,38
EMP02663,Aarav Khan,Operations,60000,2023-12-24,On Leave,21
EMP02664,Sara Patel,Operations,60000,2022-12-09,On Leave,57
EMP02665,Sara Iyer,IT,95000,2026-02-08,Active,34
EMP02666,Maya Nair,Sales,60000,2022-03-22,Inactive,43
EMP02667,Karan Sharma,,45000,2022-12-11,On Leave,34
EMP02668,Arjun Iyer,Sales,42000,2025-12-21,Active,56
EMP02669,Pooja Sharma,Finance,42000,2022-12-17,On Leave,22
EMP02670,Ishaan Singh,Finance,42000,2024-05-10,On Leave,49
EMP02671,Aditya Nair,IT,95000,2022-01-06,Active,52
EMP02672,Aditya Das,Operations,72000,2023-07-11,Active,33
EMP02673,Pooja Patel,IT,42000,2023-09-26,Inactive,46
EMP02674,Karan Rao,Sales,72000,2024-08-15,Inactive,30
EMP02675,Anaya Gupta,Finance,95000,2023-05-16,Active,42
EMP02676,Kabir Gupta,IT,95000,2024-04-11,Inactive,24
EMP02677,Ishaan Iyer,Marketing,60000,2025-09-20,Active,27
EMP02678,Arjun Das,IT,60000,2021-02-25,On Leave,53
EMP02679,Diya Singh,Operations,,2025-03-24,Active,41
EMP02680,Aditya Patel,Operations,52000,2025-10-15,Active,52
EMP02681,Sara Sharma,Marketing,32000,2026-04-03,Active,37
EMP02682,Ishaan Nair,Operations,95000,2026-02-01,Inactive,44
EMP02683,Riya Nair,Sales,,2025-04-29,Active,55
EMP02684,Ishaan Iyer,IT,32000,2023-03-13,On Leave,45
EMP02685,Dev Iyer,Marketing,52000,2023-04-19,Inactive,55
EMP02686,Karan Iyer,HR,60000,2022-08-21,On Leave,48
EMP02687,Tara Das,Operations,42000,2022-02-07,On Leave,53
EMP02688,Karan Mehta,Finance,32000,2021-08-12,On Leave,53
EMP02689,Nisha Sharma,Marketing,80000,2025-03-24,Active,32
EMP02690,Meera Patel,Sales,45000,2023-02-28,Inactive,50
EMP02691,Ishaan Khan,Marketing,32000,2025-11-17,Active,43
EMP02692,Kabir Mehta,HR,32000,2024-09-12,On Leave,40
EMP02693,Aditya Iyer,Operations,38000,2021-01-05,Inactive,43
EMP02694,Sara Patel,Finance,32000,,On Leave,25
EMP02695,Ira Mehta,HR,52000,2021-11-18,Active,30
EMP02696,Aditya Iyer,HR,95000,2021-07-06,Active,52
EMP02697,Rahul Singh,Finance,45000,2021-07-17,Active,23
EMP02698,Ira Sharma,Sales,72000,2021-02-07,Active,25
EMP02699,Riya Iyer,Marketing,95000,2025-10-18,On Leave,44
EMP02700,Aarav Das,Finance,38000,2024-07-24,Inactive,56
EMP02701,Ira Khan,IT,38000,2024-05-01,Active,31
EMP02702,Dev Nair,Finance,72000,2024-11-17,Active,37
EMP02703,Pooja Khan,Sales,80000,2022-11-15,On Leave,33
EMP02704,Ishaan Singh,HR,52000,2025-04-24,On Leave,53
EMP02705,Nisha Singh,,42000,2023-01-18,Active,25
EMP02706,Ishaan Patel,Sales,38000,2023-06-01,Active,21
EMP02707,Kabir Iyer,IT,60000,2023-08-28,Inactive,22
EMP02708,Sara Das,Sales,72000,2025-04-05,On Leave,49
EMP02709,Dev Khan,Marketing,32000,2024-12-06,Active,32
EMP02710,Ira Khan,HR,80000,2022-05-05,Active,46
EMP02711,Neel Nair,IT,38000,2021-12-29,Active,22
EMP02712,Diya Gupta,HR,60000,2022-03-29,On Leave,50
EMP02713,Meera Das,Marketing,95000,2024-07-20,Active,41
EMP02714,Sara Rao,Sales,45000,2023-04-27,Active,42
EMP02715,Vihaan Rao,Sales,38000,2023-10-04,Active,52
EMP02716,Anaya Rao,HR,52000,2021-05-17,Active,58
EMP02717,Ira Gupta,Sales,72000,2021-07-11,On Leave,22
EMP02718,Diya Nair,IT,95000,2023-02-16,Active,27
EMP02719,Riya Sharma,Marketing,52000,2023-09-01,Active,40
EMP02720,Ira Patel,Finance,38000,2026-01-07,Inactive,56
EMP02721,Rahul Sharma,IT,38000,2026-04-18,Active,49
EMP02722,Rahul Mehta,Marketing,60000,2026-05-16,,50
EMP02723,Aarav Iyer,Sales,52000,2021-09-16,Inactive,50
EMP02724,Ishaan Rao,Sales,38000,2022-07-13,On Leave,34
EMP02725,Diya Rao,IT,32000,2023-09-29,Active,28
EMP02726,Ira Iyer,Marketing,80000,2025-11-17,Active,58
EMP02727,Meera Khan,IT,52000,2023-11-06,On Leave,56
EMP02728,Meera Nair,Operations,72000,2023-01-25,Inactive,47
EMP02729,Ishaan Das,Operations,72000,2022-05-23,Inactive,40
EMP02730,Aarav Nair,HR,45000,2023-06-13,Inactive,38
EMP02731,Riya Rao,IT,72000,2021-03-27,Active,51
EMP02732,Ira Patel,Finance,38000,2026-02-01,On Leave,47
EMP02733,Rahul Nair,Finance,60000,2021-05-27,On Leave,42
EMP02734,Arjun Gupta,Marketing,52000,2025-11-08,On Leave,21
EMP02735,Maya Gupta,Operations,45000,2021-11-19,Inactive,22
EMP02736,Vihaan Patel,Operations,60000,2021-07-02,Active,35
EMP02737,Karan Sharma,IT,52000,2023-08-26,Active,58
EMP02738,Aarav Khan,Finance,60000,2022-07-30,Active,57
EMP02739,Arjun Sharma,IT,38000,2026-02-16,Inactive,50
EMP02740,Maya Sharma,HR,42000,2022-06-14,Inactive,43
EMP02741,Aarav Mehta,IT,95000,2024-04-20,Active,39
EMP02742,Ishaan Mehta,IT,32000,2024-12-17,Active,44
EMP02743,Sara Mehta,Finance,38000,2025-02-27,Active,52
EMP02744,,Operations,80000,2025-06-21,Active,27
EMP02745,Neel Mehta,IT,60000,2021-04-04,Inactive,26
EMP02746,Karan Khan,IT,72000,2023-12-24,Active,24
EMP02747,Arjun Sharma,Marketing,60000,2025-11-03,On Leave,36
EMP02748,Sara Singh,Marketing,32000,2024-10-16,Active,56
EMP02749,Karan Mehta,it,32000,2023-03-20,Active,26
EMP02750,Dev Nair,Finance,38000,2025-01-18,Inactive,56
EMP02751,Aditya Khan,HR,95000,2021-10-02,Active,43
EMP02752,Tara Khan,Finance,60000,2021-08-23,Inactive,38
EMP02753,Karan Patel,Marketing,N/A,2026-04-30,Active,54
EMP02754,Pooja Patel,Sales,38000,2022-08-15,Inactive,33
EMP02755,Pooja Das,Marketing,52000,2021-10-28,Inactive,43
EMP02756,Diya Singh,Operations,42000,2026-03-05,Inactive,57
EMP02757,Diya Iyer,IT,38000,2025-09-16,On Leave,58
EMP02758,Ira Rao,Sales,32000,2022-03-14,Inactive,36
EMP02759,Diya Mehta,Marketing,38000,2024-10-07,Inactive,29
EMP02760,Ira Nair,IT,32000,2024-05-20,Active,52
EMP02761,Diya Sharma,IT,32000,2025-10-25,Active,48
EMP02762,Maya Patel,Finance,95000,2022-11-07,Inactive,30
EMP02763,Arjun Khan,Operations,72000,2022-07-22,On Leave,26
EMP02764,Ira Nair,Operations,45000,2023-06-11,Inactive,46
EMP02765,Vihaan Patel,Finance,42000,2023-10-31,On Leave,58
EMP02766,Karan Das,HR,52000,2024-02-17,Inactive,23
EMP02767,Riya Sharma,HR,42000,2025-04-01,Active,58
EMP02768,Pooja Khan,IT,52000,2022-05-04,On Leave,27
EMP02769,Meera Das,HR,42000,2021-06-10,On Leave,32
EMP02770,Nisha Rao,Operations,32000,2025-11-10,on leave,53
EMP02771,Karan Gupta,Finance,42000,2024-05-12,Active,51
EMP02772,Meera Mehta,Sales,52000,2021-05-20,Inactive,45
EMP02773,Aditya Singh,Marketing,45000,2022-07-26,On Leave,
EMP02774,Karan Das,Operations,72000,2022-01-26,On Leave,54
EMP02775,Aditya Sharma,Operations,45000,2024-08-05,Active,27
EMP02776,Tara Das,Finance,32000,2024-12-21,Active,27
EMP02777,Vihaan Das,Marketing,95000,2023-04-16,On Leave,39
EMP02778,Arjun Patel,Operations,42000,2023-12-10,Inactive,50
EMP02779,Aditya Sharma,Marketing,32000,2024-05-23,On Leave,35
EMP02780,Diya Nair,Finance,95000,2021-07-06,On Leave,26
EMP02781,Meera Sharma,Operations,42000,2025-10-31,Active,28
EMP02782,Kabir Nair,IT,52000,2025-10-15,On Leave,58
EMP02783,Nisha Khan,Finance,38000,2024-11-23,Inactive,35
EMP02784,Dev Das,Sales,60000,2023-07-05,Inactive,26
EMP02785,Anaya Mehta,Sales,80000,2021-02-21,Inactive,29
EMP02786,Meera Gupta,Marketing,60000,2023-01-14,Inactive,55
EMP02787,Pooja Das,Sales,38000,2021-01-07,Active,32
EMP02788,Anaya Gupta,Operations,52000,2021-11-02,On Leave,56
EMP02789,Maya Singh,Marketing,95000,2025-06-16,Active,53
EMP02790,Meera Iyer,IT,42000,2023-09-06,Active,28
EMP02791,Karan Mehta,Marketing,52000,2022-03-06,Inactive,52
EMP02792,Aditya Singh,Operations,95000,2021-01-09,On Leave,28
EMP02793,Neel Das,Finance,95000,2025-02-01,On Leave,51
EMP02794,Karan Das,Finance,80000,2021-12-14,On Leave,33
EMP02795,Tara Khan,Finance,32000,2022-07-25,Active,27
EMP02796,Neel Gupta,IT,95000,2022-07-12,Inactive,31
EMP02797,Riya Khan,Marketing,95000,2022-12-13,Inactive,26
EMP02798,Aditya Gupta,HR,72000,2021-10-11,On Leave,57
EMP02799,Pooja Singh,HR,42000,2023-02-04,Inactive,39
EMP02800,Kabir Das,Operations,95000,2026-03-22,Active,27
EMP02801,Anaya Nair,Sales,95000,2025-11-30,On Leave,57
EMP02802,Ira Gupta,Finance,45000,2025-01-04,On Leave,26
EMP02803,Aditya Mehta,Operations,80000,2026-04-18,Active,45
EMP02804,Neel Das,IT,80000,2024-03-26,Active,57
EMP02805,Tara Singh,Operations,80000,2024-05-14,Inactive,48
EMP02806,Anaya Sharma,Operations,72000,2026-02-20,On Leave,57
EMP02807,Rahul Sharma,IT,95000,2021-08-28,On Leave,40
EMP02808,Aditya Sharma,IT,38000,2024-11-19,On Leave,33
EMP02809,Neel Gupta,Sales,72000,2023-02-04,Active,32
EMP02810,Vihaan Singh,HR,45000,2023-11-03,Inactive,56
EMP02811,Arjun Sharma,Finance,45000,,Inactive,23
EMP02812,Neel Das,Finance,52000,2024-04-04,On Leave,34
EMP02813,Pooja Nair,IT,38000,2021-09-23,On Leave,30
EMP02814,Vihaan Patel,IT,,2021-12-22,On Leave,21
EMP02815,Pooja Patel,Sales,45000,2026-01-03,On Leave,24
EMP02816,Maya Das,Finance,60000,2023-04-21,Inactive,23
EMP02817,Tara Singh,Marketing,32000,2025-06-13,Inactive,42
EMP02818,Rahul Sharma,Sales,52000,2025-04-12,On Leave,56
EMP02819,Pooja Rao,Finance,45000,2022-06-09,Active,57
EMP02820,Aarav Sharma,Marketing,95000,2024-02-24,On Leave,44
EMP02821,Anaya Das,Finance,32000,2023-07-27,Inactive,45
EMP02822,Aditya Khan,Marketing,52000,2023-05-26,On Leave,50
EMP02823,Maya Das,Operations,52000,2023-08-17,On Leave,33
EMP02824,Tara Rao,IT,42000,2021-07-21,Inactive,39
EMP02825,Tara Gupta,Marketing,52000,2025-05-07,Inactive,56
EMP02826,Anaya Mehta,Operations,60000,2022-04-26,On Leave,50
EMP02827,Maya Patel,IT,52000,2026-04-19,Inactive,51
EMP02828,Aditya Mehta,Finance,80000,2021-01-20,Inactive,49
EMP02829,Neel Mehta,it,60000,,Active,21
EMP02830,Ishaan Mehta,IT,45000,2022-11-30,On Leave,44
EMP02831,Vihaan Singh,Finance,45000,31/12/2024,On Leave,49
EMP02832,Riya Singh,Operations,60000,2022-03-01,Inactive,52
EMP02833,Maya Iyer,Operations,72000,2026-01-24,Inactive,22
EMP02834,Anaya Singh,Sales,60000,2025-08-16,Inactive,56
EMP02835,Kabir Das,HR,32000,2023-06-03,Inactive,43
EMP02836,Nisha Rao,Marketing,80000,2021-02-11,Active,42
EMP02837,Rahul Patel,Finance,32000,2024-09-18,On Leave,36
EMP02838,Karan Iyer,Finance,52000,2024-01-03,On Leave,48
EMP02839,Maya Patel,IT,95000,2022-10-13,On Leave,45
EMP02840,Vihaan Khan,Finance,38000,2025-12-06,On Leave,44
EMP02841,Vihaan Khan,Sales,95000,2023-01-13,Active,47
EMP02842,Aditya Iyer,IT,38000,2025-05-26,Active,25
EMP02843,Diya Iyer,IT,42000,2022-10-19,Active,26
EMP02844,Maya Sharma,Operations,72000,2021-06-19,On Leave,43
EMP02845,Neel Singh,Marketing,42000,2023-12-14,Active,24
EMP02846,Ira Gupta,Operations,38000,2026-04-28,Active,40
EMP02847,Kabir Rao,Marketing,95000,2025-03-09,On Leave,55
EMP02848,Aarav Nair,Marketing,32000,2024-05-16,Inactive,48
EMP02849,Tara Singh,IT,32000,2024-11-21,Inactive,56
EMP02850,Aditya Nair,Marketing,72000,2025-10-29,Inactive,53
EMP02851,Ishaan Singh,HR,32000,2024-09-20,Active,48
EMP02852,Kabir Mehta,Finance,95000,2023-04-08,Active,23
EMP02853,Neel Iyer,IT,32000,2025-10-14,Active,36
EMP02854,Ira Sharma,IT,45000,2023-04-03,Active,28
EMP02855,Ira Mehta,Sales,32000,2025-11-20,On Leave,25
EMP02856,Tara Singh,Operations,72000,2024-11-01,Active,22
EMP02857,Maya Nair,Operations,60000,2021-03-30,Inactive,48
EMP02858,Karan Singh,HR,45000,2025-04-02,Active,48
EMP02859,Diya Gupta,Marketing,52000,2026-02-12,Active,52
EMP02860,Neel Nair,Marketing,95000,2022-05-08,Inactive,37
EMP02861,Neel Nair,HR,32000,2023-05-04,Active,37
EMP02862,Nisha Sharma,Marketing,52000,2021-08-26,Inactive,25
EMP02863,Anaya Patel,Sales,52000,2023-07-02,Inactive,39
EMP02864,Ira Singh,IT,38000,,On Leave,23
EMP02865,Karan Rao,Marketing,38000,2025-01-15,On Leave,39
EMP02866,Maya Patel,HR ,42000,2021-02-20,On Leave,38
EMP02867,Anaya Khan,Sales,45000,2022-08-06,Inactive,53
EMP02868,Pooja Nair,Sales,72000,2021-03-31,On Leave,51
EMP02869,Neel Nair,Finance,45000 INR,2024-02-21,Active,38
EMP02870,Riya Sharma,HR,95000,2021-11-15,Inactive,47
EMP02871,Arjun Iyer,Operations,60000,2025-07-01,Inactive,24
EMP02872,Aditya Iyer,Finance,52000,2026-05-12,On Leave,40
EMP02873,Aarav Khan,HR,72000,2021-10-04,Inactive,34
EMP02874,Pooja Nair,HR,72000,2021-09-23,Inactive,40
EMP02875,Anaya Sharma,Operations,45000,2022-09-17,On Leave,35
EMP02876,Neel Khan,Marketing,38000,2025-10-29,On Leave,48
EMP02877,Nisha Sharma,Finance,60000,2026-04-09,Active,50
EMP02878,Aditya Khan,Finance,60000,2026-03-14,Active,58
EMP02879,Anaya Khan,Sales,32000,2023-11-07,On Leave,41
EMP02880,Ishaan Sharma,Marketing,52000,2023-08-16,Active,43
EMP02881,Maya Sharma,Operations,32000,2025-08-26,Inactive,40
EMP02882,Arjun Rao,Operations,80000,2024-01-09,On Leave,55
EMP02883,Maya Nair,Marketing,32000,2021-01-11,Active,46
EMP02884,Meera Gupta,Operations,38000,2025-06-29,Inactive,37
EMP02885,Rahul Das,IT,52000,2022-10-03,Inactive,56
EMP02886,Maya Khan,HR,45000,2024-09-01,Inactive,29
EMP02887,Nisha Patel,Operations,72000,2021-02-24,Active,39
EMP02888,Meera Sharma,Marketing,52000,2023-09-28,Active,45
EMP02889,Karan Sharma,Marketing,32000,2024-08-01,Inactive,26
EMP02890,,Sales,42000,2025-08-01,On Leave,23
EMP02891,Aditya Das,IT,42000,2025-10-14,On Leave,33
EMP02892,Sara Iyer,Sales,45000,2022-02-22,Inactive,49
EMP02893,Aditya Patel,HR,38000,2025-11-01,On Leave,37
EMP02894,Riya Patel,Finance,60000,2025-09-21,Active,22
EMP02895,Anaya Nair,HR,42000,2021-02-05,Inactive,48
EMP02896,Kabir Sharma,Operations,60000,2025-01-12,Active,52
EMP02897,Aarav Singh,Marketing,32000,2022-10-21,Active,42
EMP02898,Tara Gupta,Sales,52000,2026-05-29,Inactive,58
EMP02899,Rahul Nair,HR,38000,2021-11-18,Active,35
EMP02900,Riya Patel,Sales,42000,2025-11-20,Active,30
EMP02901,Meera Patel,Sales,95000,2025-09-08,Active,41
EMP02902,Ira Das,Operations,95000,2024-06-30,On Leave,53
EMP02903,Meera Iyer,Sales,52000,2022-07-25,On Leave,58
EMP02904,Arjun Iyer,HR,60000,2024-06-25,Active,37
EMP02905,Dev Patel,Finance,52000,2021-08-02,Inactive,28
EMP02906,Nisha Khan,Marketing,38000,2022-03-12,Inactive,26
EMP02907,Neel Das,IT,52000,2024-06-04,Inactive,34
EMP02908,Neel Gupta,IT,42000,2024-12-18,On Leave,42
EMP02909,Sara Das,Finance,52000,2021-11-07,Active,38
EMP02910,Tara Rao,Finance,80000,2024-12-10,On Leave,48
EMP02911,Rahul Nair,Sales,32000,2022-07-15,Inactive,52
EMP02912,Pooja Mehta,IT,60000,2023-11-11,Inactive,37
EMP02913,Diya Mehta,HR,72000,2024-10-31,Active,47
EMP02914,Aarav Iyer,Sales,42000,2021-06-27,Active,24
EMP02915,Rahul Khan,HR,45000,2023-03-06,Inactive,39
EMP02916,Rahul Rao,HR,45000,2021-05-11,On Leave,29
EMP02917,Arjun Mehta,IT,38000,2022-09-06,Inactive,45
EMP02918,Meera Gupta,Sales,52000,2021-09-04,Inactive,26
EMP02919,Aditya Gupta,Operations,52000,2024-12-15,Inactive,43
EMP02920,Aditya Nair,Marketing,60000,2022-07-28,Inactive,48
EMP02921,Aditya Mehta,Finance,32000,2024-03-26,Active,25
EMP02922,Maya Mehta,Sales,80000,2025-07-31,Inactive,23
EMP02923,Tara Mehta,Finance,45000,2024-10-18,On Leave,49
EMP02924,Dev Singh,HR,45000,2025-06-20,Active,46
EMP02925,Anaya Nair,HR,38000,2023-11-02,On Leave,30
EMP02926,Maya Das,Finance,60000,2021-04-25,Inactive,56
EMP02927,Aarav Iyer,Sales,80000,2024-03-22,Active,24
EMP02928,Rahul Nair,Marketing,80000,2025-02-24,Inactive,36
EMP02929,Nisha Sharma,Finance,32000,2021-04-04,Inactive,51
EMP02930,Tara Iyer,Operations,60000,2021-04-06,Active,
EMP02931,Arjun Das,Marketing,42000,2022-03-03,Active,50
EMP02932,Maya Das,Marketing,45000,2024-04-08,,53
EMP02933,Aditya Sharma,IT,72000,2024-12-03,Active,52
EMP02934,Tara Iyer,Operations,72000,2025-07-29,Active,27
EMP02935,Ishaan Rao,Sales,38000,2023-05-06,On Leave,23
EMP02936,Sara Singh,Sales,95000,,On Leave,58
EMP02937,Aditya Iyer,Marketing,95000,2025-05-01,Inactive,58
EMP02938,Neel Nair,IT,95000,2026-02-03,Active,53
EMP02939,Karan Patel,Operations,72000,2026-01-22,Active,25
EMP02940,Vihaan Mehta,HR,95000,2022-02-18,Inactive,27
EMP02941,Arjun Patel,Finance,32000,2021-05-28,Inactive,24
EMP02942,Diya Sharma,Marketing,60000,2023-06-01,Active,58
EMP02943,Tara Sharma,Finance,45000,2025-05-05,On Leave,41
EMP02944,Riya Iyer,Operations,60000,2023-10-16,On Leave,36
EMP02945,Sara Khan,IT,60000,2022-02-05,Active,57
EMP02946,Meera Das,IT,52000,2024-03-14,Active,39
EMP02947,Arjun Gupta,IT,60000,2025-02-19,On Leave,22
EMP02948,Pooja Iyer,IT,45000,2025-07-15,Active,36
EMP02949,Dev Rao,Sales,52000,2023-11-14,Inactive,49
EMP02950,Ira Khan,IT,72000,2021-11-24,Active,55
EMP02951,Sara Singh,Marketing,52000,2022-10-03,On Leave,58
EMP02952,Nisha Iyer,HR,52000,2023-03-21,On Leave,31
EMP02953,Maya Khan,Finance,32000,2021-12-04,Active,25
EMP02954,Maya Das,HR ,95000,2025-12-30,On Leave,36
EMP02955,Ishaan Mehta,Sales,52000,2021-01-20,Inactive,42
EMP02956,Neel Sharma,Marketing,60000,2022-02-10,On Leave,56
EMP02957,Dev Khan,Sales,52000,2024-02-05,On Leave,36
EMP02958,Aditya Rao,HR,80000,2024-07-16,Inactive,42
EMP02959,Ishaan Mehta,Finance,52000,2021-10-07,Active,22
EMP02960,Kabir Mehta,Operations,52000,2025-09-21,Inactive,28
EMP02961,Aditya Khan,Marketing,45000,2025-10-18,Active,29
EMP02962,Diya Das,IT,38000,2021-09-08,On Leave,42
EMP02963,Vihaan Das,IT,95000,2023-06-14,Active,27
EMP02964,Aditya Das,Finance,95000,2021-03-24,Inactive,57
EMP02965,Nisha Mehta,Marketing,72000,2025-08-11,Inactive,47
EMP02966,Dev Mehta,IT,38000,2022-06-29,Inactive,45
EMP02967,Nisha Rao,IT,45000,2024-04-16,Active,33
EMP02968,Riya Sharma,IT,60000,2022-07-18,On Leave,33
EMP02969,Riya Patel,Marketing,95000,2023-07-19,On Leave,23
EMP02970,Maya Nair,Operations,72000,2022-04-03,Active,51
EMP02971,Nisha Khan,Finance,38000,2024-12-06,Inactive,47
EMP02972,Karan Rao,Operations,60000,2025-06-19,Active,57
EMP02973,Rahul Mehta,Marketing,42000,2023-10-13,Inactive,40
EMP02974,Pooja Patel,IT,,2026-02-03,Active,23
EMP02975,Diya Sharma,HR,60000,2024-02-21,Active,41
EMP02976,Pooja Khan,Sales,38000,2021-10-16,Inactive,24
EMP02977,Riya Das,HR,52000,2024-05-15,On Leave,45
EMP02978,Kabir Sharma,HR,32000,2022-02-25,Inactive,25
EMP02979,Neel Mehta,Sales,72000,2025-02-19,Active,33
EMP02980,Diya Das,Sales,95000,2021-11-25,On Leave,42
EMP02981,Pooja Singh,Sales,72000,2025-09-07,Inactive,47
EMP02982,Arjun Singh,Marketing,42000,2021-06-25,Active,36
EMP02983,Riya Das,Marketing,95000,2025-05-07,On Leave,40
EMP02984,Sara Gupta,Marketing,42000,2021-03-17,Active,29
EMP02985,Maya Das,HR,32000,2025-01-26,Inactive,34
EMP02986,Diya Khan,Operations,32000,2026-03-20,Active,33
EMP02987,Dev Sharma,Marketing,95000,2023-07-10,Inactive,48
EMP02988,Dev Patel,HR,60000,2026-01-24,Inactive,47
EMP02989,Kabir Rao,hr,52000,2021-12-25,On Leave,27
EMP02990,Meera Khan,HR,72000,2023-01-04,On Leave,24
EMP02991,Karan Singh,Operations,32000,2024-07-19,Active,28
EMP02992,Neel Mehta,Finance,60000,2023-11-14,Inactive,34
EMP02993,Meera Patel,IT,,2024-07-25,On Leave,55
EMP02994,Ishaan Rao,IT,72000,2022-06-05,Active,23
EMP02995,Arjun Nair,Operations,32000,2022-05-08,Active,26
EMP02996,Anaya Nair,Operations,95000,2022-03-19,Inactive,42
EMP02997,Ishaan Iyer,HR,38000,2023-11-27,Active,37
EMP02998,Tara Das,IT,52000,2022-10-04,On Leave,51
EMP02999,Neel Das,HR,80000,2023-05-23,Active,34
EMP03000,Maya Gupta,Operations,80000,2024-04-15,Active,29
EMP03001,Sara Sharma,Marketing,60000,2023-09-05,Active,57
EMP03002,Karan Patel,Sales,45000,2026-03-04,On Leave,57
EMP03003,Neel Mehta,Operations,60000,2025-01-08,Active,49
EMP03004,Tara Rao,Finance,80000,2024-04-04,On Leave,23
EMP03005,Tara Gupta,Operations,80000,2021-10-03,Inactive,40
EMP03006,Kabir Nair,IT,95000,2025-08-29,On Leave,30
EMP03007,Riya Gupta,HR,42000,2022-07-15,On Leave,31
EMP03008,Aarav Das,Sales,72000,2021-08-14,Inactive,55
EMP03009,Maya Khan,IT,80000,2022-07-31,Inactive,45
EMP03010,Pooja Mehta,Marketing,80000,2022-08-05,Inactive,43
EMP03011,Meera Sharma,Finance,52000,2023-02-06,On Leave,28
EMP03012,Pooja Mehta,Operations,45000,2022-04-06,Inactive,45
EMP03013,Rahul Mehta,IT,38000,2024-06-18,Inactive,56
EMP03014,Aarav Sharma,Marketing,38000,2024-05-05,Inactive,41
EMP03015,Maya Iyer,Operations,60000,2022-04-22,Inactive,27
EMP03016,Rahul Rao,Marketing,72000,2022-03-08,On leave,47
EMP03017,Rahul Singh,Marketing,32000,2023-01-10,On Leave,40
EMP03018,Kabir Das,Finance,52000,2026-05-08,On Leave,28
EMP03019,Meera Nair,Sales,32000,2026-03-19,Inactive,34
EMP03020,Riya Mehta,Finance,38000,2026-01-18,On Leave,55
EMP03021,Diya Singh,Finance,80000,2023-12-22,Inactive,22
EMP03022,Aarav Patel,Finance,52000,2022-12-16,On Leave,33
EMP03023,Aditya Nair,Sales,32000,2021-01-11,Active,22
EMP03024,Aarav Gupta,IT,52000,2024-02-24,On Leave,42
EMP03025,Neel Singh,Sales,42000,2024-03-21,Active,26
EMP03026,Neel Mehta,HR,32000,2023-11-02,On Leave,25
EMP03027,Dev Khan,Sales,52000,2024-07-30,Active,52
EMP03028,Anaya Sharma,Operations,60000,2025-03-27,On Leave,24
EMP03029,Ishaan Singh,Finance,60000,2022-05-19,Active,40
EMP03030,Anaya Sharma,Marketing,95000,2022-12-29,Inactive,38
EMP03031,Diya Rao,Sales,42000,2023-02-24,On Leave,33
EMP03032,Kabir Singh,IT,42000,31/12/2024,Inactive,58
EMP03033,Aarav Das,Finance,72000,2025-06-16,On Leave,48
EMP03034,Pooja Gupta,Operations,45000,2021-10-22,Active,42
EMP03035,Diya Iyer,IT,38000,2025-11-04,Active,26
EMP03036,Pooja Rao,Operations,80000,2024-07-22,On Leave,50
EMP03037,Dev Singh,Sales,60000,2025-06-21,Inactive,29
EMP03038,Karan Sharma,Finance,80000,2026-03-25,On Leave,28
EMP03039,Pooja Patel,Sales,72000,2023-07-28,Active,55
EMP03040,Aditya Khan,Finance,95000,2026-02-06,On Leave,48
EMP03041,Rahul Patel,IT,72000,2022-09-05,On Leave,32
EMP03042,Nisha Nair,HR,95000,2023-05-26,Inactive,21
EMP03043,Pooja Singh,IT,52000,2023-09-19,On Leave,24
EMP03044,Aarav Patel,Operations,45000,2021-06-21,Inactive,48
EMP03045,Ishaan Gupta,IT,42000,2025-10-07,Active,40
EMP03046,Kabir Singh,Marketing,72000,2022-03-04,On Leave,37
EMP03047,Ira Sharma,Finance,45000,2025-01-05,On Leave,36
EMP03048,Aarav Das,Finance,32000,,On Leave,40
EMP03049,Karan Iyer,Operations,95000,2024-07-09,On Leave,55
EMP03050,Tara Iyer,Finance,60000,2022-06-08,Active,33
EMP03051,Rahul Rao,IT,45000,2025-07-27,On Leave,48
EMP03052,Diya Sharma,Operations,95000,2024-06-21,On Leave,38
EMP03053,Anaya Khan,IT,38000,2021-01-30,Active,52
EMP03054,Rahul Mehta,Sales,72000,2023-06-13,Active,43
EMP03055,Maya Iyer,IT,72000,2024-11-22,On Leave,35
EMP03056,Kabir Sharma,Operations,72000,2022-05-27,Active,54
EMP03057,Meera Gupta,Marketing,72000,2023-02-25,On Leave,30
EMP03058,Ishaan Mehta,HR,45000,2021-02-18,Active,43
EMP03059,Neel Singh,IT ,42000,2026-02-15,Active,32
EMP03060,Tara Patel,Finance,80000,2024-04-05,Inactive,56
EMP03061,Kabir Khan,IT,38000,2022-08-13,On Leave,41
EMP03062,Ira Nair,HR,95000,2024-08-31,On Leave,55
EMP03063,Aarav Sharma,Marketing,72000,2024-06-19,Inactive,56
EMP03064,Arjun Khan,Sales,60000,2024-01-23,Active,55
EMP03065,Anaya Khan,IT,32000,2021-08-26,Active,58
EMP03066,Vihaan Sharma,HR,32000,2021-01-27,Active,35
EMP03067,Vihaan Sharma,IT,45000,2021-03-20,Inactive,33
EMP03068,Riya Singh,Finance,45000,2022-02-01,Active,49
EMP03069,Maya Rao,IT,60000,2026-04-22,Inactive,49
EMP03070,Dev Rao,Marketing,72000,2022-03-19,Inactive,58
EMP03071,Aditya Rao,Sales,95000,2025-10-07,Active,48
EMP03072,Dev Patel,HR,45000,2025-02-24,Active,37
EMP03073,Vihaan Nair,Finance,80000,2025-02-13,On Leave,33
EMP03074,Sara Khan,Marketing,72000,2022-01-01,Active,36
EMP03075,Pooja Mehta,HR,38000,2024-01-20,Active,39
EMP03076,Anaya Iyer,Marketing,52000,2021-05-27,Active,32
EMP03077,Maya Sharma,Finance,72000,2025-11-19,Inactive,47
EMP03078,Maya Sharma,Operations,45000,2025-08-18,Inactive,43
EMP03079,Neel Iyer,Sales,32000,2025-06-20,On Leave,29
EMP03080,Aarav Iyer,HR,80000,2025-12-09,Inactive,44
EMP03081,Aditya Nair,Operations,80000,2022-11-30,Active,28
EMP03082,Karan Iyer,Finance,38000,2024-01-08,Active,33
EMP03083,Aditya Singh,Marketing,72000,2023-07-24,Inactive,34
EMP03084,Anaya Sharma,HR,38000,2025-02-02,On Leave,58
EMP03085,Vihaan Mehta,Marketing,32000,2024-02-16,Active,21
EMP03086,Sara Gupta,Operations,52000,2023-06-18,Active,40
EMP03087,Tara Sharma,Sales,45000,2023-01-07,On Leave,23
EMP03088,Aditya Patel,HR,95000,2025-04-23,On Leave,37
EMP03089,Sara Das,IT,72000,2021-03-29,Inactive,53
EMP03090,Karan Khan,Operations,45000,2023-05-10,Active,38
EMP03091,Neel Sharma,Sales,42000,2024-03-27,Inactive,22
EMP03092,Vihaan Iyer,Operations,32000,2024-01-23,Inactive,56
EMP03093,Vihaan Patel,Sales,32000,2025-01-30,Inactive,43
EMP03094,Karan Patel,Operations,72000,2024-06-13,Active,54
EMP03095,Meera Sharma,Finance,80000,2022-11-01,Inactive,42
EMP03096,Karan Gupta,Finance,72000,2021-11-13,On Leave,53
EMP03097,Arjun Iyer,IT,32000,2025-09-11,Inactive,40
EMP03098,Vihaan Iyer,Marketing,32000,2022-01-29,Inactive,50
EMP03099,Kabir Gupta,Marketing,45000,2026-02-30,On Leave,25
EMP03100,Neel Rao,HR,60000,2023-05-14,On Leave,43
EMP03101,Sara Khan,Marketing,60000,2024-06-07,Active,37
EMP03102,Pooja Sharma,Finance,60000,2022-08-20,Inactive,48
EMP03103,Nisha Das,Finance,42000,2023-03-03,Active,33
EMP03104,Ira Das,Marketing,95000,2022-05-27,On Leave,35
EMP03105,Meera Mehta,Finance,42000,2025-01-25,Active,31
EMP03106,Pooja Das,Sales,32000,2024-02-07,Inactive,46
EMP03107,Neel Sharma,Sales,42000,2021-04-08,Inactive,50
EMP03108,Ishaan Das,Operations,38000,2021-04-01,Inactive,45
EMP03109,Tara Mehta,Sales,80000,2025-06-23,Inactive,48
EMP03110,Anaya Iyer,IT,38000,2023-08-08,On Leave,58
EMP03111,Aditya Rao,Operations,60000,2024-01-06,Active,27
EMP03112,Vihaan Patel,Marketing,60000,2024-07-10,Active,49
EMP03113,Ira Rao,IT,60000,2021-07-24,Active,45
EMP03114,Dev Singh,IT,32000,2024-01-10,Inactive,37
EMP03115,Anaya Khan,Marketing,95000,2023-08-09,On Leave,58
EMP03116,Nisha Sharma,Operations,72000,2021-12-19,Inactive,41
EMP03117,Vihaan Das,Finance,60000,2024-01-09,Active,25
EMP03118,Vihaan Iyer,Operations,60000,2022-03-10,Active,29
EMP03119,Karan Sharma,HR,95000,2022-01-17,On Leave,45
EMP03120,Anaya Mehta,HR,42000,2025-01-21,Inactive,34
EMP03121,Neel Patel,IT,80000,2023-05-08,Active,27
EMP03122,Tara Sharma,Marketing,45000,2023-02-21,On Leave,34
EMP03123,Tara Gupta,IT,60000,2021-08-09,Active,22
EMP03124,Meera Iyer,IT,52000,2025-07-13,Active,34
EMP03125,Arjun Singh,Marketing,45000,2021-08-11,Inactive,26
EMP03126,Nisha Iyer,Operations,45000,2025-01-12,On Leave,38
EMP03127,Tara Nair,Operations,72000,2022-12-30,On Leave,22
EMP03128,Aarav Das,Finance,95000,2023-10-01,On Leave,23
EMP03129,Riya Khan,IT,72000,2024-08-04,On Leave,46
EMP03130,Kabir Khan,Finance,42000,2025-03-05,Inactive,46
EMP03131,Aditya Singh,Operations,80000,2024-09-15,Inactive,56
EMP03132,Anaya Gupta,Marketing,72000,2024-11-04,Inactive,45
EMP03133,Maya Rao,Marketing,72000,2022-07-03,On Leave,44
EMP03134,Pooja Iyer,Operations,95000,2024-07-15,Inactive,31
EMP03135,Vihaan Sharma,Sales,45000,2024-04-07,Inactive,26
EMP03136,Anaya Nair,Operations,32000,2022-11-10,On Leave,29
EMP03137,Neel Khan,Finance,60000,2023-10-20,Active,29
EMP03138,Rahul Sharma,Sales,80000,2022-11-18,On Leave,29
EMP03139,Dev Sharma,IT,72000,2025-12-17,Inactive,43
EMP03140,Rahul Singh,IT,80000,2023-03-04,Active,51
EMP03141,Maya Das,Sales,80000,2024-01-02,On Leave,43
EMP03142,Dev Patel,Sales,52000,2021-01-03,On Leave,46
EMP03143,Pooja Khan,IT,45000,2024-06-25,Inactive,47
EMP03144,Riya Mehta,Operations,95000,2026-04-29,Inactive,35
EMP03145,Karan Mehta,IT,42000,2025-01-13,On Leave,43
EMP03146,Aditya Iyer,Marketing,32000,2022-10-13,On Leave,51
EMP03147,Maya Rao,,72000,2021-12-25,On Leave,35
EMP03148,Riya Khan,HR,42000,2023-01-07,On Leave,45
EMP03149,Anaya Rao,Operations,45000,2021-08-13,Active,53
EMP03150,Riya Das,Finance,52000,2021-06-14,Inactive,41
EMP03151,Ira Iyer,Finance,60000,2021-09-24,On Leave,47
EMP03152,Meera Gupta,Sales,72000,2024-11-18,Inactive,56
EMP03153,Meera Rao,Operations,42000,2025-02-20,Active,47
EMP03154,Meera Rao,Marketing,95000,2024-07-30,Inactive,54
EMP03155,Kabir Mehta,HR,52000,2021-03-27,On Leave,33
EMP03156,Neel Nair,Sales,45000,2024-07-20,Active,37
EMP03157,Meera Gupta,Sales,32000,2021-08-17,On Leave,55
EMP03158,Diya Khan,HR,95000,2026-05-28,Inactive,47
EMP03159,Pooja Mehta,Operations,32000,2026-01-08,Active,35
EMP03160,Diya Rao,Sales,32000,2025-10-23,On Leave,53
EMP03161,Riya Singh,Sales,60000,2022-03-02,Active,51
EMP03628,Riya Das,Sales,60000,2023-07-28,Inactive,38
EMP03163,Kabir Khan,Operations,80000,2024-02-26,On Leave,41
EMP03164,Arjun Nair,Finance,80000,2025-04-24,Active,57
EMP03165,Aarav Patel,HR,45000,2022-03-11,Active,40
EMP03166,Vihaan Iyer,Sales,72000,2023-01-03,Inactive,33
EMP03167,Dev Das,Finance,52000,2022-10-25,On Leave,44
EMP03168,Meera Nair,Marketing,38000,2023-04-20,Active,25
EMP03169,Arjun Rao,IT,60000,2021-06-11,On Leave,35
EMP03170,Diya Das,HR,60000,2021-03-15,On Leave,41
EMP03171,Arjun Nair,Sales,42000,2022-06-05,On Leave,42
EMP03172,Arjun Iyer,IT,45000,2021-12-05,On Leave,55
EMP03173,Vihaan Singh,Finance,45000,2022-12-27,Inactive,32
EMP03174,Pooja Sharma,Operations,80000,2025-08-20,On Leave,23
EMP03175,Kabir Khan,Marketing,60000,2024-06-15,On Leave,34
EMP03176,Ishaan Patel,HR,45000,2023-11-24,Inactive,29
EMP03177,Aditya Nair,Marketing,52000,2021-10-24,Active,22
EMP03178,Aarav Iyer,Operations,95000,2026-02-11,Active,53
EMP03179,Riya Mehta,Marketing,52000,2024-07-27,On Leave,22
EMP03180,Maya Singh,HR,72000,2023-04-14,On Leave,56
EMP03181,Aarav Iyer,Sales,45000,2021-04-22,Active,
EMP03182,Aarav Gupta,Sales,52000,2025-05-22,Inactive,39
EMP03183,Kabir Rao,,52000,2022-07-29,Active,43
EMP03184,Maya Iyer,Marketing,38000,2024-02-07,Inactive,56
EMP03185,Tara Singh,Operations,52000,2021-12-03,Inactive,26
EMP03186,Nisha Mehta,Sales,95000,2021-03-03,On Leave,37
EMP03187,Vihaan Sharma,Operations,52000,2025-11-26,Active,52
EMP03188,Riya Sharma,Marketing,42000,2022-05-13,Active,25
EMP03189,Ira Singh,Finance,60000,2023-04-26,On Leave,39
EMP03190,Karan Rao,IT,95000,2021-06-27,On Leave,52
EMP03191,Arjun Sharma,HR,95000,2025-07-19,Active,35
EMP03192,Diya Patel,Marketing,42000,2024-03-11,Inactive,48
EMP03193,Maya Das,HR,72000,2023-08-24,On Leave,44
EMP03194,Aditya Iyer,Operations,95000,2024-07-29,Inactive,41
EMP03195,Pooja Sharma,Operations,72000,2023-08-12,On Leave,22
EMP03196,Rahul Sharma,Sales,95000,2024-06-28,On Leave,35
EMP03197,Arjun Mehta,Operations,32000,2022-02-01,Active,N/A
EMP03198,Anaya Gupta,Operations,45000,2026-01-27,On Leave,25
EMP03199,Sara Nair,HR ,95000,2023-08-05,Active,39
EMP03200,Aditya Khan,IT,42000,2022-02-19,Inactive,57
EMP03201,Sara Sharma,HR,45000,2021-08-07,Inactive,53
EMP03202,Karan Singh,Marketing,72000,2021-04-20,Active,31
EMP03203,Neel Nair,Finance,42000,2024-03-13,On Leave,40
EMP03204,Rahul Nair,HR,42000,2024-12-23,Inactive,52
EMP03205,Rahul Singh,Operations,60000,2021-01-11,Active,27
EMP03206,Riya Das,Sales,80000,2023-04-20,Inactive,37
EMP03207,Nisha Mehta,Marketing,95000,2024-01-06,Active,56
EMP03208,Kabir Patel,Operations,52000,2021-07-30,On Leave,29
EMP03209,Riya Mehta,Sales,38000,2025-09-03,On Leave,42
EMP03210,Nisha Patel,Marketing,45000,2025-06-16,On Leave,21
EMP03211,Tara Das,HR,45000,2023-02-27,On Leave,44
EMP03212,Diya Iyer,Finance,52000,2026-03-18,Inactive,30
EMP03213,Aarav Iyer,IT,95000,2021-06-27,On Leave,37
EMP03214,Sara Rao,IT,42000,2022-12-30,Inactive,23
EMP03215,Tara Iyer,HR,72000,2023-10-28,On Leave,42
EMP03216,Ishaan Sharma,Sales,60000,2023-12-05,Active,36
EMP03217,Ira Nair,IT,60000,2024-02-18,Active,33
EMP03218,Tara Iyer,Sales,80000,2025-09-23,On Leave,25
EMP03219,Vihaan Khan,Sales,72000,2024-01-11,Inactive,28
EMP03220,Arjun Iyer,Marketing,45000,2021-10-24,Inactive,thirty
EMP03221,Riya Sharma,Sales,60000,2024-08-31,Active,45
EMP03222,Pooja Gupta,HR,80000,2023-04-10,Inactive,30
EMP03223,Kabir Nair,Sales,42000,2023-01-28,Inactive,34
EMP03224,Arjun Iyer,Sales,72000,2023-06-18,On Leave,30
EMP03225,Aditya Rao,Sales,38000,2023-02-22,Inactive,21
EMP03226,Karan Das,Operations,45000,2023-02-12,On Leave,23
EMP03227,Riya Rao,IT,72000,2023-01-26,Active,42
EMP03228,Arjun Nair,Sales,32000,2024-11-11,Active,34
EMP03229,Diya Sharma,Marketing,52000,2026-03-13,Active,55
EMP03230,Dev Rao,Operations,32000,2022-01-28,Active,41
EMP03231,Diya Das,IT,72000,2021-05-22,On Leave,40
EMP03232,Karan Nair,Finance,60000,2025-06-05,Active,48
EMP03233,Ira Das,Finance,38000,2022-10-20,On Leave,27
EMP03234,Aditya Iyer,Sales,45000,2026-05-13,Inactive,50
EMP03235,Riya Khan,Sales,45000,2025-12-09,Inactive,25
EMP03236,Sara Mehta,IT,95000,2025-04-21,Active,44
EMP03237,Karan Iyer,Operations,38000,2022-07-05,Active,29
EMP03238,Nisha Das,IT,42000,,Inactive,58
EMP03239,Kabir Khan,Finance,45000,2024-11-14,Inactive,24
EMP03240,Anaya Singh,IT,95000,2024-06-14,Inactive,38
EMP03241,Sara Rao,IT,95000,2021-05-31,Active,39
EMP03242,Dev Iyer,Finance,60000,2022-07-08,Inactive,50
EMP03243,Karan Das,IT,72000,2022-02-05,Inactive,40
EMP03244,Meera Nair,Sales,52000,2025-12-08,On Leave,50
EMP03245,Rahul Khan,Finance,52000,2021-01-13,Inactive,32
EMP03246,Nisha Iyer,Finance,72000,2021-02-12,Inactive,35
EMP03247,Riya Iyer,HR,38000,2021-03-09,Active,38
EMP03248,Maya Iyer,Sales,80000,2021-02-25,Inactive,44
EMP03249,Vihaan Gupta,IT,42000,2023-02-22,Inactive,57
EMP03250,Kabir Rao,Finance,80000,2024-10-27,Inactive,32
EMP03251,Maya Das,Operations,32000,2026-05-11,Inactive,34
EMP03252,Neel Nair,Finance,95000,2023-03-08,Active,24
EMP03253,Arjun Nair,Marketing,N/A,2026-01-08,Active,44
EMP03254,Riya Khan,Marketing,45000,2023-06-09,Active,44
EMP03255,Riya Rao,Finance,80000,2025-03-31,Active,57
EMP03256,Neel Rao,Marketing,80000,2022-05-17,On Leave,57
EMP03257,Tara Khan,Operations,72000,2023-09-29,On Leave,44
EMP03258,Karan Sharma,Finance,80000,2022-01-11,Inactive,37
EMP03259,Diya Iyer,Operations,42000,2021-06-10,On Leave,23
EMP03260,Dev Sharma,Finance,72000,2023-10-26,Inactive,45
EMP03261,Nisha Nair,Operations,38000,2026-04-06,On Leave,52
EMP03262,Rahul Singh,HR,60000,2021-10-08,On Leave,21
EMP03263,Ishaan Patel,HR,80000,2023-11-06,Inactive,21
EMP03264,Neel Nair,HR,32000,2023-03-27,On Leave,48
EMP03265,Riya Mehta,Marketing,52000,2021-06-22,Inactive,56
EMP03266,Pooja Iyer,Marketing,72000,2021-03-30,Active,33
EMP07609,Karan Das,Finance,45000,2025-01-05,Active,53
EMP03268,Ishaan Iyer,Marketing,95000,2024-03-23,On Leave,23
EMP03269,Riya Nair,HR,80000,2021-12-06,On Leave,26
EMP03270,Arjun Khan,Marketing,72000,2025-08-03,On Leave,34
EMP03271,Maya Mehta,Marketing,32000,2021-01-13,Active,34
EMP03272,Vihaan Nair,Marketing,45000,2021-10-11,Active,36
EMP03273,Anaya Iyer,Operations,42000,2025-07-21,Inactive,51
EMP03274,Maya Nair,HR,95000,2023-02-07,On Leave,32
EMP03275,Riya Das,Marketing,95000,2024-08-02,Inactive,32
EMP03276,Aditya Gupta,Sales,72000,2025-04-23,Inactive,30
EMP03277,Pooja Iyer,Sales,42000,2023-09-06,Active,25
EMP03278,Tara Gupta,Marketing,80000,2022-09-16,Active,45
EMP03279,Tara Mehta,HR,38000,2025-11-06,Active,45
EMP03280,Aarav Rao,HR,80000,2022-06-22,On Leave,42
EMP03281,Pooja Patel,Marketing,95000,2022-01-15,Active,55
EMP03282,Vihaan Gupta,HR,38000,2021-09-06,Active,39
EMP03283,Karan Nair,IT,95000,2022-05-23,Inactive,56
EMP03284,Vihaan Rao,Sales,32000,2024-06-19,Inactive,24
EMP03285,Meera Gupta,HR,80000,2026-02-10,Inactive,54
EMP03286,Dev Gupta,Sales,45000,2024-08-06,On Leave,24
EMP03287,Ishaan Rao,Operations,80000,2024-05-20,Inactive,38
EMP08214,Neel Singh,IT,80000,2025-07-08,On Leave,41
EMP03289,Tara Rao,Sales,95000,2024-06-06,Active,50
EMP03290,Sara Iyer,Finance,38000,2026-01-01,Active,37
EMP03291,Tara Gupta,Marketing,38000,2022-11-20,Inactive,32
EMP03292,Aarav Khan,Sales,95000,2021-10-19,Active,44
EMP03293,Arjun Iyer,Operations,72000,2021-01-24,Inactive,54
EMP03294,Ira Sharma,Sales,42000,2024-12-19,Inactive,56
EMP03295,Aditya Das,Marketing,45000,2024-08-22,Inactive,32
EMP03296,Kabir Mehta,Operations,95000,2021-12-29,Inactive,28
EMP03297,Aarav Rao,IT,72000,2024-03-30,Inactive,48
EMP03298,Rahul Mehta,Operations,72000,2021-11-30,On Leave,24
EMP03299,Pooja Singh,Operations,95000,2024-01-15,Inactive,30
EMP03300,Aditya Rao,Operations,52000,2026-03-31,Inactive,26
EMP03301,Ira Gupta,Finance,52000,2024-12-19,On Leave,23
EMP03302,Neel Rao,Sales,32000,2024-02-09,Active,28
EMP03303,Aarav Iyer,Finance,95000,2026-02-08,On Leave,55
EMP03304,Arjun Khan,IT,38000,2025-12-16,Active,51
EMP03305,Anaya Nair,IT,42000,2024-05-22,On Leave,37
EMP03306,Neel Singh,Marketing,32000,2026-03-17,On Leave,33
EMP03307,Ira Singh,Marketing,95000,2023-03-13,Inactive,58
EMP03308,Pooja Patel,Operations,32000,2021-09-20,Inactive,55
EMP03309,Riya Iyer,Marketing,80000,2023-03-07,On Leave,35
EMP03310,Sara Mehta,Finance,32000,2022-03-10,Inactive,32
EMP03311,Ishaan Iyer,IT,80000,2021-10-29,On Leave,39
EMP03312,Diya Gupta,Marketing,38000,2021-03-04,Active,46
EMP03313,Rahul Patel,Marketing,42000,2023-09-11,On Leave,33
EMP03314,Riya Mehta,IT,95000,2023-11-26,Inactive,48
EMP03315,Dev Singh,Sales,95000,2023-05-30,On Leave,49
EMP03316,Aditya Sharma,Finance,95000,2025-05-10,Active,44
EMP03317,Ira Mehta,Finance,45000,2024-09-18,Inactive,29
EMP03318,Nisha Sharma,Operations,32000,2021-02-26,Active,44
EMP03319,Nisha Iyer,HR,52000,2023-07-29,Active,31
EMP03320,Karan Rao,HR,80000,2022-04-14,Active,N/A
EMP03321,Anaya Khan,Operations,32000,2024-09-09,On Leave,34
EMP03322,Sara Nair,Finance,52000,2023-10-31,Active,45
EMP03323,Riya Singh,Sales,42000,2025-12-22,On Leave,57
EMP03324,Meera Singh,IT,45000,2022-01-04,On Leave,46
EMP03325,Pooja Das,Marketing,80000,2022-07-29,Active,30
EMP03326,Dev Khan,IT,52000,2024-05-16,Active,29
EMP03327,Arjun Rao,Sales,52000,2024-04-27,Inactive,29
EMP03328,Diya Singh,HR,95000,2025-01-12,Inactive,56
EMP03329,Maya Sharma,Finance,60000,2023-12-23,Inactive,39
EMP03330,Ishaan Patel,Operations,60000,2023-11-06,Active,50
EMP03331,Neel Singh,Sales,42000,2024-01-10,Inactive,49
EMP03332,Riya Nair,Marketing,45000,2021-08-15,On Leave,40
EMP03333,Meera Iyer,HR,60000,2021-07-04,Inactive,37
EMP03334,Meera Singh,Marketing,42000,2024-11-23,Inactive,25
EMP03335,Rahul Das,HR,95000,2026-04-27,On Leave,31
EMP03336,Maya Rao,Marketing,60000,2026-02-21,Active,22
EMP03337,Anaya Nair,IT,80000,2025-02-17,Active,41
EMP03338,Riya Nair,Operations,60000,2021-09-20,Active,28
EMP03339,Diya Patel,,45000,2026-02-08,On Leave,24
EMP03340,Kabir Nair,Sales,45000,2024-02-02,Inactive,57
EMP03341,Sara Das,Marketing,52000,2021-11-08,Active,56
EMP03342,Dev Khan,HR,60000,2021-02-04,On Leave,51
EMP03343,Diya Sharma,Marketing,80000,2025-05-27,Inactive,53
EMP03344,Pooja Gupta,HR,42000,2022-01-04,On Leave,30
EMP03345,Vihaan Khan,Marketing,60000,2021-06-18,Active,24
EMP03346,Neel Singh,Marketing,52000,2025-01-05,Inactive,32
EMP03347,Nisha Mehta,Marketing,60000,2024-04-19,Inactive,23
EMP03348,Rahul Khan,Sales,52000,2021-12-30,Active,30
EMP03349,Diya Singh,Marketing,52000,2026-05-23,Inactive,24
EMP03350,Sara Mehta,HR,45000,2021-03-20,On Leave,31
EMP03351,Karan Das,Marketing,80000,2023-10-04,Inactive,37
EMP03352,Sara Sharma,HR,38000,2021-06-10,On Leave,43
EMP03353,Ishaan Iyer,Marketing,72000,2025-11-11,Active,21
EMP03354,Meera Iyer,Operations,32000,2024-03-09,Active,28
EMP03355,Neel Khan,IT,32000,2023-03-02,Inactive,26
EMP03356,Kabir Mehta,Finance,52000,2024-07-24,On Leave,48
EMP03357,Vihaan Khan,Sales,38000,2021-01-20,On Leave,49
EMP03358,Sara Mehta,Operations,80000,2025-05-17,On Leave,23
EMP03359,Karan Rao,Sales,38000,2022-07-01,Inactive,40
EMP03360,Arjun Singh,Finance,42000,2021-07-19,Active,49
EMP03361,Arjun Iyer,HR,52000,2021-09-19,Active,34
EMP03362,Maya Gupta,Sales,52000,2024-08-01,On Leave,56
EMP03363,Rahul Rao,Finance,80000,2022-01-29,On Leave,30
EMP03364,Pooja Khan,Finance,80000,2022-12-02,On Leave,55
EMP03365,Aditya Rao,Finance,60000,2023-06-01,Inactive,47
EMP03366,Diya Nair,Finance,60000,2026-03-01,Active,36
EMP03367,Neel Mehta,Sales,95000,2026-03-19,Inactive,38
EMP03368,Aditya Das,IT,32000,2024-01-09,Active,47
EMP03369,Aditya Iyer,Finance,80000,2023-02-14,Active,48
EMP03370,Meera Mehta,Marketing,72000,2025-02-25,Active,31
EMP03371,Tara Patel,Operations,45000,2022-02-25,Inactive,37
EMP03372,Diya Das,IT,45000,2024-03-31,Active,27
EMP03373,Aarav Das,Operations,42000,2025-10-26,Active,52
EMP03374,Meera Patel,Sales,52000,2025-07-04,Inactive,42
EMP03375,Pooja Singh,Sales,95000,2023-10-06,Active,36
EMP03376,Tara Singh,Sales,80000,2024-03-10,Active,21
EMP03377,Arjun Mehta,IT,45000,2021-06-20,Inactive,50
EMP03378,Vihaan Nair,HR,42000,2024-12-31,On Leave,29
EMP03379,Karan Rao,Finance,72000,2025-10-27,Inactive,46
EMP03380,Sara Patel,Sales,42000,2022-11-08,On Leave,48
EMP03381,Meera Patel,Sales,38000,2024-02-10,Inactive,45
EMP03382,Anaya Rao,IT,80000,2026-05-07,Active,32
EMP03383,Nisha Nair,Sales,95000,2022-10-14,Active,26
EMP03384,Ishaan Sharma,Marketing,45000,2025-03-27,Inactive,38
EMP03385,Aditya Khan,Marketing,32000,2023-12-28,Inactive,28
EMP03386,Vihaan Nair,,80000,2026-03-29,On Leave,52
EMP03387,Pooja Mehta,Operations,38000,2023-04-01,Inactive,25
EMP03388,Ishaan Iyer,Sales,42000,2022-05-06,On Leave,39
EMP03389,Diya Mehta,Operations,72000,2025-10-19,Inactive,25
EMP03390,Aarav Singh,Sales,80000,2021-11-08,On Leave,49
EMP03391,Arjun Mehta,Finance,45000,2025-10-13,Active,49
EMP03392,Karan Gupta,HR,52000,2022-03-06,Active,45
EMP03393,Maya Khan,Operations,52000,2023-07-21,Active,31
EMP03394,Nisha Singh,IT,32000,2023-07-16,Inactive,39
EMP03395,Kabir Singh,HR,72000,2023-07-14,Inactive,56
EMP03396,Meera Mehta,Marketing,72000,2024-12-17,Inactive,37
EMP03397,Pooja Sharma,IT,80000,2025-05-09,Active,34
EMP03398,Nisha Rao,Finance,45000,2024-06-30,On Leave,42
EMP03399,Nisha Patel,Finance,45000,2022-02-04,On Leave,55
EMP03400,Ira Patel,IT,95000,2026-02-30,Inactive,37
EMP03401,Pooja Singh,Operations,42000,2023-02-14,Active,32
EMP03402,Karan Patel,HR,80000,2026-05-25,Inactive,23
EMP03403,Rahul Khan,Marketing,52000,2025-05-14,Active,55
EMP03404,Neel Patel,Operations,72000,2021-01-15,On Leave,27
EMP03405,Pooja Patel,HR,42000,2024-09-26,Active,57
EMP03406,Riya Das,Sales,38000,2025-02-17,Active,55
EMP03407,Aarav Patel,Finance,38000,2024-12-21,On Leave,37
EMP03408,Riya Das,HR,60000,2023-07-23,Active,24
EMP03409,Aarav Nair,Sales,72000,,Inactive,26
EMP03410,Rahul Gupta,Operations,32000,2024-01-03,Active,24
EMP03411,Arjun Gupta,Sales,52000,2021-12-01,Active,22
EMP03412,Aditya Patel,Operations,72000,2023-03-28,Active,51
EMP03413,Riya Iyer, IT,45000,2023-09-30,On Leave,28
EMP03414,Aditya Gupta,IT,72000,2021-10-02,Active,53
EMP03415,Dev Nair,Operations,72000,2023-12-12,Active,34
EMP03416,Sara Mehta,Marketing,60000,2024-08-05,On Leave,57
EMP03417,Kabir Singh,Marketing,60000,2021-08-23,Active,41
EMP03418,Dev Mehta,Marketing,80000,2022-11-30,Active,58
EMP03419,Dev Patel,Marketing,60000,2023-03-20,Inactive,25
EMP03420,Ira Mehta,Finance,52000,2026-03-26,On Leave,37
EMP03421,Ishaan Rao,Operations,60000,2024-08-29,On Leave,25
EMP03422,Anaya Patel,Sales,52000,2023-01-26,Active,58
EMP03423,Diya Sharma,HR,42000,2026-05-26,On Leave,37
EMP03424,Aarav Khan,Marketing,-5000,2021-05-01,Inactive,41
EMP03425,Diya Sharma,HR,95000,2022-12-30,Inactive,52
EMP03426,Meera Nair,Finance,60000,2022-10-05,Active,22
EMP03427,Arjun Sharma,IT,52000,2023-11-12,On Leave,55
EMP03428,Tara Das,Finance,72000,2021-03-24,On Leave,45
EMP03429,Aditya Mehta,IT,38000,2022-12-13,Active,45
EMP03430,Meera Patel,Sales,unknown,2023-02-11,Inactive,23
EMP03431,Anaya Gupta,Sales,60000,2022-04-05,On Leave,49
EMP03432,Dev Khan,Operations,95000,2022-10-29,Active,39
EMP03433,Aditya Nair,IT,52000,2021-11-19,Active,40
EMP03434,Karan Gupta,Operations,60000,2023-10-18,On Leave,21
EMP03435,Vihaan Sharma,Finance,95000,2024-05-14,Active,42
EMP03436,Kabir Patel,Sales,38000,2022-12-29,Active,31
EMP03437,Tara Singh,Marketing,42000,2025-10-16,Inactive,22
EMP03438,Diya Das,HR,72000,2025-09-24,Inactive,33
EMP03439,Tara Gupta,Finance,72000,2026-03-15,Active,54
EMP03440,Aarav Khan,Marketing,72000,2022-09-17,Inactive,47
EMP03441,Vihaan Khan,Sales,72000,2026-03-23,Inactive,31
EMP03442,Sara Gupta,Operations,60000,2025-12-31,Inactive,46
EMP03443,Ishaan Khan,Sales,60000,2024-04-20,On Leave,38
EMP03444,Diya Rao,Marketing,45000,2023-06-20,On Leave,22
EMP03445,Kabir Sharma,Sales,72000,2024-09-04,On Leave,48
EMP03446,Dev Singh,IT,38000,2021-11-16,Inactive,58
EMP03447,Diya Sharma,Sales,32000,2021-01-17,On Leave,46
EMP03448,Meera Nair,Sales,52000,2024-02-05,On Leave,49
EMP03449,Kabir Khan,Operations,95000,2026-05-06,Inactive,23
EMP03450,Anaya Mehta,Sales,72000,2024-11-19,Active,51
EMP03451,Anaya Rao,IT,52000,2023-12-19,On Leave,44
EMP03452,Aditya Iyer,Sales,72000,2025-02-26,Active,51
EMP03453,Nisha Singh,IT,45000,2021-08-31,Active,38
EMP03454,Aarav Iyer,Marketing,60000,2021-08-16,Active,39
EMP03455,Diya Iyer,Finance,60000,2021-06-27,inactive,31
EMP03456,Meera Das,Finance,45000,2023-03-31,Inactive,26
EMP03457,Riya Sharma,Sales,95000,2022-08-29,On Leave,38
EMP03458,Karan Nair,Operations,45000,2021-11-08,On Leave,24
EMP03459,Sara Nair,HR,32000,2024-01-06,Active,36
EMP03460,Aarav Das,Operations,38000,2024-11-10,Inactive,42
EMP03461,Vihaan Mehta,IT,32000,2023-04-05,Active,33
EMP03462,Aarav Rao,Marketing,95000,2025-11-15,Active,45
EMP03463,Neel Singh,HR,42000,2024-08-27,Active,55
EMP03464,Tara Nair,HR,95000,2024-06-20,On Leave,32
EMP03465,Riya Gupta,Marketing,95000,2021-08-07,Active,22
EMP03466,Neel Singh,Finance,72000,2025-04-11,On Leave,34
EMP03467,Vihaan Sharma,Finance,42000,2023-02-09,On Leave,46
EMP03468,Maya Das,HR,80000,2025-02-09,Active,51
EMP03469,Riya Iyer,Marketing,72000,2022-05-28,Active,41
EMP03470,Vihaan Nair,Sales,38000,2023-09-15,Inactive,45
EMP03471,Pooja Iyer,IT,,2026-04-26,Active,26
EMP03472,Arjun Patel,IT,52000,2024-11-26,On Leave,50
EMP03473,Rahul Mehta,Finance,38000,2021-12-25,Inactive,57
EMP03474,Ishaan Patel,IT,45000,2023-09-23,On Leave,57
EMP03475,Rahul Mehta,IT,52000,2022-03-18,On Leave,54
EMP03476,Ishaan Das,Sales,52000,2024-03-04,Active,36
EMP03477,Nisha Iyer,Operations,38000,2021-06-14,On Leave,41
EMP03478,Aditya Nair,Sales,60000,2023-08-12,Inactive,27
EMP03479,Tara Mehta,Finance,72000,2021-07-21,On Leave,53
EMP03480,Sara Khan,Finance,80000,2021-05-29,On Leave,42
EMP03481,Maya Patel,HR,60000,2021-02-09,Active,39
EMP03482,Ishaan Gupta,Finance,45000,2021-11-22,Inactive,45
EMP03483,Neel Mehta,IT,60000,2024-08-12,Active,35
EMP03484,Aditya Nair,HR,45000,2024-03-26,Inactive,45
EMP03485,Diya Patel,IT,52000,2021-12-29,On Leave,47
EMP03486,Kabir Rao,Finance,32000,2022-09-26,Active,29
EMP03487,Dev Mehta,Marketing,80000,2021-05-03,Inactive,43
EMP03488,Kabir Patel,Marketing,45000,2022-08-31,Inactive,25
EMP03489,Ishaan Rao,Finance,42000,2021-03-24,Inactive,25
EMP03490,Tara Gupta,HR,38000,2026-01-13,Inactive,43
EMP03491,Maya Iyer,Marketing,80000,2025-11-28,On Leave,36
EMP03492,Anaya Iyer,IT,60000,2024-11-15,On Leave,55
EMP03493,Karan Mehta,IT,52000,2024-03-22,Active,40
EMP03494,Maya Iyer,Operations,42000,2024-08-06,Active,56
EMP03495,Riya Gupta,Operations,60000,2023-10-30,Inactive,26
EMP03496,Riya Khan,Marketing,52000,2024-09-17,Inactive,58
EMP03497,Aarav Khan,IT,42000,2025-11-20,Active,28
EMP03498,Nisha Nair,Operations,38000,2021-07-20,On Leave,56
EMP03499,Nisha Nair,Operations,52000,2021-11-04,Active,47
EMP03500,Anaya Das,HR,45000,2022-01-06,On Leave,29
EMP03501,Sara Singh,HR,60000,2021-07-21,On Leave,21
EMP03502,Neel Das,IT,52000,2026-01-21,Inactive,48
EMP03503,Anaya Khan,IT,80000,2022-04-21,On Leave,51
EMP03504,Tara Das,Sales,95000,2021-01-25,Active,46
EMP03505,Pooja Rao,IT,32000,2022-10-19,On Leave,38
EMP03506,Meera Rao,Finance,60000,2023-08-12,Active,57
EMP03507,Anaya Das,Marketing,42000,2024-03-25,Active,56
EMP03508,Meera Singh,Marketing,72000,2021-04-01,Active,42
EMP03509,Tara Sharma,HR ,38000,2024-03-17,Inactive,26
EMP03510,Aarav Iyer,Sales,60000,2022-02-28,Active,25
EMP03511,Dev Khan,Sales,60000,2021-08-02,Inactive,50
EMP03512,Vihaan Mehta,Finance,45000,2022-06-02,Active,52
EMP03513,Anaya Gupta,IT,60000,2025-04-17,On Leave,32
EMP03514,Aarav Gupta,IT,95000,2024-04-15,On Leave,50
EMP03515,Vihaan Das,HR,32000,2023-01-11,Active,51
EMP03516,Sara Sharma,Operations,72000,2023-03-03,Inactive,26
EMP03517,Karan Nair,Sales,95000,2025-03-01,Active,27
EMP03518,Vihaan Khan,Finance,42000,2022-05-19,Active,55
EMP03519,Tara Gupta,Operations,95000,2022-02-28,Active,27
EMP03520,Meera Sharma,Operations,72000,2025-12-09,Inactive,25
EMP03521,Ishaan Das,HR ,95000,2023-05-15,Inactive,52
EMP03522,Tara Patel,Operations,45000,2022-11-28,Active,58
EMP03523,Vihaan Khan,Sales,45000,2024-06-19,Active,42
EMP03524,Aarav Mehta,HR,38000,2024-07-21,Inactive,36
EMP03525,Diya Singh,Operations,38000,2023-10-20,Inactive,24
EMP03526,Nisha Khan,Finance,38000,2022-04-04,Active,51
EMP03527,Tara Patel,HR,60000,2023-06-26,Inactive,57
EMP03528,Tara Sharma,Marketing,45000,2026-01-22,On Leave,36
EMP03529,Pooja Nair,Sales,52000,2021-05-09,On Leave,57
EMP03530,Rahul Rao,IT,45000,2023-08-28,On Leave,48
EMP03531,Vihaan Rao,HR,80000,2023-03-18,On Leave,29
EMP03532,Sara Patel,Sales,72000,2023-04-19,On Leave,54
EMP03533,Kabir Patel,Marketing,80000,2022-10-17,Inactive,47
EMP03534,Meera Das,Operations,45000,2022-07-15,Inactive,45
EMP03535,Dev Rao,HR,52000,2021-06-20,On Leave,30
EMP03536,Riya Nair,Marketing,42000,2025-03-19,Inactive,32
EMP03537,Pooja Singh,Marketing,52000,2023-09-23,On Leave,32
EMP03538,Vihaan Gupta,HR,45000,2025-12-04,Inactive,23
EMP03539,Arjun Singh,IT,52000,not available,Active,54
EMP03540,Tara Das,IT,38000,2021-07-15,On Leave,45
EMP03541,Arjun Singh,Marketing,52000,2022-04-27,Active,24
EMP03542,Anaya Das,Operations,38000,2023-12-06,On Leave,44
EMP03543,Meera Nair,Finance,42000,2021-08-28,Inactive,36
EMP03544,Neel Khan,Sales,80000,2021-01-16,On Leave,35
EMP03545,Kabir Singh,IT,42000,2025-06-28,Active,36
EMP03546,Dev Rao,Sales,52000,2022-04-05,On Leave,48
EMP03547,Anaya Iyer,Operations,95000,2025-09-29,Inactive,55
EMP03548,Ira Rao,HR,45000,2026-06-02,Active,56
EMP03549,Arjun Sharma,HR,42000,2021-09-09,On Leave,43
EMP03550,Kabir Patel,IT,42000,2021-11-17,Inactive,28
EMP03551,Neel Iyer,Operations,38000,2025-12-24,Inactive,24
EMP03552,Arjun Mehta,HR,32000,2025-03-07,On Leave,50
EMP03553,Dev Sharma,Sales,80000,2023-03-26,Inactive,22
EMP03554,Rahul Patel,Operations,32000,2023-02-01,Active,34
EMP03555,Ishaan Rao,Sales,80000,2023-04-15,Inactive,40
EMP03556,Nisha Rao,HR,42000,2022-03-22,On Leave,39
EMP03557,Diya Nair,Marketing,72000,2026-05-22,On Leave,57
EMP03558,Aditya Khan,IT,38000,2021-06-01,Inactive,25
EMP03559,Neel Patel,Finance,60000,2023-10-23,On Leave,40
EMP03560,Pooja Gupta,Sales,38000,2025-08-09,Active,45
EMP03561,Ira Khan,finance,72000,2025-07-02,Active,36
EMP03562,Aarav Mehta,IT,32000,2021-05-13,Active,31
EMP03563,Anaya Singh,Operations,80000,2025-05-15,On Leave,36
EMP03564,Vihaan Sharma,HR,52000,2024-09-12,Active,56
EMP03565,Anaya Gupta,Operations,80000,2026-02-25,Inactive,24
EMP03566,Pooja Khan,HR,72000,2023-07-19,Active,58
EMP03567,Arjun Khan,IT,52000,2025-03-12,Active,37
EMP03568,Riya Patel,Sales,95000,2026-05-01,Inactive,39
EMP03569,Dev Iyer,HR,38000,2022-05-17,Active,39
EMP03570,Neel Khan,Sales,42000,,On Leave,43
EMP03571,Meera Sharma,Marketing,32000,2025-10-11,Active,55
EMP03572,Maya Gupta,Finance,80000,2024-09-26,On Leave,27
EMP03573,Tara Gupta,HR,60000,2021-06-05,On Leave,22
EMP03574,Ishaan Das,Sales,52000,2022-12-07,Active,54
EMP03575,Aarav Gupta,Sales,95000,2025-03-17,active,30
EMP03576,Nisha Sharma,HR,38000,2025-06-13,Inactive,23
EMP03577,Kabir Gupta,Sales,72000,2023-09-12,Inactive,53
EMP03578,Riya Gupta,Finance,32000,2025-02-25,Active,35
EMP03579,Sara Sharma,Finance,95000,2025-01-19,Inactive,44
EMP03580,Tara Iyer,HR,45000,2024-02-07,Inactive,24
EMP03581,Ira Gupta,Sales,72000,2023-07-04,Active,51
EMP03582,Tara Patel,HR,42000,2021-04-05,Active,32
EMP03583,Sara Singh,Sales,45000,2024-03-13,Active,53
EMP03584,Riya Gupta,Operations,38000,2023-01-29,Active,35
EMP03585,Neel Nair,Sales,38000,2022-01-11,Inactive,26
EMP03586,Arjun Patel,Operations,,2023-11-25,On Leave,41
EMP03587,Anaya Das,Finance,42000,2021-02-04,Active,38
EMP03588,Karan Rao,Operations,80000,2021-02-07,Inactive,54
EMP03589,Tara Sharma,Operations,45000,2025-06-15,Inactive,58
EMP03590,Tara Singh,Marketing,32000,2023-06-19,Inactive,50
EMP03591,Karan Singh,Sales,52000,2023-11-23,Active,55
EMP03592,Arjun Iyer,Operations,,2021-03-24,On Leave,33
EMP03593,Maya Nair,Operations,45000,2023-11-30,Active,56
EMP03594,Ira Iyer,Marketing,52000,2022-10-15,On Leave,53
EMP03595,Ishaan Singh,IT,38000,2023-07-14,On Leave,38
EMP03596,Maya Rao,IT,60000,2021-01-26,Inactive,34
EMP03597,Aarav Nair,HR,42000,2021-05-12,On Leave,53
EMP03598,Arjun Rao,Operations,38000,2024-07-04,Active,41
EMP03599,Aarav Mehta,HR,52000,2023-08-23,On Leave,52
EMP03600,Diya Das,Finance,72000,2022-02-20,Inactive,24
EMP03601,Riya Gupta,Marketing,32000,2024-10-10,On Leave,36
EMP03602,Maya Das,HR,38000,2024-09-28,Inactive,39
EMP03603,Kabir Gupta,HR,,2023-03-04,Inactive,52
EMP03604,Neel Khan,Operations,38000,2021-10-01,Inactive,55
EMP03605,Aditya Patel,Operations,72000,2023-11-08,Inactive,36
EMP03606,Aarav Rao,IT ,60000,2022-05-17,Inactive,31
EMP03607,Sara Rao,Operations,45000,2021-01-04,Inactive,56
EMP03608,Rahul Mehta,Sales,60000,2026-04-24,Inactive,32
EMP03609,Aditya Sharma,Operations,72000,2024-03-12,Inactive,51
EMP03610,Tara Singh,Sales,42000,2023-06-10,,40
EMP03611,Rahul Das,IT,38000,2024-02-28,On Leave,23
EMP03612,Tara Iyer,Finance,42000,2024-04-15,Active,58
EMP03613,Tara Sharma,IT,52000,2021-08-03,Active,42
EMP03614,Kabir Rao,,45000,2022-05-06,Inactive,37
EMP03615,Dev Sharma,Finance,32000,2024-01-23,Active,26
EMP03616,Neel Mehta,Finance,60000,2021-08-11,Inactive,27
EMP03617,Aarav Iyer,Finance,52000,2025-04-10,Active,37
EMP03618,Vihaan Patel,Finance,42000,2026-01-02,On Leave,58
EMP03619,Anaya Nair,Finance,60000,2021-08-27,Active,40
EMP03620,Tara Singh,HR,52000,2023-05-29,Active,35
EMP03621,Dev Khan,Marketing,32000,2026-03-24,Active,30
EMP03622,Neel Mehta,IT,72000,2024-03-26,On Leave,30
EMP03623,Sara Nair,Operations,80000,2022-01-18,Inactive,39
EMP03624,Neel Nair,Operations,60000,2022-02-16,Active,57
EMP03625,Riya Sharma,IT,45000,2023-04-29,Inactive,44
EMP03626,,HR,95000,2024-05-11,Inactive,32
EMP03627,Aarav Iyer,Marketing,72000,2025-01-29,On Leave,52
EMP03628,Aditya Sharma,HR,72000,2023-03-02,Inactive,27
EMP03629,Aarav Rao,Operations,60000,2023-06-06,Inactive,32
EMP03630,Meera Das,HR,45000,2022-12-12,Inactive,48
EMP03631,Vihaan Gupta,IT,95000,2023-02-08,On Leave,52
EMP03632,Riya Sharma,Operations,80000,2021-04-14,On Leave,55
EMP03633,Aarav Rao,HR,60000,2024-07-21,On Leave,57
EMP03634,Riya Singh,Marketing,,2025-05-11,On Leave,22
EMP03635,Karan Khan,Finance,38000,2021-04-07,Inactive,55
EMP03636,Karan Singh,Operations,42000,2021-08-25,On Leave,42
EMP03637,Tara Mehta,Finance,42000,2023-11-01,On Leave,26
EMP03638,Vihaan Rao,Sales,72000,2025-02-13,Inactive,55
EMP03639,Maya Khan,Marketing,32000,2024-04-02,On Leave,54
EMP03640,Aditya Rao,Finance,72000,2023-09-06,Active,54
EMP03641,Tara Das,HR,95000,2024-04-10,Inactive,58
EMP03642,Anaya Gupta,Operations,38000,2022-03-14,Active,46
EMP03643,Diya Nair,IT,60000,2024-10-17,On Leave,51
EMP03644,Nisha Sharma,Marketing,52000,2023-06-30,On Leave,41
EMP03645,Anaya Rao,Marketing,95000,2022-11-25,Inactive,40
EMP03646,Meera Gupta,Finance,80000,2021-11-13,Inactive,46
EMP03647,Riya Rao,IT,42000,2024-03-16,Inactive,49
EMP03648,Meera Rao,HR,60000,2025-06-08,Active,46
EMP03649,Aarav Rao,HR,60000,2022-09-18,On Leave,43
EMP03650,Anaya Nair,IT,60000,2025-03-12,Active,57
EMP03651,Anaya Mehta,Marketing,60000,2025-04-20,Inactive,41
EMP03652,Tara Khan,IT,45000,2022-07-16,Inactive,58
EMP03653,Neel Singh,Operations,60000,2021-09-02,Inactive,23
EMP03654,Meera Das,Finance,60000,2021-05-24,,31
EMP03655,Pooja Das,Finance,38000,2021-06-16,Inactive,41
EMP03656,Vihaan Patel,Operations,42000,2023-05-08,Active,49
EMP03657,Kabir Sharma,IT,45000,2023-03-02,On Leave,43
EMP03658,Ira Sharma,Finance,95000,2023-04-16,Active,50
EMP03659,Vihaan Sharma,Sales,42000,2021-12-29,Inactive,27
EMP03660,Aditya Nair,Marketing,80000,2021-10-02,On Leave,26
EMP03661,Tara Patel,Operations,45000,2023-11-16,Inactive,40
EMP03662,Rahul Iyer,Sales,60000,2023-02-08,Inactive,52
EMP03663,Aditya Mehta,Finance,72000,2022-06-17,Inactive,38
EMP03664,Tara Iyer,IT,95000,2026-06-06,Active,56
EMP03665,Rahul Patel,Finance,52000,2022-11-18,Inactive,46
EMP03666,Ira Khan,HR,95000,2022-03-02,Active,51
EMP03667,Kabir Mehta,IT,42000,2025-08-05,Active,33
EMP03668,Neel Nair,Finance,72000,2024-10-10,On Leave,32
EMP03669,Tara Khan,HR,42000,2021-10-09,Inactive,45
EMP03670,Meera Gupta,Finance,38000,2023-06-04,Inactive,47
EMP03671,Aarav Iyer,Operations,95000,2024-04-03,Active,57
EMP03672,Meera Mehta,Finance,32000,2026-02-24,Active,54
EMP03673,Arjun Khan,HR,38000,2025-01-08,Inactive,55
EMP03674,Maya Das,Operations,32000,2025-09-08,On Leave,39
EMP03675,Pooja Gupta,Finance,42000,2026-01-20,On Leave,50
EMP03676,Rahul Rao,Operations,95000,2024-03-27,On Leave,48
EMP03677,Ira Iyer,Finance,80000,2026-06-06,Active,24
EMP03678,Anaya Mehta,IT,42000,2022-08-30,On Leave,29
EMP03679,Tara Das,IT,60000,2026-02-07,Inactive,25
EMP03680,Anaya Khan,Finance,60000,2022-10-01,On Leave,31
EMP03681,Maya Iyer,HR,52000,2021-04-04,Active,45
EMP03682,Karan Singh,Sales,80000,2026-01-12,Inactive,42
EMP03683,Aarav Das,IT,42000,2022-05-26,On Leave,22
EMP03684,Tara Khan,HR,60000,2024-07-19,Active,27
EMP03685,Dev Khan,Finance,60000,2023-11-30,Active,41
EMP03686,Arjun Patel,Marketing,72000,2024-02-09,Active,56
EMP03687,Neel Nair,IT,80000,2024-12-01,Active,36
EMP03688,Sara Mehta,Sales,45000,2023-11-13,Active,39
EMP03689,Anaya Patel,IT,32000,2024-02-11,Active,30
EMP03690,Neel Das,Sales,32000,2024-05-05,Active,39
EMP03691,Sara Mehta,IT,42000,2023-02-12,On Leave,57
EMP03692,Maya Patel,Sales,38000,2022-09-05,Active,52
EMP03693,Kabir Iyer,IT,60000,2024-10-11,Inactive,46
EMP03694,Tara Gupta,Sales,95000,2025-03-26,Inactive,36
EMP03695,Anaya Singh,Finance,95000,2024-03-15,On Leave,28
EMP03696,Tara Khan,IT,52000,2026-02-21,Inactive,39
EMP03697,Rahul Mehta,Finance,45000,2024-02-02,On Leave,40
EMP03698,Vihaan Sharma,Finance,60000,2022-11-03,On Leave,32
EMP03699,Sara Patel,Sales,45000,2023-08-01,Active,45
EMP03700,Ira Iyer,Marketing,32000,2026-06-20,On Leave,33
EMP03701,Aditya Das,Marketing,52000,2023-03-28,Active,57
EMP03702,Diya Patel,IT,60000,2023-02-06,Active,34
EMP03703,Rahul Khan,Operations,52000,2022-08-26,Inactive,54
EMP03704,Ishaan Khan,Sales,80000,2022-09-03,On Leave,31
EMP03705,Karan Sharma,IT,80000,2021-10-23,On Leave,28
EMP03706,Ira Mehta,Finance,72000,2025-10-18,Inactive,44
EMP03707,Neel Sharma,IT,42000,2023-04-30,Active,42
EMP03708,Maya Khan,IT,45000,2026-05-27,Active,26
EMP03709,Karan Khan,Marketing,72000,2023-04-04,Inactive,33
EMP03710,Anaya Mehta,HR,60000,2021-04-05,On Leave,58
EMP03711,Ishaan Sharma,Sales,38000,2021-07-03,On Leave,47
EMP03712,Arjun Iyer,HR,60000,2024-02-22,On Leave,41
EMP03713,Neel Khan,Sales,80000,2024-01-21,On Leave,39
EMP03714,Rahul Rao,Marketing,80000,2024-09-21,On Leave,46
EMP03715,Neel Nair,Sales,95000,2024-05-03,Inactive,29
EMP03716,Vihaan Patel,Marketing,32000,2024-02-26,Active,46
EMP03717,Ira Gupta,Marketing,45000,2023-01-14,On Leave,25
EMP03718,Riya Patel,Marketing,72000,2024-07-22,On Leave,22
EMP03719,Maya Iyer,IT,52000,2025-03-02,Active,36
EMP03720,Pooja Singh,Operations,32000,2022-08-13,On Leave,52
EMP03721,Ira Rao,Sales,38000,2024-01-22,Inactive,49
EMP03722,Ishaan Iyer,HR,95000,2022-05-15,On Leave,21
EMP03723,Ishaan Khan,Sales,95000,2024-12-22,On Leave,33
EMP03724,Karan Iyer,Marketing,80000,2026-02-01,Active,28
EMP03725,Tara Sharma,Marketing,52000,2021-07-02,Inactive,43
EMP03726,Kabir Khan,HR,95000,2022-12-12,On Leave,29
EMP03727,Neel Rao,Operations,52000,2023-03-04,Inactive,46
EMP03728,Aditya Gupta,HR,42000,2021-11-10,Active,48
EMP03729,Meera Khan,HR,72000,2023-12-11,On Leave,46
EMP03730,Ishaan Patel,Operations,45000,2022-01-06,Active,31
EMP03731,Tara Iyer,Marketing,45000,2025-05-25,Inactive,44
EMP03732,Ishaan Singh,Sales,60000,2021-01-22,On Leave,53
EMP03733,Aditya Gupta,IT,42000,2023-11-27,On Leave,33
EMP03734,Karan Gupta,Operations,45000,2022-06-01,On Leave,33
EMP03735,Meera Rao,Operations,60000,2025-01-13,Active,22
EMP03736,Ira Khan,HR,38000,2021-06-30,Inactive,57
EMP03737,Ishaan Khan,Finance,80000,2025-09-12,On Leave,38
EMP03738,Arjun Rao,Sales,45000,2021-07-08,Inactive,39
EMP03739,Pooja Gupta,HR,42000,2022-10-09,Inactive,26
EMP03740,Dev Iyer,HR,38000,2026-02-19,Active,31
EMP03741,Maya Rao,Marketing,52000,2023-09-25,Inactive,39
EMP03742,Dev Sharma,Marketing,32000,2023-04-08,Active,49
EMP03743,Karan Singh,Sales,52000,2023-09-10,On Leave,52
EMP03744,Karan Das,HR,45000,2022-08-20,On Leave,44
EMP03745,Aditya Patel,HR,95000,2022-01-20,Inactive,42
EMP03746,Arjun Khan,HR,42000,2025-01-02,On Leave,49
EMP03747,Anaya Gupta,Operations,95000,2023-05-20,Active,54
EMP03748,Rahul Patel,Operations,95000,2023-12-01,On Leave,21
EMP03749,Dev Nair,Sales,45000,2025-04-17,Inactive,33
EMP03750,Karan Iyer,Operations,72000,2021-01-13,Active,23
EMP03751,Aditya Rao,IT,95000,2022-10-06,Active,24
EMP03752,Diya Iyer,Marketing,80000,2024-01-20,On Leave,50
EMP03753,Nisha Gupta,Operations,52000,2024-04-13,Inactive,21
EMP03754,Vihaan Mehta,Finance,42000,2026-05-05,Active,39
EMP03755,Sara Nair,IT,38000,2021-06-12,Inactive,46
EMP03756,Karan Singh,IT,80000,2023-08-03,On Leave,46
EMP03757,Ishaan Iyer,HR,32000,2021-01-02,On Leave,54
EMP03758,Kabir Iyer,Operations,80000,2025-07-10,Active,52
EMP03759,Aarav Singh,IT,38000,2024-01-06,Inactive,31
EMP03760,Arjun Rao,HR,60000,2023-12-06,Active,32
EMP03761,Anaya Nair,Sales,42000,2026-02-16,Active,58
EMP03762,Riya Mehta,IT,72000,2024-10-23,active,55
EMP03763,Aarav Sharma,Finance,32000,2022-04-17,Active,47
EMP03764,Karan Nair,HR,42000,2025-10-12,Active,33
EMP03765,Dev Sharma,HR,42000,2022-11-30,On Leave,50
EMP03766,Ira Sharma,Operations,42000,2023-01-29,Inactive,48
EMP03767,Pooja Iyer,IT,72000,2021-08-07,Active,28
EMP03768,Neel Gupta,Finance,38000,2021-05-25,On Leave,52
EMP03769,Aarav Das,IT,38000,2024-04-22,Inactive,31
EMP03770,Sara Rao,IT,52000,2024-02-02,On Leave,48
EMP03771,Kabir Patel,HR,95000,2021-04-06,Inactive,42
EMP03772,Kabir Gupta,HR,38000,2023-04-22,On Leave,56
EMP03773,Neel Das,Sales,38000,2023-01-31,Active,56
EMP03774,Maya Rao,IT,42000,2026-03-26,Inactive,28
EMP03775,Kabir Rao,Marketing,38000,2023-03-20,Active,58
EMP03776,Anaya Patel,HR,60000,2023-09-17,Active,29
EMP03777,Meera Rao,Operations,60000,2023-10-06,On Leave,28
EMP03778,Neel Rao,IT,80000,2025-01-13,Active,46
EMP03779,Kabir Das,Finance,32000,2024-06-26,Inactive,56
EMP03780,Ishaan Patel,Marketing,42000,2021-02-28,Inactive,51
EMP03781,Ira Mehta,HR,95000,2022-03-12,Inactive,50
EMP03782,Meera Sharma,Operations,60000,2021-07-15,Active,40
EMP03783,Vihaan Sharma,Operations,52000,2022-04-05,On Leave,52
EMP03784,Ira Rao,Finance,45000,2024-04-20,On Leave,34
EMP03785,Rahul Singh,HR,95000,,On Leave,37
EMP03786,Vihaan Patel,IT,95000,2022-07-12,Active,28
EMP03787,Karan Nair,Operations,95000,2026-02-25,Inactive,21
EMP03788,Ishaan Patel,Finance,42000,2021-02-02,Inactive,33
EMP03789,Riya Patel,Marketing,42000,2026-06-07,On Leave,58
EMP03790,Ira Das,Sales,80000,2023-10-28,Active,53
EMP03791,Maya Patel,Sales,60000,2023-08-06,On Leave,42
EMP03792,Diya Gupta,Sales,32000,2021-04-03,Inactive,41
EMP03793,Aditya Iyer,Operations,52000,2021-06-21,On Leave,30
EMP03794,Meera Nair,Marketing,60000,2021-05-28,Active,37
EMP03795,Sara Rao,HR,38000,2026-01-15,Inactive,22
EMP03796,Riya Patel,IT,60000,2025-05-07,On Leave,49
EMP03797,Sara Nair,Marketing,60000,2021-03-13,Active,28
EMP03798,Maya Rao,Sales,45000,2021-07-29,On Leave,30
EMP03799,Dev Das,HR,60000,2022-03-08,Active,45
EMP03800,Arjun Nair,Sales,32000,2021-05-05,On Leave,37
EMP03801,Tara Gupta,Sales,45000,2024-10-05,Active,49
EMP03802,Dev Singh,Finance,32000,2022-09-08,On Leave,36
EMP03803,Diya Nair,Finance,45000,2025-06-09,On Leave,46
EMP03804,Aditya Rao,Sales,95000,2024-09-16,Active,39
EMP03805,Meera Singh,Operations,52000,2024-06-12,Inactive,35
EMP03806,Vihaan Mehta,Finance,52000,2022-06-25,Inactive,28
EMP03807,Kabir Patel,Finance,72000,2023-02-28,On Leave,50
EMP03808,Nisha Nair,Finance,60000,2023-08-28,Active,32
EMP03809,Vihaan Rao,Marketing,45000,2023-07-05,Inactive,39
EMP03810,Karan Sharma,Operations,42000,2023-11-14,Inactive,51
EMP03811,Ishaan Nair,Marketing,42000,2025-01-13,Inactive,29
EMP03812,Rahul Patel,Sales,72000,2021-08-26,On Leave,56
EMP03813,Pooja Khan,HR,38000,2024-05-21,Active,41
EMP03814,Rahul Mehta,Operations,60000,2024-11-03,Active,38
EMP03815,Pooja Gupta,Operations,80000,2026-04-05,Inactive,54
EMP03816,Vihaan Patel,HR,80000,2026-03-02,Inactive,56
EMP03817,Karan Sharma,Operations,80000,2023-05-22,Active,24
EMP03818,Maya Khan,IT,95000,2024-09-16,Active,30
EMP03819,Arjun Gupta,HR,72000,2021-06-28,Inactive,53
EMP03820,Kabir Mehta,HR,45000,2022-09-28,Inactive,30
EMP03821,Riya Rao,Marketing,80000,2025-03-20,,29
EMP03822,Vihaan Gupta,HR,60000,2022-10-28,On Leave,28
EMP03823,Nisha Sharma,Operations,80000,2025-01-29,Active,29
EMP03824,Kabir Khan,Finance,38000,2022-09-17,Inactive,32
EMP03825,Neel Patel,IT,52000,2021-10-22,On Leave,34
EMP03826,Maya Iyer,Marketing,45000,2024-10-09,Active,37
EMP03827,Neel Gupta,Sales,60000,2021-11-18,On Leave,43
EMP03828,Kabir Gupta,HR,38000,2024-04-04,Inactive,51
EMP03829,Neel Nair,HR,60000,2022-02-14,On Leave,40
EMP03830,Rahul Rao,Operations,95000,2024-12-23,Active,25
EMP03831,Meera Nair,Sales,42000,2023-08-12,On Leave,42
EMP03832,Neel Gupta,IT,45000,2025-02-09,On Leave,22
EMP03833,Rahul Singh,Sales,52000,2023-06-09,Active,28
EMP03834,Pooja Gupta,IT,38000,2023-08-04,On Leave,57
EMP03835,Riya Mehta,Sales,32000,2023-03-08,Active,23
EMP03836,Aarav Mehta,Finance,32000,2021-02-12,Active,55
EMP03837,Riya Das,Finance,38000,2023-11-11,Active,49
EMP03838,Dev Rao,IT,72000,2024-04-09,On Leave,36
EMP03839,Anaya Iyer,Marketing,32000,2022-11-04,Active,23
EMP03840,Arjun Iyer,it,42000,2021-12-10,On Leave,58
EMP03841,Anaya Khan,Finance,32000,2023-07-29,Inactive,30
EMP03842,Anaya Nair,Finance,72000,2022-09-05,Active,50
EMP03843,Aditya Khan,Finance,38000,2024-01-31,Active,24
EMP03844,Aarav Iyer,IT,32000,2025-09-23,Inactive,40
EMP03845,Karan Das,Sales,38000,2022-05-31,Inactive,44
EMP03846,Aditya Mehta,Marketing,52000,2026-06-19,On Leave,32
EMP03847,Anaya Mehta,Finance,38000,2026-06-05,On Leave,46
EMP03848,Aarav Singh,Operations,52000,2022-02-20,Inactive,48
EMP03849,Pooja Das,Operations,32000,2026-04-04,On Leave,26
EMP03850,Aditya Gupta,Marketing,60000,2026-02-20,On Leave,24
EMP03851,Anaya Iyer,Marketing,80000,2026-04-18,Inactive,51
EMP03852,Vihaan Gupta,HR,45000,2021-08-22,Inactive,23
EMP03853,Pooja Sharma,Sales,45000,2021-03-10,Inactive,34
EMP03854,,Marketing,72000,2023-08-27,Active,47
EMP03855,Karan Singh,IT,80000,2024-07-09,On Leave,27
EMP03856,Rahul Singh,Operations,38000,2024-09-28,Active,58
EMP03857,Pooja Singh,Sales,80000,2024-08-01,Active,24
EMP03858,Pooja Nair,HR,60000,2022-11-27,Inactive,44
EMP03859,Meera Nair,IT,42000,2025-11-30,On Leave,23
EMP03860,Pooja Iyer,,45000,2021-01-31,Inactive,36
EMP03861,Meera Gupta,Sales,52000,2022-07-02,Inactive,38
EMP03862,Aditya Sharma,Marketing,80000,2024-07-19,On Leave,43
EMP03863,Tara Das,Marketing,95000,2023-10-14,Inactive,27
EMP03864,Maya Singh,IT,52000,2022-01-08,Inactive,24
EMP03865,Meera Patel,Finance,72000,2026-06-22,Inactive,24
EMP03866,Kabir Nair,IT,72000,2025-01-27,Inactive,56
EMP03867,Sara Das,HR,60000,2024-01-05,Active,34
EMP03868,Meera Nair,Operations,95000,2025-07-15,Active,49
EMP03869,Kabir Sharma,Marketing,52000,,Inactive,47
EMP03870,Anaya Nair,Marketing,95000,2023-01-15,Inactive,29
EMP03871,Dev Nair,Operations,80000,2023-01-24,Active,53
EMP03872,Sara Iyer,,38000,2024-03-24,On Leave,36
EMP03873,Riya Mehta,Finance,32000,2025-01-27,On Leave,32
EMP03874,Maya Gupta,Operations,52000,2024-03-16,Inactive,22
EMP03875,Vihaan Iyer,Operations,72000,2022-10-24,On Leave,28
EMP03876,Dev Mehta,Marketing,60000,2022-09-19,Active,32
EMP03877,Neel Gupta,Finance,60000,2021-08-01,On Leave,39
EMP03878,Sara Sharma,finance,45000,2025-08-27,Active,44
EMP03879,Karan Sharma,Operations,52000,2021-12-20,Active,50
EMP03880,Dev Khan,HR,72000,2025-03-11,Active,26
EMP03881,Meera Gupta,Operations,42000,2026-03-31,Inactive,24
EMP03882,Sara Nair,Marketing,95000,2025-01-20,On Leave,25
EMP03883,,Sales,38000,2024-10-21,Active,41
EMP03884,Meera Singh,HR,45000,2025-05-14,Active,39
EMP03885,Kabir Khan,HR,72000,2024-09-17,Active,45
EMP03886,Karan Khan,Sales,42000,2022-12-13,On Leave,22
EMP03887,Diya Sharma,Operations,45000,2025-03-16,Active,52
EMP03888,Neel Sharma,HR,38000,2024-02-23,Active,54
EMP03889,Anaya Das,Finance,52000,2024-01-14,Inactive,31
EMP03890,Karan Gupta,IT,42000,2023-03-10,On Leave,40
EMP03891,Kabir Iyer,Marketing,,2023-03-07,On Leave,43
EMP03892,Aditya Khan,Finance,32000,2021-04-07,Inactive,30
EMP03893,Aarav Khan,,32000,2021-06-25,Inactive,49
EMP03894,Arjun Patel,HR ,95000,2024-05-26,Inactive,51
EMP03895,Kabir Mehta,Marketing,95000,2023-12-06,Active,45
EMP03896,Aditya Mehta,HR,80000,2023-07-25,Inactive,50
EMP03897,Rahul Nair,Operations,32000,2022-10-23,Inactive,30
EMP03898,Riya Singh,IT,80000,2021-06-07,On Leave,22
EMP03899,Vihaan Singh,Marketing,72000,2024-04-28,On Leave,36
EMP03900,Pooja Khan,Finance,32000,2021-06-15,Inactive,57
EMP03901,Dev Nair,Finance,42000,2022-01-13,Inactive,24
EMP03902,Sara Nair,IT,52000,2022-06-30,Inactive,39
EMP03903,Sara Nair,HR,32000,2021-06-13,Active,42
EMP03904,Tara Mehta,IT,95000,2025-02-01,Active,33
EMP03905,Dev Sharma,IT,45000,2023-10-08,Active,52
EMP03906,Ishaan Khan,Finance,80000,2025-06-10,Inactive,38
EMP03907,Sara Patel,Finance,60000,2024-10-13,Inactive,21
EMP03908,Karan Das,Marketing,95000,2024-06-28,On Leave,40
EMP03909,Dev Singh,Marketing,95000,2022-02-08,Inactive,43
EMP03910,Pooja Sharma,Marketing,95000,2024-10-16,Active,29
EMP03911,Maya Rao,Marketing,42000,2021-03-29,On Leave,31
EMP03912,Vihaan Rao,HR,45000,2023-12-06,Inactive,57
EMP03913,Maya Mehta,Finance,60000,2021-02-26,Inactive,40
EMP03914,Arjun Das,HR,32000,2022-05-20,Inactive,48
EMP03915,Dev Mehta,HR,80000,2024-05-30,On Leave,24
EMP03916,Dev Gupta,,32000,2026-02-12,Inactive,25
EMP03917,Ishaan Singh,IT,95000,2022-03-31,On Leave,51
EMP03918,Arjun Rao,Marketing,60000,2025-11-08,Active,42
EMP03919,Anaya Singh,Finance,45000,2023-06-20,Active,37
EMP03920,Maya Khan,Marketing,32000,2023-11-02,On Leave,55
EMP03921,Pooja Sharma,Finance,95000,2023-07-16,On Leave,36
EMP03922,Nisha Nair,Marketing,60000,2026-05-08,Active,26
EMP03923,Pooja Das,IT,42000,2021-06-12,On Leave,31
EMP03924,Sara Mehta,HR,42000,2021-03-08,Active,23
EMP03925,Maya Mehta,Operations,52000,2026-02-13,Active,46
EMP03926,Nisha Singh,Finance,42000,2025-02-04,Active,44
EMP03927,Rahul Patel,Marketing,,2021-02-01,Inactive,35
EMP03928,Arjun Iyer,Operations,42000,2023-08-18,On Leave,42
EMP03929,Nisha Sharma,IT,52000,2025-04-13,On Leave,23
EMP03930,Aarav Khan,HR,42000,2025-11-05,Active,42
EMP03931,Maya Nair,Sales,45000,2022-09-15,Inactive,41
EMP03932,Ira Mehta,Sales,52000,2022-01-14,On Leave,30
EMP03933,Aditya Iyer,Sales,80000,2022-04-18,Inactive,28
EMP03934,Ishaan Gupta,HR,32000,2025-06-03,Inactive,31
EMP03935,Ishaan Mehta,Sales,45000,2025-12-01,Inactive,27
EMP03936,Pooja Sharma,Sales,80000,2024-11-08,On Leave,41
EMP03937,Arjun Patel,Finance,52000,2024-03-15,On Leave,28
EMP03938,Arjun Iyer,Operations,38000,2021-11-28,Active,50
EMP03939,Dev Iyer,Operations,72000,2023-01-07,Active,25
EMP03940,Diya Das,HR,52000,2026-06-07,Inactive,37
EMP03941,Neel Mehta,HR,52000,2021-10-03,Inactive,47
EMP03942,Karan Iyer,IT,95000,2023-03-19,On Leave,37
EMP03943,Neel Mehta,Finance,95000,2025-05-20,Active,33
EMP03944,Sara Sharma,Finance,60000,2023-11-13,On Leave,23
EMP03945,Neel Nair,Finance,60000,2024-09-04,Inactive,43
EMP03946,Tara Mehta,IT,60000,2024-09-01,Inactive,52
EMP08514,Diya Iyer,HR,32000,2021-11-17,On Leave,35
EMP03948,Ishaan Khan,Sales,72000,2021-09-15,Active,23
EMP03949,Tara Khan,IT,60000,,Inactive,42
EMP03950,Aarav Sharma,Operations,42000,2021-09-17,Active,37
EMP03951,Riya Gupta,Sales,52000,2021-08-08,Active,52
EMP03952,Ira Singh,Finance,42000,2024-03-13,Inactive,32
EMP03953,Kabir Mehta,HR,80000,2026-06-16,Active,51
EMP03954,Arjun Khan,Marketing,38000,2026-02-02,On Leave,36
EMP03955,Vihaan Khan,Marketing,38000,2021-03-31,Active,48
EMP03956,Arjun Patel,Marketing,,2021-03-18,On Leave,47
EMP03957,Kabir Gupta,Operations,45000,2024-10-14,,44
EMP03958,Aditya Das,HR,42000,2025-03-07,Inactive,21
EMP03959,Nisha Rao,Operations,32000,2023-04-19,Active,24
EMP03960,Karan Sharma,IT,42000,2022-04-29,Active,21
EMP03961,Nisha Das,Marketing,72000,2023-02-21,Active,53
EMP03962,Riya Sharma,Finance,42000,2026-01-11,Inactive,48
EMP03963,Riya Nair,IT,60000,2022-08-09,On Leave,56
EMP03964,Ira Rao,Marketing,60000,2025-08-26,Inactive,51
EMP03965,Aditya Patel,Operations,72000,2021-06-15,Active,48
EMP03966,Neel Gupta,HR,80000,2023-09-04,Active,40
EMP03967,Nisha Nair,Finance,32000,2023-01-25,Inactive,29
EMP03968,Vihaan Rao,Sales,38000,2022-07-10,Inactive,42
EMP03969,Pooja Nair,Sales,95000,2022-02-25,Inactive,56
EMP03970,Meera Khan,,32000,2022-09-29,Active,51
EMP03971,Neel Gupta,Sales,95000,2022-07-25,Inactive,33
EMP03972,Kabir Nair,Marketing,45000,2023-11-15,On Leave,58
EMP03973,Pooja Singh,Finance,60000,2025-02-15,On Leave,45
EMP03974,Maya Khan,Sales,72000,2021-01-28,On Leave,46
EMP03975,Pooja Sharma,IT,52000,2026-01-16,Inactive,44
EMP03976,Neel Sharma,HR,60000,2025-11-05,Inactive,50
EMP03977,Anaya Khan,HR,38000,2023-06-19,Inactive,28
EMP03978,Pooja Patel,Marketing,32000,2022-06-07,Inactive,22
EMP03979,Kabir Khan,Finance,38000,2023-07-21,On Leave,50
EMP03980,Meera Khan,Marketing,80000,2022-02-21,Inactive,47
EMP03981,Vihaan Singh,Sales,60000,2021-04-22,Inactive,42
EMP03982,Aarav Patel,HR,72000,2021-01-23,Inactive,30
EMP03983,Vihaan Sharma,Sales,32000,2024-11-11,On Leave,46
EMP03984,Riya Sharma,Sales,95000,2024-04-15,Active,58
EMP03985,Aarav Gupta,Operations,60000,2026-03-20,Inactive,36
EMP03986,Neel Das,Operations,42000,2024-08-02,Active,24
EMP03987,Pooja Rao,IT,80000,2021-04-06,Inactive,48
EMP03988,Diya Rao,IT,80000,2025-07-14,On Leave,21
EMP03989,Diya Mehta,Operations,38000,2023-12-08,Inactive,50
EMP03990,Pooja Das,Marketing,42000,2025-12-23,On Leave,33
EMP03991,Aarav Nair,Finance,32000,2025-12-02,Active,43
EMP03992,Dev Khan,Sales,72000,2023-04-29,On Leave,47
EMP03993,Ira Sharma,Operations,72000,2023-03-21,Active,
EMP03994,Sara Patel,Operations,42000,2022-08-30,Active,37
EMP03995,Maya Gupta,IT,-5000,2022-12-30,On Leave,28
EMP03996,Arjun Iyer,Marketing,95000,2025-04-25,Active,31
EMP03997,Meera Iyer,Finance,95000,2025-02-24,Inactive,45
EMP03998,Rahul Singh,IT,52000,2022-11-09,Inactive,57
EMP03999,Tara Iyer,IT,52000,2025-08-02,On Leave,38
EMP04000,Arjun Nair,Sales,95000,2022-04-02,On Leave,22
EMP04001,Maya Rao,Marketing,72000,2023-04-17,On Leave,42
EMP04002,Vihaan Iyer,IT,32000,2021-08-22,On Leave,52
EMP04003,Rahul Mehta,HR,52000,2021-06-04,Active,30
EMP04004,Nisha Nair,Marketing,52000,2023-04-23,Inactive,37
EMP04005,Karan Sharma,Finance,38000,2021-07-19,Inactive,23
EMP07862,Vihaan Das,Marketing,38000,2023-12-25,Active,53
EMP04007,Ishaan Iyer,HR,32000,2025-12-03,Inactive,55
EMP04008,Rahul Nair,Sales,32000,2025-07-28,Inactive,35
EMP04009,Kabir Patel,Sales,42000,2024-09-17,On Leave,48
EMP04010,Aarav Rao,Sales,95000,2024/15/99,On Leave,57
EMP04011,Arjun Singh,Operations,32000,2021-03-15,Active,21
EMP04012,Dev Mehta,IT,52000,2023-02-11,Inactive,23
EMP04013,Aarav Sharma,HR,32000,2024-03-04,Inactive,57
EMP04014,Aarav Singh,Operations,45000 INR,2021-01-05,On Leave,29
EMP04015,Meera Singh,Marketing,95000,2026-03-17,On Leave,32
EMP04016,Karan Gupta,Finance,45000,2025-05-06,Inactive,28
EMP04017,,Sales,52000,2024-03-22,Active,36
EMP04018,Vihaan Iyer,Marketing,42000,2022-11-28,Active,42
EMP04019,Neel Singh,HR,72000,2022-07-27,Active,25
EMP04020,Tara Singh,HR,95000,2024-06-12,Inactive,55
EMP04021,Riya Gupta,IT,52000,2024-07-11,Inactive,45
EMP04022,Pooja Iyer,Finance,52000,2025-09-12,On Leave,57
EMP04023,Arjun Singh,IT,80000,2023-04-15,Active,57
EMP04024,Karan Singh,IT,45000,2024-07-21,On Leave,30
EMP04025,Diya Khan,HR,95000,2021-07-16,Inactive,26
EMP04026,Nisha Mehta,Finance,-5000,2021-01-19,Inactive,57
EMP04027,Kabir Gupta,Sales,42000,2026-01-01,Active,45
EMP04028,Vihaan Khan,Finance,42000,2022-01-20,Inactive,44
EMP04029,Karan Iyer,IT,60000,2025-03-10,Inactive,45
EMP04030,Dev Iyer,IT,60000,2022-02-07,Inactive,56
EMP04031,Tara Singh,hr,95000,2022-08-07,Active,54
EMP04032,Meera Iyer,IT,60000,2025-10-04,Inactive,57
EMP04033,Diya Rao,HR,60000,2021-10-22,On Leave,21
EMP04034,Ishaan Rao,IT,42000,2025-12-27,Active,58
EMP04035,Maya Iyer,Operations,80000,2021-05-12,Active,44
EMP04036,Vihaan Mehta,Sales,95000,2022-06-21,Active,45
EMP04037,Ishaan Gupta,Marketing,60000,2021-05-21,Inactive,39
EMP04038,Riya Patel,HR,95000,2022-07-01,Inactive,27
EMP04039,Vihaan Mehta,Marketing,38000,2021-11-14,Active,45
EMP04040,Nisha Mehta,IT,60000,2024-05-14,Inactive,49
EMP04041,Neel Patel,Sales,95000,2021-07-06,Inactive,33
EMP04042,Rahul Das,Marketing,95000,2021-06-11,On Leave,38
EMP04043,Diya Rao,Sales,80000,2025-07-08,Active,26
EMP04044,Ishaan Das,Marketing,60000,2022-08-09,Inactive,41
EMP04045,Arjun Sharma,IT,72000,2023-07-28,Inactive,32
EMP04046,Nisha Rao,Operations,52000,2022-12-10,On Leave,41
EMP04047,Riya Nair,Finance,52000,2025-06-20,On Leave,26
EMP04048,Arjun Mehta,IT,45000,2021-03-14,On Leave,50
EMP04049,Rahul Sharma,Operations,32000,2021-07-21,Inactive,28
EMP04050,Neel Gupta,IT,32000,2025-10-18,On Leave,23
EMP04051,Ishaan Nair,Finance,80000,2024/15/99,On Leave,30
EMP04052,Meera Iyer,HR,45000,2026-04-24,Inactive,22
EMP04053,Kabir Mehta,HR,45000,2025-11-10,On Leave,26
EMP04054,Vihaan Khan,Marketing,95000,2025-01-20,On Leave,58
EMP04055,Rahul Mehta,Marketing,38000,2021-03-20,Inactive,25
EMP04056,Ishaan Nair,IT,60000,2025-11-01,Active,25
EMP04057,Diya Mehta,Finance,80000,2021-07-03,On Leave,45
EMP04058,Kabir Singh,Finance,72000,2022-05-16,On Leave,24
EMP04059,Pooja Nair,Operations,45000,2025-07-20,Inactive,28
EMP04060,Ishaan Rao,Marketing,80000,2022-01-20,On Leave,31
EMP04061,Ira Mehta,Finance,60000,2023-12-10,On Leave,52
EMP04062,Anaya Das,IT,95000,2024-08-16,Inactive,38
EMP04063,Aditya Das,Operations,42000,2026-05-01,Active,35
EMP04064,Ishaan Das,Marketing,42000,2023-04-14,On Leave,43
EMP04065,Nisha Rao,HR,45000,2022-12-09,Active,50
EMP04066,Karan Rao,IT,80000,2022-12-24,Active,45
EMP04067,Riya Nair,IT,72000,2023-05-20,On Leave,51
EMP04068,Tara Rao,HR,45000,2024-07-07,Inactive,46
EMP04069,Rahul Rao,Marketing,45000 INR,2021-05-21,On Leave,26
EMP04070,Dev Khan,Sales,38000,2023-11-28,On Leave,41
EMP04071,Riya Rao,Marketing,45000,2022-08-26,Inactive,24
EMP04072,Nisha Das,Operations,60000,2023-03-16,Inactive,48
EMP04073,Pooja Sharma,Sales,42000,2022-07-08,Active,28
EMP04074,Nisha Iyer,Operations,52000,2021-02-13,Active,22
EMP04075,Sara Mehta,Marketing,42000,2026-03-05,Active,41
EMP04076,Diya Patel,Finance,95000,2023-11-06,Active,31
EMP04077,Aarav Singh,Marketing,60000,2025-05-12,Active,49
EMP04078,Tara Sharma,Marketing,52000,2023-10-03,On Leave,29
EMP04079,Ishaan Gupta,IT,72000,2021-06-11,Active,22
EMP04080,Aditya Khan,IT,32000,2022-01-10,Active,28
EMP04081,Aarav Rao,HR,38000,2026-03-05,Inactive,44
EMP04082,Arjun Nair,Sales,,2023-06-24,On Leave,54
EMP04083,Ira Nair,IT,32000,2021-11-06,Active,56
EMP04084,Diya Das,Marketing,32000,2024-06-09,Active,34
EMP04085,Aditya Nair,Sales,42000,2026-04-14,On Leave,23
EMP04086,Ishaan Mehta,Sales,32000,2021-03-02,Active,38
EMP04087,Sara Mehta,HR,60000,2023-04-27,Active,49
EMP04088,Karan Gupta,IT,45000,2026-02-04,Active,27
EMP04089,Pooja Iyer,Marketing,45000,2025-09-06,Inactive,54
EMP04090,Karan Nair,IT,72000,2021-07-24,On Leave,23
EMP04091,Arjun Das,HR,80000,2026-01-15,On Leave,49
EMP04092,Dev Khan,Finance,52000,2024-02-04,On Leave,47
EMP04093,Sara Sharma,Finance,80000,2025-04-12,Active,41
EMP04094,Arjun Nair,Finance,42000,2021-03-09,Active,46
EMP04095,Arjun Iyer,Finance,80000,2021-08-18,On Leave,53
EMP04096,Maya Nair,Operations,52000,2024-12-28,On Leave,37
EMP04097,Rahul Singh,Marketing,52000,2024-03-18,Inactive,43
EMP04098,Vihaan Rao,HR,60000,2025-04-23,On Leave,41
EMP04099,Karan Khan,Sales,52000,2022-04-01,Active,47
EMP04100,Ishaan Das,Operations,80000,2023-07-02,On Leave,48
EMP04101,Karan Nair,Marketing,52000,2026-06-16,Inactive,54
EMP04102,Neel Iyer,Marketing,38000,2021-12-04,Inactive,36
EMP04103,Neel Iyer,Finance,60000,2023-06-28,Active,48
EMP04104,Tara Patel,Marketing,45000,2022-11-02,Inactive,57
EMP04105,Aarav Singh,Finance,45000,2023-02-04,On Leave,45
EMP04106,Meera Mehta,IT,38000,2025-04-07,Active,55
EMP04107,Ishaan Rao,HR,52000,2022-03-18,Inactive,32
EMP04108,Tara Mehta,HR,95000,2026-03-21,Active,51
EMP04109,Tara Rao,hr,38000,2025-02-01,Inactive,41
EMP04110,Kabir Patel,Sales,95000,2022-06-20,Inactive,37
EMP04111,Ira Das,IT,80000,2023-01-16,On Leave,43
EMP04112,Riya Iyer,Finance,38000,2022-09-26,On Leave,58
EMP04113,Riya Das,HR,80000,2021-12-15,Active,24
EMP04114,Dev Khan,Finance,72000,2024-10-15,Inactive,33
EMP04115,Nisha Mehta,Sales,38000,2025-06-27,Inactive,38
EMP04116,Riya Sharma,Finance,42000,2025-03-21,Inactive,28
EMP04117,Kabir Iyer,HR,38000,2021-09-19,On Leave,54
EMP04118,Vihaan Iyer,HR,32000,2021-07-01,Inactive,49
EMP04119,Aarav Patel,Finance,95000,2021-02-26,Inactive,53
EMP04120,Rahul Das,Marketing,,2025-12-07,On Leave,27
EMP04121,Riya Singh,Sales,45000,2021-09-30,Inactive,27
EMP04122,Ira Rao,Finance,,2022-12-01,Active,44
EMP04123,Maya Iyer,IT,52000,2021-08-28,Inactive,51
EMP04124,Karan Patel,IT,32000,2024-04-28,Inactive,39
EMP04125,Arjun Gupta,Sales,45000,2022-08-16,,42
EMP04126,Meera Mehta,Sales,72000,2024-04-15,Active,47
EMP04127,Dev Nair,Marketing,80000,2021-04-03,Active,51
EMP04128,Anaya Singh,Finance,95000,2025-04-03,Inactive,27
EMP04129,Karan Rao,Sales,52000,2024-03-17,Active,54
EMP04130,,IT,95000,2022-05-26,On Leave,52
EMP04131,Neel Nair,Sales,72000,2022-01-11,On Leave,27
EMP04132,Vihaan Gupta,Marketing,95000,2021-03-24,On Leave,55
EMP04133,Kabir Rao,HR,38000,2021-01-12,Inactive,26
EMP04134,Arjun Singh,IT,60000,2024-04-22,On Leave,52
EMP04135,Kabir Nair,Finance,45000,2022-09-26,Inactive,26
EMP04136,Tara Mehta,Sales,45000,2021-07-18,Inactive,27
EMP04137,Riya Singh,Sales,32000,2025-01-27,Active,33
EMP04138,Arjun Patel,Marketing,42000,2022-07-23,Inactive,-5
EMP04139,Maya Sharma,Sales,95000,2025-04-02,On Leave,43
EMP04140,Maya Mehta,Operations,95000,2023-07-22,On Leave,34
EMP04141,Arjun Nair,HR,80000,2022-05-06,Active,56
EMP04142,Ishaan Patel,Sales,95000,2026-06-11,Inactive,32
EMP04143,Ira Khan,Sales,95000,2021-01-05,Active,36
EMP04144,Karan Das,HR,52000,2023-10-28,Inactive,46
EMP04145,Diya Gupta,HR,95000,2022-12-08,On Leave,35
EMP04146,Kabir Patel,Sales,32000,2023-06-17,Inactive,32
EMP04147,Neel Khan,HR,60000,2025-12-14,On Leave,48
EMP04148,Riya Sharma,Operations,95000,2023-11-13,On Leave,33
EMP04149,Aarav Khan,Finance,80000,2025-06-10,Inactive,57
EMP04150,Riya Khan,Operations,42000,2026-06-06,On Leave,36
EMP04151,Aditya Nair,Marketing,32000,2025-08-02,On Leave,58
EMP04152,Maya Mehta,HR,38000,2025-01-27,Inactive,41
EMP04153,Tara Nair,Sales,72000,2026-03-21,Inactive,22
EMP04154,Neel Rao,HR,42000,2026-04-04,Inactive,25
EMP04155,Kabir Nair,Finance,42000,2022-04-08,Active,25
EMP04156,Ishaan Rao,Operations,95000,2021-01-18,On Leave,26
EMP04157,Pooja Iyer,HR,52000,2022-11-22,On Leave,22
EMP04158,Karan Patel,HR,45000,2025-05-24,Inactive,40
EMP04159,Neel Das,Sales,72000,2024-10-25,Active,23
EMP04160,Sara Singh,Finance,60000,2022-08-03,Inactive,44
EMP04161,Arjun Mehta,Sales,42000,2021-10-07,Active,21
EMP04162,Karan Patel,Operations,52000,2022-10-27,Inactive,28
EMP04163,Meera Das,Marketing,38000,2022-07-11,Inactive,53
EMP04164,Aarav Das,HR,38000,2022-08-04,Active,46
EMP04165,Meera Patel,Sales,42000,2023-12-19,Active,35
EMP04166,Dev Iyer,HR,32000,2026-06-24,Inactive,32
EMP04167,Ishaan Gupta,Finance,32000,2025-02-04,On Leave,41
EMP04168,Sara Singh,Finance,80000,2022-02-15,Inactive,21
EMP04169,Nisha Gupta,Marketing,42000,2022-11-27,On Leave,54
EMP04170,Meera Mehta,IT,52000,2021-10-10,Active,30
EMP04171,Meera Das,Sales,45000,2022-07-01,Inactive,21
EMP04172,Ira Patel,Operations,42000,2025-01-04,Active,56
EMP04173,Ishaan Singh,Finance,80000,2026-02-14,On Leave,47
EMP04174,Diya Khan,HR,95000,2021-07-20,On Leave,33
EMP04175,Riya Mehta,HR,38000,2025-12-29,Inactive,39
EMP04176,Sara Khan,Marketing,72000,2026-01-13,On Leave,23
EMP04177,Meera Mehta,IT,32000,2023-09-30,On Leave,49
EMP04178,Maya Rao,IT,60000,2024-10-07,Inactive,48
EMP04179,Ira Patel,Marketing,95000,2022-09-20,Active,34
EMP04180,Riya Rao,HR,95000,2022-10-14,On Leave,21
EMP04181,Aditya Mehta,Operations,52000,2025-09-27,On Leave,34
EMP04182,Arjun Nair,Sales,45000,2024-03-31,Active,27
EMP04183,Pooja Rao,HR,45000,2024-07-09,Inactive,40
EMP04184,Ira Sharma,Operations,42000,2022-11-10,On Leave,30
EMP04185,Riya Khan,Operations,60000,2025-04-25,Active,44
EMP04186,Meera Singh,IT,42000,2022-12-14,Inactive,21
EMP04187,Ishaan Patel,HR,72000,2022-02-18,On Leave,50
EMP04188,Dev Rao,Finance,80000,2024-02-03,Inactive,40
EMP04189,Pooja Nair,Finance,32000,2024-10-26,Inactive,33
EMP04190,Tara Patel,IT,95000,2022-11-07,On Leave,48
EMP04191,Neel Nair,Operations,42000,2022-07-23,On Leave,47
EMP04192,Meera Nair,IT,42000,2022-10-30,Inactive,55
EMP04193,Nisha Iyer,HR,38000,2023-12-23,On Leave,58
EMP04194,Nisha Iyer,Finance,52000,2021-08-13,Active,23
EMP04195,Dev Singh,Marketing,38000,2025-02-02,Active,33
EMP04196,Anaya Singh,IT,72000,2024-08-29,Inactive,49
EMP04197,Kabir Gupta,HR,72000,2026-01-20,Active,33
EMP04198,Diya Khan,Operations,45000,2022-07-23,On Leave,42
EMP04199,Tara Nair,IT,52000,2026-04-01,Active,57
EMP04200,Vihaan Sharma,Operations,45000,2026-04-08,On Leave,45
EMP04201,Dev Rao,HR,42000,2025-02-07,On Leave,52
EMP04202,Maya Patel,HR,60000,2021-12-29,Active,45
EMP04203,Meera Mehta,HR,38000,2023-04-26,On Leave,38
EMP04204,Tara Mehta,HR,38000,2023-08-19,Active,28
EMP04205,Arjun Rao,Sales,38000,2024-11-21,On Leave,23
EMP04206,Kabir Mehta,Finance,72000,2025-07-08,On Leave,56
EMP04207,Kabir Iyer,,72000,2021-01-21,Inactive,24
EMP04208,Vihaan Iyer,Operations,52000,2022-05-11,Inactive,58
EMP04209,Nisha Nair,Marketing,95000,2022-06-02,Inactive,51
EMP04210,Anaya Nair,Marketing,45000,2021-12-29,Active,38
EMP04211,Karan Iyer,HR,80000,2025-09-29,On Leave,32
EMP04212,Ishaan Sharma,Sales,95000,2025-01-01,On Leave,25
EMP04213,Riya Iyer,IT,52000,2022-09-23,Inactive,48
EMP04214,Kabir Rao,IT,42000,2022-05-19,Active,47
EMP04215,Arjun Nair,HR,95000,2026-03-02,On Leave,51
EMP04216,Meera Nair,Finance,52000,2023-05-05,On Leave,47
EMP04217,Nisha Rao,IT,42000,2022-01-02,Active,34
EMP04218,Tara Khan,Marketing,60000,2026-03-08,Inactive,23
EMP04219,Ira Mehta,Marketing,52000,2024-02-06,Inactive,26
EMP04220,Meera Das,Finance,72000,2023-06-26,Inactive,54
EMP04221,Kabir Singh,Marketing,45000,2024-07-23,On Leave,37
EMP04222,Diya Gupta,Operations,42000,2024-03-16,Inactive,53
EMP04223,Riya Patel,Marketing,80000,2023-08-04,Active,53
EMP04224,Diya Gupta,Finance,60000,2022-11-27,On Leave,35
EMP04225,Pooja Rao,Marketing,45000,2026-02-23,Inactive,55
EMP04226,Dev Khan,Operations,45000,2022-05-01,On Leave,40
EMP04227,Aarav Das,Sales,80000,2025-09-15,Active,48
EMP04228,Ishaan Rao,IT,80000,2021-02-10,Active,54
EMP04229,Neel Patel,Sales,45000,2022-05-27,Active,33
EMP04230,Dev Iyer,IT,60000,2026-01-22,On Leave,39
EMP04231,Dev Das,HR,95000,2022-06-26,On Leave,58
EMP04232,Arjun Iyer,Marketing,52000,2022-01-09,Inactive,46
EMP04233,Anaya Mehta,HR,80000,2022-01-04,Inactive,45
EMP04234,Riya Mehta,Marketing,72000,2022-08-10,On Leave,53
EMP04235,Ira Rao,Operations,42000,2021-10-25,On Leave,29
EMP04236,Nisha Sharma,Operations,42000,2026-03-03,On Leave,37
EMP04237,Diya Singh,Finance,45000,2026-04-17,Inactive,41
EMP04238,Vihaan Khan,Finance,32000,2023-05-12,On Leave,43
EMP04239,Diya Rao,Marketing,80000,2023-12-22,Active,57
EMP04240,Meera Mehta,HR,52000,2024-07-08,Inactive,43
EMP04241,Ishaan Das,Finance,80000,2026-01-27,On Leave,32
EMP04242,Meera Iyer,Sales,45000,2023-08-17,On Leave,43
EMP04243,Diya Rao,Operations,45000,2023-08-28,Active,32
EMP04244,Maya Khan,Marketing,42000,2023-03-18,On Leave,35
EMP04245,Nisha Rao,IT,42000,2021-07-14,On Leave,21
EMP04246,Riya Nair,IT,95000,2025-09-20,Inactive,58
EMP04247,Pooja Singh,Operations,72000,2025-05-28,Active,45
EMP04248,Kabir Sharma,Sales,32000,2021-07-10,Inactive,36
EMP04249,Aditya Iyer,Sales,95000,2023-07-06,Inactive,45
EMP04250,Aarav Gupta,Sales,42000,2025-03-25,Inactive,38
EMP04251,Maya Sharma,Operations,95000,2024-01-10,Inactive,41
EMP04252,Anaya Rao,Marketing,80000,2022-04-29,Inactive,22
EMP04253,Rahul Iyer,Finance,80000,2021-01-24,Inactive,21
EMP04254,Vihaan Das,Sales,45000,2022-12-08,Active,38
EMP04255,Aditya Iyer,Sales,32000,2022-07-20,Inactive,40
EMP04256,Aarav Gupta,Finance,60000,2023-01-19,Active,30
EMP04257,Maya Iyer,Sales,80000,2026-03-27,on leave,24
EMP04258,Neel Rao,HR,42000,2021-11-15,On Leave,31
EMP04259,Vihaan Mehta,Operations,32000,2021-06-14,On Leave,53
EMP04260,Anaya Sharma,IT,95000,2022-11-10,On Leave,37
EMP04261,Diya Sharma,Marketing,52000,2021-09-04,Inactive,35
EMP04262,Karan Khan,HR,95000,2023-09-24,Inactive,34
EMP04263,Anaya Patel,IT,45000,2023-05-18,Active,40
EMP04264,Aarav Gupta,Marketing,72000,2021-06-29,Inactive,56
EMP04265,Rahul Mehta,Sales,95000,2024-12-30,Active,26
EMP04266,Aditya Patel,Finance,95000,2021-02-24,On Leave,44
EMP04267,Maya Das,IT,45000,2025-06-11,Active,51
EMP04268,Rahul Gupta,IT,38000,2024-10-11,Inactive,24
EMP04269,Anaya Singh,Marketing,38000,2024-09-12,Inactive,27
EMP04270,Ishaan Iyer,Marketing,38000,2024-11-09,Inactive,45
EMP04271,Rahul Singh,Finance,60000,2024-12-28,On Leave,50
EMP04272,Vihaan Singh,Marketing,95000,2022-05-07,Inactive,57
EMP04273,Diya Mehta,Sales,80000,2022-05-23,Active,57
EMP04274,Neel Gupta,HR,42000,2025-11-01,Active,33
EMP04275,Arjun Mehta,Marketing,52000,2023-09-25,Active,34
EMP04276,Meera Singh,IT,32000,2022-06-12,Active,26
EMP04277,Aarav Rao,Finance,95000,2025-11-12,Inactive,58
EMP04278,Pooja Sharma,Finance,80000,2021-09-09,Inactive,27
EMP04279,Neel Patel,IT,72000,2024-11-06,On Leave,52
EMP04280,Aarav Patel,Finance,95000,2026-04-15,Inactive,31
EMP04281,Nisha Sharma,HR,42000,2022-03-06,On Leave,48
EMP04282,Kabir Nair,Sales,60000,2023-03-16,On Leave,55
EMP04283,Kabir Sharma,IT,95000,2023-08-31,Inactive,51
EMP04284,Pooja Nair,HR,80000,2024-01-21,Active,52
EMP04285,Pooja Khan,Marketing,45000,2023-06-12,Active,55
EMP04286,Meera Iyer,HR,32000,2021-09-19,Active,57
EMP04287,Aditya Sharma,IT,45000,2024-02-14,Inactive,32
EMP04288,Neel Khan,Operations,38000,2021-09-07,Inactive,50
EMP04289,Riya Rao,Operations,80000,2023-05-02,Inactive,22
EMP04290,Ishaan Khan,HR,95000,2021-09-10,On Leave,45
EMP04291,Rahul Gupta,Operations,42000,2025-03-22,On Leave,33
EMP04292,Anaya Das,Sales,72000,2022-12-14,Inactive,28
EMP04293,Arjun Das,Sales,45000,2024-04-09,Inactive,40
EMP04294,Aditya Singh,Sales,52000,2025-02-21,On Leave,41
EMP04295,Tara Gupta,Finance,42000,2025-09-02,On Leave,37
EMP03043,Pooja Gupta,IT,45000,2025-02-06,Active,58
EMP04297,Anaya Nair,HR,32000,,Inactive,50
EMP04298,Ira Iyer,Marketing,60000,2026-03-23,Active,53
EMP04299,Nisha Rao,Operations,45000,2026-02-30,On Leave,30
EMP04300,Neel Sharma,Finance,95000,2024-06-27,Active,N/A
EMP04301,Sara Singh,Sales,52000,2024-06-03,Inactive,27
EMP04302,Diya Gupta,Marketing,42000,2024-09-24,Inactive,40
EMP04303,Meera Iyer,Sales,32000,2023-10-03,Inactive,57
EMP04304,Vihaan Iyer,Sales,72000,2022-03-24,Active,38
EMP04305,Ira Nair,Operations,72000,2023-02-24,On Leave,35
EMP04306,Arjun Iyer,IT,72000,2024-11-24,Active,36
EMP04307,Sara Patel,IT,38000,2023-05-31,Active,58
EMP04308,Maya Singh,HR,32000,2022-05-07,On Leave,23
EMP04309,Ishaan Singh,IT,60000,2024-09-30,Active,47
EMP04310,Neel Gupta,Sales,60000,2026-02-30,Active,28
EMP04311,Nisha Iyer,HR,45000,2021-10-06,Inactive,58
EMP04312,Maya Sharma,Finance,60000,2026-03-11,Inactive,30
EMP04313,Neel Nair,Operations,38000,2025-04-30,On Leave,51
EMP04314,Tara Mehta,Marketing,80000,2024-12-11,Active,52
EMP04315,Aarav Sharma,Sales,52000,2023-09-25,Active,52
EMP04316,Sara Patel,Marketing,60000,2026-01-15,Inactive,44
EMP04317,Anaya Mehta,HR,42000,2022-11-14,Inactive,41
EMP04318,Meera Singh,Operations,80000,2025-02-23,On Leave,21
EMP04319,Ira Patel,IT,32000,2021-10-18,Active,37
EMP04320,Aarav Rao,IT,38000,2023-12-06,On Leave,38
EMP04321,Rahul Gupta,Operations,80000,2022-08-06,On Leave,40
EMP04322,Diya Iyer,IT,42000,2024-11-30,Active,26
EMP04323,Ira Singh,Marketing,52000,2026-02-06,Inactive,52
EMP04324,Aditya Nair,Finance,38000,2021-04-16,Active,38
EMP04325,Meera Das,Sales,60000,2023-11-04,On Leave,24
EMP04326,Rahul Mehta,IT,45000,2026-05-24,Inactive,31
EMP04327,Nisha Sharma,Operations,95000,2025-02-06,Inactive,34
EMP04328,Pooja Nair,Sales,38000,2024-05-17,Inactive,45
EMP04329,Ishaan Sharma,Finance,32000,2024-08-16,On Leave,54
EMP04330,Diya Singh,Finance,72000,2023-11-03,On Leave,37
EMP04331,Riya Iyer,Marketing,45000,2023-06-04,On Leave,36
EMP04332,Karan Iyer,Operations,38000,2022-04-13,On Leave,51
EMP04333,Neel Khan,Finance,45000,2024-09-28,On Leave,42
EMP04334,Nisha Iyer,Sales,95000,2023-10-20,On Leave,21
EMP04335,Kabir Khan,IT,72000,2023-09-03,On Leave,51
EMP04336,Anaya Khan,Sales,60000,2025-09-11,Active,38
EMP04337,Neel Sharma,Marketing,52000,2023-09-16,On Leave,32
EMP04338,Arjun Gupta,Operations,52000,2021-08-16,On Leave,32
EMP04339,Rahul Singh,Operations,80000,2026-01-19,On Leave,58
EMP04340,Maya Sharma,Operations,42000,2025-07-10,Inactive,33
EMP04341,Neel Patel,IT,95000,2021-06-09,On Leave,38
EMP04342,Sara Nair,Operations,95000,2025-01-21,Active,55
EMP04343,Aarav Das,Finance,52000,2025-11-23,Inactive,36
EMP04344,Pooja Rao,IT,38000,2022-05-30,On Leave,39
EMP04345,Pooja Iyer,Marketing,45000,2024-06-23,Active,39
EMP04346,Tara Rao,Marketing,38000,2024-04-01,Active,47
EMP04347,Aditya Gupta,Sales,42000,2022-12-05,Inactive,53
EMP04348,Ira Khan,HR,42000,2025-05-08,Inactive,47
EMP04349,Rahul Patel,Finance,80000,2021-07-22,Inactive,26
EMP04350,Neel Gupta,Finance,45000,2022-11-08,On Leave,43
EMP04351,Neel Mehta,Operations,42000,2023-04-18,Active,23
EMP04352,Sara Sharma,HR,52000,2022-01-26,Active,42
EMP04353,Diya Mehta,Marketing,38000,2022-11-05,Active,29
EMP04354,Kabir Rao,Finance,42000,2023-04-16,On Leave,36
EMP04355,Anaya Khan,Marketing,32000,2024-05-14,Active,47
EMP04356,Rahul Singh,Finance,42000,2025-06-04,Active,53
EMP04357,Rahul Das,IT,32000,2022-01-25,On Leave,29
EMP04358,Nisha Gupta,Sales,80000,2024-03-08,Active,23
EMP04359,Anaya Rao,Operations,38000,2025-05-26,Active,30
EMP04360,Nisha Khan,IT,60000,2025-12-27,On Leave,47
EMP04361,Aditya Iyer,Marketing,52000,2024-02-18,Active,55
EMP04362,Tara Mehta,,80000,2021-11-10,On Leave,39
EMP04363,Riya Nair,Marketing,72000,2021-09-29,On Leave,52
EMP04364,Ira Iyer,Marketing,72000,2025-09-17,Active,50
EMP04365,Vihaan Iyer,Marketing,32000,2022-06-16,On Leave,31
EMP04366,Anaya Rao,Marketing,52000,2026-06-06,On Leave,46
EMP04367,Neel Khan,Sales,52000,2022-05-14,Inactive,36
EMP04368,Karan Patel,IT ,72000,2025-11-06,inactive,52
EMP04369,Anaya Gupta,Sales,60000,2022-02-06,Active,23
EMP04370,Tara Nair,Sales,95000,2025-06-13,On Leave,24
EMP04371,Riya Rao,Finance,80000,2023-06-15,Inactive,50
EMP04372,Arjun Iyer,,42000,2026-02-11,On Leave,34
EMP04373,Riya Das,Finance,60000,2024-06-02,Active,21
EMP04374,Kabir Patel,IT,80000,2024-02-21,Active,40
EMP04375,Nisha Gupta,Operations,72000,2023-01-25,On Leave,31
EMP04376,Vihaan Das,HR,38000,2023-03-16,On Leave,29
EMP04377,Dev Sharma,Sales,42000,2023-06-04,Inactive,32
EMP04378,Arjun Khan,IT,45000,2021-04-17,On Leave,38
EMP04379,Maya Das,HR,32000,2025-05-12,Active,39
EMP04380,Arjun Sharma,Marketing,60000,2025-07-08,Active,47
EMP04381,Ira Mehta,IT,32000,2024-06-12,Inactive,22
EMP04382,Aditya Khan,Operations,45000,2022-03-08,On Leave,40
EMP04383,Ishaan Khan,Sales,60000,2025-05-11,On Leave,49
EMP04384,Karan Iyer,Finance,95000,2023-01-05,Active,21
EMP04385,Karan Singh,Marketing,95000,2021-07-08,Inactive,28
EMP04386,Maya Das,Marketing,80000,2024-08-28,Active,51
EMP04387,Nisha Khan,HR,60000,2022-12-05,Inactive,44
EMP04388,Neel Sharma,Sales,38000,2022-03-02,Active,39
EMP04389,Anaya Iyer,IT,32000,2025-03-05,On Leave,39
EMP04390,Aarav Gupta,Sales,60000,2023-05-08,ACTIVE,
EMP04391,Kabir Khan,Finance,52000,2025-06-05,Active,31
EMP04392,Pooja Mehta,IT,80000,2025-12-20,On Leave,32
EMP04393,Aarav Khan,Operations,45000,2026-03-11,Active,38
EMP04394,Pooja Mehta,Finance,38000,2025-04-27,Inactive,55
EMP04395,Aarav Gupta,Finance,,2024-08-10,Inactive,41
EMP04396,Anaya Mehta,Finance,52000,2025-02-18,On Leave,38
EMP04397,Tara Das,Finance,80000,2023-04-20,Inactive,41
EMP04398,Tara Gupta,Marketing,45000,2023-07-01,Active,55
EMP04399,Neel Singh,Sales,42000,2021-07-30,Active,40
EMP04400,Kabir Gupta,Marketing,32000,2023-03-07,Inactive,42
EMP04401,Neel Das,Marketing,80000,2025-08-05,On Leave,41
EMP04402,Diya Iyer,IT,95000,2021-02-16,Active,37
EMP04403,Sara Mehta,HR,95000,2021-07-06,Active,46
EMP04404,Pooja Das,HR,72000,2025-11-27,Inactive,51
EMP04405,Dev Das,Sales,95000,2026-01-01,On Leave,41
EMP04406,Pooja Patel,Finance,60000,2025-12-29,Inactive,27
EMP04407,Aditya Rao,HR,45000,2023-11-19,Active,42
EMP04408,Ira Rao,Operations,95000,2021-07-07,Inactive,25
EMP04409,Riya Singh,Finance,60000,2022-06-21,Active,49
EMP04410,Kabir Sharma,Marketing,80000,2024-08-02,Active,23
EMP04411,Arjun Sharma,Finance,72000,2023-12-15,On Leave,22
EMP04412,Aditya Khan,Marketing,38000,2025-03-13,Inactive,35
EMP04413,Karan Rao,Operations,32000,2023-12-06,Inactive,44
EMP04414,Diya Gupta,Sales,42000,2025-08-30,On Leave,27
EMP04415,Ishaan Mehta,IT,60000,2025-04-03,Active,44
EMP04416,Nisha Nair,HR,80000,2022-03-20,Inactive,54
EMP04417,Aditya Sharma,Marketing,42000,2023-02-14,On Leave,45
EMP04418,Tara Iyer,IT,42000,2025-06-25,On Leave,32
EMP04419,Arjun Iyer,Operations,45000,2026-06-07,Active,38
EMP04420,Aditya Iyer,Marketing,52000,2023-02-01,Inactive,33
EMP04421,Tara Mehta,Finance,52000,2022-03-18,Active,21
EMP04422,Rahul Gupta,Sales,60000,2024-08-17,Inactive,31
EMP04423,Dev Nair,Sales,,2021-02-22,On Leave,54
EMP04424,Anaya Singh,HR,72000,2025-06-19,On Leave,50
EMP04425,Dev Iyer,IT,42000,2025-02-18,On Leave,56
EMP04426,Maya Patel,HR,38000,2023-02-08,On Leave,41
EMP04427,Anaya Patel,Finance,60000,2021-04-05,On Leave,46
EMP04428,Karan Sharma,Operations,52000,2022-10-09,Inactive,27
EMP04429,Meera Sharma,Operations,95000,2021-09-23,On Leave,54
EMP04430,Tara Iyer,HR,38000,2021-08-17,Active,46
EMP04431,Anaya Khan,Marketing,38000,2025-11-29,On Leave,35
EMP04432,Kabir Sharma,HR,80000,2024-07-12,Inactive,29
EMP04433,Karan Das,Sales,32000,2024-03-10,Inactive,21
EMP04434,Neel Khan,Finance,45000,2024-12-11,On Leave,31
EMP04435,Aarav Gupta,Operations,72000,2024-11-04,Inactive,51
EMP04436,Aarav Iyer,IT,45000,2021-11-25,Active,55
EMP04437,Riya Sharma,Sales,60000,2022-12-04,Inactive,49
EMP04438,Dev Gupta,IT,38000,2026-03-24,Inactive,43
EMP04439,Ishaan Khan,IT,72000,2026-02-14,On Leave,26
EMP04440,Tara Singh,HR,52000,2021-12-06,Inactive,34
EMP04441,Riya Iyer,Finance,45000,2026-04-30,Inactive,36
EMP04442,Ira Iyer,Sales,60000,2021-07-12,On Leave,55
EMP04443,Kabir Rao,Marketing,95000,2023-11-10,On Leave,48
EMP04444,Riya Das,Finance,60000,2021-01-04,Active,22
EMP04445,Sara Iyer,Operations,60000,2021-01-27,On Leave,26
EMP04446,Nisha Khan,Finance,32000,2025-10-13,On Leave,43
EMP04447,Anaya Patel,IT,60000,2025-08-07,On Leave,39
EMP04448,Sara Rao,Operations,38000,2021-09-30,On Leave,54
EMP04449,Dev Rao,Marketing,N/A,2023-09-02,Active,51
EMP04450,Rahul Patel,Operations,60000,2024-11-27,Inactive,35
EMP04451,Anaya Das,IT,80000,2021-04-21,Active,55
EMP04452,Anaya Khan,IT,52000,2024-04-04,Inactive,46
EMP04453,Rahul Iyer,IT ,72000,2022-04-25,Active,53
EMP04146,Ira Sharma,Operations,42000,2022-04-02,Active,21
EMP04455,Anaya Mehta,IT,45000,2022-05-15,On Leave,24
EMP04456,Kabir Das,Sales,80000,2025-07-20,Active,57
EMP04457,Tara Singh,Marketing,80000,2022-09-13,Inactive,52
EMP04458,Ira Singh,HR,72000,2021-09-08,On Leave,58
EMP04459,Meera Rao,Operations,72000,2025-06-22,Active,26
EMP04460,Riya Sharma,Marketing,72000,2021-09-12,On Leave,49
EMP04461,Vihaan Nair,Finance,95000,2021-10-07,Inactive,51
EMP04462,Aarav Nair,Operations,95000,2024-11-05,Active,30
EMP04463,Meera Rao,Sales,80000,2021-07-10,Active,40
EMP04464,Ishaan Das,Operations,38000,2023-05-31,Active,38
EMP04465,Ira Khan,Marketing,45000,2024-03-29,Inactive,44
EMP04466,Anaya Gupta,Sales,38000,2021-12-09,Inactive,45
EMP04467,Arjun Khan,Operations,42000,2025-11-13,Inactive,49
EMP04468,Sara Khan,Finance,42000,2025-06-09,On Leave,26
EMP04469,Kabir Patel,HR,32000,2022-03-01,Active,21
EMP04470,Vihaan Mehta,Sales,32000,2023-10-30,Inactive,38
EMP04471,Aditya Nair,Sales,52000,2026-03-19,On Leave,35
EMP04472,Kabir Iyer,IT,38000,2023-11-13,Active,52
EMP04473,Vihaan Singh,Sales,38000,2022-07-02,Inactive,33
EMP04474,Karan Das,Marketing,45000,2024-03-09,On Leave,52
EMP04475,Pooja Singh,IT,60000,2023-04-05,Active,21
EMP04476,Vihaan Rao,Sales,60000,2023-11-25,Active,43
EMP04477,Nisha Mehta,Operations,52000,2025-01-20,Active,51
EMP04478,Riya Nair,Marketing,38000,2025-12-08,Inactive,50
EMP04479,Kabir Khan,HR,42000,2025-09-04,On Leave,46
EMP04480,Aditya Rao,IT,38000,2023-06-14,On Leave,24
EMP04481,Karan Gupta,Marketing,80000,2025-02-01,Active,57
EMP04482,Neel Patel,IT,95000,2026-04-25,Active,22
EMP04483,Arjun Rao,HR,45000,2022-12-04,On Leave,35
EMP04484,Maya Rao,Marketing,42000,2024-07-21,Active,57
EMP04485,Sara Singh,HR,32000,,On Leave,58
EMP04486,Meera Singh,Sales,52000,2023-10-15,On Leave,42
EMP04487,Aarav Singh,Sales,42000,2024-02-14,Active,32
EMP04488,Neel Rao,Operations,52000,2024-04-24,On Leave,48
EMP04489,Pooja Sharma,it,32000,2024-03-28,On Leave,51
EMP04490,Nisha Gupta,HR,38000,2024-04-25,On Leave,44
EMP04491,Pooja Singh,HR,60000,2024-12-24,On Leave,27
EMP04492,Arjun Das,HR,60000,2023-11-10,On Leave,25
EMP04493,Ira Rao,HR,95000,2025-09-11,Active,48
EMP04494,Maya Khan,Sales,95000,2022-04-06,On Leave,49
EMP04495,Pooja Singh,Operations,45000,2025-10-28,Active,27
EMP04496,Aditya Das,IT,45000,2024-01-04,On Leave,51
EMP04497,Karan Patel,Sales,60000,2024-07-31,On Leave,49
EMP04498,Anaya Singh,IT,32000,2025-03-31,Active,42
EMP04499,Riya Iyer,Operations,80000,2026-05-04,Active,53
EMP04500,Ira Gupta,IT,60000,2024-10-10,Active,28
EMP04501,Dev Nair,IT,32000,2024-12-19,Inactive,49
EMP04502,Karan Patel,Operations,38000,2021-02-20,On Leave,26
EMP04503,Ira Mehta,HR,72000,2021-05-29,On Leave,36
EMP04504,Tara Iyer,Finance,45000,2026-06-17,Active,28
EMP04505,Meera Nair,Operations,42000,2021-07-28,Inactive,49
EMP04506,Kabir Patel,IT,95000,2023-02-25,On Leave,21
EMP04507,Rahul Nair,Operations,72000,2022-08-01,Active,45
EMP04508,Arjun Nair,Operations,80000,2023-06-05,Active,55
EMP04509,Diya Iyer,IT,52000,2022-08-27,Active,48
EMP04510,Dev Mehta,Sales,72000,2024-01-01,Active,52
EMP04511,Maya Khan,HR,72000,2025-02-05,Active,53
EMP04512,Nisha Das,HR,95000,2026-03-03,On Leave,35
EMP04513,Pooja Rao,Operations,72000,2023-10-28,Active,52
EMP04514,Vihaan Nair,HR,80000,2026-04-06,On Leave,26
EMP04515,Ira Singh,Finance,52000,2023-08-31,Inactive,40
EMP04516,Karan Nair,Finance,38000,2025-07-26,Inactive,21
EMP04517,Aarav Singh,Operations,32000,2026-06-08,Active,52
EMP04518,Diya Rao,Finance,52000,2024-09-30,Active,52
EMP04519,Diya Sharma,Finance,80000,2024-09-16,Inactive,49
EMP04520,Anaya Das,HR,42000,2021-09-22,Inactive,46
EMP04521,Diya Patel,IT,38000,2025-10-14,Inactive,51
EMP04522,Diya Nair,Sales,38000,2024-11-19,On Leave,56
EMP04523,Diya Singh,Marketing,52000,2025-01-21,Active,27
EMP04524,Tara Rao,HR,42000,2024-08-31,Inactive,53
EMP04525,Arjun Khan,Operations,42000,2021-08-08,On Leave,24
EMP04526,,IT,42000,2021-04-19,Inactive,40
EMP04527,Maya Mehta,Finance,52000,2023-10-09,On Leave,33
EMP04528,Ira Sharma,Operations,80000,2024-11-17,,27
EMP04529,Rahul Nair,Sales,80000,2024-03-04,On Leave,37
EMP04530,Pooja Singh,HR,60000,2021-07-12,Inactive,55
EMP04531,Vihaan Khan,Marketing,72000,2021-03-21,Active,54
EMP04532,Meera Mehta, IT,42000,2021-06-09,On Leave,46
EMP04533,Dev Gupta,Marketing,38000,2023-01-04,Inactive,56
EMP04534,Sara Iyer,HR,72000,2026-04-26,On Leave,34
EMP04535,Meera Nair,IT,52000,2022-05-19,Active,42
EMP04536,Aditya Khan,Sales,95000,2025-08-10,On Leave,25
EMP04537,Neel Gupta,Sales,42000,2023-03-14,Inactive,45
EMP04538,Arjun Rao,IT,38000,2024-09-13,Active,33
EMP04539,Rahul Gupta,IT,60000,2024-04-18,Inactive,54
EMP04540,Aarav Gupta,Marketing,72000,2022-02-13,On Leave,31
EMP04541,Ira Sharma,HR,95000,2024-08-07,Inactive,27
EMP04542,Karan Gupta,Sales,60000,2021-05-08,On Leave,42
EMP04543,Aarav Iyer,Marketing,80000,2023-12-26,Inactive,25
EMP04544,Riya Khan,IT,52000,2024-12-08,Inactive,55
EMP04545,Neel Sharma,Marketing,32000,2025-03-24,Inactive,49
EMP04546,Riya Patel,Operations,,2025-08-03,Active,45
EMP04547,Aarav Mehta,Finance,45000,2021-10-11,Active,29
EMP04548,Sara Khan,finance,95000,2026-02-02,Inactive,55
EMP04549,Riya Iyer,IT,32000,2021-02-23,Active,23
EMP04550,Aarav Mehta,IT,80000,2025-10-12,Inactive,56
EMP04551,Neel Nair,Marketing,52000,2023-09-15,Inactive,35
EMP04552,Ira Sharma,Operations,95000,2021-03-27,Active,48
EMP04553,Riya Das,Marketing,52000,2024-02-17,On Leave,26
EMP04554,Sara Das,HR,80000,2025-02-08,Active,40
EMP04555,Vihaan Sharma,Finance,38000,2021-06-21,Inactive,36
EMP04556,Vihaan Rao,IT,72000,2025-08-03,Inactive,56
EMP04557,Nisha Nair,IT,80000,2022-08-24,Active,57
EMP04558,Pooja Khan,Sales,95000,2025-11-27,Inactive,53
EMP04559,Diya Mehta,IT,38000,2022-01-08,Active,51
EMP04560,Sara Khan,IT,38000,2026-02-22,Inactive,34
EMP04561,Kabir Singh,Finance,72000,2025-10-16,Inactive,42
EMP04562,Rahul Singh,Marketing,32000,2024-07-07,Inactive,40
EMP04563,Sara Patel,Operations,72000,2023-06-18,Inactive,41
EMP04564,Dev Mehta,Operations,45000,2023-02-14,On Leave,56
EMP04565,Tara Patel,Marketing,72000,2021-05-10,On Leave,47
EMP04566,Kabir Das,IT,60000,2023-11-26,On Leave,46
EMP04567,Tara Khan,HR,38000,2023-05-22,On Leave,42
EMP04568,Meera Mehta,IT,60000,2021-01-15,Inactive,58
EMP04569,Aditya Patel,Sales,32000,2024-01-24,Inactive,26
EMP04570,Aarav Das,IT,60000,2023-03-24,Active,48
EMP04571,Ishaan Nair,Sales,42000,2023-04-19,Active,46
EMP04572,Aarav Sharma,Finance,,2023-01-17,On Leave,22
EMP04573,Anaya Sharma,Marketing,38000,2023-06-25,On Leave,31
EMP04574,Karan Patel,Marketing,80000,2021-01-28,On Leave,51
EMP04575,Aditya Rao,Finance,38000,2023-08-30,On Leave,38
EMP04576,Karan Gupta,Operations,38000,2024-06-16,On Leave,25
EMP04577,Sara Iyer,HR,52000,2022-03-28,On Leave,26
EMP04578,Diya Sharma,Finance,32000,2023-04-18,Active,34
EMP04579,Tara Nair,HR,52000,2024-03-20,Inactive,43
EMP04580,Diya Singh,Finance,60000,2024-02-09,Inactive,39
EMP04581,Ira Das,Finance,95000,2026-04-16,Active,48
EMP04582,Meera Iyer,IT,38000,2023-07-18,Inactive,30
EMP04583,Kabir Mehta,IT,72000,2024-03-29,On Leave,38
EMP04584,Ishaan Patel,Finance,42000,2022-09-14,Inactive,21
EMP04585,Anaya Sharma,Finance,80000,2021-12-24,On Leave,39
EMP04586,Kabir Iyer,HR,80000,2024-04-17,Active,22
EMP04587,Rahul Sharma,Finance,32000,2021-07-12,Inactive,58
EMP04588,Aditya Das,IT,42000,2021-06-09,Inactive,57
EMP04589,Kabir Gupta,Sales,38000,2025-08-17,Active,48
EMP04590,Pooja Singh,Finance,52000,2021-11-12,On Leave,35
EMP04591,Riya Iyer,Finance,42000,2023-04-02,Active,22
EMP04592,Karan Gupta,IT,72000,2025-12-27,Inactive,22
EMP04593,Sara Sharma,IT,80000,2024-05-07,Active,44
EMP04594,Tara Rao,IT,38000,2021-02-16,On Leave,34
EMP04595,Ishaan Rao,IT,45000,2021-09-01,Inactive,52
EMP04596,Tara Singh,Sales,42000,2021-11-14,Active,40
EMP04597,Tara Khan,Sales,32000,2022-09-30,Inactive,50
EMP04598,Kabir Iyer,IT,72000,2024-08-12,On Leave,37
EMP04599,Maya Sharma,HR,60000,2021-08-09,Active,56
EMP04600,Anaya Patel,HR,72000,2022-05-31,On Leave,51
EMP04601,Ishaan Patel,Operations,45000,2022-04-09,On Leave,27
EMP04602,Tara Gupta,Operations,80000,2025-04-18,On Leave,55
EMP04603,Vihaan Singh,Sales,72000,2022-06-13,On Leave,33
EMP04604,Diya Iyer,,42000,2022-07-16,On Leave,34
EMP04605,Dev Das,Operations,42000,2021-03-05,On Leave,21
EMP04606,Rahul Nair,Sales,42000,2021-11-13,Active,50
EMP04607,Kabir Nair,IT,72000,2025-06-10,On Leave,45
EMP04608,Tara Patel,Sales,38000,2023-04-23,Active,40
EMP04609,Pooja Khan,HR,52000,2021-04-22,On Leave,40
EMP04610,Rahul Patel,Operations,95000,2024-09-07,Active,23
EMP04611,Maya Rao,Sales,38000,2025-09-27,Inactive,47
EMP04612,Vihaan Rao,Sales,95000,2022-11-05,Inactive,29
EMP04613,Maya Das,IT,45000,2025-12-06,On Leave,30
EMP04614,Ishaan Khan,HR,80000,2023-12-19,,57
EMP04615,Riya Das,Marketing,52000,2024-11-18,On Leave,52
EMP04616,Aarav Patel,HR,45000,2023-08-06,Active,33
EMP04617,Tara Nair,Finance,42000,2025-04-15,Active,45
EMP04618,Aarav Sharma,IT,32000,2023-04-10,Active,35
EMP04619,Pooja Sharma,Sales,52000,2024-01-26,On Leave,28
EMP04620,Pooja Patel,Marketing,52000,2022-05-22,Inactive,58
EMP04621,Kabir Patel,Finance,72000,2023-06-28,Active,42
EMP04622,Ira Iyer,Sales,60000,2024-06-11,active,33
EMP04623,Maya Mehta,Marketing,95000,2021-08-06,On Leave,25
EMP04624,Rahul Singh,Sales,95000,2021-04-10,Inactive,34
EMP04625,Vihaan Mehta,Marketing,95000,2021-11-03,Active,51
EMP04626,Diya Mehta,HR,95000,2025-12-14,Inactive,30
EMP04627,Meera Khan,Marketing,32000,2026-03-17,Active,42
EMP04628,Tara Nair,IT,42000,2021-03-26,On Leave,27
EMP04629,Meera Singh,Sales,60000,2025-05-25,On Leave,37
EMP04630,Nisha Mehta,Marketing,42000,2024-10-25,On Leave,47
EMP04631,Rahul Patel,Sales,80000,2023-01-01,Active,45
EMP04632,Kabir Sharma,HR,42000,2022-03-25,On Leave,27
EMP04633,Riya Das,Finance,32000,2025-09-04,Inactive,53
EMP04634,Rahul Patel,Marketing,52000,2022-12-01,On Leave,39
EMP04635,Dev Patel,IT,32000,2023-04-21,Active,37
EMP04636,Meera Mehta,HR,38000,2025-06-11,On Leave,51
EMP04637,Tara Gupta,Sales,45000,2022-01-30,Inactive,46
EMP04638,Nisha Nair,Finance,72000,2025-04-25,On Leave,31
EMP04639,Vihaan Mehta,Sales,72000,2025-02-26,Active,45
EMP04640,Riya Mehta,IT,42000,2023-04-27,Inactive,48
EMP04641,Riya Singh,Finance,80000,2021-06-01,On Leave,28
EMP04642,Neel Nair,Marketing,42000,2023-01-20,Inactive,55
EMP04643,Ira Patel,Sales,32000,2022-10-22,On Leave,23
EMP04644,Maya Patel,Operations,52000,2021-10-21,On Leave,57
EMP04645,Ira Patel,HR,52000,2023-12-20,On Leave,54
EMP04646,Dev Singh,IT,95000,2021-05-31,Inactive,43
EMP04647,Nisha Iyer,Sales,45000,2024-09-06,Inactive,35
EMP04648,Nisha Khan,Operations,45000,2023-04-04,Active,37
EMP04649,Pooja Nair,Finance,32000,2025-10-10,On Leave,24
EMP04650,Meera Iyer,HR,38000,2024-03-19,Active,21
EMP04651,Tara Iyer,Operations,80000,2025-04-23,Inactive,38
EMP04652,Tara Iyer,Operations,72000,2026-03-10,Inactive,39
EMP04653,Maya Mehta,Marketing,60000,2023-05-28,On Leave,21
EMP04654,Riya Sharma,Operations,95000,2022-07-14,Active,42
EMP04655,Diya Sharma,Sales,32000,2026-05-01,Inactive,51
EMP04656,Nisha Singh,HR,42000,2025-12-28,Active,54
EMP04657,Anaya Sharma,Finance,80000,2025-04-16,Active,27
EMP04658,Karan Patel,IT,38000,2024-05-20,On Leave,26
EMP04659,Anaya Mehta,HR,32000,2021-04-07,Inactive,54
EMP04660,Karan Khan,IT,38000,2022-09-02,On Leave,28
EMP04661,Nisha Khan,Marketing,45000,2025-01-29,Inactive,36
EMP04662,Ira Iyer,Sales,60000,2021-09-22,On Leave,38
EMP04663,Diya Iyer,Operations,45000,2025-08-23,Active,31
EMP04664,Anaya Patel,Operations,32000,2024-10-24,On Leave,58
EMP04665,Riya Nair,HR,60000,2022-11-23,Active,48
EMP04666,Diya Khan,Finance,45000,2022-12-03,On Leave,40
EMP04667,Aarav Mehta,Marketing,45000,2022-09-21,On Leave,49
EMP04668,Pooja Nair,Finance,95000,2024-12-02,On Leave,30
EMP04669,Karan Mehta,HR,95000,2021-10-07,Inactive,28
EMP04670,Ira Patel,Finance,60000,2022-02-17,On Leave,24
EMP04671,Tara Nair,Marketing,32000,2022-09-04,Inactive,55
EMP04672,Tara Gupta,Operations,45000,2022-05-16,Active,56
EMP04673,Arjun Mehta,HR,52000,2025-07-20,Active,28
EMP04674,Sara Singh,IT,95000,2021-03-20,On Leave,22
EMP04675,Ira Mehta,Sales,38000,2021-08-28,Active,36
EMP04676,Nisha Singh,Finance,32000,2022-01-04,Inactive,48
EMP04677,Nisha Patel,Finance,42000,2024-11-05,Inactive,33
EMP04678,Maya Das,Finance,38000,2024-05-05,On Leave,57
EMP04679,Meera Singh,Finance,38000,2026-02-05,Active,42
EMP04680,Nisha Singh,IT,32000,2021-02-16,On Leave,57
EMP04681,Tara Rao,Operations,32000,2024-12-09,Inactive,44
EMP04682,Maya Nair,Marketing,80000,2024-02-16,On Leave,23
EMP04683,Vihaan Das,IT,80000,2022-10-26,On Leave,49
EMP04684,Meera Sharma,Sales,42000,2021-09-03,On Leave,44
EMP04685,Dev Patel,IT,45000,2024-04-10,Active,24
EMP04686,Arjun Sharma,HR,60000,2026-01-22,Active,36
EMP04687,Aditya Khan,Marketing,38000,2026-02-20,Active,44
EMP04688,Diya Patel,Marketing,80000,2022-05-07,Inactive,45
EMP04689,Anaya Khan,Marketing,52000,2024-06-26,On Leave,26
EMP04690,Karan Khan,Marketing,95000,2026-01-25,On Leave,31
EMP04691,Vihaan Iyer,Operations,80000,2024-11-04,Active,34
EMP04692,Nisha Patel,Finance,32000,2022-08-06,On Leave,39
EMP04693,Vihaan Sharma,Sales,60000,2021-02-28,On Leave,23
EMP04694,Ishaan Singh,Finance,72000,2021-03-30,Active,150
EMP04695,Maya Khan,Operations,45000,2025-12-15,Inactive,51
EMP04696,Ishaan Sharma,IT,52000,2024-08-12,Inactive,56
EMP04697,Rahul Gupta,Finance,95000,2022-03-01,On Leave,30
EMP04698,Nisha Mehta,Sales,32000,2023-06-20,On Leave,46
EMP04699,Meera Khan,Marketing,42000,2026-05-28,Inactive,37
EMP04700,Tara Sharma,IT,95000,2022-12-09,Inactive,50
EMP04701,Karan Rao,Marketing,45000,2024-05-31,Inactive,28
EMP04702,Arjun Iyer,Marketing,80000,2024-07-07,Active,49
EMP04703,Arjun Nair,HR,95000,2023-05-03,Active,49
EMP04704,Tara Gupta,Operations,38000,2026-02-27,Inactive,49
EMP04705,Ira Sharma,IT,80000,2023-01-27,On Leave,30
EMP04706,Arjun Sharma,Sales,45000,2021-01-25,Inactive,56
EMP04707,Arjun Nair,Finance,45000,2025-09-24,Active,40
EMP04708,Maya Gupta,Sales,60000,2023-10-29,On Leave,49
EMP04709,Karan Sharma,Finance,95000,2023-12-01,Inactive,43
EMP04710,Aarav Gupta,Operations,42000,2026-03-08,On Leave,22
EMP04711,Aarav Gupta,Sales,95000,2025-03-13,Inactive,39
EMP04712,Aditya Iyer,Operations,32000,2026-06-03,Inactive,34
EMP04713,Karan Mehta,Sales,80000,2022-08-24,Inactive,37
EMP04714,Riya Rao,Marketing,32000,2024-03-12,On Leave,39
EMP04715,Anaya Rao,HR ,60000,2024-02-21,Active,45
EMP04716,Kabir Das,Marketing,72000,2021-01-01,On Leave,38
EMP04717,Tara Das,Sales,95000,2021-01-20,Active,33
EMP04718,Karan Das,Finance,95000,2021-01-29,Active,38
EMP04719,Tara Iyer,Finance,95000,2022-07-29,On Leave,55
EMP04720,Diya Patel,Finance,72000,2021-11-26,Active,36
EMP04721,Aditya Rao,Finance,45000,2022-03-03,Inactive,56
EMP04722,Meera Singh,IT,38000,2023-07-24,Inactive,38
EMP04723,Riya Singh,Finance,80000,2025-12-06,On Leave,55
EMP04724,Sara Das,Marketing,52000,2026-02-15,Inactive,34
EMP04725,Nisha Rao,Sales,52000,2022-12-22,Inactive,45
EMP04726,Anaya Patel,Marketing,32000,2022-02-17,On Leave,31
EMP04727,Diya Nair,HR,38000,2024-10-14,Active,23
EMP04728,Neel Khan,Marketing,72000,2024-02-17,Active,55
EMP04729,Diya Iyer,Marketing,52000,2023-09-14,On Leave,26
EMP04730,Kabir Das,IT,45000,2021-01-25,Active,43
EMP04731,Kabir Singh,HR,42000,2022-03-02,Inactive,24
EMP04732,Meera Sharma,Operations,42000,2021-12-25,Inactive,21
EMP04733,Vihaan Khan,HR,38000,2025-01-13,Inactive,30
EMP04734,Ira Khan,Marketing,38000,2022-07-09,Active,56
EMP04735,Karan Singh,Operations,42000,2024-03-06,On Leave,34
EMP04736,Maya Khan,Sales,72000,2025-12-22,On Leave,49
EMP04737,Kabir Rao,Marketing,45000,2021-11-13,Active,22
EMP04738,Maya Iyer,Operations,52000,2026-05-15,On Leave,30
EMP04739,Sara Iyer,HR,60000,2023-04-21,Inactive,53
EMP04740,Neel Patel,Finance,42000,2025-06-26,Active,51
EMP04741,Vihaan Mehta,Finance,38000,2023-11-25,Inactive,31
EMP04742,Ira Das,Marketing,52000,2022-11-30,Active,21
EMP04743,Ishaan Khan,HR,42000,2025-07-17,On Leave,31
EMP04744,Nisha Sharma,HR,60000,2023-01-14,Active,57
EMP04745,Aarav Mehta,IT,80000,2021-01-31,Active,35
EMP04746,Riya Nair,Sales,52000,2023-07-06,Inactive,26
EMP04747,Anaya Khan,Finance,45000,2021-12-18,Inactive,34
EMP04748,Maya Das,Marketing,,2022-12-06,On Leave,52
EMP04749,Pooja Mehta,Marketing,72000,2023-02-19,Active,33
EMP04750,Meera Das,Sales,80000,2025-03-06,On Leave,44
EMP04751,Neel Iyer,HR,42000,2023-09-17,Inactive,23
EMP04752,Meera Singh,HR,42000,2023-10-10,On Leave,34
EMP04753,Riya Das,Marketing,80000,2021-10-29,Active,41
EMP04754,Diya Sharma,hr,95000,2026-06-17,Active,48
EMP04755,Arjun Singh,Operations,42000,2021-11-02,On Leave,23
EMP04756,Vihaan Sharma,Marketing,38000,2021-03-20,On Leave,52
EMP04757,Arjun Patel,IT,80000,2023-01-24,On Leave,28
EMP04758,Diya Sharma,Finance,72000,2024-04-22,On Leave,26
EMP04759,Diya Rao,IT,52000,2024-01-21,Active,52
EMP04760,Diya Rao,Sales,45000,2021-12-06,On Leave,54
EMP04761,Maya Iyer,HR,72000,2023-06-16,Inactive,24
EMP04762,Arjun Rao,Finance,38000,2025-08-18,On Leave,34
EMP04763,Dev Singh,Operations,45000,2023-03-27,Active,26
EMP04764,Pooja Rao,IT,32000,2025-12-15,Active,30
EMP04765,Karan Das,Operations,32000,2025-04-09,On Leave,51
EMP04766,Anaya Das,IT,80000,2024-04-18,On Leave,56
EMP04767,Ishaan Nair,Operations,95000,2025-01-20,On Leave,33
EMP04768,Maya Gupta,Finance,42000,2024-07-09,On Leave,21
EMP04769,Dev Singh,Finance,72000,2021-12-19,Inactive,25
EMP04770,Anaya Singh,Operations,42000,2021-01-08,Inactive,23
EMP04771,Aditya Sharma,Operations,80000,2025-06-21,Active,35
EMP04772,Riya Patel,Finance,95000,2024-08-02,Inactive,28
EMP04773,Arjun Rao,Operations,95000,2025-12-07,Inactive,
EMP04774,Rahul Patel,Sales,95000,2024-08-11,Inactive,35
EMP04775,Ira Gupta,Sales,42000,2022-04-27,Inactive,24
EMP04776,Pooja Das,HR,38000,2025-08-23,Active,51
EMP04777,Karan Patel,IT,38000,2023-11-23,On Leave,28
EMP04778,Diya Singh,HR,95000,2023-12-12,Active,40
EMP04779,Riya Gupta,HR,95000,2021-09-01,Inactive,29
EMP04780,Pooja Das,Sales,32000,2021-08-25,Inactive,50
EMP04781,Neel Singh,Marketing,,2021-01-09,On Leave,30
EMP04782,Pooja Iyer,HR,45000,2023-10-27,Active,39
EMP04783,Ishaan Rao,HR,80000,2022-02-10,On Leave,55
EMP04784,Dev Nair,Marketing,32000,2023-06-19,Active,37
EMP04785,Meera Nair,Operations,32000,2023-06-18,On Leave,53
EMP04786,Vihaan Gupta,Finance,60000,2023-12-08,On Leave,58
EMP04787,Dev Singh,Marketing,-5000,2021-05-07,Active,37
EMP04788,Anaya Rao,HR,,2024-09-26,Inactive,25
EMP04789,Anaya Sharma,Finance,52000,2023-08-27,On Leave,58
EMP04790,Anaya Patel,Finance,60000,2025-01-21,Active,30
EMP04791,Aditya Singh,HR,52000,2022-07-19,Active,22
EMP04792,Aarav Rao,HR,95000,2026-05-26,Active,58
EMP04793,Vihaan Nair,IT,45000,2021-04-10,Active,51
EMP04794,Riya Nair,Marketing,32000,2022-05-02,Active,35
EMP04795,Dev Rao,IT,80000,2024-05-27,On Leave,22
EMP04796,Sara Singh,Marketing,42000,2023-06-21,Active,56
EMP04797,Dev Mehta,Marketing,95000,2021-09-07,On Leave,25
EMP04798,Riya Patel,HR,42000,2026-05-28,On Leave,55
EMP04799,Maya Das,Marketing,42000,2023-07-15,Inactive,28
EMP04800,Anaya Patel,Finance,95000,2024-04-01,On Leave,42
EMP04801,Ira Patel,Finance,42000,2023-02-14,Inactive,30
EMP04802,Meera Das,IT,42000,2021-03-04,On Leave,57
EMP04803,Aarav Patel,Operations,45000,2024-08-16,Active,57
EMP04804,Maya Singh,IT,95000,2025-03-05,Inactive,35
EMP04805,Aditya Gupta,Marketing,72000,2021-10-15,Inactive,33
EMP04806,Pooja Sharma,HR,32000,2021-09-24,Inactive,56
EMP04807,Vihaan Sharma,Operations,45000,2025-06-05,On Leave,51
EMP04808,Anaya Gupta,Finance,45000,2026-05-15,On Leave,33
EMP04809,Ishaan Singh,IT,32000,2025-12-16,Inactive,21
EMP04810,Kabir Khan,HR,32000,2023-07-16,On Leave,56
EMP04811,Aarav Patel,HR,72000,2022-09-02,Inactive,37
EMP04812,Sara Das,Finance,72000,2026-02-26,On Leave,41
EMP04813,Aarav Singh,Finance,52000,2025-07-25,Inactive,24
EMP04814,Sara Singh,Finance,45000,2024-04-27,Active,37
EMP04815,Riya Iyer,Operations,38000,,Inactive,37
EMP04816,Kabir Patel,Marketing,45000,2024-02-21,On Leave,43
EMP04817,Ishaan Gupta,Sales,60000,2025-12-31,Inactive,44
EMP04818,Rahul Mehta,HR,95000,2025-10-27,On Leave,50
EMP04819,Arjun Singh,Finance,95000,2023-03-08,Active,42
EMP04820,Riya Iyer,Finance,45000,2023-07-23,On Leave,50
EMP04821,Riya Nair,Sales,38000,2021-02-26,Active,36
EMP04822,Riya Sharma,Marketing,52000,2023-10-05,Active,40
EMP04823,Riya Rao,Operations,52000,2023-04-25,Active,29
EMP04824,Ishaan Nair,IT,38000,2025-11-11,Inactive,27
EMP04825,Ira Rao,Operations,38000,2021-03-14,On Leave,42
EMP04826,Aditya Patel,Finance,42000,2021-05-14,On Leave,55
EMP04827,Arjun Iyer,,95000,2022-12-10,Inactive,46
EMP04828,Ira Patel,Operations,32000,2025-07-07,On Leave,35
EMP04829,Anaya Rao,Sales,38000,2025-04-10,Active,40
EMP04830,Tara Gupta,Operations,38000,2024-04-25,Inactive,42
EMP04831,Karan Mehta,Operations,45000,2023-01-22,Active,22
EMP04832,Maya Mehta,IT,45000,2021-06-30,Active,39
EMP04833,Vihaan Das,Sales,38000,,Active,25
EMP04834,Aditya Iyer,Sales,32000,2025-09-02,Active,58
EMP04835,Ira Singh,Marketing,52000,2026-04-26,,31
EMP04836,Karan Gupta,Finance,95000,2023-12-23,On Leave,33
EMP04837,Vihaan Nair,Operations,45000,2021-11-07,Inactive,32
EMP04838,Tara Khan,Operations,42000,2021-04-08,Inactive,46
EMP04839,Ishaan Nair,Operations,32000,2022-07-06,Inactive,21
EMP04840,Neel Das,Sales,52000,2022-10-01,Active,50
EMP04841,Nisha Singh,Finance,42000,2023-10-31,Active,27
EMP04842,Dev Mehta,Finance,72000,2023-04-06,Active,35
EMP04843,Dev Khan,Operations,42000,2023-01-25,On Leave,45
EMP04844,Nisha Khan,Marketing,38000,2023-05-27,Active,47
EMP04845,Pooja Iyer,Marketing,38000,2025-06-22,Active,43
EMP04846,Kabir Patel,HR,80000,2023-07-21,Inactive,54
EMP04847,Vihaan Sharma,Marketing,42000,2025-04-19,On Leave,34
EMP04848,Karan Gupta,Operations,72000,2021-11-05,Inactive,49
EMP04849,Dev Gupta,Operations,42000,2023-04-09,On leave,48
EMP04850,Tara Sharma,Operations,95000,2024-03-07,Inactive,23
EMP04851,Diya Singh,HR,42000,2023-01-31,On Leave,34
EMP04852,Meera Sharma,Operations,45000,2021-01-10,Active,43
EMP04853,,Operations,95000,2021-09-10,Active,39
EMP04854,Kabir Singh,IT,38000,2022-05-08,Inactive,54
EMP04855,Kabir Singh,Operations,52000,2025-12-27,On Leave,48
EMP04856,Vihaan Das,Sales,38000,2026-06-16,Inactive,55
EMP04857,Tara Gupta,Finance,72000,2024-11-27,On Leave,54
EMP04858,Tara Das,HR,52000,2025-09-18,Inactive,28
EMP04859,Pooja Gupta,,95000,2025-11-11,On Leave,53
EMP04860,Kabir Sharma,Finance,38000,2025-02-02,Active,37
EMP04861,Vihaan Nair,Finance,45000,2026-03-29,Active,45
EMP04862,Kabir Sharma,Sales,60000,2022-05-10,Inactive,45
EMP04863,Aarav Patel,Operations,80000,2022-05-10,On Leave,25
EMP04864,Diya Nair,Sales,60000,2022-08-03,On Leave,24
EMP04865,Rahul Khan,HR,42000,2023-10-26,On Leave,25
EMP04866,Tara Patel,Finance,72000,2021-10-19,Active,58
EMP04867,Neel Nair,HR,95000,2024-05-24,Active,26
EMP04868,Vihaan Nair,HR,45000,2024-05-12,On Leave,27
EMP04869,Nisha Nair,Operations,95000,2023-07-12,On Leave,36
EMP04870,Dev Mehta,hr,42000,2021-09-17,Inactive,55
EMP04871,Sara Nair,IT,52000,2023-05-02,On Leave,25
EMP04872,Karan Singh,Operations,38000,2023-08-18,On Leave,56
EMP04873,Tara Patel,Operations,42000,2023-12-05,Inactive,44
EMP04874,Sara Mehta,IT,32000,2026-02-14,Inactive,57
EMP04875,Ishaan Rao,Finance,,2023-05-24,Inactive,53
EMP04876,Kabir Das,HR,38000,2022-07-20,Inactive,44
EMP04877,Kabir Mehta,Marketing,80000,2025-02-04,Inactive,45
EMP04878,Aarav Rao,IT,,2026-04-01,Active,21
EMP04879,Dev Gupta,IT,45000,2025-05-15,Inactive,44
EMP04880,Nisha Mehta,Operations,95000,2021-05-09,Active,55
EMP04881,Dev Patel,Operations,80000,2023-12-16,Active,21
EMP04882,Ishaan Gupta,Operations,45000,2024-09-22,Active,22
EMP04883,Tara Khan,HR,42000,2024-11-19,On Leave,33
EMP04884,Aditya Das,Marketing,38000,2023-11-03,On Leave,33
EMP04885,Karan Sharma,Marketing,38000,2021-09-07,Active,45
EMP04886,Ira Gupta,Sales,72000,2023-09-28,Active,26
EMP04887,Dev Iyer,Sales,52000,2023-02-26,On Leave,44
EMP04888,Anaya Iyer,Finance,45000,2021-03-19,On Leave,57
EMP04889,Vihaan Sharma,Sales,45000,2022-11-07,On Leave,25
EMP04890,Karan Gupta,HR,42000,2023-12-07,On Leave,30
EMP04891,Ira Das,Marketing,95000,2024-10-27,On Leave,44
EMP04892,Pooja Das,Finance,60000,2025-01-20,Active,51
EMP04893,Riya Singh,Finance,60000,2021-10-08,On Leave,49
EMP04894,Ira Rao,Marketing,45000,2024-01-16,Inactive,23
EMP04895,Riya Rao,it,72000,2023-09-11,Active,28
EMP04896,Aditya Rao,Finance,80000,2025-08-18,Active,31
EMP04897,Sara Patel,IT,80000,2023-07-13,Inactive,42
EMP04898,Rahul Nair,Finance,52000,2025-12-11,Inactive,42
EMP04899,Vihaan Sharma,HR,38000,2026-06-23,Active,25
EMP04900,Meera Mehta,Marketing,45000,2024-01-12,Active,30
EMP04901,Karan Sharma,Marketing,72000,2024-12-05,On Leave,51
EMP04902,Neel Sharma,IT,38000,2024-08-25,On Leave,42
EMP04903,Arjun Iyer,Marketing,60000,2024-07-19,Active,31
EMP04904,Nisha Iyer,Operations,42000,2026-03-12,Active,48
EMP04905,Riya Gupta,Operations,80000,2023-11-06,Active,39
EMP04906,Sara Patel,Finance,80000,2021-05-06,Active,23
EMP04907,Ishaan Patel,Sales,45000,2023-09-16,On Leave,36
EMP04908,Vihaan Gupta,Operations,42000,2021-02-05,Active,41
EMP04909,Nisha Sharma,Operations,,2022-05-02,Inactive,40
EMP04910,Dev Nair,HR,52000,2022-05-25,Inactive,57
EMP04911,Vihaan Das,Sales,38000,2022-09-07,Active,52
EMP04912,Vihaan Singh,Operations,52000,2023-12-30,Inactive,48
EMP04913,Arjun Rao,HR,95000,2023-03-18,On Leave,44
EMP04914,Ishaan Sharma,Operations,60000,2022-04-12,Active,23
EMP04915,Ira Iyer,Finance,38000,2023-05-08,On Leave,35
EMP04916,Aarav Iyer,IT,unknown,2021-04-07,Active,55
EMP04917,Tara Iyer,Sales,52000,2026-06-07,Active,51
EMP04918,Sara Rao,HR,42000,2021-02-14,Active,56
EMP04919,Pooja Mehta,Finance,52000,2024-07-09,On Leave,45
EMP04920,Aditya Iyer,HR,42000,2021-12-12,,27
EMP04921,Dev Singh,Marketing,38000,2023-08-28,Active,26
EMP04922,Ira Mehta,HR,80000,2022-02-15,Active,22
EMP04923,Nisha Mehta,Sales,60000,2025-06-13,Active,55
EMP04924,Aditya Patel,IT,80000,2023-06-06,Inactive,55
EMP04925,Neel Nair,IT,38000,2022-11-08,On Leave,49
EMP04926,Tara Mehta,Sales,52000,2024-01-25,Inactive,57
EMP04927,Pooja Gupta,Marketing,38000,2021-06-24,On Leave,45
EMP04928,Aditya Gupta,Operations,72000,2023-06-03,On Leave,21
EMP04929,Neel Singh,Operations,38000,2024-02-26,Active,29
EMP04930,Ishaan Gupta,HR,72000,2023-08-09,Inactive,43
EMP04931,Arjun Gupta,Marketing,38000,2025-08-12,Active,-5
EMP04932,Meera Sharma,Operations,32000,2021-11-11,Inactive,44
EMP04933,Diya Nair,Sales,32000,2021-11-15,On Leave,52
EMP04934,Karan Gupta,Sales,72000,2023-04-27,Inactive,23
EMP04935,Riya Singh,Finance,32000,2022-08-05,Active,32
EMP04936,Aarav Iyer,Marketing,80000,2021-04-07,Active,56
EMP04937,Meera Mehta,IT,,2026-06-04,Inactive,27
EMP04938,Ira Singh,Operations,80000,2026-01-08,Active,34
EMP04939,Nisha Das,Sales,45000,2025-03-06,Inactive,46
EMP04940,Riya Nair,Operations,38000,2024-01-21,On Leave,40
EMP04941,Riya Gupta,Marketing,95000,2021-11-26,On Leave,51
EMP04942,Tara Sharma,Finance,32000,2023-07-13,Inactive,34
EMP04943,Aarav Singh,IT,95000,2024-04-21,,38
EMP04944,Nisha Mehta,Finance,60000,2024-12-26,Inactive,52
EMP04945,Rahul Nair,Sales,95000,2023-03-26,On Leave,36
EMP04946,Nisha Sharma,Marketing,95000,2025-08-27,Inactive,48
EMP04947,Dev Singh,IT,42000,2023-07-06,On Leave,33
EMP04948,Maya Rao,Sales,45000,2022-10-14,On Leave,26
EMP04949,Anaya Singh,Sales,60000,2023-03-19,Inactive,48
EMP04950,Dev Mehta,Operations,45000,2022-08-29,Active,53
EMP04951,Diya Mehta,Operations,32000,2022-12-04,On Leave,53
EMP04952,Ishaan Mehta,Operations,80000,2023-10-30,Inactive,37
EMP04953,Ishaan Patel,Marketing,80000,2024-05-12,Inactive,35
EMP04954,Anaya Patel,HR,80000,2025-07-14,Inactive,51
EMP04955,Maya Das,HR,45000,2024-11-07,Inactive,51
EMP04956,Karan Sharma,Finance,45000,2024-10-16,On Leave,54
EMP04957,Diya Sharma,IT,52000,2023-11-04,Inactive,21
EMP04958,Dev Patel,Sales,60000,2026-01-28,Active,22
EMP04959,Maya Mehta,,60000,2023-12-10,Active,52
EMP04960,Vihaan Rao,HR,32000,2025-03-05,Inactive,45
EMP04961,Neel Das,Sales,45000,2021-11-05,On Leave,45
EMP04962,Rahul Iyer,Finance,72000,2023-08-30,On Leave,24
EMP04963,Neel Singh,Sales,38000,2023-03-01,Inactive,54
EMP04964,Arjun Patel,Sales,95000,2021-02-20,Active,37
EMP04965,Arjun Das,Finance,60000,2023-02-21,Active,39
EMP04966,Meera Rao,IT,38000,2026-04-24,Active,43
EMP04967,Anaya Mehta,Sales,38000,2024-02-17,Active,27
EMP04968,Arjun Gupta,Marketing,72000,2023-04-16,Inactive,22
EMP04969,Karan Rao,Marketing,38000,2022-03-31,On Leave,45
EMP04970,Vihaan Gupta,Marketing,32000,2022-06-03,Active,26
EMP04971,Sara Das,IT,38000,2022-02-28,Active,25
EMP04972,Neel Nair,HR,45000,2025-01-04,Inactive,49
EMP04973,Diya Nair,Operations,-5000,2025-02-03,On Leave,25
EMP04974,Anaya Khan,IT,42000,2024-02-08,Active,50
EMP04975,Aditya Iyer,Operations,32000,2024-10-01,Inactive,44
EMP04976,Anaya Khan,Marketing,80000,2023-04-22,On Leave,42
EMP04977,Aditya Das,Sales,60000,2022-04-17,Inactive,42
EMP04978,Maya Nair,Finance,32000,2024-08-01,On Leave,57
EMP04979,Ira Iyer,Sales,42000,2025-01-03,Active,43
EMP04980,Ishaan Nair,Sales,42000,2022-04-11,On Leave,24
EMP04981,Meera Singh,Marketing,60000,2024-08-26,Active,32
EMP04982,Aarav Sharma,Operations,95000,2025-09-12,Inactive,49
EMP04983,Arjun Singh,Marketing,95000,2025-04-28,Active,41
EMP04984,Aditya Gupta,Marketing,72000,2024-04-20,On Leave,52
EMP04985,Anaya Gupta,HR,38000,2026-04-19,Active,47
EMP04986,Anaya Patel,Operations,60000,2024-11-21,Active,50
EMP04987,Diya Gupta,Finance,32000,2023-12-01,On Leave,36
EMP04988,Arjun Patel,HR,95000,2023-10-07,Inactive,24
EMP04989,Rahul Khan,Operations,,2021-08-18,Active,22
EMP04990,Aarav Rao,IT,38000,2021-10-02,On Leave,24
EMP04991,Maya Sharma,Marketing,80000,2024-10-19,Inactive,55
EMP04992,Sara Singh,IT,72000,2024-10-17,Inactive,29
EMP04993,Ishaan Sharma,Operations,72000,2025-11-17,Active,45
EMP04994,Ira Mehta,Sales,45000,2021-08-02,Inactive,50
EMP04995,Nisha Das,HR,42000,2024-02-02,On Leave,48
EMP04996,Vihaan Gupta,Sales,32000,2021-07-25,Inactive,39
EMP04997,Aditya Das,Finance,72000,2021-01-23,Active,
EMP04998,Maya Patel,Marketing,32000,2021-10-27,Inactive,56
EMP04999,Ishaan Singh,Marketing,45000,2024-08-23,Active,54
EMP05000,Tara Khan,HR,80000,2023-08-13,Active,30
EMP05001,Rahul Singh,IT,80000,2022-06-08,Active,49
EMP05002,Pooja Sharma,Marketing,80000,2024-05-05,On Leave,30
EMP05003,Arjun Patel,IT,42000,2021-04-25,Inactive,36
EMP05004,Maya Mehta,Marketing,72000,2026-04-04,Active,38
EMP05005,Diya Singh,IT,32000,2025-05-29,On Leave,41
EMP05006,Vihaan Gupta,Operations,95000,2023-02-10,Inactive,23
EMP05007,Vihaan Gupta,Operations,95000,2022-06-09,On Leave,43
EMP05008,Dev Singh,IT,95000,2021-09-23,Active,30
EMP05009,Neel Patel,Finance,80000,2024-10-04,Inactive,58
EMP05010,Kabir Iyer,Sales,42000,2022-11-27,Active,37
EMP05011,Riya Iyer,Marketing,42000,2023-03-19,Inactive,38
EMP05012,Karan Nair,IT,80000,2022-02-07,On Leave,41
EMP05013,Ishaan Singh,HR,72000,2024-01-28,Active,40
EMP05014,Nisha Singh,Marketing,32000,2026-04-26,On Leave,23
EMP05015,Ishaan Mehta,IT,72000,2025-12-13,Inactive,45
EMP05016,Neel Das,Sales,42000,2021-11-03,On Leave,53
EMP05017,Aditya Mehta,Operations,72000,2024-05-07,Inactive,32
EMP05018,Sara Rao,IT,60000,2021-11-23,Active,28
EMP05019,Pooja Mehta,Marketing,52000,2025-06-22,On Leave,45
EMP05020,Dev Mehta,Operations,32000,2025-01-29,On Leave,40
EMP05021,Kabir Patel,Sales,52000,2025-06-05,Active,22
EMP05022,Ishaan Khan,Finance,52000,2024-03-04,Active,27
EMP05023,Maya Gupta,Sales,45000,2022-04-28,On Leave,54
EMP05024,Tara Das,IT,60000,2025-07-01,Inactive,36
EMP05025,Kabir Gupta,Finance,45000,2024-05-08,Active,57
EMP05026,Tara Gupta,HR,38000,2024-04-27,On Leave,41
EMP05027,Meera Singh,HR,38000,2021-05-08,On Leave,48
EMP05028,Riya Patel,Sales,72000,2023-07-15,Inactive,58
EMP05029,Sara Nair,Finance,95000,2022-04-29,Inactive,29
EMP05030,Arjun Iyer,IT,60000,2026-03-12,On Leave,43
EMP05031,Karan Mehta,Sales,72000,2023-03-07,On Leave,35
EMP05032,Aarav Nair,Sales,52000,2023-05-31,Inactive,37
EMP05033,Tara Patel,Marketing,52000,2021-01-08,Active,51
EMP05034,Nisha Mehta,Operations,38000,2022-07-30,On Leave,21
EMP05035,Vihaan Sharma,Finance,38000,2022-09-07,On Leave,35
EMP05036,Ira Patel,Operations,72000,2024-02-08,Active,43
EMP05037,Arjun Das,Finance,32000,2021-09-01,Inactive,54
EMP05038,Arjun Nair,IT,60000,2023-12-21,Inactive,54
EMP05039,Anaya Mehta,Operations,60000,2021-07-31,Active,53
EMP05040,Kabir Khan,Operations,72000,2025-01-31,On Leave,30
EMP05041,Tara Sharma,Operations,95000,2025-04-11,On Leave,44
EMP05042,Karan Patel,HR,60000,2026-02-28,Active,34
EMP05043,Riya Gupta,Sales,52000,2021-04-28,Inactive,32
EMP05044,Aditya Rao,,60000,2023-05-26,Active,40
EMP05045,Sara Khan,Operations,45000,2023-01-18,Inactive,33
EMP05046,Riya Singh,IT,42000,2022-11-26,On Leave,32
EMP05047,Karan Mehta,Marketing,45000,2021-03-30,Active,26
EMP05048,Rahul Gupta,IT,72000,2021-02-01,On Leave,50
EMP05049,Ira Rao,IT,95000,2025-07-09,Active,48
EMP05050,Ishaan Singh,HR,95000,2021-05-11,On Leave,45
EMP05051,Sara Patel,Operations,60000,2022-04-13,Active,30
EMP05052,Kabir Sharma,HR,45000,2024-11-24,Active,40
EMP05053,Arjun Sharma,Operations,60000,2021-07-20,Active,31
EMP05054,Dev Khan, IT,60000,2025-05-27,Inactive,36
EMP05055,Riya Khan,Marketing,32000,2024-02-02,On Leave,23
EMP05056,Karan Patel,Operations,95000,2022-03-01,On Leave,22
EMP05057,Kabir Gupta,IT,80000,2024-06-12,Active,44
EMP05058,Kabir Rao,Sales,72000,2021-04-04,Active,51
EMP05059,Aditya Khan,HR,72000,2023-03-19,Active,41
EMP05060,Meera Khan,Sales,42000,2021-03-05,On Leave,49
EMP05061,Aarav Rao,Finance,32000,2022-03-25,On Leave,32
EMP05062,Anaya Iyer,Marketing,45000,2024-07-16,Inactive,28
EMP05063,Neel Patel,IT,52000,2021-10-24,Active,48
EMP05064,Aditya Mehta,HR,45000,2022-12-31,Active,32
EMP05065,Vihaan Das,IT,32000,2021-12-19,On Leave,35
EMP05066,Rahul Singh,Sales,60000,2026-02-24,Active,47
EMP05067,Ishaan Nair,Sales,42000,2023-12-30,On Leave,28
EMP05068,Ira Rao,IT,42000,2026-05-04,Inactive,52
EMP05069,Anaya Mehta,Sales,72000,2021-04-15,Inactive,37
EMP05070,Vihaan Iyer,Marketing,80000,2022-07-27,Active,42
EMP05071,Karan Mehta,Finance,72000,2025-03-16,On Leave,32
EMP05072,Maya Sharma,Finance,60000,2026-03-24,Inactive,150
EMP05073,Dev Das,Operations,45000,2025-12-21,Inactive,35
EMP05074,Dev Nair,Sales,42000,2022-09-13,Active,21
EMP05075,Aditya Singh,Sales,45000,2025-12-01,Active,49
EMP05076,Neel Sharma,HR,32000,2022-12-30,Active,33
EMP05077,Pooja Das,Marketing,45000,2022-01-28,Inactive,43
EMP05078,Kabir Singh,IT,45000,2021-10-25,On Leave,54
EMP05079,Ishaan Gupta,Marketing,80000,2022-02-13,Inactive,42
EMP05080,Sara Nair,IT,80000,2023-08-12,Active,56
EMP05081,Tara Nair,Sales,60000,2023-11-24,On Leave,28
EMP05082,Arjun Iyer,Sales,60000,2026-05-10,On Leave,30
EMP05083,Arjun Rao,Finance,32000,2023-06-17,Inactive,24
EMP05084,Diya Iyer,Operations,42000,2026-04-06,Active,28
EMP05085,Rahul Rao,Marketing,72000,2024-02-12,On Leave,44
EMP05086,Anaya Singh,Operations,60000,2025-05-18,On Leave,34
EMP05087,Tara Nair,Marketing,42000,2024-10-10,Inactive,57
EMP05088,Riya Das,Sales,72000,2023-11-11,On Leave,41
EMP05089,Maya Patel,Sales,42000,2024-09-27,Active,30
EMP05090,Karan Patel,IT,32000,2022-10-24,Inactive,24
EMP05091,Kabir Gupta,Sales,42000,2025-01-13,Inactive,22
EMP05092,Tara Nair,IT,72000,2022-05-12,On Leave,40
EMP05093,Dev Singh,HR,32000,2026-05-13,Inactive,49
EMP05094,Karan Mehta,Sales,52000,2021-10-29,Active,44
EMP05095,Maya Rao,Finance,60000,2026-03-13,,24
EMP05096,Arjun Mehta,IT,95000,2022-07-01,Active,25
EMP05097,Diya Nair,Operations,42000,2026-02-30,Inactive,27
EMP05098,Kabir Singh,Finance,45000,2023-09-05,Inactive,55
EMP05099,Kabir Patel,Marketing,52000,2023-01-09,Active,33
EMP05100,Arjun Rao,Sales,32000,2023-10-13,On Leave,54
EMP05101,Maya Rao,Sales,32000,2022-02-23,Active,41
EMP05102,Karan Gupta,Sales,60000,2021-10-24,On Leave,27
EMP05103,Diya Gupta,HR,80000,2024-02-27,Active,51
EMP05104,Arjun Singh,IT,38000,2024-02-21,Inactive,42
EMP05105,Diya Khan,Marketing,42000,2026-05-07,On Leave,26
EMP05106,Dev Iyer,Marketing,52000,2021-01-19,Inactive,40
EMP05107,Sara Khan,Marketing,32000,2025-02-05,Inactive,35
EMP05108,Tara Sharma,IT,72000,2022-07-07,On Leave,41
EMP05109,Ira Rao,Operations,42000,2023-03-10,On Leave,39
EMP05110,Maya Mehta,HR,80000,2024-11-14,Active,45
EMP05111,Neel Sharma,Operations,45000,2025-07-06,On Leave,26
EMP05112,Sara Nair,IT,60000,2022-08-21,Inactive,48
EMP05113,Rahul Mehta,Finance,42000,2025-10-12,Inactive,35
EMP05114,Vihaan Sharma,Sales,72000,2025-08-25,Inactive,29
EMP05115,Ira Gupta,Sales,52000,2021-10-10,Active,26
EMP05116,Vihaan Iyer,Operations,95000,2021-03-20,Active,40
EMP05117,Meera Iyer,Marketing,45000,2024-10-10,Active,24
EMP05118,Anaya Khan,IT,52000,2025-10-02,Inactive,28
EMP05119,Kabir Nair,Marketing,38000,2024-04-12,Inactive,39
EMP05120,Karan Iyer,HR,95000,2023-08-29,On Leave,47
EMP05121,Rahul Khan,Sales,42000,2022-03-02,Inactive,53
EMP09872,Ira Mehta,Finance,95000,2024-01-08,Inactive,57
EMP05123,Ira Singh,HR,95000,2022-12-15,On leave,36
EMP05124,Ira Khan,Finance,38000,2023-04-07,Inactive,32
EMP05125,Ishaan Khan,IT,52000,2022-03-07,On Leave,33
EMP05126,Vihaan Nair,Marketing,38000,2025-06-11,On Leave,45
EMP05127,Ishaan Das,Sales,32000,2026-06-01,Inactive,39
EMP05128,Nisha Mehta,IT,38000,2022-09-16,Active,31
EMP05129,Nisha Mehta,HR,45000,2022-06-28,Active,49
EMP05130,Diya Singh,HR ,60000,2022-04-05,Active,44
EMP05131,Neel Iyer,IT,60000,2026-03-31,On Leave,53
EMP05132,Nisha Khan,HR,95000,2022-08-19,On Leave,55
EMP05133,Neel Nair,IT,80000,2025-10-15,Active,57
EMP05134,Aditya Iyer,Operations,72000,,Active,58
EMP05135,Meera Iyer,HR,42000,2024-07-18,Active,50
EMP05136,Ira Khan,Marketing,45000,2022-10-05,On Leave,45
EMP05137,Arjun Singh,Finance,95000,31/12/2024,Active,41
EMP05138,Tara Sharma,IT,,2023-10-29,Active,33
EMP05139,Ira Patel,Marketing,45000,2026-04-15,Inactive,24
EMP05140,Diya Nair,Operations,32000,2021-02-01,Active,48
EMP05141,Tara Patel,Sales,95000,2022-09-01,Active,25
EMP05142,Riya Iyer,Operations,95000,2025-04-07,Active,56
EMP05143,Diya Mehta,Finance,45000,2022-06-11,On Leave,24
EMP05144,Anaya Iyer,Finance,95000,2024-09-29,On Leave,41
EMP05145,Rahul Das,Sales,60000,2022-11-08,On Leave,30
EMP05146,Aditya Singh,Marketing,72000,2025-02-22,Inactive,21
EMP05147,Neel Singh,Operations,32000,2025-11-11,On Leave,24
EMP05148,Kabir Singh,Marketing,95000,2023-12-25,On Leave,29
EMP05149,Arjun Mehta,Sales,95000,2021-07-10,Inactive,30
EMP05150,Pooja Nair,IT,52000,2022-07-07,Inactive,36
EMP05151,Neel Iyer,Sales,42000,2024-12-09,Active,30
EMP05152,Rahul Rao,Finance,52000,2024-01-07,Inactive,22
EMP05153,Tara Nair,Operations,72000,2023-06-16,Inactive,38
EMP05154,Pooja Sharma,Marketing,52000,2026-02-05,Active,21
EMP05155,Ishaan Sharma,Sales,32000,2025-09-09,Active,51
EMP05156,Kabir Khan,IT,32000,2024-03-13,On Leave,36
EMP05157,Sara Patel,HR,60000,2024-01-28,Inactive,24
EMP05158,Tara Patel,Finance,60000,2021-11-01,Active,33
EMP05159,Aditya Das,HR,38000,2025-08-28,Active,42
EMP05160,Dev Sharma,Finance,72000,2025-02-07,Active,31
EMP05161,Pooja Das,Operations,52000,2022-12-01,On Leave,55
EMP05162,Ishaan Khan,HR,60000,2026-01-08,Inactive,49
EMP05163,Diya Patel,IT,38000,2026-01-03,Inactive,22
EMP05164,Ira Singh,IT,95000,2022-02-15,Inactive,50
EMP05165,Ira Gupta,Finance,72000,2022-04-05,Active,24
EMP05166,Tara Singh,IT,60000,2023-05-09,On Leave,26
EMP05167,Ishaan Patel,Finance,60000,2026-05-04,On Leave,27
EMP05168,Dev Gupta,Finance,42000,2021-01-01,Active,25
EMP05169,Tara Nair,Sales,95000,2022-08-02,Active,21
EMP05170,Pooja Rao,HR,95000,2023-03-30,On Leave,25
EMP05171,Diya Iyer,Operations,32000,2022-09-26,Inactive,56
EMP05172,Aarav Rao,Sales,80000,2023-01-26,Inactive,26
EMP05173,Maya Nair,Operations,42000,2021-04-15,Inactive,48
EMP05174,Sara Rao,IT,95000,2024-06-13,On Leave,40
EMP05175,Riya Mehta,Finance,52000,2021-11-29,On Leave,48
EMP05176,Nisha Mehta,HR,52000,2024-12-04,Inactive,37
EMP05177,Riya Sharma,Finance,45000,2022-01-30,Active,30
EMP05178,Meera Mehta,Sales,72000,2024-03-27,On Leave,26
EMP05179,Aarav Rao,Finance,45000,2023-07-18,Inactive,33
EMP05180,Karan Singh,IT,95000,2021-08-27,Active,52
EMP05181,Vihaan Patel,Finance,45000,2022-04-29,On Leave,48
EMP05182,Vihaan Singh,Operations,60000,2024-06-25,Active,35
EMP05183,Tara Sharma,IT,95000,2025-07-29,Inactive,55
EMP05184,Tara Das,Marketing,95000,2022-10-20,On Leave,27
EMP05185,Nisha Iyer,IT,38000,2024-04-17,On Leave,38
EMP05186,Maya Nair,Finance,42000,2023-10-21,On Leave,31
EMP05187,Vihaan Sharma,Finance,95000,2022-04-18,Inactive,33
EMP05188,Aarav Rao,it,80000,2021-06-17,Active,38
EMP05189,Maya Das,Finance,60000,2024-09-15,Inactive,52
EMP05190,Meera Khan,Sales,72000,2023-04-27,Active,33
EMP05191,Anaya Khan,IT,42000,2023-02-06,Inactive,21
EMP05192,Dev Mehta,Finance,45000,2021-06-11,Inactive,30
EMP05193,Pooja Khan,Operations,60000,2026-04-28,Inactive,55
EMP05194,Karan Gupta,Marketing,72000,2021-12-17,On Leave,32
EMP05195,Nisha Singh,Finance,95000,2026-05-29,Active,32
EMP05196,Diya Das,IT,32000,2024-09-24,On Leave,29
EMP05197,Vihaan Das,Sales,38000,2024-12-01,On Leave,21
EMP05198,Nisha Gupta,IT,45000,2022-06-28,Active,50
EMP05199,Vihaan Gupta,Operations,38000,2021-01-10,On Leave,50
EMP05200,Neel Nair,HR,32000,2022-04-22,Active,25
EMP05201,Ira Mehta,Operations,60000,2024-12-17,On Leave,39
EMP05202,Sara Das,Marketing,32000,2024-08-21,Inactive,40
EMP05203,Aditya Singh,Marketing,42000,2022-04-28,On Leave,28
EMP05204,Karan Nair,IT,52000,2023-01-24,Inactive,34
EMP05205,Neel Sharma,HR,72000,2022-04-08,On Leave,32
EMP05206,Karan Khan,Operations,52000,2026-02-17,Active,48
EMP05207,Anaya Sharma,Sales,80000,2023-07-19,On Leave,50
EMP05208,Sara Rao,Finance,72000,2025-02-22,Inactive,23
EMP05209,Karan Singh,Finance,60000,2023-08-15,Active,31
EMP05210,Kabir Gupta,Marketing,42000,2021-02-05,Inactive,35
EMP05211,Maya Khan,IT,60000,2023-08-07,Inactive,21
EMP05212,Nisha Khan, IT,32000,2024-01-02,Inactive,41
EMP05213,Neel Nair,HR,60000,2024-03-31,Active,38
EMP05214,Riya Gupta,HR,38000,2025-04-28,On Leave,-5
EMP05215,Vihaan Mehta,HR,32000,2022-10-14,Inactive,51
EMP05216,Anaya Khan,,52000,2021-03-31,On Leave,25
EMP05217,Maya Rao,HR,80000,2026-06-05,On Leave,35
EMP00803,Maya Rao,Marketing,,2021-02-14,Inactive,55
EMP05219,Riya Iyer,Marketing,32000,2025-10-26,Inactive,thirty
EMP05220,Sara Nair,HR,42000,2025-04-06,On Leave,21
EMP05221,Diya Iyer,Sales,32000,2023-08-21,Inactive,37
EMP05222,Diya Mehta,HR,80000,2023-10-24,On Leave,36
EMP05223,Nisha Nair,Sales,52000,2022-07-21,inactive,24
EMP05224,Kabir Singh,Sales,80000,2022-01-16,On Leave,
EMP05225,Diya Rao,Finance,38000,2024-02-04,Active,46
EMP05226,Dev Gupta,IT,42000,2026-02-25,Active,33
EMP05227,Aarav Patel,Sales,60000,2023-02-01,Active,30
EMP05228,Ishaan Khan,HR,72000,2022-03-11,Active,40
EMP05229,Arjun Rao,HR,52000,2023-06-15,Inactive,53
EMP05230,Diya Khan,Finance,32000,2022-07-02,Active,44
EMP05231,Ishaan Mehta,Finance,80000,2021-01-06,inactive,44
EMP05232,Diya Gupta,IT,45000,2024-09-05,On Leave,54
EMP05233,Riya Mehta,Sales,42000,2023-10-09,Active,47
EMP05234,Rahul Gupta,HR,80000,2024-01-17,Inactive,36
EMP05235,Riya Rao,IT ,45000,2024-01-06,Active,46
EMP05236,Nisha Gupta,Operations,95000,2025-07-18,Inactive,58
EMP05237,Tara Gupta,IT,45000,2026-03-16,On Leave,52
EMP05238,Ira Rao,Finance,72000,2025-08-28,Inactive,36
EMP05239,Tara Sharma,Operations,32000,2023-01-16,Active,31
EMP05240,Anaya Singh,Sales,60000,2021-11-07,Inactive,24
EMP05241,Aarav Rao,IT,95000,2022-01-14,Inactive,49
EMP05242,Meera Khan,Finance,42000,2021-01-30,On Leave,45
EMP05243,Aditya Patel,Sales,42000,2022-06-18,On Leave,48
EMP05244,Anaya Rao,IT,42000,2023-01-16,Inactive,34
EMP05245,Riya Sharma,IT,38000,2024-11-10,Inactive,51
EMP05246,Nisha Nair,Marketing,38000,2023-06-18,Active,39
EMP05247,Meera Mehta,Finance,42000,2025-10-23,Inactive,39
EMP05248,Aditya Khan,IT,42000,2024-03-05,Active,55
EMP05249,Meera Patel,HR,38000,2024-12-27,Active,22
EMP05250,Aditya Singh,Marketing,32000,2024-02-01,Inactive,27
EMP05251,Ishaan Singh,Finance,32000,2023-09-29,Active,28
EMP05252,Dev Singh,HR,80000,2026-03-03,Inactive,47
EMP05253,Nisha Sharma,Finance,38000,2022-02-20,On Leave,32
EMP05254,Diya Sharma,HR,80000,2023-03-11,Active,39
EMP05255,Anaya Sharma,Sales,60000,2026-02-19,Active,37
EMP05256,Pooja Iyer,Finance,45000,2021-09-10,Inactive,38
EMP05257,Dev Das,IT,60000,2021-04-19,On Leave,42
EMP05258,Ira Mehta,Sales,80000,2025-02-01,Active,36
EMP05259,Karan Nair,Sales,72000,2022-04-14,On Leave,25
EMP05260,Karan Gupta,Finance,60000,2025-10-05,On Leave,32
EMP05261,Aarav Singh,HR,32000,2024-12-02,Active,46
EMP05262,Sara Singh,Marketing,72000,2023-07-12,Inactive,28
EMP05263,Diya Khan,IT,45000,2024-12-01,On Leave,34
EMP05264,Ira Singh,Marketing,95000,2022-02-24,Active,51
EMP05265,,IT,52000,2022-09-18,Active,27
EMP05266,Ishaan Singh,Marketing,32000,2025-05-24,Inactive,55
EMP05267,Nisha Sharma,Sales,38000,2026-05-15,Active,33
EMP05268,Meera Iyer,Sales,45000,2025-03-05,On Leave,58
EMP06187,Aditya Sharma,Marketing,60000,2025-11-09,On Leave,54
EMP05270,Rahul Nair,Finance,45000,2025-06-09,On Leave,28
EMP05271,Maya Iyer,Finance,60000,2023-02-23,Inactive,34
EMP05272,Ira Das,IT,80000,2025-07-26,On Leave,47
EMP05273,Rahul Das,Operations,80000,2022-05-28,Active,21
EMP05274,Arjun Rao,Marketing,52000,2024-05-25,Active,21
EMP05275,Pooja Nair,IT,80000,2024-03-05,Inactive,37
EMP05276,Ishaan Singh,HR,72000,2023-05-31,On Leave,50
EMP05277,Meera Patel,IT,60000,2023-04-21,On Leave,54
EMP05278,Riya Khan,Sales,60000,2021-09-26,Inactive,46
EMP05279,Nisha Nair,Operations,52000,2024-11-25,On Leave,54
EMP05280,Sara Sharma,Finance,32000,2024-07-10,On Leave,48
EMP05281,Meera Singh,HR,95000,2023-01-30,On Leave,42
EMP05282,Rahul Mehta,Operations,unknown,2021-01-01,On Leave,40
EMP05283,Sara Mehta,Operations,45000,2022-07-30,Inactive,58
EMP05284,Kabir Singh,Operations,95000,2025-05-02,On Leave,44
EMP05285,Anaya Das,Sales,80000,2021-10-12,Active,48
EMP05286,Maya Rao,Sales,52000,2023-02-22,Active,32
EMP05287,Aarav Patel,Marketing,52000,2025-07-22,On Leave,54
EMP05288,Diya Gupta,Operations,42000,2022-04-11,On Leave,48
EMP05289,Riya Das,Sales,60000,2025-07-26,Inactive,23
EMP05290,Neel Nair,Finance,45000,2023-12-07,On Leave,41
EMP05291,Aarav Patel,Marketing,95000,2023-08-25,Active,33
EMP05292,Nisha Singh,Operations,60000,2022-02-16,On Leave,58
EMP05293,Arjun Singh,Finance,52000,2025-09-29,Active,52
EMP05294,Pooja Iyer,HR,72000,2021-02-27,On Leave,52
EMP05295,Vihaan Khan,Finance,95000,2022-11-19,On Leave,40
EMP05296,Vihaan Patel,Finance,52000,2021-12-08,Active,32
EMP05297,Pooja Patel,Marketing,42000,2023-01-17,On Leave,51
EMP05298,Karan Mehta,Sales,95000,2026-03-20,Inactive,32
EMP05299,Dev Sharma,Finance,42000,2026-06-13,Active,42
EMP05300,Sara Mehta,Sales,32000,2021-02-11,Active,48
EMP05301,Nisha Patel,HR,60000,2026-04-09,Active,29
EMP05302,Aarav Mehta,HR,52000,2024-05-01,On Leave,45
EMP05303,Anaya Gupta,Operations,42000,2024-03-08,Active,24
EMP05304,Riya Nair,Operations,95000,2022-12-08,Inactive,43
EMP05305,Diya Das,Sales,42000,2022-09-23,Active,21
EMP05306,Dev Khan,Sales,80000,2022-01-05,Active,30
EMP05307,Dev Khan,Sales,52000,2026-03-31,Active,41
EMP05308,Aarav Gupta,IT,72000,2025-05-21,Active,48
EMP05309,Rahul Iyer,IT,52000,2025-10-08,Inactive,43
EMP05310,Aditya Rao,Sales,60000,2022-10-17,Active,27
EMP05311,Vihaan Iyer,Operations,80000,2021-10-15,Inactive,38
EMP05312,Sara Gupta,Marketing,52000,2021-12-28,On Leave,41
EMP05313,Neel Mehta,HR,32000,2026-03-12,Inactive,45
EMP05314,Ishaan Sharma,IT,52000,2022-07-09,Active,45
EMP05315,Aarav Sharma,Sales,80000,2022-05-08,Active,42
EMP05316,Pooja Das,Sales,42000,2025-11-27,Active,35
EMP05317,Riya Khan,Sales,45000,2022-12-20,Active,43
EMP05318,Riya Iyer,HR,72000,2024-12-07,On Leave,50
EMP05319,Neel Das,Finance,42000,2024-09-12,Active,32
EMP05320,Meera Sharma,Operations,38000,2021-12-19,Inactive,40
EMP05321,Riya Sharma,Marketing,60000,2025-07-02,Active,23
EMP05322,Arjun Das,IT,45000,2021-06-06,Inactive,26
EMP05323,Neel Patel,Marketing,42000,2022-06-01,on leave,44
EMP05324,Kabir Khan,Finance,80000,2022-05-07,On Leave,21
EMP05325,Diya Patel,Sales,32000,2024-09-05,Active,41
EMP05326,Neel Rao,Operations,42000,2021-06-20,On Leave,31
EMP05327,Pooja Gupta,Marketing,32000,2025-01-29,On Leave,43
EMP05328,Tara Patel,Finance,45000,2025-11-10,Active,41
EMP05329,Aditya Khan,IT,60000,2022-10-18,Active,33
EMP05330,Maya Mehta,IT,95000,2025-04-14,Active,54
EMP05331,Aarav Das,Operations,52000,2022-07-16,On Leave,50
EMP05332,Rahul Das,Sales,38000,2023-03-27,Active,40
EMP05333,Aditya Sharma,Sales,95000,2024-01-05,Inactive,27
EMP05334,Vihaan Mehta,HR,95000,2021-07-19,Inactive,54
EMP05335,Maya Gupta,Marketing,80000,2023-06-11,Inactive,31
EMP05336,Kabir Gupta,Operations,42000,2023-12-16,Inactive,26
EMP05337,Diya Mehta,Operations,72000,2025-09-23,Active,37
EMP05338,Neel Rao,HR,38000,2023-03-20,Inactive,37
EMP05339,Maya Singh,Finance,32000,2021-05-30,Active,55
EMP05340,Karan Iyer,HR,95000,2022-09-07,Inactive,23
EMP05341,Maya Gupta,Marketing,72000,2023-09-25,On Leave,22
EMP05342,Dev Singh,Marketing,32000,2024-05-12,Active,40
EMP05343,Ishaan Rao,HR,52000,2024-09-29,Active,52
EMP05344,Kabir Singh,Finance,72000,2023-09-06,Inactive,54
EMP05345,Tara Patel,HR,80000,2023-08-17,Active,40
EMP05346,Diya Sharma,IT,60000,2023-02-08,On Leave,55
EMP05347,Vihaan Patel,Sales,,2023-10-03,Inactive,52
EMP05348,,Finance,95000,2024-09-08,On Leave,45
EMP05349,Arjun Patel,HR,42000,2023-04-11,Inactive,23
EMP05350,Diya Patel,Sales,32000,2024-12-03,Inactive,43
EMP05351,Sara Singh,HR,45000,2026-03-25,Inactive,50
EMP05352,Meera Singh,Operations,32000,2023-11-23,Inactive,34
EMP05353,Dev Singh,Operations,42000,2025-01-06,Active,51
EMP05354,Sara Iyer,Operations,42000,2024-02-04,Inactive,58
EMP05355,Karan Gupta,HR,,2024-09-28,Active,50
EMP00029,Maya Singh,IT,80000,2022-07-13,Active,34
EMP05357,Meera Khan,Sales,80000,2022-03-20,On Leave,22
EMP05358,Dev Iyer,Marketing,,2022-02-01,Inactive,58
EMP05359,Maya Rao,Finance,95000,2023-08-31,Active,41
EMP05360,Karan Patel,HR,38000,2021-09-11,On Leave,49
EMP05361,Aarav Mehta,Operations,38000,2024-09-13,Inactive,58
EMP05362,Kabir Mehta,Operations,38000,2021-12-05,Inactive,57
EMP05363,Aditya Patel,IT,42000,2021-12-05,On Leave,24
EMP05364,Nisha Iyer,IT,52000,2024-10-17,Active,37
EMP05365,Neel Patel,Marketing,95000,2022-02-07,On Leave,44
EMP05366,Anaya Rao,Finance,42000,2021-08-17,On Leave,46
EMP05367,Kabir Khan,Finance,95000,2022-11-02,Active,42
EMP05368,Riya Iyer,Finance,60000,2022-12-07,Inactive,41
EMP05369,Aditya Nair,HR,45000,2023-11-09,Active,40
EMP05370,Arjun Das,Sales,38000,2023-04-29,On Leave,51
EMP05371,Karan Sharma,Finance,38000,2021-10-15,Inactive,23
EMP05372,Tara Gupta,Operations,42000,2021-05-25,On Leave,50
EMP05373,Rahul Nair,Operations,38000,2024-08-31,On Leave,27
EMP05374,Aarav Patel,Marketing,80000,2023-08-16,Active,25
EMP05375,Pooja Singh,Marketing,60000,2024-05-11,On Leave,28
EMP05376,Aarav Rao,Operations,45000,2022-04-26,Inactive,26
EMP05377,Sara Gupta,IT,,2023-06-22,Inactive,58
EMP05378,Karan Patel,IT,52000,2025-03-28,Inactive,43
EMP05379,Ishaan Patel,Marketing,95000,2021-02-09,On Leave,42
EMP05380,Karan Iyer,IT,32000,2023-08-25,On Leave,35
EMP05381,Aarav Sharma,Marketing,52000,2021-05-12,Active,46
EMP05382,Meera Gupta,HR,95000,2025-12-05,Active,26
EMP06544,Meera Rao,Finance,45000,2025-05-17,Active,36
EMP05384,Dev Patel,Operations,60000,2023-09-03,On Leave,21
EMP05385,Maya Singh,Finance,80000,2025-11-01,Active,23
EMP05386,Tara Singh,Marketing,42000,2023-12-18,Inactive,35
EMP05387,Aarav Sharma,Finance,45000,2024-09-11,Active,23
EMP05388,Pooja Gupta,Sales,45000,2023-07-21,On Leave,55
EMP05389,Diya Khan,Finance,72000,2025-09-06,On Leave,31
EMP05390,Arjun Patel,IT,32000,2021-12-07,Inactive,35
EMP05391,Anaya Gupta,IT,45000,2022-01-17,On Leave,36
EMP05392,Riya Gupta,Sales,72000,2021-12-14,Active,50
EMP05393,Maya Sharma,HR,72000,2025-12-21,Active,32
EMP05394,Meera Rao,Finance,72000,2025-10-07,On Leave,27
EMP05395,Aarav Nair,Marketing,42000,2021-04-11,Inactive,32
EMP05396,Kabir Mehta,IT,42000,2021-07-04,Active,52
EMP05397,Karan Khan,Sales,32000,2023-01-21,inactive,29
EMP05398,Dev Mehta,Sales,42000,2021-06-18,Inactive,22
EMP05399,Kabir Das,finance,60000,2025-07-07,Inactive,28
EMP05400,Riya Rao,IT,95000,2021-09-20,Inactive,27
EMP05401,Ira Gupta,Sales,95000,2022-02-24,Inactive,43
EMP05402,Meera Iyer,Marketing,95000,2025-05-07,On Leave,50
EMP05403,Meera Patel,Finance,42000,2025-06-18,On Leave,56
EMP05404,Rahul Sharma,Operations,80000,2026-03-10,On Leave,38
EMP05405,Aarav Singh,,72000,2024-07-22,On Leave,49
EMP05406,Pooja Singh,Marketing,52000,2021-03-22,On Leave,31
EMP05407,Ishaan Singh,IT,32000,2021-01-05,On Leave,28
EMP05408,Aarav Rao,Finance,52000,2025-03-29,On Leave,33
EMP05409,Pooja Khan,Operations,32000,2021-05-29,On Leave,35
EMP05410,Anaya Khan,Sales,95000,2024-11-16,Inactive,26
EMP05411,Ira Rao,Finance,95000,2022-11-14,On Leave,34
EMP05412,Kabir Das,Marketing,52000,2025-12-29,On Leave,44
EMP05413,Kabir Mehta,Sales,45000,2023-07-16,On Leave,44
EMP05414,Maya Singh,Marketing,32000,2021-07-13,On Leave,46
EMP05415,Anaya Singh,IT,95000,2025-11-09,Active,22
EMP05416,Aditya Gupta,HR,42000,2025-07-21,On Leave,34
EMP05417,Karan Singh,Operations,60000,2023-02-19,Active,51
EMP05418,Arjun Patel,HR,60000,2023-04-17,Active,54
EMP05419,Sara Mehta,Operations,32000,2022-11-27,Inactive,43
EMP05420,Maya Khan,Sales,38000,2021-01-24,Inactive,23
EMP05421,Kabir Das,Operations,38000,2023-03-05,Inactive,30
EMP05422,Karan Singh,Marketing,32000,2022-08-27,Active,30
EMP05423,Aarav Sharma,Sales,38000,2022-10-30,Active,45
EMP05424,Pooja Iyer,HR,72000,2025-09-08,Active,27
EMP05425,Arjun Gupta,Sales,45000,2024-06-16,Active,49
EMP05426,Vihaan Rao,IT,32000,2024-07-22,Active,25
EMP05427,Riya Sharma,HR,95000,2025-04-07,On Leave,58
EMP05428,Sara Mehta,Finance,95000,2026-02-22,Active,52
EMP05429,Tara Mehta,Sales,80000,2025-07-05,Inactive,32
EMP05430,Anaya Das,Finance,45000,2023-05-25,On Leave,37
EMP05431,Tara Gupta,Finance,42000,2024-10-18,Inactive,58
EMP02878,Ira Nair,Marketing,80000,2025-03-06,Active,26
EMP05433,Nisha Sharma,Marketing,52000,2023-11-05,Active,43
EMP05434,Meera Mehta,Operations,45000,2022-09-21,Active,26
EMP05435,Rahul Nair,Marketing,60000,2024-01-13,Active,41
EMP05436,Arjun Singh,Marketing,95000,2025-04-06,Inactive,54
EMP05437,Riya Sharma,HR,32000,2026-01-07,Active,49
EMP05438,Aarav Mehta,Sales,42000,2025-02-15,Inactive,53
EMP05439,Nisha Gupta,Marketing,80000,2025-08-25,Inactive,29
EMP05440,Karan Rao,Marketing,38000,2022-12-21,On Leave,25
EMP05441,Aarav Mehta,Operations,38000,2022-11-04,On Leave,32
EMP05442,Arjun Gupta,Sales,38000,2021-08-15,Active,23
EMP05443,Sara Patel,Marketing,42000,2025-02-27,Active,39
EMP05444,Nisha Gupta,HR,52000,2024-03-05,Inactive,51
EMP05445,Kabir Rao,Finance,60000,2021-09-04,On Leave,34
EMP05446,Meera Iyer,Operations,80000,2026-04-26,Inactive,50
EMP05447,Riya Patel,Finance,52000,2022-10-20,Active,52
EMP05448,Ishaan Singh,Marketing,95000,2022-05-07,On Leave,38
EMP05449,Aditya Gupta,Finance,72000,2022-08-11,Inactive,32
EMP05450,Kabir Rao,HR,45000,2023-06-21,Active,58
EMP05451,Aarav Sharma,Operations,95000,2024-02-26,Active,25
EMP05452,Arjun Iyer,IT,42000,2022-05-01,On Leave,37
EMP05453,Ishaan Gupta,HR,38000,2021-12-04,Inactive,40
EMP05454,Maya Das,IT,32000,2023-06-29,On Leave,31
EMP05455,Meera Khan,IT,52000,2026-01-09,On Leave,53
EMP05456,Kabir Patel,IT,45000,2022-04-25,On Leave,30
EMP05457,Karan Mehta,Operations,52000,2024-05-31,Active,46
EMP05458,Karan Patel,Operations,60000,2022-11-03,On Leave,54
EMP05459,Kabir Singh,Operations,52000,2022-09-15,Active,50
EMP05460,Ira Iyer,HR,52000,2025-06-02,On Leave,38
EMP05461,Diya Mehta,IT,95000,2025-09-14,On Leave,31
EMP05462,Ira Sharma,HR,45000,2025-11-08,Active,51
EMP05463,Kabir Mehta,Finance,42000,2022-11-26,On Leave,24
EMP05464,Aarav Singh,Sales,45000,2024-12-30,Inactive,55
EMP05465,Meera Rao,Sales,72000,2021-08-03,On Leave,53
EMP05466,Dev Rao,Finance,32000,2023-03-25,On Leave,28
EMP05467,Ira Das,HR,32000,2025-04-10,Inactive,47
EMP03939,Riya Nair,Marketing,52000,2025-12-21,Inactive,45
EMP05469,Ira Patel,HR,95000,2023-05-18,Inactive,40
EMP05470,Dev Das,Sales,32000,2025-01-04,Active,25
EMP05471,Arjun Mehta,Operations,38000,2022-11-11,Inactive,52
EMP05472,Anaya Gupta,Operations,52000,2024-05-23,Active,39
EMP05473,Dev Nair,HR,95000,2021-12-12,Inactive,47
EMP05474,Ira Sharma,Operations,72000,2023-12-29,Active,35
EMP05475,Anaya Rao,Finance,52000,2023-10-15,On Leave,40
EMP05476,Dev Sharma,HR,80000,2023-10-19,Inactive,53
EMP05477,Aarav Singh,Finance,42000,2024-12-11,Inactive,41
EMP05478,Aditya Iyer,IT,52000,2021-10-16,Active,-5
EMP05479,Anaya Khan,IT,72000,2021-10-25,On Leave,41
EMP05480,Pooja Gupta,IT,95000,2026-05-23,Active,29
EMP05481,Vihaan Das,HR,72000,2025-11-03,Inactive,54
EMP05482,Sara Das,Marketing,95000,2026-02-24,Active,44
EMP05483,Pooja Rao,Marketing,95000,2024-07-05,On Leave,33
EMP05484,Karan Rao,Sales,38000,2024-10-27,Active,37
EMP05485,Diya Gupta,Marketing,38000,2024-09-09,On Leave,29
EMP05486,Riya Sharma,IT,42000,2023-06-21,On Leave,32
EMP05487,Diya Iyer,Operations,42000,2026-05-06,Inactive,51
EMP05488,Maya Das,HR,42000,2022-03-19,Active,25
EMP05489,Neel Das,Sales,32000,2022-04-10,Inactive,38
EMP05490,Aarav Sharma,HR,52000,2023-01-23,Active,51
EMP05491,Anaya Khan,Finance,52000,2025-09-24,Active,51
EMP05492,Nisha Das,Finance,52000,2025-03-06,Inactive,24
EMP05493,Riya Khan,HR,52000,2024-08-16,On Leave,55
EMP05494,Aarav Gupta,Sales,80000,2021-01-31,Inactive,44
EMP05495,Anaya Nair,Sales,45000,2023-06-04,Inactive,42
EMP05496,Kabir Mehta,Marketing,72000,2024-03-18,Active,39
EMP05497,Ira Sharma,Operations,60000,2026-04-18,Inactive,44
EMP05498,Diya Sharma,Sales,38000,2022-06-09,Inactive,29
EMP05499,Ira Sharma,Finance,95000,2026-06-21,On Leave,41
EMP05500,Ira Mehta,Marketing,60000,2023-09-09,Inactive,50
EMP05501,Karan Rao,Finance,80000,2021-04-13,Active,38
EMP05502,Anaya Iyer,Finance,45000,2024-06-10,On Leave,50
EMP05503,Aarav Iyer,Operations,45000,2021-07-18,Active,30
EMP05504,Aarav Singh,Finance,95000,2025-08-23,On Leave,25
EMP05505,Vihaan Rao,Sales,32000,2024-09-27,On Leave,30
EMP05506,Aditya Singh,Marketing,52000,2026-03-24,Active,21
EMP05507,Aarav Patel,Marketing,60000,2024-04-11,Active,45
EMP05508,Dev Gupta,Operations,52000,2025-05-20,Active,54
EMP05509,Riya Nair,HR,45000,2022-02-11,Active,24
EMP05510,Aarav Khan,HR,45000,2025-08-02,,55
EMP05511,Aditya Gupta,Marketing,72000,2024-03-07,Inactive,23
EMP05512,Aarav Gupta,Marketing,45000,2025-08-04,On Leave,53
EMP05513,Maya Khan,HR,52000,2024-01-29,On Leave,31
EMP05514,Nisha Patel,Sales,72000,2022-09-25,Active,32
EMP05515,Ishaan Das,Operations,95000,2023-06-14,Inactive,-5
EMP05516,Anaya Singh,Sales,42000,2024-07-05,On Leave,50
EMP05517,Arjun Nair,Operations,95000,2023-01-21,Active,44
EMP05518,Neel Das,Finance,45000,2022-05-18,Inactive,21
EMP05519,Rahul Rao,Finance,unknown,2023-04-14,Inactive,31
EMP05520,Rahul Gupta,Sales,72000,2021-10-25,On Leave,41
EMP05521,Aditya Gupta,Marketing,60000,2026-02-09,Inactive,37
EMP05522,Sara Sharma,Finance,72000,2022-09-22,On Leave,44
EMP05523,Nisha Gupta,Operations,95000,2023-03-23,Active,36
EMP05524,Kabir Das,Sales,45000,2026-04-26,Inactive,42
EMP05525,Riya Khan,Sales,38000,2024-06-10,Inactive,45
EMP05526,Karan Mehta,Operations,60000,2026-02-19,Active,58
EMP05527,Karan Das,Operations,52000,2025-09-13,Inactive,49
EMP05528,Rahul Khan,Marketing,95000,2024-08-07,On Leave,46
EMP05529,Dev Das,Operations,80000,2022-05-21,Inactive,49
EMP05530,Maya Patel,HR,42000,2026-02-23,Inactive,32
EMP05531,Riya Das,Sales,38000,2024-06-21,On Leave,53
EMP05532,Tara Rao,Operations,72000,2025-08-05,Active,56
EMP05533,Vihaan Iyer,HR,38000,2024-12-22,Active,40
EMP05534,Aditya Khan,Marketing,45000,2024-12-17,Inactive,29
EMP05535,Tara Khan,HR,72000,2024-02-07,Inactive,41
EMP05536,Karan Das,Operations,38000,2026-02-06,On Leave,21
EMP05537,Dev Gupta,Finance,80000,2024-12-15,Inactive,46
EMP05538,Dev Sharma,HR,32000,2023-05-13,Active,24
EMP05539,Aarav Rao,HR,95000,2023-12-23,Inactive,47
EMP05540,Neel Khan,Marketing,45000,2025-03-06,Inactive,27
EMP05541,Ira Sharma,Sales,45000,2022-10-17,On Leave,24
EMP05542,Aditya Patel,Operations,38000,2022-08-16,Inactive,55
EMP05543,Riya Rao,Marketing,45000,2025-04-13,Inactive,31
EMP05544,Anaya Mehta,Marketing,52000,2026-02-18,Active,34
EMP05545,Arjun Rao,Marketing,80000,2023-02-22,Active,21
EMP05546,Sara Das,Sales,95000,2025-06-08,Inactive,49
EMP05547,Tara Nair,IT,72000,2023-06-11,Active,52
EMP05548,Neel Mehta,Marketing,42000,2022-03-18,On Leave,44
EMP05549,Arjun Rao,Operations,52000,2024-04-01,Active,41
EMP05550,Sara Gupta,Marketing,52000,2024-10-23,Active,53
EMP05551,Diya Rao,Marketing,80000,2025-01-24,On Leave,51
EMP05552,Arjun Patel,Operations,80000,2022-04-08,On Leave,27
EMP05553,Rahul Iyer,Operations,32000,2023-03-02,On Leave,44
EMP05554,Riya Nair,Sales,42000,2025-03-20,On Leave,35
EMP05555,Vihaan Mehta,HR,60000,2023-03-13,Active,23
EMP05556,Vihaan Mehta,Finance,52000,2025-10-23,Inactive,41
EMP05557,Arjun Rao,HR,72000,2025-05-19,On Leave,56
EMP05558,Neel Singh,Marketing,42000,2022-04-03,Inactive,51
EMP05559,Aditya Sharma,HR,72000,2021-01-20,On Leave,23
EMP05560,Aarav Das,Marketing,60000,2026-03-06,Inactive,32
EMP05561,Ishaan Singh,IT,80000,2023-01-28,On Leave,22
EMP05562,Neel Sharma,Operations,60000,2022-10-17,Active,41
EMP05563,Aditya Iyer,Operations,32000,2023-03-30,Active,26
EMP05564,Ira Das,HR,60000,2025-03-07,On Leave,36
EMP05565,Kabir Patel,Operations,38000,2026-01-08,Active,47
EMP05566,Sara Patel,Marketing,45000,2022-08-25,Active,29
EMP05567,Aarav Singh,HR,80000,2021-01-21,Inactive,24
EMP05568,Ishaan Iyer,IT,72000,2025-09-28,Active,44
EMP05569,Riya Das,Marketing,38000,2022-04-05,Active,58
EMP05570,Tara Mehta,Sales,95000,2023-04-06,On Leave,31
EMP05571,Ishaan Khan,Operations,60000,2024-02-12,Active,35
EMP05572,Rahul Khan,HR,60000,2025-03-29,Active,-5
EMP05573,Maya Gupta,Marketing,72000,2023-04-20,Inactive,58
EMP05574,Maya Rao,IT,72000,2024-10-15,on leave,23
EMP05575,Vihaan Sharma,Sales,42000,2024-02-24,Active,43
EMP05576,Maya Gupta,Marketing,95000,2024-03-13,Inactive,44
EMP05577,Maya Patel,Sales,42000,2024-08-13,On Leave,34
EMP05578,Riya Singh,IT,80000,,Active,45
EMP05579,Aditya Gupta,Marketing,60000,2023-02-19,Inactive,46
EMP05580,Pooja Singh,Finance,38000,2021-01-15,Active,23
EMP05581,Arjun Gupta,Marketing,38000,2022-01-12,Inactive,52
EMP05582,Ishaan Patel,finance,32000,2023-09-04,On Leave,24
EMP05583,Meera Khan,HR,60000,2026-03-30,Active,57
EMP05584,Meera Rao,HR,42000,2022-05-06,Inactive,39
EMP05585,Riya Patel,Finance,32000,2022-08-11,Inactive,33
EMP05586,Arjun Gupta,Marketing,42000,2023-04-14,On Leave,23
EMP05587,Ishaan Singh,Operations,52000,2025-05-26,Active,50
EMP05588,Sara Rao,Sales,95000,2024-06-08,On Leave,50
EMP05589,Meera Patel,Sales,38000,2025-03-10,Inactive,24
EMP05590,Nisha Gupta,HR,95000,2021-08-14,Inactive,49
EMP05591,Ira Rao,Finance,60000,2021-05-13,On Leave,31
EMP05592,Karan Sharma,Sales,80000,2022-05-12,Inactive,24
EMP05593,Ira Gupta,Operations,42000,2022-10-15,Inactive,22
EMP05594,Riya Rao,Sales,72000,2024-06-24,On Leave,22
EMP05595,Anaya Singh,Operations,45000,2025-07-28,Active,32
EMP05596,Dev Mehta,HR,95000,2023-10-21,Active,38
EMP05597,Riya Mehta,Marketing,42000,2024-08-27,Active,43
EMP05598,Pooja Sharma,Sales,45000,2023-02-22,Inactive,40
EMP05599,Neel Khan,HR,45000,2025-01-01,Inactive,28
EMP05600,Vihaan Das,Sales,42000,2024-03-12,Active,24
EMP05601,Vihaan Gupta,HR,32000,2023-01-20,Inactive,30
EMP05602,Vihaan Rao,Operations,72000,2024-03-30,ACTIVE,35
EMP05603,Nisha Gupta,Finance,52000,2021-09-15,Inactive,23
EMP05604,Diya Gupta,Marketing,60000,2023-04-28,Inactive,53
EMP05605,Neel Mehta,Finance,38000,2021-06-28,On Leave,45
EMP05606,Riya Mehta,Marketing,32000,2023-04-12,On Leave,31
EMP05607,Maya Das,IT,60000,2026-05-27,Active,33
EMP05608,Aarav Patel,HR,95000,2022-02-24,Active,53
EMP05609,Rahul Das,Operations,38000,2024-09-16,Inactive,54
EMP05610,Rahul Gupta,Finance,52000,2022-09-18,On Leave,28
EMP05611,Ishaan Mehta,IT,60000,2025-09-25,On Leave,56
EMP05612,Rahul Patel,IT,38000,2025-07-04,Active,36
EMP05613,Tara Iyer,IT,72000,2021-07-05,Inactive,26
EMP05614,Nisha Mehta,Marketing,32000,2025-09-27,On Leave,31
EMP05615,Karan Rao,HR,80000,2023-12-05,On Leave,46
EMP05616,Nisha Singh,Operations,80000,2021-08-29,Active,24
EMP05617,Nisha Khan,Sales,60000,2023-07-29,On Leave,50
EMP05618,Tara Das,Finance,60000,2023-07-07,Active,22
EMP05619,Aditya Das,Sales,45000,2024-03-29,,27
EMP05620,Dev Khan,Sales,72000,2022-01-20,Active,49
EMP05621,Neel Rao,Finance,80000,2024-03-30,Inactive,54
EMP05622,Arjun Mehta,Operations,42000,2024-05-31,Active,27
EMP05623,Ishaan Patel,Operations,45000,2023-07-31,Inactive,54
EMP05624,Pooja Nair,Finance,60000,2021-12-25,Active,40
EMP05625,Rahul Gupta,Finance,95000,2025-04-10,On Leave,21
EMP05626,Pooja Nair,HR,80000,2023-10-01,Inactive,43
EMP05627,Karan Mehta,Operations,52000,2022-08-29,Active,58
EMP05628,Meera Sharma,HR,72000,2022-01-10,Inactive,47
EMP05629,Aditya Singh,IT,45000,2025-01-07,Active,56
EMP05630,Vihaan Rao,HR,80000,2021-02-08,Active,39
EMP05631,Neel Rao,Finance,95000,2023-03-20,Active,41
EMP05632,Ishaan Sharma,HR,72000,2024-06-08,On Leave,49
EMP05633,Meera Mehta,HR,42000,2023-03-25,On Leave,45
EMP05634,Riya Sharma,IT,,2023-08-21,On Leave,35
EMP05635,Aditya Patel,Operations,80000,2023-09-25,Active,52
EMP05636,Anaya Sharma,Finance,45000,2025-05-06,Active,27
EMP05637,Anaya Gupta,IT,42000,2024-10-02,Inactive,31
EMP05638,Riya Mehta,IT,42000,2025-08-07,Active,54
EMP05639,Rahul Rao,Operations,42000,2024-06-20,On Leave,27
EMP05640,Sara Khan,Marketing,52000,2021-03-15,Active,53
EMP05641,Diya Nair,Operations,95000,2026-05-22,On Leave,51
EMP05642,Aditya Nair,Operations,52000,2024-12-26,Inactive,35
EMP05643,Kabir Gupta,IT,52000,2025-04-03,Inactive,26
EMP05644,Arjun Nair,Operations,72000,2023-04-27,On Leave,46
EMP05645,Anaya Das,Sales,80000,2024-02-12,Inactive,33
EMP05646,Ishaan Khan,HR,95000,2023-06-14,On Leave,53
EMP05647,Neel Rao,Sales,52000,2022-07-21,Active,39
EMP05648,Tara Khan,Operations,80000,2021-12-31,Active,45
EMP05649,Sara Sharma,Marketing,45000,2023-04-07,On Leave,45
EMP05650,Dev Sharma,HR,38000,2025-08-13,Inactive,49
EMP08751,Meera Mehta,Operations,-5000,2022-05-28,Inactive,47
EMP05652,Tara Das,Marketing,95000,2022-06-01,Inactive,22
EMP05653,Maya Das,Operations,80000,2025-02-20,Active,26
EMP05654,Riya Iyer,Marketing,38000,2024-06-04,Inactive,34
EMP05655,Aditya Patel,Marketing,72000,2025-10-05,Inactive,37
EMP05656,Aarav Nair,Marketing,42000,2025-04-07,Active,26
EMP05657,Vihaan Sharma,Sales,52000,2022-05-08,Active,52
EMP05658,Riya Das,Marketing,38000,2024-09-22,Inactive,41
EMP05659,Vihaan Iyer,Sales,72000,2021-03-01,On Leave,38
EMP05660,Dev Gupta,Sales,80000,2026-05-12,Inactive,30
EMP05661,Rahul Nair,Finance,45000,2023-09-05,On Leave,51
EMP05662,Diya Khan,Sales,95000,2026-05-28,Inactive,46
EMP05663,Aarav Nair,Marketing,32000,2025-11-03,On Leave,57
EMP05664,Arjun Rao,Marketing,60000,2024-10-08,Active,25
EMP05665,Neel Rao,Finance,32000,2025-10-06,Inactive,41
EMP05666,Nisha Mehta,Finance,80000,2026-01-26,Inactive,28
EMP05667,Neel Rao,Marketing,42000,2023-05-24,On Leave,24
EMP05668,Aditya Singh,Marketing,60000,2021-11-02,Active,43
EMP05669,Arjun Khan,Sales,32000,2022-03-06,Inactive,34
EMP05670,Tara Singh,Marketing,72000,2021-10-06,On Leave,51
EMP05671,Dev Gupta,Marketing,80000,2024-05-18,Inactive,44
EMP05672,Nisha Mehta,Operations,38000,2022-05-20,Inactive,36
EMP05673,Riya Nair,IT,32000,2023-08-26,Active,54
EMP05674,Aditya Iyer,HR,38000,2022-09-21,On Leave,N/A
EMP05675,Pooja Singh,HR,72000,2023-03-08,Inactive,46
EMP05676,Tara Gupta,IT,95000,2023-04-13,Active,25
EMP05677,Anaya Mehta,HR,95000,2024-07-09,On Leave,35
EMP05678,Kabir Iyer,Finance,45000,2022-11-25,Inactive,23
EMP05679,Tara Nair,HR,52000,2025-12-19,Inactive,34
EMP05680,Karan Patel,Sales,60000,2024-07-22,Inactive,45
EMP05681,Karan Gupta,HR,45000,2025-03-13,Inactive,51
EMP05682,Riya Khan,Operations,32000,2024-06-03,On Leave,41
EMP05683,Neel Das,Sales,72000,2023-08-11,On Leave,25
EMP05684,Aarav Rao,HR,38000,2023-01-21,Inactive,48
EMP05685,Aditya Gupta,HR,60000,2024-05-13,Inactive,22
EMP05686,Anaya Singh,IT,52000,2025-12-27,On Leave,38
EMP05687,Sara Patel,IT,60000,2024-12-01,Active,51
EMP05688,Dev Gupta,Operations,45000,2022-05-29,Inactive,23
EMP05689,Meera Iyer,Finance,32000,2024-10-17,Active,51
EMP05690,Aditya Singh,Sales,52000,2024-01-11,On Leave,42
EMP05691,Anaya Rao,Finance,52000,2021-07-31,On Leave,23
EMP05692,Rahul Das,Sales,80000,2023-03-11,Active,38
EMP05693,Arjun Patel,HR,60000,2025-02-24,Active,37
EMP05694,Karan Nair,Sales,42000,2023-03-26,Active,30
EMP05695,Riya Patel,IT,32000,2021-02-03,Active,42
EMP05696,Maya Sharma,Operations,42000,2021-08-05,Active,31
EMP05697,Aarav Iyer,IT,72000,2025-04-14,Inactive,43
EMP05698,Ishaan Iyer,IT,80000,2022-05-04,Inactive,38
EMP05699,Anaya Singh,Sales,32000,2021-08-08,On Leave,26
EMP05700,Aarav Khan,Marketing,45000,2022-05-01,On Leave,52
EMP05701,Meera Sharma,Marketing,52000,2022-06-18,On Leave,44
EMP05702,Riya Nair,HR,42000,2024-08-15,Active,39
EMP05703,Arjun Mehta,IT,32000,2021-08-08,Inactive,57
EMP05704,Diya Patel,IT,95000,2024-12-03,On Leave,46
EMP05705,Rahul Iyer,Operations,45000 INR,2024-08-08,Inactive,23
EMP05706,Neel Gupta,Sales,42000,2021-07-12,On Leave,37
EMP05707,Arjun Khan,Marketing,32000,2026-03-21,Inactive,38
EMP05708,Aditya Singh,IT,32000,2022-05-19,Active,45
EMP05709,Diya Singh,Operations,42000,2024-04-18,Active,26
EMP05710,Riya Patel,Sales,80000,2021-06-05,Active,21
EMP05711,Nisha Das,Operations,72000,2022-10-24,Active,29
EMP05712,Vihaan Iyer,Finance,60000,2026-06-03,Inactive,49
EMP05713,Arjun Patel,Sales,45000,2021-02-27,Active,58
EMP05714,Dev Das,Sales,95000,2021-03-14,Active,53
EMP05715,Pooja Patel,IT,52000,2022-02-13,Active,53
EMP05716,Ishaan Iyer,Finance,45000,2022-02-12,On Leave,54
EMP05717,Anaya Singh,Finance,45000,2026-06-20,Inactive,38
EMP05718,Nisha Rao,Marketing,32000,2026-01-10,Active,40
EMP05719,Tara Nair,Operations,72000,2026-06-09,Active,35
EMP05720,Sara Mehta,Marketing,72000,2023-10-31,On Leave,50
EMP05721,Ishaan Sharma,Sales,52000,2022-12-30,Active,32
EMP05722,Karan Sharma,Sales,45000,2023-08-02,Inactive,26
EMP05723,Diya Patel,Operations,60000,2021-06-25,On Leave,54
EMP05724,Vihaan Nair,Operations,32000,2023-03-06,Inactive,53
EMP05725,Riya Rao,Operations,72000,2026-01-08,Inactive,44
EMP05726,Riya Patel,Sales,60000,2024-10-30,Inactive,32
EMP05727,Kabir Singh,Finance,72000,2023-05-29,On Leave,50
EMP05728,Anaya Das,IT,80000,2026-04-25,Active,43
EMP05729,Ira Patel,Finance,72000,2023-04-07,Active,30
EMP05730,Ira Rao,HR,32000,2022-11-03,Active,44
EMP05731,Anaya Khan,HR,38000,2025-06-09,Active,44
EMP05732,Sara Rao,Sales,95000,2022-03-18,Inactive,39
EMP05733,Meera Singh,Operations,95000,2021-09-16,Active,40
EMP05734,Neel Sharma,Marketing,42000,2022-03-04,Inactive,44
EMP05735,Pooja Das,Sales,42000,2021-05-29,Inactive,34
EMP05736,Meera Sharma,Finance,95000,2025-09-13,On Leave,50
EMP05737,Vihaan Gupta,Sales,72000,2026-01-27,Inactive,22
EMP05738,Sara Gupta,Finance,38000,2021-12-21,On Leave,25
EMP05739,Dev Singh,Marketing,72000,2023-08-26,Inactive,37
EMP05740,Nisha Gupta,Finance,32000,2023-10-30,Active,21
EMP05741,Karan Patel,Marketing,52000,2023-01-11,On Leave,35
EMP05742,Dev Sharma,Sales,42000,2026-02-15,Active,25
EMP09057,Karan Iyer,Sales,42000,2022-01-07,On Leave,27
EMP05744,Aarav Mehta,IT,95000,2022-11-22,Inactive,42
EMP05745,Ira Mehta,Finance,45000,2025-08-02,Inactive,42
EMP05746,Vihaan Singh,Marketing,95000,2025-09-23,Inactive,48
EMP05747,Dev Rao,Marketing,60000,2022-05-04,Inactive,27
EMP05748,Aditya Patel,IT,45000,2021-07-29,On Leave,35
EMP05749,Ishaan Gupta,HR,95000,2021-06-29,Inactive,26
EMP05750,Aditya Singh,IT,72000,2021-08-07,Inactive,39
EMP05751,Arjun Singh,HR,45000,2021-07-28,Inactive,52
EMP05752,Kabir Sharma,HR,72000,2025-01-10,Inactive,58
EMP05753,Arjun Nair,Operations,80000,2022-02-16,Inactive,33
EMP05754,Karan Singh,Operations,60000,2024-12-17,Inactive,44
EMP05755,Neel Sharma,IT,72000,2024-12-19,On Leave,54
EMP05756,Dev Singh,HR,52000,2023-02-27,Active,32
EMP05757,Rahul Patel,Sales,95000,2023-02-08,On Leave,43
EMP05758,Maya Patel,HR,45000,2025-02-14,Inactive,33
EMP05759,Aditya Mehta,Finance,38000,2023-05-13,Inactive,40
EMP05760,Ira Patel,Marketing,45000,2025-07-10,Active,38
EMP05761,Tara Singh,Marketing,72000,2023-07-26,Active,57
EMP05762,Karan Patel,Marketing,42000,2021-06-04,Inactive,58
EMP05763,Riya Khan,Marketing,38000,2024-04-26,Inactive,28
EMP05764,Aarav Nair,Sales,80000,2025-01-23,Inactive,48
EMP05765,Nisha Gupta,IT,95000,2021-05-23,On Leave,47
EMP05766,Anaya Nair,HR,32000,2021-04-03,Inactive,45
EMP05767,Aarav Gupta,IT,60000,2022-12-20,On Leave,30
EMP05768,Maya Das,Sales,72000,2024-07-09,Inactive,31
EMP05769,Maya Das,Sales,72000,2025-02-09,On Leave,51
EMP05770,Arjun Patel,Finance,52000,2024-04-29,Inactive,32
EMP05771,Ishaan Iyer,Marketing,95000,2024-01-07,Inactive,57
EMP05772,Vihaan Das,HR,32000,2024-04-07,Inactive,22
EMP05773,Ira Nair,HR,42000,2024-04-25,Inactive,22
EMP05774,Arjun Gupta,Finance,42000,2025-10-25,Active,37
EMP05775,Rahul Sharma,Finance,32000,2025-05-26,On Leave,36
EMP05776,Ira Sharma,Operations,95000,2026-06-21,Active,32
EMP05777,Sara Patel,Finance,32000,2021-03-06,On Leave,52
EMP05778,Ishaan Rao,HR,60000,2025-03-09,Inactive,50
EMP05779,Kabir Iyer,,60000,2023-11-30,Inactive,45
EMP05780,Kabir Gupta,Finance,60000,2024-12-03,Inactive,22
EMP05781,Karan Iyer,Marketing,38000,2026-04-26,Active,39
EMP05782,Sara Das,HR,95000,2024-01-21,On Leave,52
EMP05783,Neel Das,Marketing,72000,2023-01-12,Active,30
EMP05784,Neel Rao,IT,80000,2023-01-03,Active,27
EMP05785,Anaya Iyer,Finance,32000,2024-04-04,On Leave,38
EMP05786,Diya Das,Finance,72000,2022-06-20,Inactive,28
EMP05787,Diya Rao,IT,32000,2025-04-06,Active,54
EMP05788,Ishaan Mehta,IT,72000,2021-04-28,Inactive,33
EMP05789,Pooja Iyer,Operations,45000,2021-04-02,Inactive,48
EMP01222,Pooja Gupta,Sales,52000,2025-08-23,Inactive,38
EMP05791,Aditya Khan,Sales,52000,2024-09-23,On Leave,39
EMP05792,Aditya Nair,IT,60000,2025-10-20,On Leave,55
EMP05793,Rahul Gupta,HR,60000,2023-08-16,Active,38
EMP05794,Tara Sharma,Finance,32000,2026-05-24,Active,25
EMP05795,Kabir Gupta,Marketing,72000,2021-06-07,On Leave,42
EMP05796,Maya Nair,Operations,42000,2025-06-15,On Leave,41
EMP05797,Meera Mehta,HR,52000,2026-04-11,Active,40
EMP05798,Diya Iyer,Marketing,38000,2021-11-07,Active,26
EMP05799,Aditya Khan,IT,80000,2025-10-29,Inactive,53
EMP05800,Sara Singh,Finance,42000,2025-08-21,Active,40
EMP05801,Neel Mehta,Finance,72000,2022-07-17,Active,54
EMP05802,Ishaan Rao,Finance,42000,2023-12-13,On Leave,51
EMP05803,Ishaan Khan,Finance,95000,2021-01-30,Inactive,41
EMP05804,Arjun Patel,Finance,95000,2022-05-23,Active,53
EMP05805,Maya Singh,HR,52000,2022-11-16,Active,22
EMP05806,Aarav Patel,Sales,95000,2025-09-29,Active,43
EMP05807,Riya Iyer,Sales,45000,2021-04-24,On Leave,39
EMP05808,Ira Das,Sales,42000,2025-10-08,Inactive,36
EMP05809,Meera Nair,Operations,45000,2025-03-20,On Leave,40
EMP05810,Ishaan Singh,IT,95000,2024-11-25,On Leave,40
EMP05811,Ishaan Gupta,HR,32000,2021-08-12,Inactive,33
EMP05812,Meera Das,IT,60000,2022-02-08,On Leave,52
EMP05813,Anaya Khan,IT,72000,2022-08-18,Inactive,30
EMP05814,Ishaan Das,Finance,38000,2023-03-20,On Leave,22
EMP05815,Meera Iyer,Sales,72000,2024-07-04,Inactive,42
EMP05816,Diya Patel,Operations,45000,2024-07-13,Active,25
EMP05817,Dev Nair,Finance,32000,2023-01-18,Active,51
EMP05818,Vihaan Iyer,HR,72000,2021-02-19,On Leave,58
EMP05819,Arjun Khan,IT,45000,2024-03-10,On Leave,25
EMP05820,Tara Patel,Sales,60000,2025-12-22,Inactive,25
EMP05821,Maya Nair,Operations,38000,2021-09-17,Active,37
EMP05822,Vihaan Khan,Finance,80000,2026-04-26,On Leave,46
EMP05823,Meera Mehta,Marketing,52000,2022-12-06,Inactive,56
EMP05824,Arjun Nair,Operations,45000,2026-01-15,On Leave,49
EMP05825,Anaya Khan,Sales,52000,2022-12-20,Inactive,57
EMP05826,Kabir Singh,HR,45000,2024-06-27,On Leave,58
EMP05827,Anaya Patel,HR,45000,2023-08-12,On Leave,47
EMP05828,Arjun Nair,Marketing,80000,2025-02-22,On Leave,49
EMP05829,Nisha Nair,Finance,42000,2023-08-20,Inactive,54
EMP05830,Sara Nair,HR,38000,2025-10-27,Inactive,43
EMP05831,Aditya Iyer,Marketing,45000,2024-03-17,Active,48
EMP05832,Vihaan Mehta,Finance,72000,2023-04-21,Active,53
EMP05833,Aditya Patel,Sales,60000,2026-04-22,Inactive,34
EMP05834,Maya Das,Marketing,42000,2022-08-02,Inactive,37
EMP05835,Riya Rao,IT,72000,2026-05-08,Inactive,39
EMP05836,Riya Patel,Sales,38000,2022-05-25,Inactive,45
EMP05837,Neel Gupta,HR,42000,2022-02-16,Inactive,40
EMP05838,Sara Singh,Operations,60000,2025-04-24,On Leave,38
EMP05839,Sara Singh,HR,45000,2023-08-10,On Leave,31
EMP05840,Aarav Nair,HR,95000,2024-12-24,Inactive,56
EMP05841,Sara Das,Sales,95000,2021-09-14,Inactive,31
EMP05842,Ishaan Patel,Sales,60000,2021-03-17,On Leave,43
EMP05843,Kabir Das,Sales,95000,2023-10-21,On Leave,36
EMP05844,Pooja Das,Sales,38000,2023-04-16,Active,44
EMP05845,Neel Mehta,Sales,45000,2024-07-03,On Leave,35
EMP05846,Ira Sharma,Finance,45000,2024-01-25,Inactive,54
EMP04819,Meera Das,Sales,45000,2021-09-16,On Leave,38
EMP05848,Ishaan Patel,Marketing,32000,2022-11-07,On Leave,43
EMP05849,Karan Sharma,IT,45000,2024-11-15,On Leave,27
EMP05850,Tara Mehta,Marketing,38000,2021-10-17,On Leave,46
EMP05851,Anaya Nair,HR,80000,2021-12-11,On Leave,55
EMP05852,Maya Mehta,Sales,95000,2023-05-14,On Leave,58
EMP05853,Tara Iyer,Operations,72000,2021-09-24,On Leave,41
EMP05854,Kabir Sharma,HR,45000,2024-09-27,On Leave,52
EMP05855,Ishaan Patel,Finance,38000,2025-05-21,Inactive,48
EMP05856,Riya Khan,HR,42000,2021-02-08,On Leave,40
EMP05857,Tara Khan,IT,45000,2022-07-18,On Leave,35
EMP05858,Nisha Nair,Finance,45000,2024-01-09,On Leave,24
EMP05859,Diya Nair,HR,45000,2022-04-03,On Leave,25
EMP05860,Arjun Iyer,Sales,95000,2024-01-17,Inactive,28
EMP05861,Kabir Iyer,Operations,32000,2022-04-26,On Leave,50
EMP05862,Meera Khan,Finance,95000,2023-04-10,Active,49
EMP05863,Dev Iyer,Operations,38000,2024-05-15,Active,42
EMP05864,Nisha Das,Finance,52000,2021-06-22,Active,51
EMP05865,Vihaan Das,IT,38000,2021-01-09,Active,39
EMP05866,Maya Rao,Operations,72000,2023-09-16,Active,44
EMP05867,Pooja Sharma,Operations,60000,2024-10-31,Inactive,36
EMP05868,Neel Gupta,IT,42000,2024-12-22,Inactive,44
EMP05869,Aditya Iyer,Sales,72000,2025-04-13,On Leave,54
EMP05870,Arjun Das,IT,42000,2022-03-12,Inactive,22
EMP05871,Maya Mehta,HR,38000,2023-09-02,Active,53
EMP05872,Ishaan Sharma,IT,32000,2021-01-23,On Leave,33
EMP05873,Diya Iyer,Finance,80000,not available,On Leave,42
EMP05874,Karan Mehta,IT,72000,2025-06-03,Inactive,48
EMP05875,Aditya Nair,IT,42000,2021-05-01,On Leave,54
EMP05876,Ishaan Singh,Operations,80000,2023-11-15,Active,58
EMP05877,Aditya Nair,Finance,72000,2024-03-28,On Leave,23
EMP05878,Meera Das,IT,42000,2025-06-04,On Leave,43
EMP05879,Arjun Das,IT,60000,2021-01-14,Inactive,37
EMP05880,Anaya Rao,Operations,52000,2025-11-06,Inactive,29
EMP05881,Vihaan Sharma,Finance,32000,2022-06-01,On Leave,37
EMP05882,Riya Das,Finance,72000,2022-11-24,Inactive,56
EMP05883,Dev Singh,Operations,45000,2023-03-08,On Leave,28
EMP05884,Maya Mehta,Marketing,60000,2025-12-12,Inactive,25
EMP05885,Dev Rao,Marketing,95000,2025-10-22,On Leave,55
EMP05886,Nisha Gupta,HR,45000,,Inactive,51
EMP05887,Pooja Patel,IT,42000,2026-02-30,On Leave,42
EMP05888,Riya Mehta,Finance,38000,2022-12-31,On Leave,42
EMP05889,Riya Mehta,Sales,80000,2025-02-02,On Leave,29
EMP05890,Karan Gupta,Sales,42000,2026-04-20,Active,52
EMP05891,Anaya Iyer,HR,42000,2026-01-06,On Leave,46
EMP05892,Aditya Khan,IT,72000,2023-05-18,On Leave,30
EMP05893,Pooja Iyer,Marketing,32000,2025-01-06,Active,45
EMP05894,Pooja Khan,Operations,72000,2022-10-11,Inactive,48
EMP05895,Kabir Khan,HR,42000,2024-02-08,On Leave,57
EMP05896,Rahul Das,Finance,45000 INR,2025-03-04,On Leave,36
EMP05897,Aarav Iyer,Marketing,72000,2024-01-21,On Leave,25
EMP05898,Aarav Das,Finance,38000,2021-07-19,Inactive,41
EMP05899,Sara Das,IT,38000,2022-01-06,Active,56
EMP05900,Rahul Mehta,HR,80000,2023-06-06,Active,49
EMP05901,Sara Khan,IT,52000,2021-03-27,Active,43
EMP05902,Vihaan Singh,IT,80000,2025-01-07,Inactive,26
EMP05903,Dev Das,Sales,72000,2023-06-10,On Leave,25
EMP05904,Pooja Iyer,Finance,52000,2023-01-14,Inactive,31
EMP05905,Kabir Singh,Sales,80000,2025-04-22,On Leave,56
EMP05906,Rahul Singh,IT,80000,2025-02-04,Active,36
EMP05907,Diya Patel,Marketing,45000,2026-05-29,Active,26
EMP05908,Arjun Mehta,HR,38000,2022-01-01,Active,56
EMP05909,Tara Singh,Sales,95000,2021-11-06,Active,38
EMP05910,Kabir Nair,Operations,32000,2022-03-20,On Leave,46
EMP05911,Ishaan Iyer,Finance,38000,2025-11-11,Inactive,50
EMP05912,Vihaan Sharma,Marketing,42000,2021-03-12,Inactive,52
EMP05913,Sara Gupta,Operations,95000,2022-09-25,Inactive,49
EMP05914,Vihaan Gupta,Sales,80000,2025-10-31,On Leave,22
EMP05915,Sara Rao,Operations,38000,2022-12-31,Active,37
EMP05916,Pooja Rao,Sales,72000,2026-06-04,On Leave,29
EMP05917,Rahul Mehta,Marketing,80000,2024-11-21,Inactive,35
EMP05918,Vihaan Mehta,Sales,80000,2022-09-07,On Leave,47
EMP05919,Ira Nair,HR,72000,2026-03-28,Active,42
EMP05920,Tara Sharma,HR,42000,2022-12-05,Active,55
EMP05921,Karan Iyer,Sales,52000,2022-08-07,Active,40
EMP05922,Rahul Patel,Operations,32000,2024-12-11,On Leave,21
EMP05923,Anaya Mehta,Operations,38000,2022-03-02,Active,45
EMP05924,Nisha Patel,IT,52000,2025-07-08,Active,34
EMP05925,Meera Gupta,IT,32000,2024-01-23,Active,26
EMP05926,Nisha Iyer,Sales,80000,2022-07-07,Active,23
EMP05927,Anaya Sharma,Marketing,32000,2022-01-16,On Leave,46
EMP05928,Pooja Sharma,Marketing,42000,2026-06-10,Inactive,42
EMP05929,Karan Rao,Marketing,38000,2025-09-12,Active,48
EMP05930,Karan Rao,Operations,95000,2021-12-24,On Leave,25
EMP05931,Ishaan Rao,HR,32000,2021-02-06,Inactive,52
EMP05932,Vihaan Gupta,Sales,60000,2022-03-24,Active,38
EMP05933,Pooja Iyer,Operations,60000,2025-04-15,Inactive,23
EMP05934,Nisha Das,IT,72000,2024-06-30,Inactive,39
EMP05935,Anaya Khan,IT,45000,2025-11-15,Active,52
EMP05936,Anaya Gupta,HR,38000,2024-02-21,Active,49
EMP05937,Meera Das,Marketing,42000,2026-04-06,Inactive,37
EMP05938,Ishaan Mehta,hr,42000,2025-02-25,Inactive,56
EMP05939,Riya Das,Marketing,32000,2025-11-19,Inactive,35
EMP05940,Neel Singh,Marketing,60000,2026-04-27,Active,44
EMP05941,Riya Iyer,Finance,32000,2024-12-28,Active,33
EMP05942,Aarav Singh,Operations,52000,2022-04-17,Inactive,28
EMP05943,Meera Patel,Finance,42000,2021-11-16,on leave,57
EMP05944,Ishaan Rao,IT,42000,2021-06-27,Inactive,41
EMP05945,Ira Iyer,Sales,95000,2022-03-29,Inactive,27
EMP05946,Meera Mehta,Sales,72000,2022-08-23,Active,48
EMP05947,Dev Khan,Operations,72000,2023-02-08,Inactive,47
EMP05948,Aditya Singh,IT,38000,2023-04-23,On Leave,35
EMP05949,Nisha Rao,IT,38000,2022-04-01,Inactive,34
EMP05950,Diya Mehta,HR,42000,2021-05-22,On Leave,55
EMP05951,Dev Nair,Finance,80000,2022-05-05,Active,40
EMP05952,Pooja Iyer,Marketing,42000,2022-05-03,On Leave,29
EMP05953,Ishaan Singh,Operations,95000,2022-05-28,Inactive,47
EMP05954,Dev Das,IT,60000,2023-04-11,Inactive,22
EMP05955,Neel Gupta,Marketing,72000,2022-10-01,Active,49
EMP05956,Ishaan Singh,Finance,60000,2022-08-18,On Leave,47
EMP05957,Diya Mehta,Finance,38000,2025-02-12,Active,56
EMP05958,Arjun Gupta,Marketing,80000,2025-03-06,Active,49
EMP05959,Aditya Singh,Marketing,52000,2026-04-12,Inactive,58
EMP05960,Meera Rao,Marketing,95000,2024-12-24,On Leave,29
EMP05961,Maya Singh,IT,42000,2026-02-02,Active,50
EMP05962,Aarav Das,Sales,80000,2023-10-23,Inactive,36
EMP05963,Ishaan Singh,Marketing,45000,2025-05-29,Inactive,53
EMP05964,Tara Khan,Sales,80000,2026-01-01,Active,26
EMP05965,Kabir Das,HR,45000,2023-09-06,Active,35
EMP05966,,Sales,32000,2022-08-13,inactive,N/A
EMP05967,Pooja Nair,Operations,38000,2023-05-08,On Leave,42
EMP05968,Dev Khan,Marketing,72000,2025-10-02,Inactive,24
EMP05969,Ishaan Khan,Marketing,95000,2024-02-24,On Leave,34
EMP05970,Aditya Nair,Sales,38000,2023-11-11,Inactive,23
EMP05971,Ishaan Sharma,Finance,45000,2025-01-28,Active,31
EMP05972,Diya Singh,Finance,80000,2021-01-27,On Leave,37
EMP05973,,Operations,52000,2021-05-23,Inactive,25
EMP05974,Meera Nair,IT,52000,2023-08-20,On Leave,34
EMP05975,,Operations,80000,2022-06-17,On Leave,58
EMP05976,Meera Patel,Sales,38000,2025-03-20,Inactive,26
EMP05977,Karan Gupta,HR,42000,2024-04-29,Inactive,34
EMP05978,Vihaan Singh,Marketing,80000,2025-12-30,On Leave,54
EMP05979,Sara Das,Finance,72000,2025-12-02,Active,55
EMP05980,Anaya Das,Sales,32000,2021-08-24,Active,29
EMP05981,Nisha Sharma,IT,42000,2024-01-29,On Leave,29
EMP05982,Diya Patel,Marketing,,2022-06-12,Active,52
EMP05983,Rahul Das,Operations,60000,2023-09-20,Active,48
EMP05984,Karan Patel,HR,80000,2022-06-26,Active,34
EMP05985,Maya Patel,Sales,38000,2024-01-16,Inactive,28
EMP05986,Nisha Sharma,HR,45000,2021-06-26,Active,46
EMP05987,Aarav Sharma,Sales,38000,2026-03-06,On Leave,57
EMP05988,Ishaan Sharma,IT,52000,2024-01-10,Inactive,28
EMP05989,Anaya Nair,IT,80000,2023-04-02,Inactive,56
EMP05990,Nisha Rao,IT,32000,2025-08-12,Active,22
EMP05991,Kabir Nair,Finance,45000,2023-10-17,On Leave,23
EMP05992,Ishaan Sharma,Marketing,60000,2021-05-20,On Leave,36
EMP05993,Pooja Rao,IT,80000,2024-07-18,Inactive,56
EMP05994,Sara Das,Finance,72000,2024-08-22,On Leave,49
EMP05995,Tara Das,Marketing,95000,2023-12-22,Inactive,41
EMP05996,Maya Iyer,Operations,42000,2024-08-25,Inactive,25
EMP05997,Sara Nair,Finance,42000,2024-07-21,Active,29
EMP05998,Tara Mehta,HR,60000,2021-10-24,Inactive,40
EMP05999,Karan Das,HR,42000,2022-07-05,Inactive,24
EMP06000,Neel Khan,Finance,95000,2023-07-27,Inactive,58
EMP06001,Pooja Khan,Sales,42000,2024-12-07,On Leave,33
EMP06002,Anaya Sharma,Operations,42000,2025-05-15,On Leave,50
EMP06003,Rahul Singh,Sales,60000,2023-11-25,Active,53
EMP06004,Rahul Sharma,HR,72000,2023-12-01,Active,51
EMP06005,Pooja Sharma,Finance,32000,2022-02-25,,37
EMP06006,Karan Iyer,Operations,32000,2023-11-15,Inactive,51
EMP06007,Rahul Das,Sales,32000,2023-04-26,Inactive,-5
EMP06008,Maya Gupta,HR,95000,2024-08-13,Inactive,42
EMP06009,Anaya Das,Operations,72000,2025-01-30,Inactive,42
EMP06010,Tara Das,IT,42000,2025-07-20,Inactive,43
EMP06011,Maya Sharma,Sales,45000,2023-12-01,Active,51
EMP06012,Neel Iyer,Marketing,45000,2024-08-10,Active,33
EMP06013,Dev Singh,Marketing,52000,2022-03-05,Inactive,35
EMP06014,Kabir Nair,HR,60000,2021-07-04,Inactive,31
EMP06015,Maya Iyer,Operations,42000,2021-09-24,On Leave,26
EMP06016,Ira Khan,IT,32000,2023-11-25,Active,37
EMP06017,Tara Mehta,Sales,,2023-01-05,On Leave,52
EMP06018,Meera Das,IT,38000,2022-08-13,Active,48
EMP06019,Nisha Gupta,HR,52000,2025-09-27,Active,50
EMP06020,Arjun Das,Marketing,42000,2026-03-26,Inactive,44
EMP06021,Nisha Gupta,Finance,32000,2026-04-09,On Leave,34
EMP06022,Aarav Das,Marketing,52000,2025-06-27,Active,42
EMP06023,Tara Gupta,Sales,45000,2023-08-02,Inactive,22
EMP06024,Sara Das,Marketing,52000,2023-04-11,On Leave,37
EMP06025,Arjun Das,Sales,60000,2024-11-17,On Leave,22
EMP06026,Karan Gupta,IT,95000,2022-02-06,On Leave,57
EMP06027,Sara Iyer,Operations,52000,2025-02-09,Inactive,37
EMP06028,Kabir Gupta,Finance,95000,2022-04-20,Active,35
EMP06029,Aarav Khan,IT,80000,2022-11-29,Inactive,36
EMP06030,Arjun Khan,HR,45000,2026-01-26,On Leave,49
EMP06031,Nisha Patel,Sales,42000,2025-01-07,Active,50
EMP06032,Nisha Rao,Sales,38000,2023-07-27,Active,46
EMP06033,Maya Patel,Marketing,45000,2021-09-01,Active,50
EMP06034,Aditya Iyer,Finance,52000,2021-05-14,On Leave,57
EMP06035,Tara Iyer,IT,60000,2021-11-04,On Leave,41
EMP06036,Karan Rao,IT,45000,2024-04-09,On Leave,46
EMP06037,Riya Singh,HR,38000,2022-07-29,On Leave,29
EMP06038,Karan Mehta,IT,38000,2021-02-07,Inactive,50
EMP06039,Aarav Iyer,HR,42000,2021-11-09,Active,50
EMP06040,Ishaan Iyer,Finance,52000,2024-05-26,On Leave,56
EMP06041,Anaya Das,Operations,42000,2025-07-30,On Leave,26
EMP06042,Arjun Patel,Operations,32000,2022-02-24,On Leave,51
EMP06043,Rahul Patel,Marketing,60000,2025-01-06,Inactive,35
EMP06044,Tara Gupta,IT,80000,2026-06-14,Inactive,35
EMP06045,Kabir Khan,Finance,52000,2021-08-23,On Leave,32
EMP06046,Neel Mehta,Sales,80000,2025-11-07,On Leave,37
EMP06047,Ira Nair,Operations,52000,2024-11-16,Inactive,24
EMP06048,Diya Patel,Sales,45000,2026-01-27,Inactive,45
EMP06049,Nisha Patel,Marketing,60000,2024-03-08,On Leave,32
EMP06050,Meera Sharma,Operations,95000,2022-05-04,Inactive,57
EMP06051,Aarav Singh,IT,60000,2023-03-04,Inactive,35
EMP06052,Arjun Sharma,Sales,52000,2021-12-20,Inactive,48
EMP06053,Rahul Patel,Operations,42000,2023-12-01,Inactive,33
EMP06054,Maya Nair,IT,95000,2021-03-31,On Leave,58
EMP06055,Karan Patel,Operations,42000,2023-09-20,Active,47
EMP06056,Kabir Khan,Operations,32000,2026-06-13,Inactive,28
EMP06057,Meera Rao,Sales,52000,2021-03-13,Inactive,37
EMP06058,Riya Mehta,Sales,52000,2022-03-03,Inactive,36
EMP06059,Aarav Iyer,IT,72000,2025-06-26,Inactive,30
EMP06060,Karan Mehta,Marketing,38000,2025-07-16,Active,25
EMP06061,Tara Patel,Finance,95000,2021-12-25,Inactive,54
EMP06062,Nisha Rao,Finance,38000,2022-07-02,Inactive,45
EMP06063,Ishaan Nair,HR,52000,2024-06-01,Active,35
EMP06064,Karan Das,Marketing,72000,2026-05-15,Active,39
EMP06065,Nisha Nair,Finance,80000,2021-11-27,Inactive,45
EMP06066,Diya Sharma,it,32000,2021-09-12,Active,57
EMP06067,Tara Khan,IT,80000,2023-10-26,Active,44
EMP06068,Ishaan Khan,Operations,38000,,On Leave,42
EMP06069,Meera Iyer,IT,42000,2024-03-02,Inactive,28
EMP06070,Ira Das,Sales,38000,2022-02-05,Active,31
EMP06071,Aditya Mehta,Finance,42000,2023-05-26,Inactive,51
EMP06072,Meera Rao,Sales,60000,2024-05-15,Inactive,51
EMP06073,Vihaan Iyer,Finance,45000,2021-02-26,Active,38
EMP06074,Ira Patel,Finance,45000,2022-10-10,On Leave,36
EMP06075,Ishaan Nair,IT,42000,2021-02-23,Inactive,37
EMP06076,Diya Rao,Finance,42000,2023-10-05,Active,42
EMP06077,Kabir Sharma,HR,32000,2023-11-13,Inactive,32
EMP06078,Riya Patel,Finance,52000,2026-04-01,Inactive,38
EMP06079,Ira Nair,IT,42000,2023-03-05,Active,48
EMP06080,Aarav Iyer,Sales,80000,2025-02-10,On Leave,29
EMP06081,Karan Khan,Sales,32000,2026-04-02,Active,34
EMP06082,Aarav Khan,Sales,52000,2021-07-22,On Leave,30
EMP06083,Aditya Rao,HR,32000,2021-04-09,Inactive,30
EMP06084,Neel Patel,Finance,72000,2025-10-26,On Leave,29
EMP06085,Karan Khan,Operations,72000,2021-03-05,On Leave,48
EMP06086,Ishaan Sharma,Finance,42000,2025-02-26,On Leave,32
EMP06087,Aarav Rao,Sales,95000,2022-09-02,On Leave,45
EMP06088,Diya Sharma,HR,42000,2024-01-31,Inactive,45
EMP06089,Anaya Mehta,IT,72000,2023-11-30,On Leave,50
EMP06090,Neel Patel,IT,72000,2024-11-01,Active,37
EMP06091,Dev Das,Operations,95000,2022-05-29,Inactive,32
EMP06092,Dev Sharma,Marketing,38000,2023-02-17,On Leave,31
EMP06093,Diya Das,IT,42000,2021-08-16,Active,45
EMP06094,Ishaan Nair,Finance,95000,2025-08-12,On Leave,55
EMP06095,Ishaan Nair,IT,32000,2024-11-08,Active,28
EMP06096,Anaya Khan,IT,95000,2023-05-21,Active,24
EMP06097,Aarav Das,Operations,72000,2021-02-01,Inactive,35
EMP06098,Ira Das,Finance,38000,2022-10-11,Active,58
EMP06099,Tara Sharma,Finance,42000,2021-04-27,On Leave,31
EMP06100,Pooja Patel,Marketing,38000,2023-04-13,On Leave,33
EMP06101,Arjun Sharma,HR,45000,2026-05-29,On Leave,38
EMP06102,Aditya Singh,Operations,45000,,On Leave,31
EMP06103,Anaya Gupta,Operations,60000,2022-07-26,Inactive,29
EMP06104,Vihaan Khan,IT,95000,2022-09-10,Inactive,37
EMP06105,Karan Das,Marketing,42000,2026-04-07,Active,24
EMP06106,Neel Mehta,HR,72000,2022-03-24,Inactive,51
EMP06107,Tara Patel,Marketing,45000,2023-11-20,Active,39
EMP06108,Maya Das,HR,80000,2023-06-17,On Leave,43
EMP06109,Aarav Iyer,IT,45000,2021-09-24,Inactive,53
EMP06110,Diya Sharma,Finance,42000,2025-08-18,Active,53
EMP06111,Karan Mehta,IT,32000,2025-03-07,Active,52
EMP06112,Aditya Khan,HR,80000,2021-07-16,Inactive,29
EMP06113,Pooja Sharma,Operations,38000,2024-09-15,Inactive,53
EMP06114,Pooja Khan,,60000,2023-12-07,Active,24
EMP06115,Karan Khan,Operations,72000,2025-02-25,Active,55
EMP06116,Aarav Mehta,Sales,95000,2023-04-17,Inactive,34
EMP06117,Ishaan Mehta,Operations,42000,2023-12-15,Inactive,49
EMP06118,Tara Das,IT,45000,2021-12-30,Inactive,35
EMP06119,Ishaan Iyer,Marketing,38000,2023-07-29,Active,22
EMP06120,Rahul Das,Finance,95000,2021-12-03,Inactive,37
EMP06121,Rahul Sharma,Finance,72000,2025-09-26,Inactive,34
EMP06122,Karan Gupta,,80000,2025-09-10,On Leave,50
EMP06123,Maya Khan,Finance,95000,2023-06-27,Active,47
EMP06124,Dev Nair,IT,80000,2021-11-20,Inactive,58
EMP06125,Karan Nair,Operations,38000,2024-01-04,Inactive,40
EMP06126,Dev Patel,Finance,N/A,2021-10-20,Inactive,57
EMP06127,Arjun Patel,Marketing,38000,2022-03-10,Active,52
EMP06128,Tara Singh,Marketing,80000,2024-05-22,On Leave,48
EMP06129,Pooja Sharma,Marketing,60000,2026-06-10,Inactive,39
EMP06130,Dev Nair,Sales,95000,2021-06-03,Inactive,42
EMP06131,Nisha Singh,Marketing,60000,2026-05-06,Inactive,47
EMP06132,Maya Patel,Sales,,2024-03-30,Active,55
EMP06133,Neel Patel,Sales,42000,2025-05-13,Inactive,42
EMP06134,Arjun Nair,Operations,80000,2025-01-25,Active,52
EMP06135,Sara Rao,Operations,45000,2026-01-03,On Leave,42
EMP06136,Nisha Sharma,IT,45000,2021-09-27,On Leave,53
EMP06137,Vihaan Mehta,IT,95000,2025-10-09,Active,22
EMP06138,Anaya Rao,IT,72000,2025-08-11,Inactive,55
EMP06139,Kabir Patel,Operations,60000,2026-02-02,Active,45
EMP06140,Aarav Iyer,Operations,32000,2021-06-22,Inactive,24
EMP06141,Meera Sharma,Finance,80000,2021-09-10,Inactive,53
EMP06142,Rahul Das,Finance,95000,2026-02-26,Inactive,48
EMP06143,Ira Singh,HR,52000,2022-01-08,Inactive,41
EMP06144,Anaya Singh,Sales,32000,2025-01-30,Inactive,thirty
EMP06145,Sara Rao,IT,38000,2022-08-16,On Leave,38
EMP06146,Neel Rao,Sales,32000,2021-04-18,Active,40
EMP06147,Nisha Iyer,HR,52000,2022-02-15,On Leave,39
EMP06148,Meera Das,Sales,60000,2024-05-26,On Leave,39
EMP06149,Karan Khan,Sales,42000,2023-03-17,Active,28
EMP06150,Nisha Das,IT,80000,2024-08-21,Active,23
EMP06151,Rahul Das,Sales,45000,2021-06-03,On Leave,52
EMP06152,Nisha Mehta,Operations,45000,2022-11-25,Active,53
EMP06153,Pooja Mehta,HR,80000,2021-02-25,Inactive,34
EMP06154,Diya Das,Operations,52000,2025-07-11,Active,55
EMP06155,Rahul Patel,finance,72000,2025-07-18,On Leave,36
EMP06156,Pooja Nair,Finance,52000,2024-03-19,On Leave,43
EMP06157,Meera Mehta,Marketing,95000,2023-02-12,On Leave,44
EMP06158,Aarav Sharma,IT,52000,2025-12-24,On Leave,49
EMP06159,Nisha Khan,Marketing,38000,2025-09-24,Inactive,56
EMP06160,Aarav Patel,Marketing,52000,2026-05-01,On Leave,21
EMP06161,Arjun Das,Finance,72000,2021-06-17,Active,40
EMP06162,Aditya Rao,IT,38000,2025-04-29,Active,51
EMP06163,Nisha Gupta,IT,-5000,2024-11-23,Active,27
EMP06164,Nisha Nair,HR,32000,2022-01-29,Inactive,43
EMP06165,Maya Mehta,Finance,95000,2024-02-17,Inactive,49
EMP06166,Diya Mehta,Operations,52000,2026-06-11,Inactive,57
EMP06167,Aarav Rao,Sales,,2021-12-09,Active,45
EMP06168,Ishaan Das,IT,80000,2022-11-19,On Leave,47
EMP06169,Arjun Sharma,Marketing,52000,2021-01-03,Active,44
EMP06170,Nisha Rao,IT,38000,2024-03-15,On Leave,35
EMP06171,Neel Singh,HR,72000,2025-03-23,Active,33
EMP06172,Ishaan Gupta,IT,60000,2025-07-02,Active,37
EMP06173,Aditya Sharma,Finance,32000,2023-10-10,Active,35
EMP06174,Pooja Iyer,HR,45000,2025-10-25,Active,30
EMP06175,Dev Das,IT,38000,2022-08-15,On Leave,34
EMP06176,Meera Singh,Marketing,80000,2025-01-02,On Leave,58
EMP06177,Dev Khan,Operations,32000,2024-04-16,Inactive,39
EMP06178,Riya Das,Operations,72000,2024-07-16,Inactive,21
EMP06179,Aditya Khan,Operations,60000,2025-10-02,Inactive,28
EMP06180,Nisha Iyer,IT,60000,2021-01-30,Active,40
EMP06181,Neel Sharma,Operations,52000,2026-04-19,On Leave,32
EMP06182,Aditya Das,HR,45000,2021-10-06,Inactive,44
EMP06183,Rahul Sharma,Operations,,2024-10-25,Active,35
EMP06184,Ishaan Nair,Finance,52000,2025-01-25,Active,56
EMP06185,Pooja Mehta,Finance,45000,2023-12-30,Inactive,32
EMP06186,Aditya Das,Finance,45000,2023-08-16,Active,46
EMP06187,Ishaan Rao,HR,95000,2023-08-07,Inactive,42
EMP06188,Diya Nair,Marketing,72000,2022-10-22,On Leave,50
EMP06189,Aarav Sharma,Finance,32000,2025-03-04,Inactive,33
EMP06190,Maya Iyer,Operations,,2021-11-30,On Leave,52
EMP06191,Dev Patel,Marketing,32000,2022-09-02,Active,39
EMP06192,Tara Nair,Marketing,32000,2021-01-02,Inactive,21
EMP06193,Aditya Das,Marketing,38000,2022-09-27,On Leave,27
EMP06194,Sara Das,Operations,60000,2023-05-06,Active,45
EMP06195,Sara Das,Marketing,32000,2025-11-03,Inactive,30
EMP06196,Arjun Rao,Operations,38000,2022-02-11,On Leave,52
EMP06197,Arjun Das,HR,45000,2025-11-16,On Leave,39
EMP06198,Aarav Mehta,Operations,38000,2025-10-24,Inactive,48
EMP06199,Ira Patel,Marketing,72000,2022-07-17,Inactive,42
EMP06200,Vihaan Patel,Sales,32000,2026-01-18,Active,41
EMP06201,Sara Sharma,HR,60000,2021-10-26,On Leave,37
EMP06202,Karan Nair,Operations,42000,2022-11-09,Active,37
EMP06203,Maya Gupta,IT,52000,2026-04-26,Inactive,33
EMP06204,Nisha Sharma,IT,42000,2022-11-01,Active,25
EMP06205,Rahul Nair,Marketing,42000,2024-01-11,Inactive,33
EMP06206,Ishaan Sharma,IT,95000,2024-02-24,Inactive,21
EMP06207,Aarav Khan,Sales,72000,2025-04-19,Inactive,39
EMP06208,Karan Singh,IT,95000,2023-03-21,On Leave,27
EMP06209,Ira Mehta,IT,60000,2023-08-29,Inactive,52
EMP06210,Diya Sharma,Finance,32000,2023-11-14,Inactive,41
EMP06211,Rahul Patel,Finance,72000,2021-06-13,inactive,30
EMP06212,Nisha Iyer,Sales,80000,2021-12-08,Active,55
EMP06213,Sara Khan,Marketing,80000,2026-04-26,Inactive,35
EMP06214,Aarav Khan,Marketing,80000,2023-01-03,Active,43
EMP06215,Maya Mehta,Marketing,38000,2022-06-30,Active,53
EMP06216,Ira Iyer,Operations,42000,2024-12-27,Inactive,28
EMP06217,Diya Gupta,Operations,42000,2025-04-18,Inactive,53
EMP06218,Rahul Das,Sales,45000,2024-08-13,On Leave,28
EMP06219,Vihaan Patel,Finance,72000,2022-12-04,Inactive,29
EMP06220,Arjun Iyer,Sales,45000,2021-01-14,Inactive,51
EMP06221,Rahul Singh,Operations,32000,2023-06-10,Inactive,48
EMP06222,Arjun Iyer,IT,38000,2023-10-16,Active,31
EMP06223,Tara Gupta,Finance,72000,2023-07-04,Active,57
EMP06224,Ishaan Singh,Operations,80000,2023-09-17,On Leave,48
EMP06225,Aarav Singh,Marketing,95000,2023-08-17,Inactive,43
EMP06226,Neel Mehta,IT,60000,2023-02-23,On Leave,24
EMP06227,Ira Mehta,Marketing,32000,2022-01-14,Active,28
EMP06228,Vihaan Nair,Marketing,32000,2022-07-03,On Leave,39
EMP06229,Nisha Rao,Sales,95000,2021-01-20,Active,45
EMP06230,Arjun Rao,Sales,80000,2023-05-29,On Leave,56
EMP06231,Ishaan Iyer,Finance,45000,2022-10-19,On Leave,50
EMP06232,Ishaan Mehta,Sales,80000,2023-10-25,On Leave,24
EMP06233,Rahul Nair,HR,38000,2024-12-06,Active,27
EMP06234,Diya Iyer,Sales,32000,2022-10-14,On Leave,55
EMP06235,Aditya Gupta,IT,80000,2026-05-23,On Leave,34
EMP06236,Diya Das,Marketing,45000,2026-02-17,Inactive,32
EMP06237,Meera Nair,Operations,45000,2026-05-02,On Leave,23
EMP06238,Sara Nair,IT,52000,2025-03-26,Active,21
EMP06239,Vihaan Mehta,Sales,60000,2024-02-03,Inactive,32
EMP06240,Diya Gupta,IT,95000,2025-07-05,On Leave,57
EMP06241,Ishaan Nair,Sales,80000,2021-05-19,On Leave,30
EMP06242,Maya Singh,Sales,60000,2023-06-05,Inactive,26
EMP06243,Dev Mehta,HR,60000,2025-03-01,Inactive,55
EMP06244,Aarav Nair,HR,72000,2021-05-29,On Leave,55
EMP06245,Tara Patel,HR,95000,2025-05-06,On Leave,47
EMP06246,Maya Gupta,Sales,38000,2023-11-19,Inactive,22
EMP06247,Rahul Mehta,Operations,32000,2022-04-25,Inactive,40
EMP06248,Riya Das,Sales,60000,2023-03-28,Inactive,48
EMP06249,Neel Khan,Finance,80000,2024-05-14,Inactive,57
EMP06250,Diya Mehta,IT,,2022-11-27,Inactive,30
EMP06251,Neel Nair,Sales,80000,2025-02-14,Active,48
EMP06252,Meera Nair,HR,95000,2023-05-14,On Leave,38
EMP06253,Neel Sharma,HR,60000,2022-12-28,Inactive,37
EMP06254,Ishaan Sharma,Finance,80000,2022-06-08,Active,30
EMP06255,Meera Sharma,IT,45000,2026-03-19,On Leave,56
EMP06256,Tara Iyer,Sales,52000,2026-03-31,Active,30
EMP06257,Vihaan Khan,HR,52000,2021-05-31,Active,38
EMP06258,Ishaan Gupta,IT,52000,2022-03-12,On Leave,36
EMP06259,Riya Iyer,Marketing,42000,2022-06-09,Inactive,47
EMP06260,Rahul Sharma,IT,60000,2021-05-11,Active,29
EMP06261,Aditya Rao,Operations,95000,2025-04-04,On Leave,24
EMP06262,Anaya Nair,Operations,60000,2023-03-20,Inactive,22
EMP06263,Diya Das,Sales,32000,2024-08-30,Active,21
EMP06264,Sara Das,IT,72000,2024-12-01,Inactive,57
EMP06265,Aditya Singh,Marketing,38000,2026-06-08,Inactive,44
EMP06266,Anaya Khan,HR,80000,2021-03-19,Active,43
EMP06267,Pooja Patel,Sales,-5000,2023-05-01,Inactive,51
EMP06268,Aarav Mehta,Finance,52000,2026-05-12,Active,41
EMP06269,Ishaan Gupta,Operations,52000,2023-11-07,On Leave,28
EMP06270,Neel Das,Sales,42000,2021-06-15,Active,37
EMP06271,Tara Mehta,Finance,72000,2022-11-26,On Leave,22
EMP06272,Dev Khan,Finance,80000,2022-10-15,Active,54
EMP06273,Rahul Sharma,Marketing,45000,2026-02-14,Active,43
EMP06274,Neel Nair,Marketing,60000,2021-09-14,Inactive,36
EMP06275,Vihaan Iyer,Finance,32000,2024-02-20,On Leave,57
EMP06276,Diya Patel,Marketing,80000,2025-11-06,On Leave,23
EMP06277,Karan Singh,Finance,42000,2025-01-02,On Leave,37
EMP06278,Meera Mehta,Finance,95000,2024-03-31,Active,23
EMP06279,Arjun Nair,Operations,45000,2022-09-27,Active,53
EMP06280,Pooja Mehta,Sales,72000,2024-01-02,Inactive,23
EMP06281,Pooja Mehta,Operations,72000,2021-10-23,On Leave,33
EMP06282,Sara Das,IT,42000,2023-03-20,On Leave,29
EMP06283,Ishaan Khan,Finance,38000,2023-06-18,Active,37
EMP06284,Tara Khan,IT,95000,2021-09-19,On Leave,55
EMP06285,Rahul Mehta,IT,unknown,2022-04-16,Inactive,37
EMP06286,Nisha Mehta,Finance,42000,2024-04-07,Active,51
EMP06287,Tara Das,Marketing,38000,2022-09-19,On Leave,53
EMP06288,Nisha Nair,HR,80000,2025-04-06,Active,46
EMP06289,Meera Iyer,Operations,42000,2021-03-22,Inactive,35
EMP06290,Tara Patel,IT,38000,2026-02-23,On Leave,55
EMP06291,Arjun Gupta,Marketing,,2022-08-29,Active,21
EMP06292,Arjun Patel,IT,32000,2025-06-23,Active,52
EMP06293,Pooja Patel,Finance,,2023-04-02,Active,48
EMP06294,Karan Iyer,Operations,32000,2021-08-25,On Leave,37
EMP06295,Tara Sharma,Marketing,80000,2021-10-17,On Leave,25
EMP06296,Pooja Iyer,HR,95000,2026-01-11,On Leave,57
EMP06297,Arjun Khan,HR,32000,2024-08-28,On Leave,50
EMP06298,Diya Das,Sales,,2023-06-21,On Leave,21
EMP06299,Aarav Nair,Operations,38000,2025-12-24,Active,57
EMP06300,Nisha Rao,Operations,52000,2026-04-16,Active,28
EMP06301,Maya Mehta,Operations,80000,2023-08-10,On Leave,37
EMP06302,Anaya Patel,IT,32000,2025-02-16,Inactive,58
EMP06303,Ira Nair,Operations,45000,2024-11-21,Active,44
EMP06304,Aditya Patel,Finance,95000,2026-02-10,On Leave,53
EMP06305,Maya Singh,Operations,45000,2025-07-15,Inactive,38
EMP06306,Sara Das,Operations,72000,2022-04-22,On Leave,52
EMP06307,Diya Rao,IT,80000,2026-06-21,Active,22
EMP06308,Neel Das,HR,45000,2023-01-03,On Leave,39
EMP06309,Karan Das,Finance,60000,2022-01-18,On Leave,57
EMP06310,Karan Patel,Sales,60000,2024-10-15,On Leave,46
EMP06311,Neel Gupta,Marketing,60000,2021-11-29,On Leave,25
EMP06312,Rahul Khan,Finance,45000,2024-02-12,Active,38
EMP06313,Dev Rao,IT,38000,2024-11-08,On Leave,45
EMP06314,Vihaan Patel,Operations,32000,2023-07-17,On Leave,29
EMP06315,Kabir Das,Sales,32000,2023-08-05,On Leave,33
EMP06316,Rahul Mehta,Marketing,45000,2024-11-18,Active,49
EMP06317,Vihaan Iyer,IT,60000,2026-04-30,Inactive,39
EMP06318,Aditya Patel,Sales,80000,2025-08-05,Active,39
EMP06319,Dev Nair,Sales,38000,2025-04-02,Inactive,34
EMP06320,Meera Nair,Operations,38000,2023-01-11,Active,49
EMP06321,Nisha Das,Operations,95000,2022-08-11,On Leave,44
EMP06322,Anaya Sharma,Finance,52000,2023-12-31,Inactive,57
EMP06323,Meera Mehta,HR,72000,2024-06-03,Inactive,49
EMP06324,Rahul Rao,HR,45000,2026-02-28,On Leave,42
EMP06325,Aditya Gupta,HR,45000,2022-11-08,On Leave,39
EMP06326,Karan Gupta,IT,-5000,2021-07-27,Inactive,40
EMP06327,Diya Singh,Sales,32000,2022-04-03,Inactive,58
EMP06328,Sara Gupta,HR,80000,2021-01-26,Active,33
EMP06329,Neel Mehta,Operations,45000,2024-12-30,Inactive,58
EMP06330,Neel Singh,Operations,38000,2025-05-03,Active,46
EMP06331,Riya Patel,,80000,2024-10-14,Active,55
EMP06332,Sara Mehta,Operations,95000,2026-01-05,Active,52
EMP06333,Neel Nair,Operations,45000,2024-11-27,Active,34
EMP06334,Rahul Singh,Finance,60000,2021-08-03,On Leave,54
EMP06335,Dev Iyer,Operations,32000,2025-12-09,On Leave,56
EMP06336,Diya Khan,Finance,42000,2024-06-05,Inactive,36
EMP06337,Dev Rao,Finance,80000,2022-01-13,Inactive,22
EMP06338,Maya Singh,Sales,45000,2026-01-10,Inactive,43
EMP06339,Maya Sharma,Finance,52000,2023-05-06,On Leave,37
EMP06340,Diya Gupta,Operations,45000,2023-04-02,Active,30
EMP06341,Karan Rao,Marketing,32000,2024-07-10,On Leave,43
EMP06342,Neel Rao,IT,80000,2023-09-10,Active,24
EMP06343,Anaya Iyer,IT,45000,2025-04-18,On Leave,55
EMP06344,Dev Mehta,IT,32000,2024-04-01,Active,56
EMP06345,Maya Mehta,HR,42000,2025-05-29,Active,
EMP06346,Aarav Khan,Finance,45000,2025-11-15,ACTIVE,54
EMP06347,Nisha Khan,Marketing,42000,2026-03-12,Inactive,50
EMP06348,Vihaan Sharma,Sales,60000,2024-07-05,Inactive,27
EMP06349,Rahul Mehta,Finance,45000,2023-07-27,Active,36
EMP06350,Arjun Rao,Marketing,60000,2023-10-12,Active,24
EMP06351,Kabir Singh,Sales,52000,2021-03-05,Active,21
EMP06352,Dev Gupta,HR,52000,2026-03-25,Inactive,24
EMP06353,Ishaan Sharma,Marketing,95000,2025-09-18,Active,37
EMP06354,Meera Sharma,Marketing,52000,2026-06-09,On Leave,36
EMP06355,Ira Khan,IT,32000,2024-11-21,On Leave,50
EMP06356,Vihaan Rao,Marketing,80000,2023-11-18,Active,31
EMP06357,,Finance,72000,2024-09-29,Inactive,52
EMP06358,Pooja Rao,HR,72000,2023-01-07,Active,41
EMP06359,Karan Patel,HR,32000,2024-01-19,Inactive,49
EMP06360,Anaya Iyer,HR,60000,2023-11-14,Active,30
EMP06361,Rahul Iyer,Marketing,95000,2021-08-07,On Leave,51
EMP06362,Karan Rao,Finance,72000,2025-04-16,Active,46
EMP06363,Aditya Nair,IT,52000,2022-02-17,On Leave,30
EMP06364,Vihaan Das,Sales,95000,2024-05-27,Active,27
EMP06365,Rahul Iyer,HR,45000 INR,2022-10-29,On Leave,49
EMP06366,Arjun Das,Finance,32000,2022-02-13,On Leave,40
EMP06367,Vihaan Nair,Operations,45000,2022-11-11,Inactive,43
EMP06368,Tara Patel,Finance,80000,2024-04-03,Active,53
EMP06369,Maya Gupta,HR,45000,2022-02-07,Active,50
EMP06370,Ishaan Sharma,IT,45000,2021-04-13,Inactive,50
EMP06371,Kabir Khan,Operations,42000,2023-04-01,Active,42
EMP06372,Aditya Patel,Operations,45000,2021-10-16,Active,30
EMP06373,Vihaan Das,Finance,52000,2025-04-23,Inactive,50
EMP06374,Aarav Das,IT,45000,2021-04-17,On Leave,22
EMP06375,Karan Iyer,Operations,52000,2021-03-01,Active,34
EMP06376,Ishaan Rao,Sales,38000,2025-09-15,Inactive,40
EMP06377,Nisha Khan,Marketing,32000,2022-02-22,Inactive,39
EMP06378,Ira Sharma,IT,60000,2025-08-02,On Leave,44
EMP06379,Nisha Iyer,Marketing,72000,2021-07-26,On Leave,26
EMP06380,Maya Nair,Finance,52000,2022-04-11,Inactive,32
EMP06381,Aditya Sharma,Operations,72000,2021-01-24,Inactive,56
EMP06382,Diya Mehta,IT,95000,2024-06-01,On Leave,22
EMP06383,Ishaan Rao,HR,38000,2022-05-20,Inactive,22
EMP06384,Diya Singh,Marketing,52000,2025-10-20,Active,27
EMP06385,Riya Patel,Sales,32000,2026-04-02,On Leave,50
EMP06386,Aditya Gupta,IT,42000,2024-12-05,Inactive,53
EMP06387,Sara Patel,HR,42000,2021-10-10,Active,44
EMP06388,Aarav Mehta,HR,72000,2024-09-20,Active,28
EMP06389,Meera Iyer,IT,52000,2022-10-27,On Leave,51
EMP06390,Tara Nair,IT,32000,2022-12-23,On Leave,55
EMP06391,Riya Nair,HR,42000,2022-12-02,Inactive,57
EMP06392,Neel Iyer,Finance,45000,2024-12-01,On Leave,31
EMP06393,Karan Gupta,Sales,38000,2025-05-09,Inactive,56
EMP06394,Rahul Mehta,Sales,42000,2025-03-15,Active,37
EMP06395,Rahul Das,Operations,95000,2025-05-13,On Leave,44
EMP06396,Aarav Das,Operations,95000,2021-05-13,On Leave,40
EMP06397,Vihaan Das,Sales,95000,2022-04-17,Active,22
EMP06398,Ishaan Nair,Sales,60000,2021-05-10,Active,53
EMP06399,Meera Khan,IT,38000,2022-10-30,Inactive,40
EMP06400,Vihaan Singh,Marketing,32000,2023-07-10,Active,40
EMP06401,Ira Sharma,Sales,32000,2025-04-15,On Leave,29
EMP06402,Arjun Singh,Marketing,60000,2021-09-28,On Leave,44
EMP06403,Aditya Rao,Operations,45000,2022-05-03,On Leave,24
EMP06404,Riya Khan,HR,60000,2022-08-16,On Leave,39
EMP06405,Aditya Gupta,Operations,80000,2024-04-28,Inactive,38
EMP06406,Nisha Patel,Sales,60000,2023-10-27,Inactive,47
EMP06407,Ira Sharma,Marketing,52000,2025-02-10,On Leave,54
EMP06408,Maya Nair,Sales,42000,2022-07-27,Active,42
EMP06409,Tara Khan,Marketing,80000,2021-08-08,On Leave,34
EMP06410,Anaya Nair,Operations,42000,2024-07-20,Active,34
EMP06411,Aditya Das,Finance,52000,2024-01-02,Active,48
EMP06412,Arjun Patel,Operations,80000,2026-06-15,Inactive,32
EMP06413,Riya Rao,Finance,38000,2023-05-08,On Leave,50
EMP06414,Rahul Singh,Finance,52000,2025-10-19,On Leave,51
EMP06415,Tara Das,Finance,95000,2021-08-19,Inactive,47
EMP06416,Diya Nair,HR,42000,2026-06-09,On Leave,36
EMP06417,Ishaan Mehta,Sales,42000,2022-06-06,Inactive,47
EMP06418,Karan Singh,Sales,38000,2021-05-29,Active,25
EMP06419,Tara Nair,IT,72000,2024-01-27,On Leave,29
EMP06420,Rahul Singh,Finance,45000,2023-10-27,Inactive,27
EMP06421,Tara Singh,IT,72000,2025-11-16,Active,57
EMP06422,Kabir Rao,Finance,38000,2022-02-19,Active,38
EMP06423,Aarav Das,HR,60000,2023-04-05,Active,26
EMP06424,Diya Sharma,HR,32000,2021-07-09,Inactive,41
EMP06425,Nisha Nair,Operations,80000,2023-12-24,Inactive,56
EMP06426,Pooja Nair,Marketing,32000,2021-04-08,Inactive,23
EMP06427,Karan Singh,Operations,38000,2022-03-16,Active,42
EMP06428,Karan Singh,Operations,52000,2023-06-29,Inactive,32
EMP06429,Sara Das,Finance,42000,2022-08-14,Inactive,35
EMP06430,Maya Patel,Sales,38000,2021-09-11,Active,48
EMP06431,Tara Mehta,Finance,60000,2021-11-13,Inactive,27
EMP06432,Ira Nair,HR,80000,2023-08-27,On Leave,40
EMP06433,Aarav Mehta,Operations,52000,2025-07-02,Active,55
EMP06434,Arjun Khan,Operations,60000,2021-08-31,On Leave,50
EMP06435,Diya Nair,Marketing,32000,2026-01-13,On Leave,57
EMP06436,Ishaan Iyer,Sales,38000,2023-05-24,On Leave,33
EMP06437,Arjun Iyer,Finance,60000,2022-09-19,Inactive,52
EMP06438,Nisha Gupta,HR,42000,2022-05-29,Active,24
EMP06439,Anaya Khan,Sales,42000,2021-03-19,Active,22
EMP06440,Arjun Das,Sales,32000,2024-11-25,On Leave,23
EMP06441,Anaya Gupta,IT,45000,2021-10-26,Inactive,35
EMP06442,Kabir Singh,Marketing,80000,2025-05-19,active,50
EMP06443,Maya Sharma,Sales,95000,2021-03-04,Active,43
EMP06444,Ira Gupta,Sales,45000,2024-12-15,On Leave,58
EMP06445,Anaya Nair,Sales,42000,2024-10-13,Inactive,29
EMP06446,Ira Khan,Marketing,80000,2021-10-22,On Leave,56
EMP06447,Vihaan Gupta,Finance,72000,2023-12-04,On Leave,47
EMP06448,Riya Rao,Sales,45000,2023-01-06,Inactive,24
EMP06449,Sara Iyer,Sales,52000,2026-04-24,Active,42
EMP06450,Sara Nair,Operations,42000,2023-09-08,Active,31
EMP06451,Aarav Khan,Finance,38000,2022-01-09,On Leave,45
EMP06452,Ira Gupta,Operations,80000,2021-12-05,On Leave,36
EMP06453,Ira Gupta,IT,42000,2026-06-08,Inactive,40
EMP06454,Pooja Mehta,Operations,60000,2022-10-03,Active,57
EMP06455,Anaya Nair,Sales,45000,2026-01-08,On Leave,54
EMP06456,Arjun Sharma,IT,80000,2021-07-05,On Leave,29
EMP06457,Ishaan Das,Finance,52000,2021-07-06,Active,46
EMP06458,Arjun Mehta,Marketing,72000,2026-02-27,Inactive,55
EMP06459,Sara Das,HR,95000,2025-07-17,On Leave,47
EMP06460,Ishaan Singh,Marketing,80000,2022-10-26,Active,57
EMP06461,Kabir Patel,Sales,52000,2023-11-22,On Leave,31
EMP06462,Karan Das,HR,32000,2024-08-31,Active,47
EMP06463,Maya Iyer,Marketing,42000,2025-11-29,Active,55
EMP06464,Meera Nair,HR,32000,2023-03-02,On Leave,42
EMP06465,Riya Iyer,HR,95000,2025-04-13,On Leave,47
EMP06466,Dev Singh,Sales,38000,2026-01-12,Active,38
EMP06467,Vihaan Gupta,Sales,95000,2026-03-20,Active,58
EMP06468,Ishaan Nair,Finance,80000,2024-01-10,On Leave,30
EMP06469,Karan Mehta,Finance,45000,2021-04-10,Active,55
EMP06470,Aditya Patel,Operations,32000,2021-09-21,Active,38
EMP06471,Riya Mehta,HR,80000,2023-01-05,Inactive,29
EMP06472,Meera Iyer,HR,60000,2021-10-22,On Leave,39
EMP06473,Pooja Nair,HR,80000,2025-11-19,On Leave,48
EMP06474,Ira Khan,Marketing,95000,2022-05-22,Active,49
EMP06475,Vihaan Khan,Marketing,72000,2025-04-12,Inactive,38
EMP06476,Neel Patel,IT,38000,2023-08-29,Active,49
EMP06477,Sara Mehta,Sales,42000,2021-10-16,On Leave,49
EMP06478,Riya Khan,Sales,80000,2023-07-06,Active,29
EMP06479,Riya Khan,Sales,52000,2021-11-04,Active,25
EMP06480,Karan Singh,Marketing,72000,2021-12-28,On Leave,48
EMP06481,Arjun Rao,IT,72000,2023-05-27,Inactive,50
EMP06482,Maya Gupta,Marketing,42000,2021-08-02,Inactive,27
EMP06483,Riya Iyer,Operations,42000,2023-03-09,Active,32
EMP06484,Vihaan Singh,Marketing,80000,2021-04-02,On Leave,31
EMP06485,Maya Nair,Finance,38000,2024-04-13,Inactive,33
EMP06486,Aditya Patel,IT,72000,2025-11-17,Inactive,51
EMP06487,Ishaan Nair,Operations,60000,2023-11-03,On Leave,45
EMP06488,Rahul Das,Operations,42000,2026-04-07,Active,35
EMP06489,Neel Nair,IT,72000,2021-06-10,On Leave,38
EMP06490,Riya Nair,Finance,52000,2026-02-08,On Leave,46
EMP06491,Riya Patel,Finance,60000,2025-10-04,On Leave,23
EMP06492,Vihaan Singh,Sales,60000,,Active,30
EMP00285,Dev Singh,Operations,45000,2021-06-05,Inactive,50
EMP06494,Riya Rao,Marketing,32000,2022-06-02,Inactive,23
EMP06495,Ishaan Das,HR,42000,2023-10-09,Active,46
EMP06496,Pooja Rao,Operations,32000,2023-12-19,On Leave,44
EMP06497,Maya Rao,HR,42000,2021-08-16,Inactive,44
EMP06498,Maya Rao,Operations,72000,2023-06-09,On Leave,49
EMP06499,Aditya Mehta,HR,52000,2022-01-12,Active,42
EMP06500,Nisha Singh,Finance,32000,2021-10-12,Active,46
EMP06501,Riya Gupta,Marketing,38000,2021-06-27,Inactive,40
EMP06502,Neel Sharma,Finance,80000,2024-09-18,On Leave,27
EMP06503,Rahul Das,Operations,72000,2026-02-17,Active,42
EMP06504,Anaya Iyer,Operations,52000,2021-01-27,On Leave,45
EMP06505,Arjun Rao,Operations,60000,2025-07-16,Active,49
EMP06506,Anaya Gupta,Sales,32000,2022-07-28,Active,38
EMP06507,Pooja Khan,Operations,72000,2022-12-01,Active,49
EMP06508,Meera Khan,HR,52000,2024-11-22,Inactive,46
EMP06509,Ira Iyer,IT,95000,2021-05-08,Active,49
EMP06510,Maya Mehta,HR,60000,2024-08-12,Inactive,45
EMP06511,Kabir Singh,Marketing,72000,2024-04-11,On Leave,24
EMP06512,Maya Khan,Finance,95000,2023-02-10,On Leave,22
EMP06513,Aarav Mehta,Operations,45000,2024-08-05,On Leave,42
EMP06514,Tara Gupta,Marketing,72000,2024-12-08,Active,36
EMP06515,Kabir Patel,IT,42000,2026-01-08,Inactive,44
EMP06516,Aditya Das,Marketing,72000,2025-12-10,Active,30
EMP06517,Aditya Gupta,HR,52000,2021-04-27,Inactive,47
EMP06518,Meera Rao,Operations,60000,2024-05-14,Inactive,36
EMP06519,Arjun Iyer,Marketing,32000,2025-08-06,On Leave,56
EMP06520,Maya Iyer,Sales,42000,2025-08-03,Inactive,25
EMP06521,Aarav Singh,Finance,72000,2025-06-29,On Leave,26
EMP06522,Nisha Nair,Operations,72000,2023-12-15,Active,54
EMP06523,Anaya Iyer,Marketing,60000,2022-01-26,Active,38
EMP06524,Dev Gupta,IT,52000,2024-08-01,On Leave,31
EMP06525,Arjun Sharma,Finance,80000,2023-01-11,Inactive,54
EMP06526,Meera Mehta,IT,60000,2023-09-26,Inactive,37
EMP06527,Diya Nair,Marketing,72000,2024-06-12,On Leave,28
EMP06528,Riya Gupta,Marketing,95000,2023-12-21,Inactive,26
EMP06529,Kabir Das,HR,32000,2022-07-17,Inactive,38
EMP06530,Pooja Das,HR,32000,2022-05-22,Inactive,58
EMP06531,Aarav Das,Finance,52000,2026-05-24,Active,39
EMP06532,Karan Singh,Finance,52000,2024-04-09,Inactive,34
EMP06533,Neel Rao,HR,80000,2023-06-26,On Leave,45
EMP06534,Arjun Mehta,Finance,32000,2023-08-24,Inactive,51
EMP06535,Maya Nair,HR,80000,2022-12-24,Active,31
EMP06536,Aarav Singh,Finance,38000,2024-01-09,Active,56
EMP06537,Karan Mehta,Sales,32000,2023-09-06,Active,57
EMP06538,Anaya Nair,Sales,80000,2024-10-30,Active,29
EMP06539,Riya Das,Operations,42000,2025-04-09,Active,34
EMP06540,Neel Singh,HR,52000,2024-09-04,On Leave,57
EMP06541,Ishaan Das,Marketing,72000,2021-02-20,On Leave,50
EMP06542,Maya Singh,Operations,38000,2026-02-04,On Leave,55
EMP06543,Tara Nair,Finance,42000,2023-08-17,Active,51
EMP06544,Sara Gupta,IT,45000,2021-05-24,Active,46
EMP06545,Neel Iyer,Finance,45000,2023-09-17,Inactive,32
EMP06546,Vihaan Iyer,HR,45000,2023-12-13,On Leave,26
EMP06547,Maya Iyer,Sales,72000,2021-02-24,Inactive,43
EMP06548,Pooja Iyer,HR,60000,2024-02-17,Inactive,21
EMP06549,Ishaan Sharma,IT,42000,2021-12-24,Active,49
EMP06550,Meera Khan,Sales,95000,2024-07-06,Inactive,38
EMP06551,Karan Khan,Finance,72000,2024-01-14,Inactive,27
EMP06552,Karan Singh,Marketing,52000,2022-09-15,Active,32
EMP06553,Anaya Patel,Sales,80000,2025-01-14,Inactive,50
EMP06554,Neel Mehta,Sales,42000,2021-02-04,Active,41
EMP06555,Pooja Singh,Finance,95000,2024-05-01,Inactive,43
EMP06556,Rahul Mehta,Sales,60000,2025-04-12,On Leave,50
EMP06557,Ira Rao,Operations,38000,2023-12-06,On Leave,30
EMP06558,Maya Rao,Operations,60000,2025-10-03,Inactive,29
EMP06559,Tara Sharma,HR,38000,2022-10-15,Active,49
EMP06560,Rahul Singh,Operations,52000,2025-04-01,On Leave,57
EMP06561,Ishaan Nair,IT,38000,2024-03-17,On Leave,50
EMP06562,Arjun Iyer,IT,38000,2023-11-09,Active,25
EMP06563,Arjun Patel,Marketing,72000,2024-11-27,Active,47
EMP06564,Maya Patel,Marketing,95000,2025-03-17,On Leave,40
EMP06565,Nisha Iyer,Operations,95000,2024-09-26,Inactive,46
EMP06566,Kabir Nair,HR,32000,2024-11-05,Inactive,41
EMP06567,Sara Iyer,Finance,95000,2025-06-13,Active,35
EMP06568,Rahul Rao,Finance,52000,2025-02-10,Active,38
EMP06569,Riya Das,Finance,52000,2021-08-31,On Leave,30
EMP06570,Rahul Patel,Operations,52000,2024-05-05,Inactive,54
EMP06571,Dev Rao,Finance,32000,2023-02-14,On Leave,54
EMP06572,Nisha Iyer,IT,38000,2021-02-04,Inactive,42
EMP06573,Aarav Iyer,Sales,38000,2024-04-11,Inactive,38
EMP06574,Meera Sharma,Finance,80000,2024-04-12,On Leave,28
EMP06575,Meera Sharma,Sales,38000,2022-09-16,Active,46
EMP06576,Rahul Gupta,Marketing,60000,2022-03-05,Active,32
EMP06577,Pooja Singh,Sales,32000,2024-06-17,Active,46
EMP06578,Maya Mehta,Operations,38000,2022-05-14,Active,23
EMP06579,Aditya Patel,Operations,72000,2021-02-22,Active,51
EMP06580,Ishaan Mehta,Sales,42000,2025-08-13,On Leave,35
EMP06581,Neel Nair,Finance,42000,2025-09-23,Inactive,21
EMP06582,Riya Singh,Finance,52000,2023-09-18,On Leave,27
EMP06583,Riya Mehta,Marketing,95000,2024-07-19,Inactive,58
EMP06584,Arjun Nair,HR,80000,2024-08-19,Active,42
EMP06585,Meera Nair,Sales,72000,2024-07-06,On Leave,45
EMP06586,Meera Rao,HR,52000,2023-04-15,Inactive,40
EMP06587,,Marketing,42000,2021-04-12,On Leave,21
EMP06588,Sara Khan,Marketing,80000,2022-04-11,Inactive,22
EMP06589,Aarav Iyer,Sales,42000,2025-05-27,On Leave,32
EMP06590,Tara Iyer,Finance,38000,2021-01-04,On Leave,50
EMP06591,Neel Gupta,Operations,38000,2021-01-25,Inactive,49
EMP06592,Neel Das,Operations,38000,2021-04-29,On Leave,35
EMP06593,Arjun Singh,Marketing,32000,2023-12-04,On Leave,46
EMP06594,Meera Singh,Finance,95000,2026-02-30,Inactive,50
EMP06595,Ishaan Nair,Operations,42000,2025-01-21,Active,37
EMP06596,Pooja Nair,HR,72000,2024-12-19,Inactive,26
EMP06597,Karan Singh,Operations,72000,2022-11-04,On Leave,52
EMP06598,Ira Das,Finance,,2024-12-21,Inactive,21
EMP06599,Vihaan Sharma,Finance,N/A,2025-05-23,Active,54
EMP06600,Aarav Patel,IT,42000,2026-05-31,Active,36
EMP06601,Neel Iyer,IT,38000,2026-01-05,Inactive,49
EMP06602,Meera Nair,Finance,60000,2023-03-16,Active,30
EMP06603,Pooja Gupta,Sales,42000,2023-03-28,Inactive,33
EMP06604,Maya Singh,Finance,95000,2021-05-22,Active,37
EMP06605,Maya Rao,HR,80000,2023-01-02,Inactive,-5
EMP06606,Aditya Das,Finance,32000,2024-12-09,Active,25
EMP06607,Pooja Das,IT,52000,2025-05-08,Active,46
EMP06608,Aarav Singh,Operations,32000,2022-11-17,On Leave,31
EMP06609,Sara Khan,Operations,42000,2021-04-24,On Leave,22
EMP06610,Meera Singh,Sales,95000,2023-10-04,Inactive,57
EMP06611,Nisha Khan,Sales,45000,2025-08-08,On Leave,30
EMP06612,Pooja Mehta,IT,52000,2022-09-08,Active,29
EMP06613,Karan Nair,Finance,95000,2021-05-26,On Leave,29
EMP06614,Nisha Singh,Finance,45000,2023-03-22,On Leave,57
EMP06615,Aarav Sharma,Marketing,52000,2021-10-04,Inactive,44
EMP06616,Vihaan Patel,Sales,38000,2021-05-23,Inactive,50
EMP06617,Ishaan Iyer,HR,45000,2025-12-07,Inactive,50
EMP06618,Riya Iyer,,72000,2025-06-04,On Leave,26
EMP06619,Pooja Iyer,Marketing,42000,not available,On Leave,30
EMP06620,Sara Gupta,Marketing,32000,2023-07-03,On Leave,36
EMP06621,Neel Khan,Operations,45000,2023-09-17,Active,29
EMP06622,Meera Khan,Operations,52000,2024-05-26,Active,33
EMP06623,Ira Singh,Finance,32000,2023-03-25,On Leave,45
EMP06624,Aarav Nair,Operations,72000,2024-10-26,On Leave,57
EMP06625,Maya Nair,IT,95000,2024-01-25,Inactive,37
EMP06626,Ira Rao,Operations,45000,2024-04-24,Active,47
EMP06627,Rahul Rao,Operations,38000,2021-10-27,Active,40
EMP06628,Ira Sharma,IT,60000,2026-04-18,On Leave,35
EMP06629,Anaya Singh,IT,60000,2021-08-03,Active,32
EMP06630,Riya Nair,IT,42000,2023-12-15,On Leave,58
EMP06631,Pooja Khan,Marketing,42000,2026-04-01,Inactive,43
EMP06632,Vihaan Gupta,HR,45000,2023-07-06,ACTIVE,56
EMP06633,Ishaan Nair,Marketing,60000,2023-02-11,,45
EMP06634,Tara Gupta,Operations,95000,2023-01-08,Active,56
EMP06635,Tara Iyer,Marketing,45000,2026-03-02,On Leave,21
EMP06636,Aarav Nair,HR,52000,2024-11-17,Inactive,52
EMP06637,Dev Patel,IT,80000,2025-06-07,Active,46
EMP06638,Aditya Gupta,Finance,45000,2024-11-26,On Leave,44
EMP06639,Aditya Nair,IT,80000,2024-12-29,On Leave,26
EMP06640,Ira Das,Finance,72000,2025-10-31,Active,49
EMP06641,Tara Das,Operations,32000,2024-12-04,On Leave,28
EMP06642,Kabir Khan,IT,45000,2025-06-24,On Leave,43
EMP06643,Riya Patel,Operations,80000,2023-03-16,On Leave,49
EMP06644,Nisha Das,Operations,60000,2024-04-10,On Leave,22
EMP06645,Pooja Das,HR,32000,2026-01-10,On Leave,51
EMP06646,Anaya Iyer,Finance,60000,2025-07-01,Active,37
EMP06647,Rahul Nair,IT,60000,2025-01-13,Active,42
EMP06648,Karan Iyer,Sales,45000,2023-05-18,Active,23
EMP06649,Ishaan Khan,Operations,32000,2023-05-26,On Leave,32
EMP06650,Arjun Mehta,Sales,52000,2022-07-09,On Leave,33
EMP06651,Anaya Rao,IT,80000,2021-06-27,On Leave,46
EMP06652,Maya Khan,IT,95000,2024-02-06,Active,46
EMP06653,Rahul Khan,Finance,32000,2022-02-08,Active,32
EMP06654,Pooja Singh,Marketing,72000,2024-11-03,Inactive,22
EMP06655,Anaya Singh,HR,80000,2025-03-30,On Leave,50
EMP06656,Rahul Gupta,Sales,95000,2025-02-14,Active,41
EMP06657,Tara Das,Marketing,80000,2025-01-20,On Leave,32
EMP06658,Pooja Rao,Marketing,80000,2022-10-30,Active,45
EMP06659,Vihaan Sharma,HR,32000,2024-11-21,On Leave,48
EMP06660,Meera Nair,HR,,2025-12-26,Active,28
EMP06661,Diya Rao,Sales,52000,2021-10-28,,26
EMP06662,Ira Gupta,Sales,95000,2022-09-27,Active,52
EMP06663,Neel Iyer,IT,72000,2025-07-06,Active,45
EMP06664,Aarav Das,Marketing,95000,2024-05-06,Inactive,23
EMP06665,Anaya Nair,IT,72000,2024-10-19,On Leave,45
EMP06666,Vihaan Rao,Marketing,38000,2021-04-30,On Leave,36
EMP06667,Tara Patel,Sales,52000,2024-09-29,Active,57
EMP06668,Rahul Das,Operations,72000,2023-10-08,Inactive,47
EMP06669,Ishaan Iyer,Sales,95000,2022-11-08,On Leave,29
EMP06670,Nisha Sharma,Sales,80000,2021-03-08,On Leave,49
EMP06671,Rahul Iyer,Operations,45000,2023-03-09,On Leave,25
EMP06672,Dev Rao,IT,95000,2023-10-18,Inactive,53
EMP06673,Ira Mehta,IT,38000,2024-03-15,On Leave,26
EMP06674,Karan Rao,Marketing,52000,2023-04-13,Active,27
EMP06675,Aarav Iyer,IT,80000,2024-02-09,Active,30
EMP06676,Pooja Rao,Sales,72000,2025-11-15,On Leave,42
EMP06677,Karan Singh,IT,60000,2024-02-11,Inactive,29
EMP06678,Nisha Rao,IT,72000,2024-08-09,On Leave,51
EMP06679,Sara Patel,Marketing,52000,2021-01-10,Inactive,24
EMP06680,Aarav Patel,Sales,45000,2023-02-15,Inactive,29
EMP06681,Aditya Gupta,Operations,42000,2023-05-27,Active,45
EMP06682,Anaya Patel,HR,32000,2021-10-22,Active,26
EMP06683,Kabir Gupta,Finance,45000,2022-06-20,Inactive,24
EMP06684,Tara Rao,IT,52000,2021-07-07,Active,56
EMP06685,Rahul Gupta,Operations,72000,2024-08-30,On Leave,36
EMP06686,Ishaan Singh,IT,38000,2021-08-10,Inactive,24
EMP06687,Vihaan Nair,Finance,72000,2023-06-29,Active,45
EMP00346,Sara Das,Sales,32000,2023-12-19,On Leave,37
EMP06689,Vihaan Gupta,Operations,60000,2021-08-11,On Leave,28
EMP06690,Ishaan Patel,Marketing,52000,2023-04-15,On Leave,21
EMP06691,Nisha Nair,Finance,72000,2023-06-02,On Leave,22
EMP06692,Neel Rao,IT,72000,2021-03-15,Active,27
EMP06693,Dev Nair,HR,42000,2024-05-01,Active,41
EMP06694,Arjun Patel,Operations,80000,2024-04-02,Inactive,46
EMP06695,Ira Khan,Finance,38000,2021-11-21,On Leave,57
EMP06696,Aarav Singh,Sales,95000,2022-04-25,Inactive,57
EMP06697,Maya Iyer,HR,38000,2025-06-14,On Leave,23
EMP06698,Pooja Singh,HR,60000,2022-02-08,On Leave,45
EMP06699,Ira Rao,IT,42000,2022-01-15,Inactive,45
EMP06700,Dev Khan,Marketing,60000,2025-08-17,Inactive,43
EMP06701,Ishaan Iyer,Sales,60000,2021-12-26,Inactive,28
EMP06702,Vihaan Iyer,Operations,52000,2025-07-16,Active,40
EMP06703,Ira Das,Operations,45000,2022-06-24,On Leave,36
EMP06704,Diya Sharma,Operations,95000,2024-05-02,Active,37
EMP06705,Aarav Sharma,HR,80000,2026-02-20,Active,49
EMP06706,Arjun Gupta,Operations,38000,2022-03-11,Inactive,22
EMP06707,Aarav Khan,HR,42000,2023-10-31,Inactive,52
EMP06708,Neel Das,HR,60000,2024-01-10,On Leave,44
EMP06709,Kabir Singh,Marketing,45000,2024-11-15,Inactive,49
EMP06710,Rahul Iyer,IT,95000,2025-09-27,Active,51
EMP06711,Maya Patel,HR,95000,2022-07-08,On Leave,43
EMP06712,Sara Nair,IT,45000,2023-12-04,Inactive,23
EMP06713,Maya Gupta,Marketing,72000,2022-11-14,On Leave,43
EMP06714,Rahul Gupta,Sales,60000,2021-01-16,Inactive,25
EMP06715,Diya Iyer,Sales,45000,2022-03-27,On Leave,52
EMP06716,Karan Khan,Sales,42000,2023-09-20,Active,39
EMP06717,Karan Das,IT,38000,2024-07-09,Active,47
EMP06718,Neel Patel,Marketing,72000,2022-08-20,Active,33
EMP06719,Karan Khan,HR,32000,2021-03-15,Inactive,46
EMP06720,Aarav Mehta,Sales,38000,2024-10-26,Active,50
EMP06721,Meera Singh,IT,,2022-02-17,On Leave,21
EMP06722,Kabir Iyer,HR,72000,2022-07-21,Inactive,23
EMP06723,Neel Gupta,Sales,72000,2025-11-22,inactive,37
EMP06724,Rahul Singh,Finance,45000,2021-08-22,Active,52
EMP06725,Pooja Patel,Operations,42000,2024-03-16,Inactive,56
EMP06726,Meera Singh,Finance,38000,2024-06-29,Active,29
EMP06727,Karan Rao,IT,52000,2023-01-10,On Leave,46
EMP06728,Diya Das,HR,45000,2025-01-22,Inactive,43
EMP06729,Neel Iyer,Marketing,52000,2022-05-12,On Leave,39
EMP06730,Meera Gupta,Marketing,95000,2024-11-26,Active,32
EMP06731,Vihaan Gupta,Finance,38000,2021-02-11,On Leave,32
EMP06732,Aditya Rao,Finance,80000,2024-10-31,Active,25
EMP06733,Ira Das,HR,32000,2026-01-31,Inactive,52
EMP06734,Tara Patel,IT,42000,2022-03-04,Inactive,22
EMP06735,Kabir Mehta,Operations,80000,2021-09-04,Inactive,25
EMP06736,Kabir Iyer,Finance,80000,2024-08-26,On Leave,55
EMP06737,Ishaan Singh,Finance,60000,2023-07-21,Active,37
EMP06738,Rahul Singh,HR,72000,2025-10-31,Active,35
EMP06739,Neel Patel,Sales,32000,2023-06-10,Active,29
EMP06740,Meera Gupta,Marketing,80000,2021-11-01,On Leave,48
EMP06741,Aarav Iyer,Sales,38000,2021-10-19,Inactive,21
EMP06742,Vihaan Nair,HR,52000,2024-03-28,On Leave,42
EMP06743,Sara Das,HR,42000,2022-06-17,On Leave,31
EMP06744,Rahul Rao,Marketing,80000,2023-09-04,Inactive,51
EMP06745,Neel Sharma,Marketing,32000,31/12/2024,Inactive,48
EMP06746,Dev Das,Sales,52000,2025-05-15,Inactive,36
EMP06747,Ishaan Khan,IT,52000,2021-01-17,Active,24
EMP06748,Dev Khan,Marketing,32000,2024-06-22,Active,23
EMP06749,Rahul Nair,Finance,72000,2025-05-19,On Leave,58
EMP06750,Sara Khan,Sales,80000,2024-07-15,Inactive,32
EMP06751,Meera Singh,Sales,45000,2026-02-13,Inactive,27
EMP06752,Riya Rao,Operations,42000,2022-12-03,On Leave,22
EMP06753,Maya Nair,Operations,80000,2022-02-08,Inactive,43
EMP06754,Dev Singh,Marketing,80000,2021-03-03,On Leave,48
EMP06755,Rahul Iyer,Marketing,72000,2025-06-05,Inactive,32
EMP06756,Rahul Das,HR,45000,2025-03-21,Active,31
EMP06757,Neel Patel,Operations,32000,2025-01-20,Inactive,39
EMP06758,Kabir Patel,Sales,72000,2026-06-08,Active,54
EMP06759,Meera Mehta,Finance,60000,2022-05-26,Inactive,47
EMP06760,Ishaan Singh,Finance,42000,2025-07-28,Active,21
EMP06761,Tara Mehta,HR,42000,2026-06-09,On leave,25
EMP06762,Diya Sharma,Finance,72000,2024-01-05,Inactive,31
EMP06763,Ishaan Khan,Finance,38000,2021-09-25,On Leave,48
EMP06764,Karan Khan,Operations,72000,2025-12-22,On Leave,51
EMP06765,Dev Das,Marketing,60000,2023-07-11,On Leave,28
EMP06766,Anaya Mehta,Finance,60000,2024-04-04,On Leave,22
EMP06767,Neel Singh,IT,,2022-02-11,On Leave,35
EMP06768,Vihaan Gupta,IT,52000,2025-08-27,Inactive,52
EMP06769,Vihaan Das,Sales,60000,2025-10-19,Active,54
EMP01249,Arjun Singh,Sales,60000,2022-04-19,On Leave,40
EMP06771,Pooja Nair,Finance,45000,2025-03-13,Active,51
EMP06772,Riya Sharma,HR,72000,2022-12-01,On Leave,44
EMP06773,Aarav Khan,Finance,42000,2026-03-31,On Leave,39
EMP06774,Tara Nair,Operations,72000,2024-09-29,Inactive,45
EMP06775,Tara Iyer,Marketing,80000,2024-04-11,Inactive,21
EMP06776,Sara Khan,IT,60000,2022-03-15,Inactive,43
EMP06777,Arjun Mehta,HR,45000,2026-04-23,Inactive,52
EMP06778,Kabir Nair,Marketing,72000,2022-02-14,Inactive,42
EMP06779,Kabir Gupta,Finance,42000,2025-06-28,Active,49
EMP06780,Riya Mehta,IT,72000,2022-12-29,On Leave,41
EMP06781,Dev Khan,IT,38000,2022-06-04,Inactive,28
EMP06782,Nisha Sharma,HR,80000,2025-07-03,on leave,27
EMP06783,Pooja Das,Marketing,45000,2023-03-29,On Leave,42
EMP06784,Aditya Iyer,Sales,38000,2026-06-20,On Leave,150
EMP06785,Vihaan Sharma,Finance,38000,2025-07-10,Inactive,32
EMP06786,Pooja Rao,HR,52000,2023-02-14,Inactive,44
EMP06787,Arjun Sharma,Finance,80000,2023-10-10,Inactive,45
EMP06788,Anaya Sharma,HR,45000,2025-06-28,On Leave,23
EMP06789,Aditya Mehta,Sales,42000,2022-04-30,Active,33
EMP06790,Pooja Singh,IT,95000,2023-02-27,On Leave,37
EMP06791,Diya Patel,Sales,32000,2024-10-06,Inactive,48
EMP06792,Maya Rao,Finance,52000,2025-04-18,on leave,46
EMP06793,Arjun Singh,Sales,60000,2022-11-11,On Leave,24
EMP06794,Riya Mehta,Sales,80000,2023-12-04,On Leave,41
EMP06795,Kabir Nair,Operations,72000,2025-11-06,Active,32
EMP06796,Arjun Sharma,Operations,95000,2024-12-31,Inactive,56
EMP06797,Anaya Sharma,Finance,60000,2021-09-03,Inactive,36
EMP06798,Tara Sharma,Sales,38000,2024-01-25,Inactive,37
EMP06799,Vihaan Mehta,HR,52000,2026-03-29,On Leave,26
EMP06800,Vihaan Singh,HR,80000,2023-03-14,Inactive,57
EMP06801,Karan Singh,Operations,42000,2022-06-10,Inactive,49
EMP06802,Ira Nair,IT,80000,2023-09-19,Inactive,41
EMP06803,Nisha Nair,IT,95000,2023-08-24,Active,26
EMP06804,Nisha Mehta,Operations,45000,,Active,28
EMP06805,Karan Rao,IT,38000,2024-04-02,On Leave,25
EMP06806,Neel Das,HR,72000,2023-03-31,Active,54
EMP06807,Rahul Khan,Finance,45000,2023-10-18,On Leave,40
EMP06808,Ishaan Rao,Sales,38000,2024-05-16,Active,49
EMP06809,Pooja Rao,Marketing,45000,2023-10-30,Inactive,57
EMP06810,Aarav Das,HR,45000,2026-04-21,Active,41
EMP06811,Dev Khan,Operations,72000,2024-09-05,Inactive,53
EMP06812,Aditya Gupta,IT,95000,2026-05-18,Active,44
EMP06813,Pooja Gupta,Marketing,95000,2023-03-03,On Leave,58
EMP06814,Anaya Singh,Sales,95000,2023-08-12,On Leave,31
EMP06815,Diya Patel,Marketing,80000,31/12/2024,On Leave,29
EMP06816,Nisha Gupta,HR,42000,2022-01-31,Inactive,58
EMP06817,Neel Patel,Operations,45000,2022-06-07,On Leave,53
EMP06818,Karan Mehta,Operations,38000,2023-12-21,Inactive,45
EMP06819,Diya Gupta,IT,52000,2022-07-15,Active,58
EMP06820,Maya Iyer,Marketing,42000,2022-03-30,Active,54
EMP06821,Meera Patel,Marketing,52000,2021-12-18,On Leave,56
EMP06822,Sara Khan,HR,45000,2022-12-23,Inactive,49
EMP06823,Pooja Singh,IT,45000,2022-04-02,On Leave,53
EMP06824,Meera Iyer,Sales,42000,2021-11-18,On Leave,57
EMP06825,Aditya Das,Marketing,45000,2021-04-30,Inactive,42
EMP06826,Nisha Khan,Operations,45000,2024-09-14,Active,34
EMP06827,Meera Sharma,IT,95000,2026-05-05,On Leave,55
EMP06828,Sara Rao,Sales,38000,2022-01-15,Active,57
EMP06829,Meera Patel,Marketing,38000,2023-07-20,Active,35
EMP06830,Sara Gupta,Sales,80000,2023-02-22,Active,26
EMP06831,Neel Das,Operations,60000,2022-10-22,On Leave,55
EMP06832,Tara Nair,Operations,38000,2022-10-19,On Leave,49
EMP06833,Rahul Sharma,Sales,95000,2023-10-06,On Leave,27
EMP06834,Nisha Singh,Operations,38000,2024-10-07,Inactive,35
EMP06835,Ira Sharma,Sales,45000,2023-03-03,On Leave,43
EMP06836,Diya Nair,Marketing,52000,2025-12-02,Inactive,28
EMP06837,Rahul Mehta,Operations,32000,2022-05-18,On Leave,33
EMP06838,Meera Gupta,Operations,60000,2024-08-23,on leave,50
EMP06839,Neel Rao,Finance,52000,2021-03-24,Inactive,54
EMP06840,Meera Patel,IT,42000,2026-04-21,Inactive,29
EMP06841,Rahul Singh,Sales,45000,2026-01-29,On Leave,54
EMP06842,Karan Nair,Marketing,72000,2024-05-16,Inactive,43
EMP06843,Anaya Sharma,IT,95000,2022-04-06,Inactive,21
EMP06844,Anaya Gupta,HR,80000,2022-10-07,Inactive,48
EMP06845,Diya Mehta,Finance,38000,2023-08-30,Active,31
EMP06846,Nisha Sharma,Marketing,38000,2021-05-10,Active,32
EMP06847,Ishaan Patel,Marketing,42000,2024-07-06,Active,35
EMP06848,Dev Iyer,Sales,32000,2021-08-02,Active,48
EMP06849,Aditya Sharma,Finance,95000,2024-11-27,On Leave,54
EMP06850,Karan Rao,Sales,45000,2021-06-12,Inactive,35
EMP06851,Neel Nair,Finance,52000,2025-06-16,Active,42
EMP06852,Kabir Das,Marketing,72000,2024-07-26,Active,36
EMP06853,Neel Rao,Sales,95000,2021-10-03,On Leave,
EMP06854,Rahul Patel,Operations,45000,2026-01-08,Inactive,28
EMP06855,Aditya Nair,HR,72000,2022-03-26,Active,35
EMP06856,Nisha Mehta,Operations,80000,2021-10-06,Inactive,27
EMP06857,Tara Sharma,Marketing,42000,2024-03-27,Active,26
EMP06858,Ira Sharma,HR,95000,2023-01-21,On Leave,21
EMP06859,Tara Gupta,Marketing,52000,2025-03-07,Active,21
EMP06860,Ira Iyer,IT,38000,2021-09-04,Active,35
EMP06861,Neel Singh,Marketing,60000,2021-10-20,On Leave,52
EMP06862,Aditya Patel,Marketing,52000,2021-06-06,Inactive,38
EMP06863,Karan Rao,IT,42000,2023-06-27,Active,37
EMP06864,Nisha Iyer,IT,95000,2021-09-25,On Leave,55
EMP06865,Neel Rao,IT,80000,2023-12-01,On Leave,27
EMP06866,Riya Iyer,IT,95000,2022-05-09,On Leave,26
EMP06867,Nisha Das,Finance,52000,2021-05-09,Active,37
EMP06868,Aditya Gupta,Marketing,45000,2021-11-01,Inactive,45
EMP06869,Vihaan Rao,Finance,45000,2024-09-25,Active,22
EMP06870,Tara Nair,Sales,42000,2022-12-02,Active,43
EMP06871,Diya Nair,Marketing,38000,2025-03-20,Active,26
EMP06872,Aditya Mehta,IT,95000,2024-11-09,Active,39
EMP06873,Aditya Patel,Sales,42000,2021-10-21,On Leave,56
EMP06874,Diya Gupta,Operations,60000,2025-01-25,On Leave,38
EMP06875,Meera Das,Operations,38000,2021-02-22,Active,23
EMP06876,Arjun Patel,Operations,52000,2025-08-22,Inactive,49
EMP06877,Karan Singh,IT,60000,2023-06-05,On Leave,51
EMP06878,Rahul Nair,IT,38000,2024-09-06,Inactive,34
EMP06879,Neel Mehta,Finance,32000,2024-01-10,Active,39
EMP06880,Karan Patel,Sales,72000,2023-11-28,On Leave,30
EMP06881,Ishaan Singh,HR,72000,2022-05-08,On Leave,53
EMP06882,Aditya Iyer,Marketing,45000,2023-09-07,Inactive,43
EMP06883,Nisha Iyer,Finance,42000,2021-03-27,Active,43
EMP06884,Neel Patel,IT,45000,2022-10-25,Active,31
EMP06885,Pooja Mehta,IT,38000,2023-09-22,On Leave,23
EMP06886,Maya Nair,HR,60000,2024-09-04,On Leave,26
EMP06887,Diya Khan,Marketing,32000,2026-03-29,On Leave,43
EMP09493,Tara Nair,Marketing,72000,2021-07-24,On Leave,31
EMP06889,Vihaan Singh,Operations,42000,2025-02-22,Active,36
EMP06890,Sara Gupta,Finance,45000,2021-04-30,On Leave,54
EMP06891,Arjun Khan,Operations,60000,2025-09-14,On Leave,47
EMP06892,Ishaan Rao,Marketing,72000,2025-07-26,On Leave,48
EMP06893,Pooja Khan,HR,80000,2025-04-23,Inactive,48
EMP06894,Neel Iyer,HR,42000,2023-08-16,Active,30
EMP06895,Meera Khan,HR,38000,2022-11-15,Active,58
EMP06896,Arjun Singh,HR,42000,2022-10-14,Inactive,21
EMP06897,Dev Mehta,Sales,38000,2021-11-19,Active,46
EMP06898,Meera Iyer,HR,38000,2025-03-19,Inactive,41
EMP06899,Rahul Sharma,Finance,38000,2021-06-20,On Leave,26
EMP06900,Neel Singh,Operations,42000,2024-03-08,Active,37
EMP06901,Nisha Gupta,IT,80000,2023-06-22,Inactive,58
EMP06902,Maya Rao,Operations,32000,2022-01-08,On Leave,54
EMP06903,Diya Sharma,Finance,45000,2022-06-15,On Leave,54
EMP06904,Sara Mehta,Sales,95000,2022-08-27,On Leave,48
EMP06905,Anaya Iyer,HR,52000,2024-01-08,Inactive,28
EMP06906,Kabir Mehta,HR,32000,2023-06-14,Active,51
EMP06907,Neel Singh,Finance,45000,2022-01-06,Inactive,53
EMP06908,Nisha Patel,IT,80000,2023-12-08,Inactive,48
EMP06909,Aarav Singh,Marketing,80000,2024-08-07,Inactive,31
EMP06910,Nisha Gupta,IT,60000,2023-07-18,Inactive,48
EMP06911,Rahul Gupta,IT,60000,2021-10-24,Active,52
EMP06912,Aditya Patel,Marketing,42000,2021-04-24,On Leave,54
EMP06913,Pooja Das,Finance,72000,2021-06-28,Inactive,40
EMP06914,Diya Nair,Finance,42000,2026-04-01,On Leave,29
EMP06915,Vihaan Nair,Sales,52000,2022-03-21,Inactive,23
EMP06916,Kabir Khan,HR,32000,2021-07-27,On Leave,48
EMP06917,Nisha Patel,Marketing,60000,2022-01-08,On Leave,34
EMP06918,Kabir Khan,Sales,60000,2021-04-16,Active,30
EMP06919,Tara Iyer,IT,42000,2021-08-26,On Leave,29
EMP06920,Dev Patel,Marketing,,2024-07-13,Inactive,45
EMP06921,Aditya Das,IT,80000,2024-03-02,Inactive,54
EMP06922,Meera Singh,Finance,80000,2023-12-20,Inactive,51
EMP06923,Riya Das,Sales,32000,2021-02-13,Active,57
EMP06924,Maya Singh,HR,72000,2024-01-18,On Leave,26
EMP06925,Diya Sharma,Operations,80000,2025-10-15,Active,30
EMP06926,Kabir Das,Marketing,38000,2024-06-12,On Leave,53
EMP06927,Ishaan Mehta,Marketing,45000,2021-09-15,Inactive,22
EMP06928,Aarav Das,IT,42000,2021-12-18,Inactive,21
EMP06929,Riya Patel,Finance,45000,2024-08-31,Active,27
EMP06930,Maya Patel,Operations,45000,2022-11-03,Active,37
EMP06931,Vihaan Khan,HR,38000,2021-10-18,Active,43
EMP06932,Maya Iyer,Marketing,80000,2022-09-06,Active,50
EMP06933,Dev Iyer,Operations,32000,2026-04-17,Inactive,52
EMP06934,Maya Mehta,Marketing,42000,2023-12-24,Active,50
EMP06935,Vihaan Singh,Sales,80000,2021-08-18,On Leave,58
EMP06936,Sara Khan,Marketing,45000,2021-02-05,On Leave,22
EMP06937,Maya Gupta,IT,32000,2026-02-23,Active,43
EMP06938,Anaya Khan,Sales,32000,2025-10-12,On Leave,25
EMP06939,Dev Gupta,Finance,80000,2025-03-07,Active,45
EMP06940,Kabir Gupta,Marketing,38000,,Inactive,51
EMP06941,Pooja Nair,Finance,80000,2024-06-18,On Leave,33
EMP06942,Ira Iyer,Finance,95000,2022-01-11,On Leave,23
EMP06943,Maya Patel,HR,38000,2024-09-21,Active,43
EMP06944,Rahul Singh,HR,42000,2021-02-26,Active,30
EMP06945,Aditya Rao,Operations,38000,2024-05-04,Active,56
EMP06946,Maya Iyer,Operations,32000,2024-07-02,Inactive,22
EMP06947,Sara Singh,Operations,52000,2022-04-20,On Leave,49
EMP06948,Rahul Das,IT,95000,2022-01-10,Active,53
EMP06949,Vihaan Iyer,Finance,32000,2021-06-28,On Leave,150
EMP06950,Karan Mehta,Operations,45000,2023-09-26,Inactive,55
EMP06951,Dev Rao,HR,45000,2024-04-16,On Leave,50
EMP06952,Meera Khan,Marketing,95000,2021-05-12,Inactive,25
EMP06953,Meera Nair,Sales,38000,2023-08-28,On Leave,48
EMP06954,Anaya Singh,Operations,72000,2025-03-05,Inactive,32
EMP06955,Karan Sharma,HR,45000,2023-10-01,On Leave,24
EMP06956,Vihaan Das,IT,52000,2023-12-26,Inactive,34
EMP06957,Neel Iyer,Operations,80000,2022-08-05,On Leave,27
EMP06958,Aditya Mehta,Sales,95000,2023-11-23,Inactive,47
EMP06959,Rahul Khan,Finance,80000,,On Leave,29
EMP06960,Meera Das,Marketing,32000,2022-08-13,Inactive,58
EMP06961,Ishaan Nair,Operations,38000,2023-03-20,on leave,33
EMP06962,Arjun Nair,Finance,60000,2021-06-15,Active,41
EMP06963,Vihaan Singh,HR,42000,2023-10-20,On Leave,58
EMP06964,Pooja Patel,IT,72000,2023-11-24,On Leave,39
EMP06965,Diya Gupta,Finance,60000,2024-04-04,Inactive,46
EMP06966,Vihaan Singh,HR,,2022-08-16,On Leave,23
EMP06967,Dev Mehta,HR,45000,2024-01-14,On Leave,32
EMP06968,Rahul Patel,Finance,72000,2025-06-02,On Leave,54
EMP06969,Nisha Singh,Sales,32000,2021-03-20,Inactive,22
EMP06970,Maya Khan,Operations,32000,2021-11-11,On Leave,49
EMP06971,Arjun Rao,IT,42000,2021-02-06,Inactive,35
EMP06972,Ishaan Iyer,Operations,45000,2025-03-16,On Leave,32
EMP06973,Meera Singh,Operations,32000,2023-06-11,Inactive,45
EMP06974,Anaya Rao,Operations,32000,2024-05-08,Active,39
EMP06975,Ira Singh,IT,45000,2021-11-06,Inactive,51
EMP06976,Maya Khan,Marketing,45000,2024-11-08,Inactive,42
EMP06977,Riya Das,Operations,80000,2025-07-14,On Leave,33
EMP06978,Sara Singh,Finance,95000,2025-08-20,On Leave,56
EMP06979,Vihaan Singh,Operations,45000,2025-04-12,Active,32
EMP06980,Meera Mehta,Operations,45000,2025-04-20,Active,38
EMP06981,Aditya Sharma,IT,32000,2023-01-22,On Leave,21
EMP06982,Arjun Patel,Operations,38000,2024-08-06,Inactive,53
EMP06983,Nisha Patel,HR,72000,2025-07-19,Active,54
EMP06984,Arjun Khan,Marketing,45000,2026-02-30,On Leave,58
EMP06985,Anaya Khan,IT,-5000,2021-09-28,On Leave,52
EMP06986,Neel Iyer,IT,60000,2026-05-11,On Leave,24
EMP06987,Karan Sharma,Sales,38000,2024-09-15,On Leave,23
EMP06988,Karan Rao,IT,95000,2025-12-04,Active,51
EMP06989,Anaya Nair,Marketing,60000,2024-12-11,Inactive,50
EMP06990,Karan Das,Marketing,52000,2021-09-27,Inactive,47
EMP06991,Riya Gupta,Marketing,42000,2021-01-01,inactive,35
EMP06992,Sara Iyer,HR,52000,2024-11-10,Inactive,45
EMP06993,Ishaan Singh,Operations,72000,2025-11-09,Active,26
EMP09044,Tara Mehta,Operations,72000,2023-08-15,Inactive,53
EMP06995,Aditya Nair,IT,32000,2021-08-31,Inactive,48
EMP06996,Neel Patel,Sales,60000,2023-01-04,Active,51
EMP06997,Meera Patel,HR,42000,2023-07-31,On Leave,22
EMP06998,Kabir Gupta,HR,32000,2021-02-02,Inactive,57
EMP06999,Arjun Rao,Marketing,52000,2021-03-16,Inactive,36
EMP07000,Neel Nair,Sales,95000,2021-10-11,Inactive,23
EMP07001,Maya Mehta,Operations,95000,2026-02-12,On Leave,38
EMP07002,Vihaan Nair,Operations,80000,2021-09-28,On Leave,43
EMP07003,Aarav Singh,HR,32000,2022-06-23,Active,22
EMP07004,Nisha Khan,HR,72000,2023-08-01,Active,33
EMP07005,Diya Singh,Marketing,80000,2021-07-23,On Leave,52
EMP07006,Tara Gupta,Finance,60000,2025-03-21,Active,49
EMP07007,Maya Nair,HR,60000,2024-01-27,Active,56
EMP09760,Neel Das,IT,60000,2024-05-11,On Leave,48
EMP07009,Vihaan Khan,IT,32000,2023-09-14,On Leave,58
EMP07010,Karan Khan,HR,45000,2023-03-10,Inactive,54
EMP07011,Ira Patel,Marketing,38000,2024-09-23,On Leave,46
EMP07012,Aarav Mehta,Operations,60000,2023-11-03,On Leave,43
EMP07013,Neel Das,IT,72000,2025-12-17,Active,21
EMP07014,Aarav Iyer,Finance,72000,2021-01-26,Active,46
EMP07015,Anaya Sharma,Finance,60000,2023-09-23,Inactive,32
EMP07016,Vihaan Gupta,IT,38000,2024-04-13,On Leave,22
EMP07017,Pooja Nair,Marketing,52000,2025-09-26,Inactive,49
EMP07018,Kabir Gupta,HR,60000,2025-03-03,On Leave,52
EMP07019,Arjun Singh,IT,38000,2022-10-26,On Leave,49
EMP07020,Tara Das,Marketing,95000,2025-03-13,Active,38
EMP07021,Diya Mehta,Operations,60000,2021-10-19,Inactive,50
EMP07022,Neel Rao,Marketing,38000,2024-06-23,Inactive,54
EMP07023,Ira Mehta,HR,80000,2024-02-19,On Leave,
EMP07024,Aarav Rao,Operations,80000,2025-01-28,Active,46
EMP07025,Arjun Khan,Operations,95000,2021-03-08,On Leave,37
EMP07026,Rahul Rao,HR,72000,2025-09-05,Active,35
EMP07027,Riya Gupta,Operations,32000,2024-01-19,Inactive,50
EMP07028,Maya Das,Finance,45000,2025-03-18,On Leave,57
EMP07029,Dev Patel,Sales,60000,2023-03-24,Inactive,45
EMP07030,Dev Iyer,HR,42000,2021-09-14,On Leave,22
EMP07031,Anaya Rao,HR,32000,2023-09-20,On Leave,45
EMP07032,Dev Patel,HR,95000,2023-05-07,On Leave,36
EMP07033,Tara Rao,Marketing,95000,2025-02-22,Inactive,36
EMP07034,Karan Iyer,Finance,95000,2024-02-03,Inactive,35
EMP07035,Vihaan Nair,Finance,45000,2024-02-11,On Leave,44
EMP07036,Aarav Singh,Sales,32000,2024-11-23,Inactive,53
EMP07037,Anaya Sharma,Finance,52000,2022-09-19,Active,31
EMP07038,Kabir Khan,HR,80000,2026-01-10,On Leave,49
EMP07039,Arjun Rao,Sales,42000,2023-03-08,Inactive,30
EMP07040,Aarav Patel,Sales,95000,2023-09-18,Active,31
EMP07041,Aditya Das,Finance,95000,2021-05-14,On Leave,48
EMP07042,Ishaan Gupta,Finance,42000,2022-11-10,Active,56
EMP07043,Nisha Nair,Finance,95000,2022-12-01,Active,40
EMP07044,Kabir Mehta,HR,45000,2023-03-09,On Leave,49
EMP07045,Arjun Iyer,Sales,38000,2024-03-03,Active,33
EMP07046,Meera Das,Marketing,60000,2024-07-02,Inactive,44
EMP07047,Meera Singh,IT,60000,2025-02-22,Active,58
EMP07048,Sara Das,Sales,95000,2024-12-09,On Leave,24
EMP07049,Pooja Rao,Operations,80000,2025-04-10,Active,33
EMP07050,Arjun Khan,IT,72000,2025-08-04,On Leave,47
EMP07051,Riya Mehta,IT,42000,2024-02-10,Inactive,37
EMP07052,Rahul Gupta,HR,45000,2021-08-22,On Leave,53
EMP02233,Meera Patel,Sales,60000,2024-03-03,Active,37
EMP07054,Nisha Mehta,Sales,32000,2024-09-28,On Leave,39
EMP07055,Rahul Khan,HR,72000,2024-07-02,Inactive,34
EMP07056,Meera Nair,Marketing,45000,,Inactive,33
EMP07057,Meera Mehta,Marketing,60000,2023-07-21,On Leave,55
EMP07058,Meera Das,Marketing,45000,2024-09-15,Inactive,51
EMP07059,Maya Singh,HR,38000,2021-09-27,Inactive,38
EMP07060,Diya Nair,IT,52000,2023-03-23,Active,33
EMP07061,Ira Patel,HR,32000,2025-12-15,On Leave,57
EMP07062,Dev Khan,IT,45000,2021-07-20,On Leave,28
EMP07063,Sara Iyer,HR,32000,2025-03-10,On Leave,28
EMP07064,Anaya Iyer,IT,72000,2022-07-30,Active,39
EMP07065,Diya Das,Finance,80000,2024-07-31,Active,49
EMP07066,Meera Sharma,Finance,60000,2023-03-22,On Leave,54
EMP07067,Diya Das,Finance,52000,2022-08-31,Active,28
EMP07068,Tara Mehta,HR,42000,2021-09-18,On Leave,26
EMP07069,Kabir Patel,Sales,38000,2024-04-14,On Leave,30
EMP07070,Diya Sharma,HR,32000,2026-06-08,Inactive,47
EMP07071,Ishaan Patel,Finance,32000,2024-03-01,On Leave,38
EMP07072,Anaya Patel,Sales,95000,2026-02-10,On Leave,26
EMP07073,Diya Rao,Marketing,72000,2024-10-16,Inactive,34
EMP07074,Tara Rao,HR,42000,2021-02-27,Inactive,39
EMP07075,Sara Khan,Sales,52000,2021-08-29,Inactive,30
EMP07076,Riya Khan,Marketing,60000,2025-06-25,Active,27
EMP07077,Neel Singh,IT,72000,2022-05-16,Active,55
EMP07078,Neel Gupta,Finance,95000,2025-09-09,Inactive,55
EMP07079,Kabir Iyer,IT,32000,2022-12-09,On Leave,58
EMP07080,Ira Gupta,IT,72000,2021-11-28,Active,39
EMP07081,Maya Rao,HR,60000,2022-06-28,Active,21
EMP07082,Vihaan Patel,Sales,45000,2021-08-12,Active,42
EMP07083,Pooja Mehta,HR,52000,2025-05-09,On Leave,38
EMP07084,Arjun Khan,HR,45000,2021-06-13,Inactive,26
EMP07085,Dev Iyer,IT,42000,2026-04-08,Active,45
EMP07086,Riya Rao,Marketing,42000,2024-03-01,Active,45
EMP07087,Kabir Nair,Marketing,80000,2022-08-08,Active,25
EMP07088,Dev Iyer,Finance,45000,2022-09-05,On Leave,50
EMP07089,Riya Gupta,Finance,38000,2022-08-18,On Leave,57
EMP07090,Meera Das,HR,60000,2022-11-26,Inactive,55
EMP07091,Riya Patel,Sales,60000,2023-06-24,Active,24
EMP07092,Aditya Patel,HR,38000,2022-10-21,On Leave,21
EMP07093,Ira Nair,Operations,42000,2023-05-04,Active,30
EMP07094,Diya Singh,IT,42000,2023-12-08,Active,38
EMP07095,Kabir Sharma,HR,,2026-02-03,Inactive,48
EMP07096,Aditya Gupta,Operations,52000,2023-05-26,,23
EMP07097,Riya Mehta,IT,52000,2022-06-29,On Leave,54
EMP07098,Kabir Mehta,Sales,38000,2023-08-06,On Leave,58
EMP07099,Karan Mehta,Sales,52000,2024-11-27,On Leave,29
EMP07100,Diya Singh,Finance,38000,2025-12-08,Inactive,22
EMP07101,Rahul Mehta,IT,72000,2024-07-31,On Leave,57
EMP07102,Ira Khan,Finance,72000,2021-09-22,Inactive,29
EMP07103,Arjun Nair,HR,38000,2023-02-27,Active,24
EMP07104,Tara Rao,IT,42000,2026-02-09,Inactive,31
EMP07105,Arjun Rao,HR,80000,2023-06-06,Active,53
EMP07106,Karan Iyer,Sales,72000,2022-04-17,Inactive,39
EMP07107,Kabir Gupta,Sales,42000,2024-11-09,Inactive,35
EMP07108,Kabir Rao,HR,42000,2021-12-25,On Leave,58
EMP07109,Sara Singh,Marketing,38000,2023-08-24,On Leave,31
EMP07110,Arjun Sharma,HR,,2023-04-19,Active,26
EMP07111,Meera Rao,Sales,95000,2026-04-26,On Leave,45
EMP07112,Nisha Das,Operations,72000,2025-07-15,Active,29
EMP07113,Pooja Sharma,Marketing,95000,2022-12-18,Inactive,49
EMP07114,Meera Das,Marketing,42000,2022-03-09,On Leave,39
EMP07115,Pooja Rao,Finance,52000,2026-01-12,On Leave,43
EMP07116,Arjun Rao,Sales,38000,2025-01-07,On Leave,38
EMP07117,Meera Sharma,IT,42000,2026-03-05,Active,42
EMP07118,Arjun Singh,HR,72000,2024-09-01,Active,50
EMP07119,Diya Nair,Finance,42000,2025-02-08,Inactive,36
EMP07120,Aditya Mehta,Marketing,95000,2021-02-05,On Leave,48
EMP07121,Anaya Nair,Finance,,2025-12-13,Inactive,21
EMP07122,Neel Khan,Operations,80000,2025-01-02,Inactive,56
EMP07123,Kabir Gupta,Marketing,52000,2026-01-10,On Leave,44
EMP07124,Meera Khan,IT,60000,2023-08-28,Inactive,58
EMP07125,Aarav Gupta,IT,42000,2025-10-24,Active,35
EMP07126,Arjun Iyer,HR,95000,2022-01-05,Inactive,33
EMP07127,Meera Patel,Finance,95000,2021-10-03,Active,36
EMP07128,Dev Patel,HR,52000,2024-11-06,Inactive,32
EMP07129,Ira Khan,Sales,32000,2022-05-15,Inactive,33
EMP07130,Karan Mehta,Finance,38000,2025-10-01,Active,23
EMP07131,Rahul Mehta,IT,52000,2024-04-20,Inactive,52
EMP07132,Ishaan Das,IT,38000,2023-03-25,Inactive,40
EMP07133,Aarav Sharma,Operations,42000,2023-05-29,On Leave,40
EMP07134,Neel Das,Sales,38000,2021-08-02,Active,53
EMP07135,Ishaan Sharma,Marketing,45000,2023-03-05,Active,39
EMP07136,Aditya Iyer,Finance,95000,2023-09-10,Active,58
EMP07137,Anaya Khan,IT,42000,2023-03-01,Active,24
EMP07138,Anaya Singh,Operations,38000,2025-06-28,On Leave,40
EMP07139,Neel Das,IT,60000,2021-02-19,On Leave,49
EMP07140,Kabir Iyer,IT,45000,2021-01-07,On Leave,24
EMP07141,Nisha Patel,HR,32000,2024-11-10,Inactive,37
EMP07142,Nisha Iyer,Operations,80000,2022-06-20,On Leave,55
EMP07143,Vihaan Sharma,Finance,45000,2026-02-15,Active,57
EMP07144,Neel Nair,Operations,95000,2023-05-30,Inactive,51
EMP07145,Neel Patel,Operations,80000,2022-05-01,On Leave,30
EMP07146,Nisha Iyer,HR,32000,2026-01-06,Inactive,47
EMP07147,Kabir Gupta,IT,80000,2025-05-10,On Leave,45
EMP07148,Aarav Das,IT,42000,2023-07-22,Inactive,34
EMP07149,Meera Rao,HR,72000,2025-01-30,Inactive,27
EMP07150,Tara Rao,Operations,60000,2023-12-31,Active,28
EMP07151,Pooja Iyer,Operations,38000,2024-07-29,On Leave,39
EMP07152,Riya Singh,Finance,45000,2024-03-31,Active,24
EMP07153,Rahul Khan,Operations,72000,2025-05-17,Inactive,54
EMP07154,Pooja Singh,IT,52000,2024-03-20,On Leave,56
EMP07155,Ishaan Iyer,Operations,95000,2022-03-05,Inactive,53
EMP07156,Aarav Das,IT,38000,2022-05-26,Inactive,40
EMP07157,Aarav Khan,Marketing,52000,2022-03-04,Inactive,54
EMP07158,Ira Das,Finance,38000,2021-04-16,Inactive,41
EMP07159,Ira Iyer,Marketing,95000,2025-07-29,Active,52
EMP07160,Arjun Das,Operations,80000,2021-07-08,Active,25
EMP07161,Dev Das,Finance,72000,2022-11-30,On Leave,30
EMP07162,Vihaan Sharma,Finance,38000,2023-04-16,On Leave,27
EMP05981,Anaya Mehta,HR,52000,2025-06-21,On Leave,53
EMP07164,Maya Patel,Marketing,80000,2021-01-19,On Leave,23
EMP07165,Diya Iyer, IT,45000,2025-04-27,Active,55
EMP07166,Ira Khan,Finance,60000,2022-09-16,Active,33
EMP07167,Nisha Khan,Finance,95000,2021-03-30,Inactive,51
EMP07168,Nisha Gupta,Sales,95000,2021-02-20,Active,45
EMP07169,Neel Mehta,Finance,95000,2022-01-26,On Leave,55
EMP07170,Aarav Gupta,Operations,60000,2023-05-06,Active,58
EMP07171,Riya Khan,Finance,95000,2022-02-03,Active,38
EMP07172,Nisha Sharma,Finance,45000,2022-09-18,Active,47
EMP07173,Sara Iyer,Finance,32000,2026-01-22,On Leave,23
EMP07174,Karan Sharma,Operations,95000,2021-10-16,Inactive,52
EMP07175,Ira Sharma,Marketing,95000,2021-09-09,On Leave,26
EMP07176,Diya Mehta,Sales,80000,2022-05-05,Active,48
EMP07177,Sara Patel,Marketing,45000,2021-02-16,Inactive,26
EMP07178,Diya Das,Finance,32000,2025-12-28,Active,55
EMP07179,Aarav Gupta,Sales,52000,2022-04-11,On Leave,42
EMP07180,Pooja Rao,Sales,80000,2026-02-04,On Leave,42
EMP07181,Pooja Gupta,Operations,38000,2021-04-01,On Leave,28
EMP07182,Arjun Gupta,Sales,72000,2024-11-08,Inactive,36
EMP07183,Nisha Sharma,IT,32000,2022-03-06,On Leave,54
EMP07184,Dev Das,Sales,32000,2023-04-03,Inactive,29
EMP07185,Dev Mehta,Sales,60000,2026-05-18,On Leave,23
EMP07186,Vihaan Iyer,IT,72000,2024-05-27,Active,41
EMP07187,Meera Rao,Operations,38000,2024-10-22,On Leave,58
EMP07188,Kabir Sharma,Finance,52000,2021-10-25,Inactive,30
EMP07189,Meera Iyer,Finance,52000,2025-12-07,Inactive,54
EMP07190,Pooja Nair,Finance,95000,2023-09-16,Inactive,45
EMP07191,Kabir Patel,HR,60000,2024-04-27,Active,45
EMP07192,Meera Singh,Sales,52000,2023-12-10,On Leave,24
EMP07193,Karan Das,Sales,32000,2022-05-11,Inactive,29
EMP07194,Neel Patel,HR,32000,2025-10-30,Inactive,44
EMP07195,Maya Rao,,42000,2021-12-08,Active,30
EMP07196,Anaya Mehta,IT,95000,2025-07-10,Inactive,53
EMP07197,Maya Sharma,Marketing,72000,2025-05-07,Inactive,33
EMP07198,Rahul Iyer,IT,72000,2026-06-24,On Leave,49
EMP07199,Meera Singh,Finance,72000,2023-02-08,On Leave,46
EMP07200,Ira Nair,Operations,38000,2021-08-15,Active,54
EMP07201,Neel Khan,Sales,52000,2025-10-03,On Leave,57
EMP07202,Meera Rao,Operations,60000,2026-02-19,Active,43
EMP07203,Neel Gupta,HR,60000,2025-10-23,On Leave,56
EMP07204,Arjun Iyer,Sales,52000,2021-04-17,Active,56
EMP07205,Pooja Iyer,Marketing,32000,2022-03-16,Inactive,35
EMP07206,Nisha Das,HR,38000,2024-09-14,Inactive,47
EMP07207,,Marketing,38000,2023-10-06,Active,49
EMP07208,Maya Iyer,Finance,38000,2023-01-07,Active,-5
EMP07209,Ishaan Khan,Marketing,95000,2021-01-31,On Leave,55
EMP07210,Sara Nair,Finance,42000,2022-08-05,On Leave,58
EMP07211,Pooja Gupta,IT,38000,2021-04-20,Inactive,33
EMP07212,Meera Khan,IT,95000,2023-01-28,Inactive,27
EMP07213,Kabir Khan,Finance,32000,2023-03-27,On Leave,36
EMP07214,Riya Iyer,HR,60000,2022-09-12,On Leave,26
EMP07215,Neel Sharma,Operations,60000,2024-06-07,Inactive,28
EMP07216,Arjun Patel,Sales,32000,2023-03-20,On Leave,33
EMP07217,Kabir Singh,Marketing,80000,2026-02-30,Active,42
EMP07218,Ishaan Singh,HR,80000,2021-02-22,On Leave,36
EMP07219,Dev Patel,HR,60000,2021-01-21,Inactive,43
EMP07220,Arjun Mehta,Finance,38000,2025-12-12,On Leave,57
EMP07221,Sara Nair,Operations,95000,2025-10-06,On Leave,45
EMP07222,Arjun Iyer,Finance,52000,2024-01-22,On Leave,46
EMP07223,Rahul Patel,Sales,42000,2023-03-15,Active,51
EMP07224,Anaya Gupta,Marketing,60000,2026-03-07,Active,38
EMP07225,Ishaan Rao,Finance,52000,2026-01-23,Inactive,45
EMP07226,Anaya Gupta,Sales,72000,2025-08-16,On Leave,54
EMP07227,Tara Rao,Marketing,95000,2025-03-20,Inactive,34
EMP07228,Arjun Patel,Operations,72000,2022-08-14,Active,51
EMP07229,Anaya Iyer,Finance,95000,2026-06-11,Inactive,22
EMP07230,Neel Sharma,IT,45000,2025-12-16,On Leave,25
EMP07231,Tara Singh,HR,95000,2025-04-23,Active,30
EMP07232,Anaya Khan,Finance,32000,2021-05-25,Inactive,51
EMP07233,Rahul Patel,IT,52000,2022-07-15,On Leave,29
EMP07234,Nisha Singh,Finance,52000,2024-04-03,Inactive,32
EMP07235,Sara Singh,Finance,,2023-12-08,On Leave,31
EMP07236,Dev Iyer,HR,80000,2023-03-08,Active,54
EMP07237,Tara Rao,Marketing,45000,2025-10-06,Active,23
EMP07238,Karan Patel,HR,80000,2026-03-14,Active,23
EMP07239,Diya Khan,Operations,72000,2024-02-11,Active,53
EMP07240,Diya Rao,Marketing,32000,2025-06-25,Active,50
EMP07241,Pooja Nair,Operations,72000,2024-05-29,On Leave,54
EMP07242,Vihaan Khan,Operations,42000,2026-05-02,Inactive,51
EMP07243,Maya Iyer,Sales,38000,2025-11-21,Inactive,29
EMP07244,Arjun Das,Sales,52000,2021-08-26,On Leave,51
EMP07245,Tara Mehta,Marketing,52000,2024-09-03,Inactive,23
EMP07246,Ishaan Patel,Operations,60000,2023-10-31,Inactive,46
EMP07247,Aditya Das,Operations,45000,2025-05-20,Active,31
EMP07248,Pooja Sharma,Sales,72000,2024-05-08,On Leave,40
EMP07249,Dev Sharma,Finance,,2023-04-01,Active,21
EMP07250,Pooja Sharma,Marketing,42000,2021-11-02,Active,30
EMP07251,Ira Nair,Sales,72000,2023-09-25,On Leave,32
EMP07252,Aarav Khan,HR,60000,2025-06-14,Inactive,56
EMP07253,Pooja Iyer,IT,32000,2024-03-18,On Leave,34
EMP07254,Sara Singh,IT,32000,2022-07-19,Active,39
EMP07255,Ishaan Mehta,HR,42000,2022-01-16,On Leave,55
EMP07256,Diya Rao,Sales,95000,2024-04-11,Active,53
EMP07257,Diya Iyer,Sales,60000,2025-10-30,On Leave,26
EMP07258,Tara Khan,Finance,45000,2025-03-19,On Leave,54
EMP07259,Vihaan Rao,Finance,45000,2024-10-29,On Leave,46
EMP07260,Diya Singh,Operations,42000,2025-08-21,Inactive,43
EMP07261,Ira Mehta,Marketing,80000,2024-08-24,Active,51
EMP07262,Rahul Patel,Operations,60000,2021-03-09,Active,27
EMP07263,Ira Iyer,Sales,80000,2025-05-05,Inactive,41
EMP07264,Ira Das,Operations,32000,2025-09-29,Active,52
EMP07265,Nisha Nair,Finance,72000,2022-07-24,Inactive,29
EMP07266,Maya Sharma,Finance,42000,2021-04-30,Inactive,28
EMP07267,Vihaan Mehta,Operations,72000,2022-06-18,Active,41
EMP07268,Nisha Singh,Operations,52000,2022-10-31,On Leave,27
EMP07269,Rahul Nair,Operations,42000,2024-09-19,Inactive,26
EMP07270,Rahul Sharma,HR,38000,2025-08-24,Inactive,52
EMP07271,Riya Rao,Operations,38000,2024-01-08,Active,45
EMP07272,Pooja Sharma,Operations,32000,2022-05-20,Active,44
EMP07273,Tara Singh,IT,60000,2024-08-31,Inactive,36
EMP07274,Aarav Patel,IT,45000,2024-07-06,Inactive,29
EMP07275,Neel Patel,IT,72000,2024-05-06,Active,44
EMP07276,Diya Rao,IT,38000,2022-06-14,Inactive,37
EMP07277,Kabir Iyer,IT,32000,2025-09-06,Active,47
EMP07278,Meera Mehta,IT,38000,2021-05-18,On Leave,23
EMP07279,Aditya Patel,Sales,52000,2021-04-20,Inactive,21
EMP07280,Ishaan Nair,Operations,38000,2023-04-27,On Leave,53
EMP07281,Tara Rao,HR,38000,2022-11-19,Active,48
EMP07282,Nisha Gupta,Marketing,60000,2021-09-26,Active,35
EMP07283,Karan Singh,Finance,52000,2022-04-18,Inactive,31
EMP07284,Tara Gupta,Sales,52000,2022-04-15,Active,21
EMP07285,Kabir Patel,HR,60000,2023-01-16,Inactive,40
EMP07286,Arjun Nair,Sales,72000,2026-04-18,On Leave,36
EMP07287,Maya Patel,,80000,2025-04-15,Active,23
EMP07288,Nisha Patel,HR,95000,2021-03-14,On Leave,52
EMP07289,Aditya Iyer,Marketing,45000,2024-02-22,Inactive,45
EMP07290,Nisha Rao,IT,42000,2022-05-12,On Leave,43
EMP07291,Sara Das,HR,42000,2025-02-27,Active,31
EMP07292,Rahul Nair,Marketing,42000,2024-11-30,On Leave,30
EMP07293,Kabir Sharma,IT,38000,2022-08-22,Active,50
EMP07294,Karan Khan,IT,42000,2021-04-04,Inactive,35
EMP07295,Meera Das,Finance,32000,2021-03-08,Active,42
EMP07296,Diya Das,Marketing,52000,2022-10-22,Active,43
EMP07297,Pooja Iyer,Operations,38000,2023-03-30,Active,42
EMP07298,Karan Khan,Marketing,45000,2024-04-29,On Leave,31
EMP07299,Aditya Khan,Operations,80000,2026-01-25,Active,27
EMP07300,Ishaan Gupta,Marketing,38000,2022-01-31,On Leave,54
EMP07301,Riya Nair,HR,80000,2022-02-12,On Leave,39
EMP07302,Sara Gupta,Marketing,32000,2021-03-16,Active,49
EMP07303,Kabir Mehta,HR,72000,2021-09-06,On Leave,25
EMP07304,Sara Iyer,IT,52000,2023-05-05,Active,50
EMP07305,Aditya Sharma,Operations,42000,2022-01-05,Active,53
EMP07306,Ira Khan,Operations,42000,2021-03-20,On Leave,43
EMP07307,Rahul Mehta,Operations,52000,2023-02-10,On Leave,46
EMP07308,Anaya Nair,HR,38000,2023-02-01,Inactive,27
EMP07309,Nisha Singh,Marketing,52000,2024-02-06,On Leave,58
EMP07310,Ira Patel,Operations,95000,2023-12-21,Active,49
EMP07311,Aditya Nair,Finance,60000,2022-01-27,On Leave,24
EMP07312,Pooja Sharma,Finance,72000,2022-01-12,On Leave,31
EMP07313,Ira Rao,Operations,38000,2021-10-31,Active,34
EMP07314,Anaya Iyer,IT,38000,2026-01-01,Inactive,52
EMP07315,Anaya Nair,Marketing,80000,2021-11-07,On Leave,40
EMP07316,Maya Patel,IT,52000,2022-11-20,Active,37
EMP07317,Arjun Gupta,Finance,32000,2026-02-06,Inactive,40
EMP07318,Tara Gupta,Marketing,80000,2026-01-03,Inactive,38
EMP07319,Diya Gupta,Marketing,72000,2023-07-21,Active,24
EMP07320,Rahul Khan,Finance,42000,2021-01-15,Inactive,41
EMP07321,Aditya Sharma,Marketing,45000,2024-08-15,On Leave,36
EMP07322,Sara Singh,HR,95000,2024-11-28,Active,38
EMP07323,Aarav Patel,Finance,32000,2022-05-05,On Leave,49
EMP07324,Kabir Mehta,IT,45000,2024-12-12,On Leave,58
EMP07325,Maya Sharma,HR,72000,2023-10-07,Inactive,53
EMP07326,Ira Nair,Marketing,42000,2023-05-31,Active,47
EMP07327,Ira Patel,IT,95000,2024-06-03,On Leave,22
EMP07328,Arjun Patel,,38000,2023-05-27,Inactive,39
EMP07329,Anaya Gupta,Finance,80000,not available,Inactive,44
EMP07330,Aditya Das,Marketing,38000,2023-06-23,Inactive,
EMP07331,Neel Patel,Finance,42000,2021-02-04,Active,41
EMP07332,Arjun Patel,Sales,52000,2022-04-14,On Leave,21
EMP07333,Kabir Khan,IT,60000,2021-03-02,Inactive,46
EMP07334,Dev Mehta, IT,60000,2024-12-16,Active,26
EMP07335,Aditya Rao,HR,45000,2021-04-01,On Leave,28
EMP07336,Rahul Khan,IT,72000,2023-08-04,On Leave,21
EMP07337,Anaya Patel,Sales,60000,2023-09-13,Active,56
EMP07338,Kabir Rao,Marketing,45000,2022-10-13,On Leave,54
EMP07339,Meera Khan,Finance,60000,2024-11-04,On Leave,39
EMP07340,Maya Gupta,Operations,95000,2024-09-26,Active,35
EMP07341,Aditya Iyer,Sales,38000,2021-05-08,Inactive,55
EMP07342,Neel Sharma,IT,42000,2023-01-05,Inactive,36
EMP07343,Nisha Singh,IT,32000,2021-05-22,Active,31
EMP07344,Aarav Mehta,HR,32000,2025-05-10,On Leave,23
EMP07345,Pooja Gupta,Marketing,60000,2022-09-18,On Leave,24
EMP07346,Kabir Mehta,Sales,42000,2022-09-19,Active,52
EMP07347,Pooja Rao,Finance,72000,2021-11-18,Active,52
EMP07348,Rahul Rao,HR,80000,2026-04-03,Inactive,48
EMP07349,Ira Khan,Finance,42000,2024-03-26,Inactive,49
EMP07350,Pooja Nair,Sales,60000,2024-12-24,Inactive,37
EMP07351,Anaya Mehta,Marketing,80000,2026-05-07,Inactive,46
EMP07352,Ira Rao,Marketing,52000,2021-10-24,On Leave,28
EMP07353,Karan Rao,IT,60000,2021-06-02,Inactive,44
EMP07354,Vihaan Patel,Marketing,80000,2026-01-30,On Leave,44
EMP07355,Kabir Gupta,HR,95000,2022-09-18,Active,45
EMP07356,Anaya Iyer,Finance,45000,2024-09-13,Active,23
EMP07357,Tara Singh,IT,72000,2022-05-22,Active,46
EMP07358,Aarav Singh,Operations,42000,2026-01-27,On Leave,52
EMP07359,Dev Sharma,HR,60000,2023-01-03,Active,54
EMP07360,Sara Nair,Finance,32000,2025-03-30,On Leave,47
EMP07361,Dev Gupta,Finance,95000,2025-12-03,On Leave,29
EMP07362,Arjun Iyer,Marketing,32000,2024-07-03,On Leave,34
EMP07363,Ira Nair,Operations,38000,2024-10-01,On Leave,42
EMP07364,Aarav Gupta,IT,60000,2022-09-26,Active,53
EMP07365,Karan Khan,HR,45000,2026-06-01,Inactive,25
EMP07366,Pooja Patel,HR,38000,2024-06-13,Inactive,30
EMP07367,Riya Singh,Operations,52000,2021-09-11,Inactive,50
EMP07368,Nisha Mehta,HR,42000,2021-02-21,On Leave,39
EMP07369,Vihaan Singh,Sales,45000,2021-11-26,Inactive,48
EMP07370,Ira Das,Marketing,60000,,On Leave,21
EMP07371,Riya Rao,Marketing,80000,2025-10-20,Inactive,51
EMP07372,Tara Iyer,Marketing,38000,2025-02-16,Inactive,40
EMP07373,Ira Nair,Sales,42000,2024-12-11,On Leave,25
EMP07374,Dev Nair,Operations,95000,2025-11-27,Active,58
EMP07375,Diya Patel,HR ,38000,2024-04-04,Active,56
EMP07376,Neel Gupta,Finance,42000,2025-11-12,On Leave,33
EMP07377,Diya Sharma,HR,52000,2025-11-26,Inactive,25
EMP07378,Vihaan Das,IT,45000,2026-02-09,Active,40
EMP07379,Rahul Mehta,Operations,52000,2024-05-21,On Leave,55
EMP07380,Meera Sharma,Marketing,38000,2021-06-22,On Leave,23
EMP07381,Kabir Patel,HR,38000,2023-03-13,Active,25
EMP07382,Aditya Gupta,Operations,52000,2024-02-04,Active,41
EMP07383,Aditya Iyer,Marketing,72000,2024-05-09,Active,49
EMP07384,Rahul Khan,IT,38000,2023-09-15,Active,36
EMP07385,Rahul Sharma,Sales,72000,2021-03-15,Inactive,53
EMP07386,Neel Iyer,HR,95000,2021-03-01,On Leave,34
EMP07387,Aditya Patel,IT,52000,2023-12-11,Inactive,26
EMP07388,Ishaan Nair,Finance,95000,2024-03-23,Inactive,37
EMP07389,Rahul Iyer,Finance,38000,2021-08-01,Active,31
EMP07390,Neel Iyer,Sales,38000,2022-04-22,Inactive,38
EMP07391,Arjun Patel,IT,60000,2024-04-15,Inactive,42
EMP07392,Meera Gupta,HR,95000,2024-09-17,Inactive,23
EMP07393,Diya Iyer,IT,80000,2021-09-26,On Leave,36
EMP07394,Ira Khan,Operations,72000,2025-08-31,Active,52
EMP07395,Rahul Singh,HR,45000,2023-12-23,On Leave,48
EMP07396,Maya Sharma,Sales,45000,2022-01-07,Active,43
EMP07397,Ira Das,Finance,60000,2021-08-28,Active,26
EMP07398,Ishaan Das,HR,80000,2026-05-16,On Leave,49
EMP07399,Pooja Mehta,Marketing,38000,2022-09-30,On Leave,51
EMP07400,Diya Das,Marketing,95000,2021-11-11,Active,44
EMP07401,Ishaan Khan,Finance,95000,2021-04-23,Active,26
EMP07402,Arjun Sharma,Operations,95000,2022-08-19,Inactive,22
EMP07403,Vihaan Patel,HR,42000,2026-01-13,Inactive,58
EMP07404,Nisha Mehta,IT,80000,2021-10-11,Active,
EMP07405,Anaya Mehta,IT,72000,2025-02-21,Active,40
EMP07406,Aditya Khan,Marketing,80000,2025-11-07,On Leave,44
EMP07407,Nisha Rao,Marketing,52000,2025-02-16,On Leave,25
EMP07408,Arjun Das,Sales,45000 INR,2021-07-19,Active,35
EMP07409,Arjun Iyer,Operations,52000,2023-12-23,Inactive,27
EMP07410,Arjun Das,Finance,38000,2026-04-08,Active,33
EMP07411,Arjun Patel,Sales,52000,2025-06-25,Active,28
EMP07412,Dev Iyer,Finance,42000,2024-03-27,On Leave,58
EMP07413,Anaya Gupta,IT,52000,2021-08-19,Inactive,31
EMP07414,Diya Mehta,Operations,52000,2024-04-26,On Leave,49
EMP07415,Pooja Mehta,Marketing,80000,2024-07-12,Inactive,29
EMP07416,Dev Patel,Operations,45000,2021-05-10,Active,58
EMP07417,Nisha Khan,Finance,45000,2022-07-22,On Leave,58
EMP07418,Sara Das,Sales,60000,2021-06-24,On Leave,58
EMP07419,Anaya Rao,HR,52000,2025-04-16,Inactive,35
EMP07420,Rahul Patel,HR,42000,2021-07-07,On Leave,35
EMP07421,Sara Nair,IT,52000,2023-04-05,Inactive,55
EMP07422,Neel Mehta,Finance,45000,2025-07-20,Inactive,44
EMP07423,Kabir Das,HR,95000,2021-04-13,Inactive,35
EMP07424,Sara Iyer,IT,60000,2026-01-21,Inactive,29
EMP07425,Neel Das,Sales,42000,2021-08-16,On Leave,23
EMP07426,Dev Sharma,HR,72000,2023-02-19,Inactive,58
EMP07427,Neel Das,HR,60000,2023-04-11,Inactive,57
EMP07428,Karan Rao,HR,72000,2025-03-26,Inactive,29
EMP07429,Neel Patel,IT,32000,2023-07-14,Inactive,56
EMP07430,Arjun Khan,IT,38000,2024-03-29,Inactive,31
EMP07431,Kabir Iyer,IT,95000,2023-03-18,Inactive,21
EMP07432,Dev Das,HR,42000,2025-04-03,On Leave,26
EMP07433,Riya Patel,Operations,38000,2025-03-10,Active,43
EMP07434,Vihaan Rao,Finance,32000,2025-12-07,On Leave,27
EMP07435,Vihaan Iyer,Sales,80000,2025-07-03,Active,22
EMP07436,Aditya Sharma,Sales,42000,2024-03-29,On Leave,25
EMP07437,Vihaan Das,Marketing,60000,2021-11-04,Inactive,32
EMP07438,Nisha Nair,Sales,60000,2022-03-28,Inactive,37
EMP07439,Ishaan Khan,Operations,80000,2023-11-19,On Leave,36
EMP07440,Kabir Das,IT,80000,2021-05-28,Active,24
EMP07441,Kabir Sharma,Marketing,42000,2024-06-18,On Leave,46
EMP07442,Aarav Iyer,Operations,42000,2022-11-11,On Leave,29
EMP07443,Dev Patel,IT,80000,2025-05-22,On Leave,57
EMP07444,Ira Iyer,Sales,45000,2026-04-02,Inactive,38
EMP07445,Pooja Patel,IT,72000,2022-07-17,Active,24
EMP07446,Neel Khan,Marketing,72000,2022-12-18,Inactive,49
EMP07447,Sara Iyer,Sales,80000,2025-05-27,On Leave,51
EMP07448,Diya Khan,Marketing,72000,2026-05-03,On Leave,36
EMP07449,Pooja Patel,Finance,60000,2024-12-22,On Leave,47
EMP07450,Meera Mehta,Sales,38000,2025-05-17,On Leave,49
EMP07451,Meera Das,Operations,52000,2024-08-12,Inactive,53
EMP07452,Kabir Mehta,Finance,45000,2025-03-06,On Leave,38
EMP07453,Vihaan Gupta,Operations,95000,2021-07-27,Inactive,29
EMP07454,Aarav Rao,Finance,95000,2023-10-20,On Leave,39
EMP07455,Meera Sharma,Sales,60000,2024-08-27,ACTIVE,31
EMP07456,Diya Iyer,IT,45000,2021-07-07,Inactive,49
EMP07457,Rahul Singh,Marketing,45000,2024-08-26,On Leave,38
EMP07458,Aditya Iyer,Marketing,45000,2023-03-10,,22
EMP07459,Kabir Nair,Operations,38000,2022-09-12,On Leave,27
EMP07460,Nisha Singh,HR,45000,2025-12-20,Active,29
EMP07461,Diya Iyer,Operations,45000,2022-09-26,Active,54
EMP07462,Sara Gupta,Sales,72000,2023-11-04,On Leave,31
EMP07463,Pooja Gupta,Sales,38000,2026-02-12,Inactive,42
EMP07464,Meera Sharma,IT,45000,2021-07-04,Active,52
EMP07465,Anaya Patel,Operations,42000,2023-02-03,Inactive,32
EMP07466,Kabir Mehta,IT,,2023-08-09,Inactive,27
EMP07467,Kabir Mehta,Operations,45000,2021-01-27,On Leave,48
EMP07468,Nisha Sharma,Operations,32000,2022-04-17,Inactive,51
EMP07469,Tara Sharma,Sales,52000,2023-06-23,Active,23
EMP07470,Meera Nair,IT,95000,2025-11-30,On Leave,45
EMP07471,Rahul Sharma,Sales,72000,2026-04-06,On Leave,36
EMP07472,Vihaan Khan,Sales,42000,2024-05-19,Active,33
EMP07473,Kabir Sharma,Operations,72000,2021-10-18,Active,53
EMP07474,Meera Mehta,HR,32000,2023-02-27,Inactive,35
EMP07475,Neel Khan,HR,60000,2021-08-07,Inactive,35
EMP07476,Riya Patel,Operations,45000,2022-12-08,On Leave,53
EMP07477,Aarav Patel,Operations,80000,2026-04-22,On Leave,58
EMP07478,Nisha Khan,HR,32000,2022-07-14,Inactive,52
EMP07479,Anaya Iyer,Marketing,60000,2022-04-04,On Leave,32
EMP07480,Nisha Gupta,Marketing,80000,2024-02-19,Inactive,58
EMP07481,Karan Sharma,Marketing,60000,2021-05-07,Active,57
EMP07482,Sara Nair,Operations,95000,2023-12-08,On Leave,41
EMP07483,Nisha Khan,Operations,72000,2023-07-24,Inactive,49
EMP07484,Diya Das,IT,42000,2021-01-09,Inactive,33
EMP07485,Aarav Sharma,Operations,45000,2024-08-16,Inactive,37
EMP07486,Rahul Singh,Sales,72000,2021-12-27,On Leave,28
EMP07487,Neel Khan,Sales,52000,2022-09-26,On Leave,36
EMP07488,Pooja Khan,Marketing,38000,2021-07-01,On Leave,32
EMP07489,Sara Patel,Sales,60000,2026-02-17,Active,44
EMP07490,Meera Patel,Marketing,60000,2021-12-11,Inactive,54
EMP07491,Ishaan Rao,HR,45000,2023-12-04,On Leave,23
EMP07492,Diya Nair,Operations,80000,2022-01-23,Active,25
EMP07493,Tara Das,HR,80000,2022-03-23,On Leave,28
EMP07494,Karan Mehta,IT,72000,2024-08-03,Inactive,42
EMP07495,Neel Khan,IT,45000,2023-06-06,On Leave,58
EMP07496,Aditya Nair,IT,60000,2023-03-23,Inactive,51
EMP07497,Ishaan Nair,HR,60000,2025-11-02,On Leave,34
EMP07498,Maya Singh,Sales,45000,2023-02-09,Inactive,41
EMP03633,Rahul Rao,IT,45000,2023-01-23,Active,58
EMP07500,Vihaan Singh,Marketing,72000,2021-08-08,Active,51
EMP07501,Vihaan Das,Marketing,60000,2022-04-27,Active,40
EMP07502,Nisha Sharma,HR,60000,2022-06-05,Inactive,26
EMP07503,Karan Sharma,HR,60000,2024-01-01,Active,49
EMP07504,Diya Rao,Operations,38000,2024-05-03,Active,49
EMP07505,Anaya Rao,Operations,72000,2023-03-16,Inactive,29
EMP07506,Aarav Das,Sales,32000,2023-10-08,On Leave,56
EMP07507,Maya Gupta,HR,80000,2023-11-25,Inactive,21
EMP07508,Maya Gupta,Sales,60000,2021-03-13,Active,40
EMP07509,Pooja Patel,Sales,60000,2022-10-07,Active,41
EMP07510,Maya Sharma,Marketing,60000,2023-09-23,Inactive,25
EMP07511,Aditya Sharma,Sales,52000,2024-08-14,Inactive,48
EMP07512,Arjun Patel,Marketing,45000,2021-03-23,Active,26
EMP07513,Ira Mehta,IT,60000,2023-04-14,Inactive,57
EMP07514,Rahul Mehta,Operations,60000,2023-11-01,Inactive,23
EMP07515,Anaya Khan,Sales,32000,2023-07-20,Active,48
EMP07516,Nisha Das,Sales,38000,2025-02-19,Active,22
EMP07517,Aditya Singh,Marketing,80000,2021-05-14,Active,27
EMP07518,Ishaan Rao,HR,60000,2023-09-14,Active,27
EMP07519,Meera Sharma,Sales,72000,2022-06-01,On Leave,33
EMP07520,Arjun Khan,Sales,45000,2023-03-10,On Leave,46
EMP07521,Maya Das,Sales,80000,2021-04-27,Active,34
EMP07522,Ishaan Patel,Operations,45000,2022-11-30,On Leave,54
EMP07523,Neel Iyer,Finance,42000,2023-03-30,Active,50
EMP07524,Ira Mehta,Sales,95000,2023-08-09,On Leave,57
EMP07525,Karan Gupta,Finance,42000,2024-11-20,Inactive,25
EMP07526,Aarav Singh,HR,52000,2024-05-04,,38
EMP07527,Vihaan Khan,Finance,72000,2021-08-12,Active,57
EMP07528,Neel Singh,Marketing,95000,2023-08-30,Inactive,40
EMP07529,Tara Singh,Marketing,38000,2025-10-13,Inactive,23
EMP07530,Rahul Iyer,HR,38000,2024-02-13,Active,30
EMP07531,Meera Sharma,HR,32000,2022-11-19,Inactive,26
EMP07532,Rahul Singh,Finance,38000,2024-09-23,Inactive,26
EMP07533,Tara Rao,Operations,45000,2021-10-17,Active,26
EMP07534,Tara Rao,HR,52000,2023-12-16,Inactive,56
EMP07535,Nisha Sharma,Finance,32000,2021-05-15,Inactive,31
EMP07536,Ishaan Rao,Finance,95000,2025-09-17,Inactive,44
EMP07537,Vihaan Khan,IT,80000,2026-03-23,On Leave,22
EMP07538,Vihaan Nair,Marketing,72000,2021-05-04,Inactive,22
EMP07539,Neel Das,Finance,52000,2021-07-16,On Leave,26
EMP07540,Riya Sharma,Finance,95000,2025-08-28,On Leave,47
EMP07541,Kabir Singh,IT,52000,2025-10-06,Inactive,38
EMP07542,Ira Nair,Marketing,38000,2023-09-23,Inactive,37
EMP07543,Dev Nair,Sales,72000,2024-02-11,Active,48
EMP07544,Dev Rao,IT,80000,2025-02-18,ACTIVE,23
EMP07545,Vihaan Sharma,HR,38000,2024-06-16,Active,thirty
EMP07546,Riya Patel,,38000,2022-12-01,On Leave,49
EMP07547,Pooja Khan,Sales,72000,2021-04-08,Active,29
EMP07548,Arjun Rao,IT,72000,2026-02-10,On Leave,51
EMP07549,Karan Nair,HR,52000,2023-03-21,active,46
EMP07550,Kabir Khan,Operations,72000,2025-02-11,On Leave,38
EMP07551,Ira Iyer,Sales,80000,2023-04-26,Active,32
EMP07552,Kabir Sharma,IT,N/A,2025-11-02,Active,28
EMP07553,Arjun Khan,Operations,72000,2022-08-05,Active,52
EMP07554,Maya Patel,Marketing,38000,2025-01-28,On Leave,51
EMP07555,Diya Singh,HR,52000,2021-12-21,On Leave,57
EMP07556,Aditya Iyer,Finance,52000,2021-02-13,On Leave,28
EMP07557,Arjun Das,HR,38000,2023-05-05,Active,33
EMP07558,Meera Gupta,Marketing,52000,2024-11-03,On Leave,N/A
EMP07559,Sara Rao,IT,52000,2023-01-27,On Leave,37
EMP07560,Kabir Iyer,HR,95000,2021-08-27,On Leave,54
EMP07561,Kabir Iyer,HR,80000,2021-08-03,On Leave,52
EMP07562,Kabir Das,Finance,32000,2024-04-29,Active,53
EMP07563,Vihaan Singh,Operations,60000,2024-02-05,Active,21
EMP07564,Maya Mehta,Finance,38000,2024-11-12,Active,31
EMP07565,Dev Singh,Marketing,72000,2026-02-12,Active,32
EMP07566,Aditya Rao,IT,38000,2025-09-07,On Leave,35
EMP07567,Diya Rao,Operations,95000,2023-06-09,On Leave,49
EMP07568,Tara Singh,finance,45000,2024-05-06,Inactive,47
EMP07569,Rahul Nair,Sales,42000,2026-06-12,Active,40
EMP07570,Pooja Das,Operations,52000,2023-12-26,On Leave,55
EMP07571,Kabir Khan,Operations,72000,2021-06-21,Inactive,37
EMP07572,Aditya Iyer,HR,42000,2025-09-20,Active,51
EMP07573,Ira Patel,HR,60000,2025-12-28,On Leave,41
EMP07574,Meera Rao,Sales,72000,2024-03-20,Inactive,31
EMP07575,Tara Gupta,Sales,38000,2025-07-02,Inactive,48
EMP07576,Vihaan Khan,Finance,60000,2022-08-19,Active,24
EMP07577,Diya Rao,HR,52000,31/12/2024,On Leave,48
EMP07578,Maya Das,Sales,95000,2026-06-23,Inactive,51
EMP07579,Vihaan Khan,Operations,60000,2025-01-19,Active,45
EMP07580,Meera Das,IT,45000,2024-03-02,Active,21
EMP07581,Arjun Gupta,IT,45000,,On Leave,50
EMP07582,Neel Das,Sales,60000,2025-02-28,Inactive,50
EMP07583,Pooja Nair,Marketing,32000,2024-11-20,On Leave,37
EMP07584,Anaya Das,Marketing,32000,2022-10-14,Active,46
EMP07585,Arjun Rao,IT,52000,2024-07-08,Inactive,24
EMP07586,Nisha Das,Operations,52000,2025-06-10,Inactive,38
EMP07587,Meera Sharma,HR,60000,2026-06-21,On Leave,43
EMP07588,Rahul Iyer,HR,38000,2023-02-12,Inactive,22
EMP07589,Ira Mehta,Operations,80000,2022-11-10,On Leave,40
EMP07590,Meera Mehta,Marketing,32000,2026-03-11,Inactive,55
EMP07591,Karan Patel,Operations,72000,2023-12-24,On Leave,43
EMP07592,Meera Gupta,HR,80000,2026-05-22,Inactive,26
EMP07593,Arjun Rao,Operations,42000,2024-04-02,Active,43
EMP07594,Kabir Gupta,Operations,95000,2024-05-22,Active,39
EMP07595,Tara Sharma,HR,80000,2022-10-24,On Leave,24
EMP07596,Dev Patel,HR,60000,2023-03-12,Inactive,49
EMP07597,Nisha Mehta,Operations,42000,2025-10-19,On Leave,39
EMP07598,Pooja Gupta,HR,95000,2022-12-13,On Leave,28
EMP07599,Karan Iyer,Finance,95000,2021-12-21,On Leave,21
EMP07600,Aarav Khan,Sales,80000,2024-05-14,Active,36
EMP07601,Sara Singh,Finance,60000,2022-03-12,Active,42
EMP07602,Anaya Mehta,IT,38000,2023-04-26,On Leave,53
EMP07603,Aarav Singh,Sales,95000,2023-05-10,On Leave,41
EMP07604,Rahul Patel,Sales,80000,2023-08-20,Active,49
EMP07605,Vihaan Rao,Sales,95000,2021-09-25,Inactive,32
EMP07606,Nisha Patel,HR,45000,2022-12-15,Active,46
EMP07607,Ishaan Rao,IT,80000,2023-02-18,On Leave,49
EMP07608,Meera Sharma,Finance,95000,2025-10-23,On Leave,38
EMP07609,Ira Gupta,HR,72000,2024-02-15,On Leave,36
EMP07610,Nisha Rao,Sales,95000,2021-10-02,Active,34
EMP07611,Ishaan Nair,Sales,38000,2021-04-18,Active,56
EMP07612,Riya Mehta,HR,32000,2024-06-14,On Leave,50
EMP07613,Maya Rao,Operations,95000,2023-05-21,Active,27
EMP07614,Tara Patel,Sales,45000,2022-04-01,Active,23
EMP07615,Pooja Nair,HR,80000,2024-11-15,On Leave,21
EMP07616,Aarav Rao,Operations,72000,2026-03-04,Active,30
EMP07617,Kabir Iyer,Operations,45000,2026-02-21,Inactive,53
EMP07618,Dev Mehta,IT,80000,2021-08-23,Active,27
EMP07619,Karan Mehta,Finance,60000,2024-11-29,On Leave,45
EMP07620,Vihaan Iyer,hr,38000,2024-09-07,Inactive,51
EMP07621,Aarav Gupta,IT,95000,2021-09-27,On Leave,26
EMP07622,Karan Das,Finance,72000,2022-02-19,On Leave,29
EMP07623,Dev Sharma,HR,32000,2022-08-15,On Leave,31
EMP07624,Meera Iyer,IT,38000,2023-08-23,Inactive,39
EMP07625,Meera Patel,HR,95000,2026-03-17,On Leave,39
EMP07626,Anaya Singh,IT,52000,2024-12-11,On Leave,43
EMP07627,Ira Khan,Marketing,32000,2021-03-15,Inactive,44
EMP07628,Vihaan Iyer,Marketing,32000,2024-04-28,On Leave,50
EMP07629,Meera Iyer,Operations,42000,2025-11-29,Active,43
EMP07630,Tara Patel,HR,60000,2023-10-10,Inactive,33
EMP07631,Tara Khan,Finance,72000,2023-11-06,Active,24
EMP07632,Karan Singh,Finance,80000,2025-05-19,Active,24
EMP07633,Meera Iyer,HR,42000,2024-03-22,Inactive,44
EMP07634,Kabir Singh,Finance,45000,2021-09-04,Active,36
EMP07635,Kabir Iyer,IT,42000,2021-03-19,On Leave,46
EMP07636,Vihaan Khan,Operations,45000,2022-12-25,Inactive,35
EMP07637,Vihaan Rao,Sales,45000,2022-03-18,Inactive,24
EMP07638,Ira Iyer,Marketing,38000,2022-08-30,On Leave,35
EMP07639,Rahul Mehta,Operations,95000,2025-01-27,Active,22
EMP05434,Nisha Mehta,Sales,60000,2021-09-22,Active,24
EMP07641,Meera Singh, IT,52000,2022-02-11,On Leave,58
EMP07642,Sara Sharma,HR,38000,2023-03-01,Inactive,56
EMP07643,Riya Gupta,IT,60000,2023-04-09,Active,25
EMP07644,Sara Singh,Sales,45000,2023-10-19,Active,26
EMP07645,Anaya Sharma,Sales,60000,2021-02-27,Inactive,30
EMP07646,Sara Das,Sales,38000,2026-03-18,On Leave,55
EMP07647,Ira Iyer,HR,52000,2023-01-20,On Leave,50
EMP07648,Pooja Gupta,Marketing,60000,2024-04-01,On Leave,52
EMP07649,Maya Rao,Finance,38000,2025-02-27,On Leave,30
EMP07650,Rahul Sharma,Finance,72000,2026-02-15,On Leave,36
EMP07651,Aditya Sharma,IT,80000,2025-04-24,On Leave,55
EMP07652,Anaya Mehta,IT,60000,2026-02-21,Inactive,53
EMP07653,Sara Das,HR,95000,2022-09-30,Active,34
EMP07654,Vihaan Mehta,Marketing,80000,2025-12-21,Active,41
EMP07655,Sara Khan,Sales,60000,2026-01-29,Active,35
EMP07656,Arjun Nair,Operations,72000,2026-01-30,On Leave,58
EMP07657,Dev Iyer,Marketing,42000,2024-08-29,Active,45
EMP07658,Ishaan Mehta,Sales,45000,2022-10-21,Inactive,34
EMP07659,Aarav Sharma,Marketing,45000,2026-04-08,On Leave,33
EMP07660,Aarav Mehta,Sales,45000,2025-02-27,Active,49
EMP07661,Diya Rao,Sales,72000,2024-02-21,Inactive,28
EMP07662,Meera Singh,Sales,32000,2024-02-19,Active,25
EMP07663,Tara Patel,HR,80000,2021-10-30,Active,47
EMP07664,Aarav Rao,Finance,95000,2022-11-20,Inactive,22
EMP07665,Aditya Mehta,Finance,95000,2024-11-01,On Leave,23
EMP07666,Sara Das,Finance,42000,2022-01-30,Active,39
EMP07667,Rahul Rao,Marketing,80000,2025-06-09,On Leave,36
EMP07668,Kabir Gupta,Marketing,42000,2025-07-10,Inactive,56
EMP07669,Sara Patel,HR,80000,2024-01-03,Inactive,30
EMP07670,Vihaan Sharma,Finance,80000,2024-10-15,Inactive,39
EMP07671,Pooja Singh,Marketing,60000,2023-10-13,Inactive,55
EMP07672,Karan Khan,Operations,38000,2021-01-11,On Leave,50
EMP07673,Rahul Das,Operations,45000,2024-03-11,Inactive,35
EMP07674,Aditya Mehta,Finance,60000,2026-01-07,Active,39
EMP07675,Tara Iyer,HR,38000,,Active,35
EMP07676,Tara Singh,Operations,38000,2025-05-11,Inactive,29
EMP07677,Karan Das,Finance,95000,2025-12-28,Inactive,58
EMP07678,Aditya Rao,Marketing,52000,2021-07-30,Inactive,58
EMP07679,Rahul Mehta,Sales,42000,2021-10-22,On Leave,37
EMP07680,Kabir Patel,Marketing,42000,2021-03-20,Active,41
EMP07681,Aditya Nair,Operations,42000,2022-08-26,Inactive,26
EMP07682,Diya Sharma,HR,95000,2023-12-24,Active,39
EMP07683,Dev Patel,Sales,80000,2022-03-14,On Leave,26
EMP07684,Arjun Nair,Marketing,80000,2024-05-31,On Leave,21
EMP07685,Anaya Singh,Sales,52000,2023-03-03,Inactive,25
EMP07686,Sara Iyer,IT,42000,2025-05-14,On Leave,42
EMP07687,Tara Singh,Sales,38000,2021-08-02,Active,23
EMP07688,Ira Sharma,HR,80000,2022-03-05,Inactive,53
EMP07689,Tara Khan,Marketing,95000,2022-10-04,Active,55
EMP07690,Rahul Khan,Sales,60000,2021-04-27,Active,38
EMP07691,Diya Mehta,Sales,32000,2025-10-25,Inactive,42
EMP07692,Diya Mehta,Finance,,2023-10-18,Inactive,47
EMP07693,Rahul Nair,Sales,72000,2024-11-28,Active,23
EMP07694,,Finance,42000,2021-11-22,Inactive,38
EMP07695,Ira Iyer,HR,45000,2024-07-08,Inactive,53
EMP07696,Aarav Iyer,HR,80000,2025-08-11,Inactive,38
EMP07697,Ira Das,HR,42000,2026-01-27,Inactive,53
EMP07698,Tara Singh,HR,45000,2025-09-19,Active,37
EMP07699,Neel Sharma,Sales,45000,2026-02-22,Inactive,58
EMP07700,Karan Singh,Finance,60000,2023-09-12,Inactive,21
EMP07701,Sara Singh,Finance,42000,2021-01-27,On Leave,41
EMP07702,Aditya Gupta,IT,45000,2025-06-16,Active,23
EMP07703,Maya Patel,HR,38000,2023-03-24,On Leave,49
EMP07704,Sara Mehta,Operations,60000,2026-05-09,On Leave,37
EMP07705,Kabir Patel,IT,32000,2024-05-25,Inactive,28
EMP07706,Ishaan Singh,HR,72000,2022-12-05,On Leave,25
EMP07707,Ishaan Khan,Finance,32000,2023-11-06,Active,35
EMP07708,Nisha Singh,Marketing,60000,2026-04-27,On Leave,38
EMP07709,Neel Singh,HR,52000,2026-01-22,Inactive,28
EMP07710,Maya Iyer, IT,72000,2026-05-05,Active,42
EMP07711,Vihaan Mehta,IT,72000,2021-03-09,Inactive,31
EMP07712,Rahul Gupta,Sales,72000,2025-09-22,On Leave,37
EMP07713,Rahul Singh, IT,32000,2021-08-22,On Leave,29
EMP07714,Nisha Iyer,Sales,52000,2023-10-06,Inactive,43
EMP07715,Neel Sharma,Marketing,72000,2024-12-17,Inactive,21
EMP07716,Pooja Patel,Marketing,72000,2025-12-27,Active,45
EMP07717,Meera Das,IT,80000,2021-12-10,On Leave,40
EMP07718,Meera Khan,HR,,2024-05-20,Inactive,22
EMP07719,Anaya Mehta,Finance,80000,2021-03-14,Active,23
EMP07720,Arjun Sharma,IT,80000,2025-08-06,Active,21
EMP07721,Rahul Singh,,38000,2025-12-24,On Leave,52
EMP07722,Pooja Rao,IT,38000,2021-05-24,Inactive,40
EMP07723,Neel Das,Sales,72000,2025-03-29,On Leave,56
EMP07724,Neel Das,Sales,38000,2021-12-31,On Leave,29
EMP07725,Aarav Mehta,Marketing,60000,2025-12-30,Inactive,32
EMP07726,Anaya Mehta,IT,52000,2023-07-13,On Leave,27
EMP07727,Diya Khan,Finance,32000,2025-04-27,On Leave,48
EMP07728,Meera Rao,IT,52000,2021-08-12,Active,58
EMP07729,Riya Sharma,,38000,2025-04-26,Inactive,55
EMP07730,Anaya Mehta,Sales,72000,2022-09-02,Active,51
EMP07731,Ira Mehta,Marketing,52000,2021-03-02,On Leave,33
EMP07732,Vihaan Khan,IT,60000,2021-03-27,On Leave,26
EMP07733,Riya Rao,HR,80000,2025-12-31,Active,33
EMP07734,Tara Sharma,Finance,38000,2024-12-06,Inactive,42
EMP07735,Rahul Sharma,Finance,45000,2023-02-23,On Leave,58
EMP07736,Ishaan Iyer,IT,52000,2024-09-16,On Leave,57
EMP07737,Diya Patel,HR,32000,2025-01-12,Inactive,28
EMP07738,Arjun Rao,Marketing,32000,2021-02-01,On Leave,32
EMP07739,Nisha Khan,Finance,42000,2023-09-13,On Leave,52
EMP07740,Karan Singh,Finance,72000,2021-11-04,Inactive,47
EMP07741,Tara Das,IT,32000,2024-08-27,On Leave,27
EMP07742,Diya Singh,Sales,80000,2024-07-25,On Leave,31
EMP07743,Riya Das,Finance,72000,2025-02-11,Active,31
EMP07744,Ishaan Singh,HR,95000,2023-04-17,On Leave,37
EMP07745,Arjun Rao,Operations,38000,2024-03-10,On Leave,24
EMP07746,Vihaan Khan,Sales,32000,2022-01-08,On Leave,22
EMP07747,Meera Khan,Operations,80000,2025-01-04,On Leave,31
EMP07748,Dev Patel,Marketing,60000,2024-05-26,Inactive,41
EMP07749,Kabir Patel,Finance,95000,2025-06-02,On Leave,25
EMP07750,Karan Das,HR,72000,2022-06-23,On Leave,51
EMP07751,Maya Nair,Sales,38000,2025-04-30,Inactive,52
EMP07752,Diya Gupta,IT,80000,2023-08-30,Inactive,36
EMP07753,Ira Gupta,Sales,95000,2024-01-24,Inactive,42
EMP07754,Ira Khan,Marketing,95000,2022-02-19,Active,22
EMP07755,Kabir Iyer,HR,80000,2024-06-01,Inactive,52
EMP07756,Ishaan Mehta,HR,32000,2022-08-14,Active,23
EMP07757,Arjun Das,Marketing,32000,2024-01-24,On Leave,56
EMP07758,Aditya Sharma,IT,60000,2024-02-11,On Leave,44
EMP07759,Aditya Singh,IT,60000,2022-06-15,Inactive,38
EMP07760,Pooja Patel,HR,45000,2025-03-04,Inactive,41
EMP07761,Dev Gupta,HR,72000,2024-12-06,On Leave,26
EMP07762,Rahul Rao,Marketing,60000,2022-12-17,On Leave,22
EMP07763,Ira Mehta,Finance,38000,2021-02-13,Active,52
EMP07764,Aditya Patel,Sales,38000,2021-11-25,On Leave,47
EMP07765,Aditya Iyer,Operations,52000,2025-10-09,Active,42
EMP07766,Arjun Nair,Finance,60000,2026-04-19,Active,56
EMP07767,Kabir Nair,Operations,52000,2026-02-09,Inactive,50
EMP07768,Neel Singh,Operations,60000,2022-06-19,Inactive,22
EMP07769,Aditya Iyer,Finance,45000,2022-11-09,Inactive,27
EMP07770,Anaya Singh,Operations,32000,2023-05-29,Inactive,26
EMP07771,Maya Rao,IT,42000,2021-10-27,Inactive,52
EMP07772,Meera Rao,HR,42000,2022-11-09,On Leave,56
EMP07773,Aditya Patel,Sales,95000,2024-01-18,On Leave,35
EMP07774,Pooja Mehta,HR,95000,2022-05-01,Active,37
EMP07775,Aarav Mehta,Sales,95000,2021-04-03,Active,48
EMP07776,Aarav Nair,Operations,95000,2025-06-19,Inactive,30
EMP07777,Vihaan Rao,Operations,95000,2025-07-13,On Leave,50
EMP07778,Meera Gupta,Finance,60000,2022-03-09,On Leave,33
EMP07779,Riya Khan,HR,38000,2025-01-30,Active,31
EMP07780,Meera Khan,Marketing,32000,2025-09-30,Active,39
EMP07781,Anaya Nair,Marketing,52000,2025-03-25,Active,36
EMP07782,Aditya Iyer,IT,80000,2023-12-25,Active,45
EMP07783,Diya Sharma,HR,42000,2023-06-18,Active,27
EMP07784,Tara Das,Operations,60000,2021-06-03,Inactive,35
EMP02212,Ishaan Rao,Operations,95000,2026-02-08,Inactive,33
EMP07786,Vihaan Sharma,,60000,2021-12-29,On Leave,27
EMP07787,Arjun Nair,IT,80000,2021-04-25,Inactive,23
EMP07788,Rahul Das,Operations,52000,2026-05-20,Inactive,46
EMP07789,Vihaan Mehta,Marketing,80000,2023-01-25,On Leave,48
EMP07790,Dev Khan,Finance,80000,2025-04-27,Inactive,47
EMP07791,Arjun Das,Operations,60000,2025-07-25,Active,48
EMP07792,Vihaan Patel,Marketing,45000,2022-01-06,Active,44
EMP07793,Nisha Iyer,IT,45000,2024-09-17,Inactive,36
EMP07794,Pooja Patel,Marketing,38000,2021-07-31,Active,31
EMP07795,Maya Rao,Operations,72000,2023-04-25,Active,28
EMP07796,Ishaan Das,IT,72000,2025-11-06,On Leave,21
EMP07797,Aditya Nair,Finance,80000,2024-09-09,Inactive,27
EMP07798,Pooja Khan,Operations,45000,2023-07-06,On Leave,54
EMP07799,Riya Patel,Operations,52000,2022-06-09,Inactive,23
EMP07800,Ishaan Nair,IT,42000,2025-10-13,On Leave,44
EMP07801,Karan Das,Marketing,-5000,2022-10-22,Inactive,
EMP07802,Sara Gupta,HR,38000,2025-04-29,Active,44
EMP07803,Nisha Nair,IT,42000,2023-12-16,Active,50
EMP07804,Tara Rao,Operations,,2022-04-06,Active,21
EMP07805,Neel Rao,Operations,45000,2026-06-10,Inactive,21
EMP07806,Meera Nair,IT,95000,2024-01-30,On Leave,38
EMP07807,Kabir Sharma,Operations,72000,2025-05-14,Active,32
EMP07808,Riya Nair,Sales,38000,2024-05-26,Inactive,46
EMP07809,Nisha Khan,HR,60000,2021-12-27,On Leave,48
EMP07810,Aditya Rao,Sales,42000,2021-11-15,on leave,23
EMP07811,Pooja Gupta,IT,72000,2022-04-09,Active,27
EMP07812,Neel Nair,IT,80000,2022-02-18,Active,50
EMP07813,Dev Rao,Operations,32000,2024-12-22,Inactive,49
EMP07814,Sara Patel,Marketing,72000,2024-05-15,Active,29
EMP07815,Maya Khan,Sales,80000,2026-04-05,Active,34
EMP07816,Neel Singh,Marketing,80000,2025-11-21,On Leave,55
EMP07817,Neel Sharma,HR,80000,2024-06-26,Active,45
EMP07818,Sara Mehta,IT,95000,2023-03-17,Active,33
EMP07819,Karan Rao,IT,80000,2023-05-09,On Leave,48
EMP07820,Meera Mehta,Sales,72000,2021-03-31,On Leave,21
EMP07821,Ishaan Mehta,IT,42000,2022-01-05,Inactive,27
EMP07822,Neel Mehta,Operations,72000,2022-04-18,Inactive,46
EMP07823,Tara Singh,Sales,72000,2021-02-03,Active,43
EMP07824,Tara Patel,Finance,72000,2021-10-13,Inactive,34
EMP07825,Sara Rao,Marketing,32000,2023-01-17,On Leave,21
EMP07826,Dev Rao,HR,32000,2023-03-11,On Leave,29
EMP07827,Diya Gupta,Sales,60000,2021-03-02,On Leave,25
EMP07828,Tara Gupta,Marketing,95000,2025-07-06,Inactive,28
EMP07829,Diya Khan,Marketing,60000,2024-08-14,Active,41
EMP07830,Nisha Rao,Marketing,42000,2023-09-03,Active,32
EMP07831,Dev Singh,IT,42000,2024-10-12,Active,56
EMP07832,Nisha Khan,HR,45000,2022-11-06,Inactive,44
EMP07833,Diya Das,Operations,42000,2024-02-01,Inactive,23
EMP07834,Aarav Khan,Sales,80000,2022-09-20,Inactive,31
EMP07835,Meera Patel,IT,60000,2021-02-11,Inactive,23
EMP07836,Ishaan Gupta,IT,42000,2024-07-25,On Leave,36
EMP07837,Arjun Iyer,Sales,38000,2021-10-07,Active,39
EMP07838,Sara Gupta,Marketing,32000,2024-01-28,Inactive,43
EMP07839,Nisha Das,Finance,38000,2022-02-25,On Leave,50
EMP07840,Aditya Patel,HR,80000,2024-12-14,Active,37
EMP07841,Nisha Nair,IT,45000,2024-12-22,Inactive,51
EMP07842,Aditya Iyer,Finance,95000,2022-03-07,Inactive,32
EMP07843,Tara Nair,Sales,60000,2023-08-26,Inactive,50
EMP07844,Riya Iyer,Sales,32000,2023-09-07,On Leave,50
EMP07845,Dev Iyer,Operations,38000,2023-10-11,On Leave,22
EMP07846,Vihaan Rao,IT,60000,2024-06-12,Active,40
EMP07847,Meera Patel,Finance,45000,2021-12-04,Inactive,41
EMP07848,Riya Mehta,Finance,52000,2023-11-30,On Leave,30
EMP07849,Meera Das,Operations,38000,2023-02-16,Inactive,43
EMP07850,Aarav Sharma,IT,72000,2021-01-06,On Leave,29
EMP07851,Nisha Mehta,Sales,95000,2023-09-23,On Leave,37
EMP07852,Neel Iyer,IT,95000,2022-10-11,On Leave,30
EMP07853,Aarav Patel,Finance,80000,2023-02-01,Inactive,50
EMP07854,Sara Singh,Finance,,2022-12-14,Active,40
EMP07855,Tara Gupta,Operations,42000,2023-11-20,On Leave,45
EMP07856,Maya Gupta,HR,45000,2022-08-14,Inactive,48
EMP07857,Maya Khan,Sales,72000,2021-04-16,Inactive,50
EMP07858,Meera Patel,HR,72000,2024-05-04,Active,37
EMP07859,Pooja Patel,Operations,95000,2026-03-07,On Leave,49
EMP07860,Tara Das,IT ,72000,2022-08-20,Inactive,25
EMP07861,Arjun Sharma,Finance,52000,2023-10-28,Active,51
EMP07862,Arjun Patel,Sales,95000,2024-10-02,Inactive,32
EMP07863,Vihaan Singh,Sales,38000,2023-09-20,Active,54
EMP07864,Ira Sharma,Sales,72000,2025-10-08,Active,24
EMP07865,Maya Gupta,Sales,80000,2022-08-25,Inactive,53
EMP07866,Ishaan Nair,HR,38000,2024-02-16,Inactive,39
EMP07867,Tara Gupta,Finance,45000,2023-09-15,Active,32
EMP07868,Dev Patel,Operations,72000,2022-12-20,On Leave,31
EMP07869,Aditya Das,Operations,32000,2025-02-17,On Leave,44
EMP07870,Sara Sharma,Marketing,72000,2023-07-03,Active,46
EMP07871,Maya Rao,IT,38000,2024-08-29,On Leave,47
EMP07872,Pooja Sharma,HR,52000,2024-01-17,On Leave,56
EMP07873,Ira Gupta,Finance,95000,2024-03-24,On Leave,41
EMP07874,Sara Das,Operations,80000,2024-08-03,On Leave,21
EMP07875,Neel Sharma,Sales,45000,2021-06-19,Active,21
EMP07876,Riya Nair,Sales,38000,2023-05-01,Active,51
EMP07877,Maya Sharma,Finance,95000,2021-01-24,Inactive,47
EMP07878,Pooja Khan,Sales,60000,2023-10-06,Inactive,34
EMP07879,Aarav Patel,Sales,95000,2021-01-19,Inactive,26
EMP07880,Riya Gupta,Sales,80000,2025-08-14,On Leave,57
EMP07881,Ira Mehta,HR,45000,2024-05-27,Inactive,46
EMP07882,Aditya Sharma,Sales,38000,2025-06-03,Active,57
EMP07883,Meera Patel,IT,72000,2025-04-11,On Leave,28
EMP07884,Sara Das,Finance,32000,2023-11-23,On Leave,37
EMP07885,Pooja Sharma,Operations,95000,2022-11-21,On Leave,53
EMP07886,Rahul Khan,IT,32000,2026-04-11,Active,27
EMP07887,Arjun Iyer,Marketing,72000,2026-02-28,Inactive,44
EMP07888,Vihaan Das,Sales,60000,2024-11-22,Active,48
EMP07889,Diya Singh,Operations,72000,2024-02-05,Active,35
EMP07890,Ira Das,IT,80000,2021-10-08,On Leave,49
EMP07891,Rahul Sharma,HR,45000,2021-12-31,On Leave,34
EMP07892,Meera Das,Sales,32000,2023-08-07,On Leave,50
EMP07893,Riya Rao,Operations,95000,2023-11-24,On Leave,40
EMP07894,Dev Mehta,Finance,45000,2024-06-08,Inactive,47
EMP07895,Neel Khan,Operations,32000,2026-03-28,Active,39
EMP07896,Neel Nair,Finance,32000,2022-10-05,Active,39
EMP07897,Meera Gupta,IT,80000,2022-05-21,On Leave,47
EMP07898,Aditya Nair,Sales,95000,2025-10-06,Active,25
EMP07899,Meera Iyer,Sales,80000,2022-07-27,Inactive,21
EMP07900,Riya Sharma,IT,32000,2025-07-14,Inactive,23
EMP07901,Ira Rao,Marketing,42000,2022-08-26,Inactive,45
EMP07902,Neel Sharma,Sales,32000,2023-06-24,Inactive,56
EMP07903,Tara Patel,Sales,45000,2023-04-15,Active,27
EMP07904,Sara Gupta,IT,32000,2024-08-24,Active,24
EMP07905,Dev Patel,Operations,45000,2025-02-27,On Leave,22
EMP07906,Nisha Khan,Sales,32000,2022-03-28,On Leave,44
EMP07907,Pooja Das,Sales,60000,2023-09-21,On Leave,46
EMP07908,Sara Nair,IT,42000,2021-02-06,Inactive,21
EMP07909,Tara Mehta,Operations,95000,2024-01-12,On Leave,31
EMP07910,Kabir Gupta,IT,38000,2025-09-06,Inactive,35
EMP07911,Karan Sharma,IT,32000,2024-12-02,On Leave,47
EMP07912,Riya Mehta,IT,80000,2021-07-20,On Leave,50
EMP07913,Karan Singh,Sales,80000,2023-09-21,Active,48
EMP07914,Maya Khan,Marketing,60000,2023-07-15,On Leave,25
EMP07915,Maya Gupta,Operations,45000,2023-10-07,Active,58
EMP07916,Tara Mehta,IT,45000,2021-04-05,On Leave,40
EMP07917,Aditya Das,Sales,80000,2022-03-31,Active,30
EMP07918,Tara Rao,Sales,38000,2023-09-25,Active,29
EMP07919,Neel Sharma,Operations,60000,2026-04-11,On Leave,25
EMP07920,Maya Singh,Marketing,38000,2025-05-10,,37
EMP07921,Karan Iyer,Marketing,95000,2025-11-06,Active,52
EMP07922,,HR,80000,2022-09-05,Active,44
EMP07923,Anaya Patel,HR,60000,2021-10-30,Active,33
EMP07924,Anaya Sharma,Operations,80000,2021-06-09,Active,-5
EMP07925,Ishaan Khan,Operations,95000,2024-02-01,On Leave,38
EMP07926,Aditya Singh,Finance,80000,2024-05-27,Active,56
EMP07927,Vihaan Singh,Operations,72000,2022-12-26,On Leave,34
EMP07928,Neel Singh,Marketing,95000,2023-10-15,On Leave,41
EMP07929,Maya Khan,IT,32000,2022-01-15,Inactive,55
EMP07930,Ishaan Singh,IT,80000,2023-02-04,On Leave,30
EMP07931,Anaya Mehta,IT,42000,2025-07-07,Active,28
EMP07932,Meera Das,Sales,38000,2022-10-18,Active,26
EMP07933,Arjun Iyer,Marketing,42000,2023-04-05,Active,49
EMP07934,Aditya Gupta,IT,95000,2025-11-12,Active,45
EMP07935,Pooja Sharma,HR,32000,2021-04-07,Active,55
EMP07936,Vihaan Iyer,Finance,60000,2022-12-19,Active,37
EMP07937,Aditya Mehta,Marketing,42000,2025-01-30,Inactive,36
EMP07938,Diya Das,Operations,72000,2026-06-10,Inactive,46
EMP07939,Meera Singh,Sales,95000,2021-04-22,On Leave,51
EMP07940,Arjun Sharma,IT,95000,2023-03-30,Active,56
EMP07941,Pooja Patel,Marketing,42000,2023-05-13,On Leave,22
EMP07942,Riya Singh,HR,32000,2026-05-19,On Leave,33
EMP07943,Aditya Nair,Sales,N/A,2024-11-29,On Leave,39
EMP07944,Diya Gupta,HR,32000,2024-12-20,Inactive,48
EMP07945,Aditya Nair,IT,60000,2023-08-03,On Leave,31
EMP07946,Ira Das,Finance,95000,2022-04-08,Inactive,32
EMP07947,Nisha Khan,Marketing,42000,2024-11-28,On Leave,27
EMP07948,Riya Sharma,Operations,45000,2021-12-13,On Leave,57
EMP07949,Riya Das,IT,72000,2025-06-06,On Leave,38
EMP07950,Karan Das,Marketing,32000,2023-09-04,On Leave,45
EMP07951,Ira Singh,Finance,52000,2024-10-31,On Leave,45
EMP07952,Aditya Mehta,Marketing,32000,2023-06-24,On Leave,33
EMP07953,Riya Patel,Sales,72000,2022-10-30,On Leave,28
EMP07954,Arjun Das,HR,52000,2023-04-29,Active,43
EMP07955,Riya Iyer,Finance,32000,2023-07-29,Active,58
EMP07956,Riya Singh,,95000,2022-09-14,Active,42
EMP07957,Sara Das,Sales,45000,2023-08-17,Inactive,21
EMP07958,Neel Patel,Operations,45000,2023-11-03,Active,32
EMP07959,Sara Patel,HR,60000,2023-06-14,on leave,38
EMP07960,Pooja Mehta,Finance,42000,2021-01-15,Active,45
EMP07961,Arjun Nair,Sales,45000,2023-09-19,Inactive,42
EMP07962,Nisha Patel,HR,32000,2021-12-15,Active,41
EMP07963,Arjun Rao,Marketing,45000,2026-04-29,Inactive,29
EMP07964,Neel Gupta,Marketing,60000,2021-03-18,Inactive,26
EMP07965,Dev Khan,HR,80000,2025-06-09,Inactive,48
EMP07966,Anaya Iyer,Operations,45000,2024-05-18,Active,41
EMP07967,Neel Mehta,HR,38000,2023-04-26,Inactive,34
EMP07968,Rahul Nair,Operations,42000,2022-10-02,Inactive,34
EMP07969,Neel Iyer,Finance,60000,2025-01-17,On Leave,57
EMP07970,Karan Gupta,Sales,52000,2023-04-23,Active,57
EMP07971,Rahul Khan,Marketing,38000,2022-08-21,On Leave,29
EMP07972,Karan Nair,Marketing,72000,2025-12-02,On Leave,49
EMP07973,Aditya Iyer,IT,60000,2025-02-21,Inactive,22
EMP07974,Aarav Gupta,HR,32000,2021-08-06,Active,26
EMP07975,Ira Rao,HR,42000,2022-02-23,Active,56
EMP07976,Rahul Gupta,HR,95000,2024-11-21,Active,25
EMP07977,Pooja Sharma,Operations,45000,2022-07-17,On Leave,24
EMP07978,Anaya Patel,Finance,45000,2026-04-18,Active,46
EMP07979,Sara Rao,IT,38000,2023-11-03,On Leave,45
EMP07980,Kabir Gupta,Marketing,60000,2021-02-16,Inactive,56
EMP07981,Aarav Patel,Sales,45000,2025-12-09,Active,27
EMP01992,Pooja Patel,Marketing,95000,2021-07-19,On Leave,48
EMP07983,Tara Rao,Operations,,2022-03-25,Active,30
EMP07984,Karan Singh,Marketing,72000,2025-05-29,Inactive,55
EMP07985,Rahul Nair,Operations,60000,2023-06-18,Active,29
EMP07986,Ira Gupta,Marketing,38000,2025-11-22,On Leave,45
EMP07987,Tara Rao,Finance,52000,2024-06-12,Inactive,23
EMP07988,Neel Nair,HR,80000,2021-01-03,On Leave,36
EMP07989,Riya Khan,HR,80000,2021-08-27,Inactive,36
EMP07990,Tara Sharma,IT,72000,2022-03-06,On Leave,44
EMP07991,Ira Rao,Operations,80000,2024-12-31,Active,21
EMP07992,Ira Rao,IT,60000,2021-01-27,Inactive,53
EMP07993,Aarav Gupta,Finance,60000,2026-06-06,On Leave,29
EMP07994,Ira Sharma,Sales,42000,2024-10-25,Active,34
EMP07995,Rahul Das,Sales,72000,2024-07-19,Active,51
EMP07996,Diya Patel,HR,32000,2024-11-07,Inactive,22
EMP07997,Diya Mehta,Marketing,38000,2025-12-21,Active,45
EMP07998,Nisha Das,Finance,80000,2021-11-07,On Leave,41
EMP07999,Aarav Gupta,IT,38000,2022-09-28,Active,54
EMP08000,Vihaan Rao,Finance,72000,2024-01-23,On Leave,37
EMP08001,Meera Patel,IT,60000,2025-09-27,Active,40
EMP08002,Ira Iyer,HR,45000,2026-05-29,Active,50
EMP08003,Aditya Mehta,IT,45000,2026-03-03,Active,39
EMP08004,Tara Sharma,HR,95000,2026-03-22,Inactive,39
EMP08005,Vihaan Khan,Sales,72000,2023-11-16,Inactive,33
EMP08006,Sara Singh,Marketing,42000,2022-05-16,On Leave,25
EMP08007,Nisha Patel,Sales,,2023-05-12,Inactive,57
EMP08008,Neel Rao,Marketing,42000,2022-09-24,Active,31
EMP08009,Aarav Patel,HR,60000,2023-04-19,On Leave,53
EMP08010,Karan Rao,Finance,60000,2025-08-08,Inactive,21
EMP08011,Tara Mehta,Operations,60000,2023-06-29,Active,55
EMP08012,Ishaan Patel,Operations,,2021-06-08,Active,30
EMP08013,Dev Gupta,Sales,42000,2025-12-17,Active,24
EMP08014,Sara Das,Operations,38000,2026-01-31,Inactive,28
EMP08015,Tara Singh,Marketing,45000,2026-04-24,Active,50
EMP08016,Arjun Rao,Operations,42000,2022-07-25,Active,30
EMP08017,Aarav Patel,HR,80000,2024-12-02,On Leave,38
EMP08018,Dev Sharma,Operations,80000,2022-03-24,Inactive,22
EMP08019,Karan Iyer,Sales,60000,2023-05-06,Active,43
EMP08020,Aarav Khan,IT,32000,2024-03-18,Inactive,26
EMP08021,Riya Khan,IT,72000,2022-04-14,Active,21
EMP08022,Aarav Sharma,HR,32000,2026-05-15,Inactive,56
EMP08023,Vihaan Sharma,Finance,60000,2021-08-06,Inactive,29
EMP08024,Dev Iyer,Finance,95000,2025-01-05,Active,33
EMP08025,Meera Das,Sales,80000,2021-06-25,Active,41
EMP08026,Nisha Sharma,Sales,52000,2025-01-31,Inactive,25
EMP08027,Meera Gupta,HR,45000,2021-05-27,On Leave,43
EMP08028,Riya Sharma,HR,38000,2021-10-19,On Leave,43
EMP08029,Rahul Nair,Sales,72000,2022-04-12,On Leave,50
EMP08030,Sara Khan,Marketing,,2025-01-16,On Leave,45
EMP08031,Karan Das,,95000,2024-06-13,Active,24
EMP08032,Maya Singh,Sales,60000,2023-12-09,Inactive,28
EMP08033,Riya Sharma,finance,95000,2025-05-29,On Leave,38
EMP08034,Maya Patel,HR,72000,2024-01-15,Active,47
EMP08035,Arjun Nair,Sales,60000,2021-09-16,Inactive,35
EMP08036,Pooja Patel,Finance,38000,2024-08-27,Inactive,56
EMP08037,Karan Sharma,Marketing,45000,2023-02-09,On Leave,44
EMP08038,Rahul Nair,Finance,45000,2021-09-26,Active,55
EMP08039,Ishaan Mehta,Operations,80000,2023-04-19,On Leave,53
EMP08040,Meera Gupta,Sales,,2023-06-16,On Leave,27
EMP08041,Neel Mehta,IT,32000,2024-12-17,On Leave,49
EMP08042,Ishaan Gupta,Operations,80000,2024-10-17,Inactive,36
EMP08043,Anaya Das,IT,72000,2022-02-27,Inactive,57
EMP08044,Dev Khan,Finance,45000,2025-03-07,Active,27
EMP08045,Ira Nair,Operations,38000,2021-12-16,On Leave,23
EMP08046,Rahul Rao,Marketing,52000,2025-11-10,On Leave,21
EMP08047,Vihaan Nair,Sales,42000,2026-02-17,Active,27
EMP08048,Maya Patel,IT,42000,2021-07-19,Active,56
EMP08049,Vihaan Das,IT,32000,2024-04-30,Inactive,58
EMP08050,Meera Mehta,Sales,42000,2023-11-12,On Leave,45
EMP08051,Rahul Patel,Operations,38000,2022-03-20,Active,31
EMP08052,Neel Gupta,Operations,42000,2024-02-28,On Leave,55
EMP08053,Anaya Singh,Operations,38000,2023-12-05,On Leave,47
EMP08054,Aarav Singh,Finance,52000,2022-09-17,On Leave,25
EMP08055,Ira Gupta,Sales,52000,2025-03-06,Inactive,34
EMP08056,Aarav Singh,Operations,45000,2025-07-07,Active,50
EMP08057,Kabir Sharma,Sales,52000,2023-09-08,Inactive,51
EMP08058,Tara Patel,IT,32000,2025-09-04,On Leave,25
EMP09821,Nisha Das,HR,38000,2023-09-18,On Leave,52
EMP08060,Diya Rao,Sales,38000,2021-11-10,Inactive,38
EMP08061,Kabir Rao,IT,32000,2021-02-19,Active,40
EMP08062,Arjun Singh,HR,80000,2025-03-11,On Leave,51
EMP08063,Tara Nair,Operations,38000,2022-05-10,Active,57
EMP08064,Anaya Patel,Marketing,42000,2023-01-27,On Leave,43
EMP08065,Ira Gupta,Finance,72000,2024-09-12,On Leave,31
EMP08066,Riya Sharma,Sales,32000,2024-05-11,On Leave,43
EMP08067,Sara Singh,Sales,42000,2023-08-14,Active,39
EMP08068,Arjun Gupta,Operations,80000,2023-03-12,On Leave,42
EMP08069,Arjun Gupta,Finance,72000,2021-10-09,Inactive,28
EMP08070,Maya Gupta,HR,95000,2024-09-17,On Leave,57
EMP08071,Nisha Khan,HR,45000,2021-01-08,On Leave,23
EMP08072,Kabir Singh,Marketing,32000,2024-04-09,Active,24
EMP08073,Neel Rao,Sales,80000,2025-07-02,Active,50
EMP08074,Arjun Nair,IT,45000 INR,2021-09-14,On Leave,52
EMP08075,Arjun Das,Marketing,45000,2023-10-30,Inactive,26
EMP08076,Arjun Singh,HR,45000,2023-09-22,On Leave,28
EMP08077,Riya Sharma,HR,52000,2024-09-27,Active,55
EMP08078,Aarav Rao,Sales,45000,2024-02-12,On Leave,22
EMP08079,Pooja Sharma,Operations,60000,2022-06-16,On Leave,50
EMP08080,Kabir Das,Operations,72000,2026-05-29,Inactive,27
EMP08081,Karan Singh,Sales,32000,2024-05-25,Inactive,33
EMP08082,Aarav Sharma,Finance,72000,2023-06-14,Inactive,26
EMP08083,Maya Nair,Sales,42000,2023-01-10,On Leave,47
EMP08084,Rahul Patel,Finance,32000,2024-03-01,Inactive,58
EMP08085,Meera Gupta,Operations,32000,2023-08-16,On Leave,50
EMP08086,Maya Iyer,Operations,72000,2022-10-18,Active,46
EMP08087,Karan Patel,Sales,38000,2022-04-13,Inactive,32
EMP08088,Arjun Nair,Operations,80000,2022-12-19,Active,39
EMP08089,Neel Patel,HR,95000,2025-06-06,Inactive,46
EMP08090,Tara Gupta,Sales,80000,2024-01-02,Inactive,38
EMP08091,Karan Rao,Operations,N/A,2023-06-07,Active,29
EMP08092,Ira Patel,Sales,80000,2025-09-16,Active,48
EMP08093,Kabir Khan,Operations,60000,2025-09-29,Inactive,42
EMP08094,Sara Sharma,IT ,80000,2022-12-25,Active,21
EMP08095,Pooja Das,Operations,52000,2026-01-22,On Leave,47
EMP08096,Vihaan Khan,Operations,80000,2024-08-23,Inactive,32
EMP08097,Maya Singh,Finance,95000,2025-09-20,Active,27
EMP08098,Aarav Das,Marketing,95000,2022-05-27,On Leave,35
EMP08099,Tara Rao,Operations,60000,2022-01-20,On Leave,45
EMP08100,Kabir Das,Marketing,45000,2024-03-09,Active,42
EMP08101,Dev Rao,Operations,38000,2026-02-30,Active,41
EMP08102,Vihaan Singh,Operations,80000,2024-04-14,Active,58
EMP08103,Meera Das,Marketing,42000,2023-09-26,On Leave,56
EMP08104,Arjun Patel,Marketing,38000,2021-09-18,Inactive,29
EMP08105,Vihaan Das,Marketing,42000,2022-08-01,On Leave,24
EMP08106,Riya Mehta,HR,80000,2025-12-02,On Leave,35
EMP08107,Anaya Patel,HR,45000,2025-10-04,Inactive,31
EMP08108,Tara Sharma,Marketing,80000,2021-10-20,On Leave,45
EMP08109,Pooja Iyer,IT,45000,2023-03-22,Active,37
EMP08110,Karan Singh,HR,42000,2024-04-14,On Leave,23
EMP08111,Vihaan Gupta,HR,95000,2024-12-29,Inactive,29
EMP08112,Ira Nair,IT,42000,2025-07-30,On Leave,53
EMP08113,Diya Iyer,Marketing,42000,2025-02-07,Inactive,42
EMP08114,Ishaan Khan,HR,38000,2024-03-21,On Leave,50
EMP08115,Ira Mehta,HR,45000,2023-02-02,Inactive,55
EMP08116,Kabir Singh,HR,45000,2021-07-18,Active,39
EMP08117,Anaya Das,HR,38000,2021-08-03,On Leave,35
EMP08118,Diya Rao,Marketing,60000,2026-04-07,On Leave,41
EMP08119,Sara Rao,Marketing,72000,2023-03-17,Inactive,43
EMP08120,Ishaan Das,Finance,60000,2023-02-19,Active,42
EMP08121,Pooja Rao,IT,60000,2024-12-03,Active,33
EMP08122,Tara Nair,Sales,42000,2024-07-05,Active,45
EMP08123,Riya Das,Marketing,32000,2022-04-18,Inactive,58
EMP08124,Rahul Nair,Marketing,95000,2024-09-08,Active,24
EMP08125,Ira Singh,Sales,72000,2024-11-29,On Leave,35
EMP08126,Aditya Mehta,IT,42000,2023-01-25,Inactive,25
EMP08127,Tara Iyer,Sales,95000,2022-10-12,Active,45
EMP08128,Dev Sharma,Sales,38000,2022-06-19,Inactive,26
EMP08129,Nisha Rao,IT,45000,2021-12-17,Active,46
EMP08130,Tara Iyer,HR,60000,2023-08-03,On Leave,37
EMP08131,Pooja Nair,Operations,42000,2022-09-27,Active,57
EMP08132,Rahul Nair,Finance,60000,2022-10-13,Inactive,29
EMP08133,Ira Nair,Finance,52000,2025-01-28,Active,41
EMP08134,Vihaan Iyer,HR,52000,2023-06-22,Active,38
EMP08135,Anaya Mehta,Sales,45000,2023-10-17,Inactive,48
EMP08136,Ishaan Das,Finance,42000,2023-09-09,On Leave,29
EMP08137,Arjun Patel,Finance,38000,2021-09-06,Active,45
EMP08138,Nisha Gupta,,52000,2025-11-13,Active,41
EMP08139,Tara Iyer,IT,60000,2022-09-14,On Leave,54
EMP08140,Nisha Nair,Sales,52000,2023-01-26,Active,51
EMP08141,Nisha Iyer,Sales,80000,2026-01-06,Active,52
EMP08142,Maya Patel,Finance,52000,2021-06-13,On Leave,29
EMP08143,Dev Nair,Finance,45000,2026-06-21,On Leave,32
EMP08144,Aarav Das,Marketing,80000,2022-01-20,Active,28
EMP08145,Ira Rao,Sales,38000,2025-03-14,On Leave,44
EMP08146,Kabir Sharma,IT,45000,2022-06-09,Inactive,39
EMP08147,Meera Nair,Finance,72000,2024-08-01,Inactive,30
EMP08148,Aditya Sharma,Operations,32000,2024-12-31,Active,57
EMP08149,Neel Patel,Finance,80000,2021-12-18,On Leave,50
EMP08150,Ira Patel,IT,,2025-08-16,Inactive,49
EMP08151,Ishaan Sharma,HR,80000,2023-08-22,Active,27
EMP08152,Riya Das,HR,45000,2023-10-26,On Leave,52
EMP08153,Ishaan Khan,IT,42000,2022-08-30,Active,21
EMP08154,Meera Rao,HR,45000,2024-03-24,Inactive,22
EMP08155,Rahul Mehta,Finance,42000,2025-07-25,Active,57
EMP08156,Ira Khan,IT,80000,2021-11-18,On Leave,22
EMP08157,Neel Mehta,HR,80000,2023-07-17,On Leave,48
EMP08158,Diya Nair,HR,95000,2021-07-28,Active,31
EMP08159,Anaya Singh,Operations,95000,2025-11-25,Active,40
EMP08160,Dev Gupta,Operations,52000,2022-05-09,Inactive,30
EMP08161,Meera Gupta,Marketing,38000,2024-12-14,Inactive,54
EMP08162,Ishaan Mehta,Marketing,38000,2023-01-02,Active,29
EMP08163,Rahul Gupta,Marketing,42000,2025-04-08,Active,40
EMP08164,Vihaan Khan,HR,38000,2023-06-03,Inactive,36
EMP08165,Sara Rao,Sales,72000,2023-04-13,Inactive,56
EMP08166,Meera Rao,IT,72000,,Inactive,58
EMP08167,Tara Singh,Finance,32000,2022-12-09,Inactive,52
EMP08168,Karan Nair,HR,72000,2021-01-18,Inactive,31
EMP08169,Arjun Das,HR,38000,2022-09-04,Active,24
EMP08170,Neel Nair,HR,95000,2022-03-25,Inactive,47
EMP08171,Meera Khan,Marketing,42000,2024-10-01,On Leave,37
EMP08172,Anaya Khan,IT,60000,2024-12-31,On Leave,24
EMP08173,Riya Gupta,Sales,60000,2022-02-18,Active,50
EMP08174,Neel Nair,Finance,72000,2022-07-14,On Leave,30
EMP08175,Neel Das,Operations,45000,2026-04-03,Active,32
EMP08176,Tara Sharma,HR,80000,2024-09-03,Inactive,24
EMP08177,Nisha Das,IT,80000,2024-06-09,On Leave,55
EMP08178,Nisha Das,IT,72000,2021-12-10,Active,40
EMP08179,Karan Das,IT,52000,2024-08-21,Inactive,26
EMP08180,Anaya Singh,HR,32000,2024-08-30,Active,29
EMP08181,Riya Gupta,Operations,32000,2024-05-14,Inactive,51
EMP08182,Dev Mehta,Marketing,42000,2023-01-17,Active,25
EMP08183,Kabir Khan,Finance,52000,2023-01-04,Inactive,56
EMP08184,Riya Khan,IT,42000,2023-09-08,Inactive,27
EMP08185,Dev Patel,Marketing,45000,2026-03-20,Inactive,26
EMP08186,Rahul Gupta,Finance,32000,2022-03-25,Inactive,32
EMP08187,Ishaan Nair,HR,95000,2024-06-04,Inactive,21
EMP08188,Sara Rao,Sales,60000,2023-07-15,On Leave,43
EMP08189,Maya Nair,Finance,80000,2025-03-09,On Leave,55
EMP08190,Diya Das,IT,80000,2025-07-28,Inactive,35
EMP08191,Karan Rao,Sales,52000,2024-12-02,On Leave,34
EMP08192,Anaya Mehta,Sales,72000,2024-10-30,On Leave,42
EMP08193,Nisha Patel,IT,42000,2024-05-08,On Leave,53
EMP08194,Neel Patel,Finance,60000,2025-03-11,On Leave,42
EMP08195,Rahul Khan,HR,45000,2023-01-30,Active,30
EMP08196,Meera Mehta,IT,52000,2021-05-23,On Leave,28
EMP08197,Neel Rao,Operations,52000,2025-07-10,Inactive,46
EMP08198,Aarav Khan,Operations,95000,2026-04-08,On Leave,53
EMP08199,Anaya Iyer,Sales,45000,2024-12-11,Inactive,28
EMP08200,Aarav Patel,HR,80000,2023-01-16,Active,44
EMP08201,Vihaan Sharma,Sales,42000,2023-12-27,Inactive,36
EMP08202,Riya Singh,IT,32000,2022-12-13,Inactive,39
EMP08203,Aditya Khan,IT,32000,2021-11-07,On Leave,32
EMP08204,Dev Nair,Sales,32000,2022-01-13,Active,36
EMP08205,Ishaan Mehta,Sales,95000,2026-03-13,Inactive,36
EMP08206,Rahul Singh,IT,42000,2025-05-09,Inactive,44
EMP08207,,HR,72000,2024-03-11,Active,26
EMP08208,Ira Gupta,Finance,42000,2023-03-07,Active,57
EMP08209,Diya Mehta,Sales,52000,2023-10-23,On Leave,49
EMP08210,Diya Iyer,Marketing,38000,2024-07-31,On Leave,23
EMP08211,Vihaan Das,Sales,95000,2021-07-29,Active,56
EMP08212,Sara Sharma,Finance,42000,2023-12-15,Inactive,41
EMP08213,Riya Iyer,Finance,52000,2021-09-22,On Leave,26
EMP08214,Aarav Rao,HR,32000,2025-09-07,On Leave,28
EMP08215,Vihaan Das,Operations,60000,2021-02-04,Inactive,54
EMP08216,Diya Khan,IT,80000,2024-10-02,Inactive,50
EMP08217,Ira Das,Marketing,38000,2024-05-19,Inactive,47
EMP08218,Karan Nair,,32000,2023-10-03,Active,23
EMP08219,Meera Gupta,Operations,45000,2024-05-11,Active,48
EMP08220,Kabir Iyer,HR,38000,2025-09-17,Active,23
EMP08221,Vihaan Mehta,IT,95000,2024-03-20,On Leave,49
EMP08222,Aarav Patel,Operations,60000,2022-05-22,Inactive,48
EMP08223,Maya Rao,Marketing,72000,2021-08-12,Active,38
EMP08224,Riya Singh,Operations,52000,2026-06-06,Active,28
EMP08225,Neel Mehta,Sales,52000,2025-03-31,Inactive,44
EMP08226,Maya Sharma,Sales,45000,2024-09-17,Inactive,47
EMP08227,Arjun Mehta,Finance,95000,2026-02-19,Active,27
EMP08228,Vihaan Singh,Finance,95000,2025-09-29,Active,35
EMP08229,Ira Sharma,HR,52000,2022-12-21,Inactive,37
EMP08230,Kabir Singh,Sales,45000,2022-09-09,Inactive,38
EMP08231,Diya Sharma,IT,95000,2021-07-23,Inactive,21
EMP08232,Aarav Rao,Finance,72000,2025-07-23,Active,40
EMP08233,Arjun Rao,HR,42000,2021-10-06,Inactive,26
EMP08234,Sara Rao,Finance,38000,2022-10-03,Active,52
EMP08235,Nisha Singh,Finance,72000,2024-04-29,Active,24
EMP08236,Rahul Das,Marketing,52000,2025-01-05,On Leave,46
EMP08237,Maya Patel,Finance,60000,2023-07-30,Inactive,55
EMP08238,Nisha Sharma,IT,38000,2023-09-24,Active,37
EMP08239,Arjun Khan,Finance,38000,2023-12-23,Inactive,42
EMP08240,Maya Rao,Operations,38000,2025-04-28,Inactive,34
EMP08241,Maya Patel,,72000,2024-04-11,Inactive,36
EMP08242,Diya Rao,HR,80000,2022-11-12,On Leave,52
EMP08243,Aditya Iyer,Finance,60000,2022-01-23,On Leave,40
EMP08244,Vihaan Khan,IT,95000,2024-12-15,Inactive,28
EMP08245,Aarav Khan,Marketing,38000,2025-11-06,On Leave,37
EMP08246,Karan Nair,Sales,42000,2025-05-12,Inactive,44
EMP08247,Ishaan Khan,Operations,72000,2025-01-25,Active,46
EMP08248,Anaya Das,Marketing,72000,2022-07-16,On Leave,48
EMP08249,Pooja Nair,IT,42000,2026-05-13,On Leave,54
EMP08250,Meera Mehta,Finance,42000,2026-05-17,On Leave,24
EMP08251,Anaya Mehta,Operations,45000,2022-01-06,Active,51
EMP08252,Aditya Rao,Marketing,52000,2023-10-02,On Leave,thirty
EMP08253,Pooja Gupta,Finance,42000,2021-11-06,Inactive,50
EMP08254,Anaya Gupta,Sales,45000,2025-10-27,On Leave,25
EMP08255,Rahul Mehta,Finance,42000,2022-08-23,On Leave,47
EMP08256,Arjun Patel,Sales,80000,2025-03-17,On Leave,44
EMP08257,Maya Patel,Finance,52000,2023-09-01,Active,35
EMP08258,Neel Patel,Marketing,95000,2022-05-25,On Leave,37
EMP08259,Dev Rao,IT,32000,2022-06-08,On Leave,43
EMP08260,Meera Khan,IT,32000,2024-01-24,Active,49
EMP08261,Maya Nair,Finance,32000,,Active,49
EMP08262,Ira Patel,Operations,52000,2023-01-16,On Leave,27
EMP08263,Riya Mehta,Finance,45000,2025-12-03,Active,44
EMP08264,Ishaan Khan,HR,95000,2021-03-05,Inactive,37
EMP08265,Riya Nair,Marketing,45000,2022-03-18,Inactive,31
EMP08266,Neel Mehta,Operations,60000,2024-03-24,On Leave,34
EMP08267,Neel Nair,HR,72000,2023-11-27,Active,51
EMP08268,Kabir Das,Operations,32000,2024-10-30,Inactive,52
EMP08269,Maya Singh,Sales,95000,2025-07-20,Inactive,49
EMP08270,Kabir Singh,Operations,95000,2026-01-30,On Leave,45
EMP08271,Aarav Khan,IT,60000,2026-06-18,On Leave,41
EMP08272,Anaya Khan,Operations,38000,2025-03-19,Inactive,23
EMP08273,Tara Singh,HR,60000,2025-04-15,Inactive,56
EMP08274,Tara Patel,HR,38000,2021-03-16,On Leave,48
EMP08275,Tara Khan,Operations,42000,2025-02-23,Active,31
EMP08276,Sara Mehta,Marketing,95000,2021-09-17,On Leave,31
EMP08277,Aarav Khan,Sales,72000,2026-01-18,On Leave,26
EMP08278,Arjun Mehta,IT,32000,2026-06-14,Inactive,39
EMP08279,Maya Iyer,Marketing,38000,2024-08-14,On Leave,57
EMP08280,Maya Singh,Operations,80000,2021-09-28,Inactive,
EMP08281,Riya Khan,IT,42000,2024-09-15,Inactive,52
EMP08282,Rahul Mehta,Operations,52000,2022-05-28,Inactive,34
EMP08283,Sara Gupta,Marketing,45000,2021-07-26,Active,22
EMP08284,Anaya Nair,Marketing,95000,2023-03-13,active,49
EMP08285,Maya Mehta,HR,52000,2023-01-15,Active,31
EMP08286,Anaya Gupta,Operations,32000,2025-09-14,On Leave,32
EMP08287,Ira Mehta,Sales,32000,2022-12-27,Inactive,32
EMP08288,Vihaan Iyer,Finance,80000,2023-07-27,Inactive,24
EMP08289,Meera Gupta,IT,42000,2024-10-28,Active,30
EMP08290,Diya Gupta,Marketing,38000,2023-03-28,Active,31
EMP08291,Ishaan Iyer,Marketing,38000,2024-08-18,inactive,54
EMP08292,Riya Khan,IT,60000,2025-04-25,Active,52
EMP08293,Karan Iyer,IT,45000,2025-10-25,On Leave,34
EMP08294,Rahul Nair,Sales,42000,2025-11-15,Inactive,40
EMP08295,Rahul Rao,Finance,52000,2024-06-02,Inactive,26
EMP08296,Karan Khan,Operations,42000,2024-11-01,On Leave,32
EMP08297,Maya Iyer,IT,95000,2024-06-18,Inactive,28
EMP08298,Diya Rao,Marketing,95000,2026-01-16,Active,42
EMP08299,Ishaan Sharma,Operations,72000,2023-02-28,Inactive,56
EMP08300,Riya Patel, IT,42000,2024-09-14,On Leave,55
EMP08301,Aarav Mehta,IT,95000,2021-08-02,Inactive,35
EMP08302,Aarav Iyer,Finance,52000,2021-01-19,Inactive,27
EMP08303,Pooja Das,Marketing,52000,2024-10-12,Inactive,46
EMP08304,Aarav Mehta,Sales,32000,2026-04-24,Active,29
EMP08305,Rahul Das,Marketing,45000,2021-08-07,Inactive,56
EMP08306,Dev Rao,Finance,32000,2025-08-21,On Leave,36
EMP08307,Pooja Das,Marketing,38000,2022-09-26,On Leave,41
EMP08308,Arjun Rao,Finance,72000,2023-12-24,Inactive,34
EMP08309,Sara Sharma,HR,42000,2022-09-20,Inactive,47
EMP08310,Pooja Das,IT,60000,2022-11-27,Inactive,53
EMP08311,Rahul Patel,Sales,95000,2021-07-29,Active,57
EMP08312,Ishaan Iyer,HR,72000,2023-09-01,Inactive,54
EMP08313,Kabir Singh,Sales,45000,2022-03-08,On Leave,52
EMP08314,Kabir Sharma,Finance,80000,2023-10-12,on leave,25
EMP08315,Aarav Rao,IT,95000,2023-10-04,Inactive,37
EMP08316,Tara Gupta,Sales,60000,2023-09-30,On Leave,29
EMP08317,Nisha Patel,Sales,52000,2026-03-15,Active,50
EMP08318,Rahul Das,IT,45000,2026-05-07,Active,33
EMP08319,Karan Rao,HR,80000,2023-06-17,Inactive,46
EMP08320,Kabir Gupta,Operations,52000,2021-04-09,Inactive,41
EMP08321,Arjun Nair,IT,72000,2025-04-05,On Leave,49
EMP08322,Aarav Patel,Sales,32000,2025-06-29,Inactive,28
EMP08323,Tara Patel,Finance,72000,2024-09-08,On Leave,33
EMP08324,Rahul Khan,Operations,42000,2023-08-05,Active,24
EMP08325,Diya Nair,HR,60000,2024-06-06,On Leave,30
EMP08326,Ira Nair,IT,32000,2025-12-17,On Leave,38
EMP08327,Aditya Iyer,IT,32000,2022-04-25,Active,50
EMP08328,Aditya Khan,HR,60000,2021-05-06,Active,44
EMP08329,Karan Patel,Finance,32000,2023-04-17,Inactive,53
EMP08330,Rahul Patel,Finance,42000,2023-01-07,On Leave,43
EMP08331,Neel Nair,Finance,32000,2025-03-06,On Leave,44
EMP08332,Vihaan Das,Sales,80000,2024-09-24,Inactive,34
EMP08333,Kabir Das,HR,72000,2023-09-13,Active,25
EMP08334,Aarav Nair,Sales,52000,2025-06-23,Inactive,28
EMP08335,Anaya Rao,Sales,80000,2021-11-15,Active,39
EMP08336,Rahul Patel,Operations,72000,2023-06-19,Inactive,44
EMP08337,Aarav Patel,Operations,95000,2025-12-03,Inactive,50
EMP08338,Vihaan Mehta,Finance,72000,2022-01-13,On Leave,23
EMP08339,Vihaan Singh,HR,60000,2024-07-05,Inactive,56
EMP08340,Anaya Singh,Operations,95000,2021-03-12,On Leave,26
EMP08341,Sara Das,Marketing,80000,2026-05-09,Inactive,45
EMP08342,Nisha Singh,IT,45000,2021-11-15,Active,58
EMP08343,Tara Das,Finance,52000,2021-04-14,Inactive,50
EMP08344,Kabir Das,Finance,95000,2025-12-28,Active,46
EMP08345,Tara Khan,Operations,32000,2022-07-27,Inactive,45
EMP08346,Riya Mehta,Marketing,80000,2023-04-10,On Leave,52
EMP08347,Anaya Sharma,IT,45000,2024-06-13,Active,46
EMP08348,Ira Das,Sales,60000,2021-07-20,Inactive,32
EMP08349,Karan Mehta,Sales,42000,2023-08-05,On Leave,33
EMP08350,Riya Nair,Marketing,95000,2024-08-09,Inactive,21
EMP08351,Diya Khan,HR,52000,2023-12-11,Active,35
EMP08352,Ira Das,Marketing,80000,2025-10-22,Inactive,44
EMP08353,Rahul Rao,Operations,32000,2024-09-24,On Leave,33
EMP08354,Maya Rao,IT,45000,2021-05-18,On Leave,41
EMP08355,Nisha Das,Operations,52000,2026-04-16,Inactive,30
EMP08356,Vihaan Rao,Marketing,42000,2022-03-17,On Leave,44
EMP08357,Aditya Rao,Sales,38000,2024-03-14,Inactive,26
EMP08358,Kabir Singh,IT,45000,2024-01-04,Active,41
EMP08359,Riya Singh,Finance,42000,2024-02-22,On Leave,47
EMP08360,Arjun Patel,HR,52000,2025-01-06,Active,43
EMP08361,Diya Patel,Operations,32000,2026-05-20,Inactive,36
EMP08362,Riya Mehta,Operations,32000,2026-02-07,On Leave,45
EMP08363,Aarav Patel,Operations,95000,2023-12-09,ACTIVE,56
EMP08364,Maya Nair,HR,60000,2026-01-25,Inactive,23
EMP08365,Aditya Singh,Marketing,80000,2025-04-27,Inactive,37
EMP08366,Pooja Mehta,Marketing,38000,2022-04-10,Active,48
EMP08367,Meera Patel,Operations,32000,2025-09-07,On Leave,50
EMP08368,Tara Khan,HR,72000,2023-03-29,On Leave,26
EMP08369,Anaya Rao,Sales,60000,2022-12-28,On Leave,31
EMP08370,Ishaan Patel,HR,45000,2022-08-03,On Leave,47
EMP08371,Rahul Das,Sales,38000,2021-12-23,Active,36
EMP08372,Tara Mehta,Finance,42000,2023-08-27,On Leave,53
EMP08373,Sara Khan,HR,80000,2025-07-12,Active,45
EMP08374,Aarav Khan,IT,38000,2021-03-04,Inactive,31
EMP08375,Meera Nair,Operations,42000,2022-07-15,Active,27
EMP08376,Neel Iyer,IT,60000,2021-01-30,On Leave,41
EMP08377,Nisha Sharma,Sales,95000,2024-04-18,On Leave,36
EMP08378,Anaya Khan,Finance,32000,2024-09-14,Active,26
EMP08379,Aditya Nair,Finance,32000,2023-04-09,Inactive,31
EMP08380,Maya Rao,Finance,60000,2023-08-29,Inactive,28
EMP08381,Tara Singh,IT,72000,2024-07-04,On Leave,47
EMP08382,Pooja Khan,Marketing,38000,2025-12-27,On Leave,50
EMP08383,Arjun Iyer,Marketing,38000,2023-06-11,On Leave,25
EMP08384,Neel Das,Operations,38000,2025-02-05,On Leave,37
EMP08385,Meera Gupta,Finance,,2023-06-19,On Leave,22
EMP08386,Pooja Nair,Finance,80000,2021-02-26,Active,28
EMP08387,Meera Patel,Marketing,52000,2022-03-14,Active,40
EMP08388,Aarav Rao,Sales,52000,2021-04-03,Active,30
EMP08389,Riya Das,IT,32000,2026-01-24,Inactive,53
EMP08390,Vihaan Sharma,Marketing,72000,2021-09-04,Inactive,39
EMP08391,Ishaan Mehta,HR,42000,2021-04-15,Inactive,48
EMP08392,Anaya Khan,HR ,52000,2024-02-24,Active,44
EMP08393,Aarav Das,IT,72000,2022-12-21,On Leave,32
EMP08394,Pooja Khan,,38000,2022-07-06,On Leave,33
EMP08395,Ira Nair,IT,32000,2026-02-02,Inactive,21
EMP08396,Pooja Sharma,Finance,72000,2024-06-04,Active,58
EMP08397,Diya Das,Finance,72000,2023-04-28,Active,26
EMP08398,Nisha Singh,Sales,60000,2021-12-31,Active,42
EMP08399,Sara Singh,IT,38000,2021-07-05,On Leave,37
EMP08400,Karan Nair,Marketing,95000,2025-12-12,Active,48
EMP08401,Vihaan Iyer,Marketing,95000,2024-12-29,Active,25
EMP08402,Meera Iyer,HR,95000,2022-06-06,Active,24
EMP08403,Pooja Sharma,HR,95000,2021-06-01,Inactive,55
EMP08404,Rahul Rao,Finance,60000,2022-07-21,On Leave,55
EMP08405,Riya Mehta,HR,32000,2021-08-29,Inactive,53
EMP08406,Aditya Khan,Sales,72000,2022-12-24,Inactive,57
EMP08407,Tara Nair,Sales,42000,2023-03-27,Inactive,31
EMP08408,Aarav Mehta,Operations,95000,2022-09-29,Active,22
EMP08409,Pooja Das,Marketing,60000,2026-01-26,On Leave,47
EMP08410,Maya Singh,Operations,80000,2021-11-01,Inactive,45
EMP08411,Maya Das,Operations,32000,2024-01-20,Active,55
EMP08412,Karan Sharma,HR,52000,2023-06-29,Inactive,25
EMP08413,Meera Sharma,Marketing,52000,2022-06-06,Inactive,22
EMP08414,Nisha Mehta,HR,80000,2024-01-23,On Leave,34
EMP08415,Anaya Patel,Sales,80000,2021-06-15,Inactive,24
EMP08416,Riya Patel,Finance,38000,2023-03-31,On Leave,35
EMP08417,,HR,45000,2021-11-23,Active,23
EMP08418,Kabir Nair,Operations,32000,2025-08-15,On Leave,37
EMP08419,Kabir Nair,IT,95000,2025-05-04,On Leave,27
EMP08420,Anaya Sharma,Finance,38000,2023-11-16,Inactive,32
EMP08421,Ira Iyer,Sales,72000,2021-05-04,Inactive,45
EMP08422,Ira Rao,Marketing,42000,2023-06-04,On Leave,23
EMP08423,Vihaan Khan,Marketing,60000,2025-11-23,Active,55
EMP08424,Rahul Mehta,HR,38000,2023-06-27,,46
EMP08425,Arjun Rao,IT,60000,2025-06-23,On Leave,31
EMP08426,Karan Khan,HR,72000,2022-12-10,Active,30
EMP08427,Pooja Nair,Finance,80000,2022-02-13,Inactive,56
EMP08428,Aarav Singh,IT,38000,2023-08-07,On Leave,44
EMP08429,Ira Mehta,Marketing,95000,2023-04-30,Active,36
EMP08430,Riya Singh,,52000,2026-03-09,Inactive,36
EMP08431,Ishaan Rao,HR,80000,2025-05-27,On Leave,52
EMP08432,Aarav Khan,IT,38000,2024-08-14,Inactive,57
EMP08433,Aarav Iyer,Operations,80000,2023-11-17,On Leave,43
EMP08434,Sara Singh,Sales,42000,2024-10-26,Active,44
EMP08435,Meera Gupta,Sales,95000,2023-06-13,Active,22
EMP08436,Ira Gupta,Sales,60000,2024-06-27,Active,26
EMP08437,Nisha Iyer,Sales,38000,2021-04-16,On Leave,50
EMP08438,Pooja Khan,Marketing,45000,not available,Active,51
EMP08439,Tara Khan,Sales,38000,2024-05-14,On Leave,53
EMP08440,Pooja Sharma,Operations,52000,2022-05-12,On Leave,38
EMP08441,Aditya Rao,Operations,72000,2022-06-06,Active,44
EMP08442,Vihaan Nair,Sales,38000,2025-07-26,On Leave,23
EMP08443,Sara Sharma,Marketing,80000,2025-01-05,On Leave,54
EMP08444,Rahul Singh,Finance,52000,2024-06-17,Inactive,44
EMP08445,Arjun Patel,Marketing,60000,2023-12-29,Active,39
EMP08446,Karan Iyer,Marketing,95000,2021-09-19,Inactive,57
EMP08447,Ira Das,HR,32000,2022-01-08,On Leave,46
EMP08448,Karan Sharma,Finance,80000,2026-04-23,Inactive,22
EMP08449,Vihaan Iyer,HR,42000,2025-03-05,On Leave,23
EMP08450,Tara Iyer,Sales,52000,2024-04-27,Active,45
EMP02038,Pooja Sharma,Sales,38000,2025-10-01,Active,43
EMP08452,Tara Singh,Sales,52000,2024-05-27,On Leave,58
EMP08453,Rahul Nair,IT,60000,2024-05-11,Active,31
EMP08454,Maya Nair,Sales,38000,2023-11-13,Inactive,28
EMP08455,Pooja Iyer,Sales,80000,2023-05-28,Active,31
EMP08456,Neel Patel,HR,52000,2024-07-22,Inactive,25
EMP08457,Karan Nair,Marketing,38000,2022-11-01,Inactive,28
EMP08458,Aarav Patel,Finance,95000,2023-09-25,On Leave,25
EMP08459,Rahul Singh,IT,45000,2023-09-07,On Leave,26
EMP08460,Vihaan Patel,Marketing,32000,2026-01-25,Active,32
EMP08461,Riya Khan,Finance,60000,2023-07-02,On Leave,47
EMP08462,Aditya Khan,Operations,60000,2025-04-19,Inactive,22
EMP08463,Aditya Gupta,IT,45000,2025-10-06,Inactive,25
EMP08464,Karan Gupta,Finance,,2026-01-25,Inactive,54
EMP08465,Dev Iyer,Marketing,52000,2025-09-05,On Leave,33
EMP08466,Neel Patel,Marketing,38000,2023-07-16,Active,53
EMP08467,Anaya Singh,Operations,52000,2023-04-22,Inactive,29
EMP08468,Meera Gupta,IT,60000,2021-12-30,Active,50
EMP08469,Riya Sharma,HR,45000,2021-11-16,Active,27
EMP08470,Aarav Gupta,HR,60000,2022-04-14,On Leave,33
EMP08471,Anaya Gupta,Operations,45000,2021-01-18,On Leave,25
EMP08472,Sara Patel,Marketing,42000,2024-02-03,Inactive,44
EMP08473,Rahul Das,HR,38000,2026-02-04,Active,51
EMP08474,Sara Singh,Sales,80000,2021-09-18,Inactive,24
EMP08475,Neel Khan,Finance,60000,2023-11-09,On Leave,25
EMP08476,Ira Gupta,IT,72000,2024-05-17,Active,30
EMP08477,Meera Mehta,Operations,72000,2024-10-22,Active,22
EMP08478,Arjun Khan,IT,80000,2025-09-04,On Leave,24
EMP08479,Kabir Gupta,Operations,42000,2026-02-06,Active,27
EMP08480,Tara Singh,Operations,42000,2021-12-04,On Leave,40
EMP08481,Anaya Rao,Marketing,38000,2024-01-30,On Leave,27
EMP08482,Vihaan Sharma,Sales,52000,2023-03-19,Inactive,34
EMP08483,Arjun Das,Finance,72000,2022-07-15,On Leave,29
EMP08484,Aditya Khan,Operations,32000,2023-10-26,Inactive,22
EMP08485,Aditya Rao,Marketing,72000,2022-12-03,Inactive,33
EMP08486,Tara Das,IT,60000,2021-06-20,Inactive,37
EMP08487,Tara Sharma,Sales,52000,2022-01-12,Inactive,44
EMP08488,Arjun Khan,Sales,42000,2026-02-09,On Leave,54
EMP08489,Aditya Patel,Finance,52000,2022-10-28,Active,49
EMP08490,Dev Khan,HR,42000,2026-06-21,Active,26
EMP08491,Tara Sharma,Sales,80000,2025-02-23,Inactive,39
EMP00666,Kabir Gupta,Sales,38000,2025-05-28,On Leave,28
EMP08493,Kabir Gupta,Sales,32000,2021-01-11,Inactive,44
EMP08494,Riya Rao,Sales,32000,2024-09-25,On Leave,58
EMP08495,Kabir Patel,Marketing,52000,2022-08-09,Active,57
EMP08496,Sara Sharma,Operations,,2023-07-10,On Leave,54
EMP08497,Aditya Khan,IT,45000,2025-05-09,On Leave,24
EMP08498,Anaya Iyer,Marketing,60000,2021-02-01,Inactive,32
EMP08499,Aarav Patel,Finance,42000,2022-08-07,Inactive,23
EMP08500,Tara Das,IT,80000,2025-07-19,Inactive,43
EMP08501,Nisha Khan,Finance,38000,2026-05-02,Active,24
EMP08502,Sara Sharma,Marketing,60000,2022-01-08,Active,46
EMP08503,Nisha Patel,Operations,80000,2024-01-07,Inactive,58
EMP08504,Tara Rao,HR,52000,2023-07-29,Active,42
EMP08505,Diya Iyer,HR,52000,2024-01-08,Active,32
EMP08506,Ira Das,HR,38000,2023-07-20,On Leave,47
EMP08507,Aditya Iyer,HR,32000,2024-11-14,On Leave,21
EMP08508,Maya Rao,HR,52000,2023-10-09,Inactive,44
EMP08509,Ira Mehta,Sales,45000,2021-06-20,Inactive,57
EMP08510,Maya Gupta,IT,45000,2023-05-03,On Leave,56
EMP08511,Ishaan Patel,Operations,32000,2025-12-27,On Leave,45
EMP08512,Tara Iyer,Marketing,80000,2024-05-27,Active,29
EMP08513,Nisha Gupta,Marketing,45000,2024-02-04,Active,50
EMP08514,Riya Khan,Sales,45000,2022-01-18,Inactive,37
EMP08515,Sara Nair,Operations,95000,2021-07-22,Inactive,57
EMP08516,Karan Das,IT,80000,2026-05-17,Active,44
EMP08517,Ira Mehta,Finance,38000,2023-03-15,On Leave,51
EMP08518,Maya Rao,HR,45000 INR,2025-09-22,Inactive,23
EMP08519,Meera Khan,finance,60000,2022-07-19,ACTIVE,55
EMP08520,Kabir Singh,HR,45000,2025-06-06,Inactive,56
EMP08521,Arjun Rao,Operations,45000,2021-06-04,Inactive,58
EMP08522,Ishaan Nair,Marketing,42000,2025-11-22,Active,53
EMP08523,Pooja Rao,Finance,42000,2022-05-18,Inactive,24
EMP08524,Karan Rao,Sales,72000,2023-02-18,On Leave,57
EMP08525,Nisha Iyer,IT,45000,2026-05-21,Inactive,44
EMP08526,Ishaan Iyer,Marketing,38000,2024-04-13,On Leave,42
EMP08527,Diya Singh,Finance,95000,2024-12-29,On Leave,21
EMP08528,Tara Rao,IT,95000,2025-08-31,On Leave,53
EMP08529,Maya Gupta,Operations,32000,2021-12-08,On Leave,27
EMP08530,Diya Nair,Finance,45000,2022-12-25,On Leave,35
EMP08531,Tara Gupta,IT,42000,2022-07-19,On Leave,26
EMP08532,Sara Nair,Operations,95000,2024-06-22,Inactive,32
EMP08533,Arjun Iyer,Finance,42000,2026-02-30,Inactive,47
EMP08534,Diya Nair,Operations,42000,2024-04-02,Active,58
EMP08535,Arjun Sharma,IT,38000,2025-04-06,On Leave,35
EMP08536,Riya Das,Operations,72000,2024-07-20,On Leave,41
EMP08537,Pooja Iyer,Marketing,32000,2024-09-02,Inactive,54
EMP08538,Anaya Das,IT,60000,2024-04-05,On Leave,53
EMP08539,Anaya Gupta,Finance,38000,2022-03-15,Active,51
EMP08540,Sara Gupta,Operations,95000,2025-10-22,Inactive,35
EMP08541,Neel Das,Finance,45000,2026-05-26,On Leave,29
EMP08542,Ira Mehta,IT,95000,2025-04-17,Active,29
EMP08543,Karan Iyer,Operations,42000,2023-06-25,On Leave,55
EMP08544,Karan Nair,Sales,95000,2024-10-14,Inactive,32
EMP08545,Meera Rao,Sales,52000,2025-10-06,Active,44
EMP08546,Pooja Gupta,Finance,60000,2022-03-24,Inactive,27
EMP08547,Nisha Patel,Finance,52000,2025-12-19,On Leave,46
EMP08548,Riya Singh,HR,60000,2024-10-01,Inactive,32
EMP08549,Ira Singh,Sales,80000,2026-02-15,Inactive,38
EMP08550,Dev Rao,IT,38000,2023-09-07,Active,36
EMP08551,Tara Iyer,Operations,60000,2025-09-28,Inactive,48
EMP08552,Karan Das,HR,38000,2025-11-29,Active,37
EMP08553,Arjun Nair,Sales,72000,2024-02-23,On Leave,43
EMP08554,Karan Das,IT,45000,2025-12-21,On Leave,32
EMP08555,Ishaan Gupta,Marketing,45000,2026-06-02,Active,43
EMP08556,Maya Singh,Sales,32000,2022-04-24,Inactive,36
EMP08557,Ishaan Mehta,Operations,72000,2023-01-03,Inactive,51
EMP08558,Vihaan Patel,HR,95000,2021-12-10,Active,30
EMP08559,Anaya Gupta,Sales,80000,2021-03-10,On Leave,40
EMP08560,Neel Iyer,IT,60000,2023-07-29,Active,47
EMP08561,Dev Das,Sales,38000,2023-08-20,Inactive,24
EMP08562,Neel Mehta,Sales,45000,2026-03-08,Active,28
EMP08563,Dev Khan,Finance,60000,2026-01-28,On Leave,34
EMP08564,Riya Mehta,Marketing,32000,2024-09-13,Inactive,43
EMP08565,Ishaan Khan,Finance,32000,2025-03-26,Active,26
EMP08566,Pooja Mehta,HR,,2022-08-02,Active,58
EMP08567,Ira Rao,HR,60000,2022-01-27,On Leave,34
EMP08568,Karan Khan,HR,42000,2023-06-12,Inactive,49
EMP08569,Riya Patel,IT,42000,2023-12-14,Inactive,28
EMP08570,Riya Patel,HR,45000,2024-05-28,Active,25
EMP08571,Kabir Iyer,Marketing,38000,2022-05-11,Active,58
EMP08572,Neel Patel,Marketing,60000,2022-04-08,On Leave,39
EMP08573,Riya Iyer,Finance,32000,2021-09-02,Inactive,41
EMP08574,Nisha Singh,Finance,42000,2021-02-08,Inactive,39
EMP08575,Neel Iyer,Marketing,52000,2022-02-22,On Leave,30
EMP08576,Pooja Iyer,HR,72000,2024-03-28,Inactive,58
EMP08577,Kabir Das,HR,42000,2026-01-08,Inactive,46
EMP08578,Maya Mehta,Sales,52000,2024-11-29,Inactive,53
EMP08579,Nisha Mehta,Marketing,72000,2022-02-10,Inactive,54
EMP08580,Pooja Das,HR,42000,2021-04-26,On Leave,39
EMP08581,Meera Khan,HR,42000,2022-03-14,On Leave,26
EMP08582,Anaya Patel,Sales,60000,2025-11-27,On Leave,48
EMP08583,Nisha Patel,Finance,80000,2023-08-17,On Leave,53
EMP08584,Diya Gupta,IT,38000,2025-04-27,Inactive,48
EMP08585,Aarav Das,Operations,60000,2022-03-18,Active,53
EMP08586,Arjun Iyer,Finance,80000,2023-01-30,Active,44
EMP08587,Rahul Das,Finance,95000,2021-08-18,Active,48
EMP08588,Pooja Nair,IT,52000,2022-11-07,Active,44
EMP08589,Kabir Patel,Sales,45000,2025-04-30,Active,27
EMP08590,Sara Das,Operations,32000,2022-08-11,Active,54
EMP08591,Arjun Iyer,Operations,60000,2026-05-21,On Leave,54
EMP08592,Ishaan Sharma,HR ,52000,2025-12-26,Active,44
EMP08593,Pooja Khan,Operations,42000,2025-03-20,Active,53
EMP08594,Anaya Singh,HR,80000,2023-02-10,Inactive,32
EMP08595,Aditya Singh,HR,60000,2024-08-29,Inactive,38
EMP08596,Diya Patel,Finance,72000,2025-03-16,On Leave,50
EMP08597,Rahul Gupta,Sales,38000,2023-04-02,Active,30
EMP08598,Sara Patel,Finance,72000,2024-12-31,Active,47
EMP08599,Kabir Sharma,Operations,60000,2022-07-31,Active,36
EMP08600,Vihaan Gupta,HR,45000,2022-05-07,Inactive,30
EMP08601,Neel Nair,IT,95000,2022-04-12,Inactive,25
EMP08602,Arjun Sharma,IT,95000,2026-06-18,Inactive,45
EMP08603,Aarav Rao,Marketing,72000,2024-02-19,On Leave,31
EMP08604,Maya Nair,Finance,52000,2023-07-08,On Leave,44
EMP08605,Sara Singh,Operations,80000,2022-08-09,On Leave,58
EMP08606,Diya Gupta,HR,80000,2022-05-07,On Leave,49
EMP08607,Pooja Das,Operations,52000,2026-01-15,Active,54
EMP08608,Kabir Mehta,Marketing,72000,2024-06-12,Inactive,39
EMP08609,Aditya Rao,Sales,72000,2023-07-15,Inactive,22
EMP08610,Tara Das,Marketing,42000,2023-12-16,Active,55
EMP08611,Pooja Singh,Marketing,52000,2026-03-23,Inactive,47
EMP08612,Vihaan Khan,Marketing,-5000,2023-10-07,Active,33
EMP08613,Aarav Gupta,Marketing,45000,2025-01-05,Inactive,38
EMP08614,Sara Das,Finance,95000,2024-05-27,Active,29
EMP08615,Arjun Iyer,Operations,72000,2025-11-17,Active,42
EMP08616,Ishaan Das,Operations,60000,2022-11-19,Active,49
EMP08617,Vihaan Iyer,Operations,60000,2023-05-16,On Leave,23
EMP08618,Vihaan Mehta,finance,45000,2024-02-07,Active,50
EMP08619,Ishaan Patel,Marketing,80000,2024-06-15,Active,35
EMP08620,Meera Singh,Sales,38000,2021-03-22,Inactive,37
EMP08621,Nisha Iyer,Operations,60000,2021-07-13,On Leave,39
EMP08622,Arjun Rao,Marketing,38000,2024-11-22,Active,31
EMP08623,Vihaan Das,IT,32000,2025-11-23,Active,57
EMP08624,Anaya Patel,Operations,52000,2023-03-29,Inactive,55
EMP08625,Karan Das,Sales,42000,2024-02-06,On Leave,38
EMP08626,Aarav Iyer,Sales,95000,2022-12-12,Inactive,26
EMP08627,Riya Gupta,IT,45000,2024-06-28,Active,56
EMP08628,Aarav Sharma,Sales,,2024-07-22,Active,55
EMP08629,Aditya Gupta,Marketing,80000,2024-12-11,Inactive,39
EMP08630,Nisha Mehta,IT,72000,2024-10-10,Inactive,34
EMP08631,Pooja Rao,Sales,80000,2023-12-22,Active,36
EMP08632,Dev Mehta,Operations,95000,2023-12-16,On Leave,49
EMP08633,Neel Iyer,Finance,52000,2022-11-09,Inactive,31
EMP08634,Pooja Patel,Sales,42000,2024-03-19,Inactive,26
EMP08635,Neel Singh,IT,52000,2022-02-06,On Leave,41
EMP08636,Dev Khan,Marketing,45000,2022-12-27,On Leave,26
EMP08637,Aditya Nair,IT,45000,2022-04-13,Active,21
EMP08638,Dev Iyer,Operations,80000,2024-11-18,Active,23
EMP08639,Meera Sharma,Marketing,80000,2024-11-18,Active,44
EMP08640,Meera Singh,Finance,42000,2025-08-19,Active,30
EMP08641,Maya Sharma,Operations,80000,2022-08-03,Active,50
EMP08642,Arjun Khan,Operations,52000,2024-01-18,Inactive,52
EMP08643,Kabir Rao,Sales,60000,2023-03-22,Inactive,26
EMP08644,Riya Nair,Operations,42000,2021-10-11,On Leave,23
EMP08645,Vihaan Gupta,Operations,45000,2023-05-10,Active,48
EMP08646,Vihaan Mehta,Sales,32000,2026-05-08,Active,42
EMP08647,Dev Khan,Finance,38000,2026-06-13,Inactive,48
EMP08648,Dev Mehta,Sales,42000,2021-02-01,Active,31
EMP08649,Neel Mehta,HR,72000,2022-03-18,Inactive,50
EMP08650,Vihaan Das,Marketing,45000,2021-09-17,On Leave,28
EMP08651,Sara Mehta,Finance,45000,2021-09-11,Inactive,57
EMP08652,Pooja Nair,Marketing,42000,2024-11-07,Inactive,30
EMP08653,Karan Patel,Operations,80000,2024-04-24,Active,45
EMP08654,Neel Nair,Marketing,52000,2022-12-06,Active,40
EMP08655,Tara Patel,Marketing,80000,2025-08-26,Active,49
EMP08656,Karan Rao,IT,80000,2026-02-02,Active,29
EMP08657,Diya Singh,Operations,95000,2023-07-10,On Leave,25
EMP08658,Sara Das,Sales,42000,2023-10-09,Active,55
EMP08659,Maya Mehta,HR,45000,2025-01-11,Inactive,24
EMP08660,Dev Das,Marketing,60000,2024-10-06,On Leave,58
EMP08661,Maya Rao,Finance,95000,2021-01-19,On Leave,56
EMP08662,Karan Khan,Operations,32000,2025-03-12,On Leave,53
EMP08663,Tara Gupta,Sales,52000,2022-01-01,Active,23
EMP08664,Vihaan Das,IT,32000,2022-05-05,Inactive,31
EMP08665,Diya Iyer,Finance,38000,2021-04-15,Inactive,40
EMP08666,Arjun Rao,Sales,42000,2021-01-06,On Leave,46
EMP08667,Sara Sharma,Marketing,45000,2021-06-22,On Leave,32
EMP08668,Karan Singh,HR,72000,2021-11-24,Inactive,30
EMP08669,Neel Sharma,Sales,95000,2022-01-24,On Leave,37
EMP08670,Karan Das,IT,52000,2023-11-25,On Leave,27
EMP08671,Rahul Singh,Sales,72000,2026-01-05,Inactive,42
EMP08672,Anaya Rao,Operations,80000,2021-05-03,Active,21
EMP08673,Tara Gupta,Marketing,32000,2022-08-04,Active,28
EMP08674,Nisha Gupta,Finance,52000,2023-03-20,Inactive,41
EMP08675,Neel Das,Operations,32000,2024-05-28,Active,55
EMP08676,Neel Khan,IT,72000,2025-10-15,Inactive,32
EMP08677,Sara Rao,Sales,95000,2025-02-21,Inactive,42
EMP08678,Diya Singh,Finance,95000,2022-04-18,Active,36
EMP08679,Vihaan Khan,HR,60000,2024-04-14,Inactive,21
EMP08680,Vihaan Patel,IT,38000,2025-08-06,Active,50
EMP08681,Karan Iyer,Finance,95000,2021-10-11,Inactive,39
EMP08682,Dev Das,IT,52000,2023-03-19,Active,53
EMP08683,Tara Sharma,Operations,42000,2021-05-29,On Leave,29
EMP08684,Ira Rao,IT,45000,2023-01-20,On Leave,56
EMP08685,Vihaan Das,HR,32000,2025-11-10,Active,57
EMP08686,Rahul Patel,Finance,95000,2023-07-01,Active,56
EMP08687,Arjun Nair,Operations,72000,2025-05-12,Active,24
EMP08688,Sara Singh,HR,38000,2022-11-14,On Leave,41
EMP08689,Maya Rao,Operations,52000,2024-08-30,Inactive,38
EMP08690,Pooja Gupta,HR,95000,2021-02-13,Active,40
EMP08691,Tara Mehta,Marketing,52000,2021-10-08,On Leave,58
EMP08692,Dev Rao,HR,32000,2026-01-11,Inactive,52
EMP08693,Sara Khan,IT,60000,2022-04-25,Active,43
EMP08694,Karan Rao,Marketing,52000,2023-07-17,Inactive,25
EMP08695,Arjun Gupta,Sales,32000,2021-12-30,Inactive,28
EMP08696,Aditya Rao,HR,60000,2025-01-22,Inactive,55
EMP08697,Meera Khan,HR,80000,2023-06-17,Active,37
EMP08698,Neel Patel,Operations,80000,2021-06-16,On Leave,29
EMP08699,Ishaan Rao,Operations,72000,2021-09-15,Inactive,49
EMP08700,Ishaan Nair,Marketing,45000,2023-01-09,Active,47
EMP08701,Ira Sharma,Finance,72000,2024-03-13,Inactive,22
EMP08702,Ishaan Das,Sales,52000,2024-01-13,On Leave,21
EMP08703,Neel Singh,Finance,95000,2022-07-28,Active,53
EMP08704,Tara Singh,Sales,80000,2023-11-12,Inactive,38
EMP08705,Sara Singh,Sales,80000,2022-06-28,Active,30
EMP07356,Diya Iyer,IT,45000,2021-01-01,Active,21
EMP08707,Anaya Sharma,Operations,80000,2026-05-19,Active,46
EMP08708,Karan Das,Operations,38000,2025-01-17,Active,35
EMP08709,Sara Singh,Sales,95000,2025-10-07,,36
EMP08710,Rahul Iyer,IT,72000,2025-02-17,Inactive,52
EMP08711,Vihaan Das,Marketing,38000,2021-03-08,Active,44
EMP08712,Ishaan Nair,IT,32000,2024-08-15,Inactive,28
EMP08713,Aarav Nair,IT,72000,2025-05-14,On Leave,52
EMP08714,Karan Das,HR,95000,2022-12-14,Inactive,45
EMP08715,Vihaan Rao,Sales,80000,2023-11-17,Inactive,32
EMP08716,Vihaan Gupta,Sales,72000,2022-04-24,On Leave,49
EMP08717,Diya Mehta,HR,60000,2022-08-06,On Leave,27
EMP08718,Ishaan Patel,IT,95000,2021-04-27,Active,34
EMP08719,Dev Rao,HR,45000,2026-03-06,On Leave,55
EMP08720,Kabir Nair,IT,32000,2026-06-03,Active,43
EMP08721,Karan Mehta,Operations,45000,2025-04-11,Inactive,22
EMP08722,Riya Nair,Operations,38000,2025-04-29,Active,22
EMP08723,Sara Nair,Finance,72000,2024-10-21,Active,30
EMP08724,Meera Nair,IT,72000,2023-10-24,Active,35
EMP08725,Ira Das,Finance,72000,2021-02-25,Active,50
EMP08726,Anaya Sharma,Finance,80000,2023-04-06,On Leave,55
EMP08727,Vihaan Nair,Operations,32000,2023-08-30,On Leave,43
EMP08728,Maya Sharma,Operations,45000,2023-11-02,Active,48
EMP08729,Riya Nair,Sales,60000,2023-11-05,Active,53
EMP08730,Riya Rao,HR,95000,2025-06-14,On Leave,22
EMP04577,Rahul Singh,Finance,42000,2021-01-18,Inactive,55
EMP08732,Arjun Gupta,Operations,42000,2021-04-02,On Leave,37
EMP08733,Tara Khan,IT,45000,2026-01-02,On Leave,35
EMP08734,Meera Gupta,Finance,32000,2023-08-03,On Leave,36
EMP08735,Aditya Sharma,Finance,52000,2021-04-26,Inactive,37
EMP08736,Nisha Patel,HR,38000,2021-11-25,Active,48
EMP08737,Vihaan Nair,Sales,38000,2021-05-09,Active,26
EMP08738,Meera Patel,Sales,45000,2021-12-30,On Leave,27
EMP08739,Ishaan Patel,Operations,52000,2021-11-28,Active,54
EMP08740,Aditya Das,HR,38000,2024-11-19,Active,34
EMP08741,Riya Singh,Finance,80000,2022-09-02,Inactive,44
EMP08742,Tara Rao,Sales,42000,2021-02-07,Active,33
EMP08743,Ira Iyer,IT,52000,2024-07-04,Active,57
EMP08744,Anaya Patel,Finance,95000,2025-07-25,Inactive,37
EMP08745,Dev Sharma,HR,42000,2025-04-12,On Leave,22
EMP08746,Anaya Mehta,Sales,72000,2025-04-03,On Leave,33
EMP08747,Dev Mehta,Operations,45000,2025-09-12,On Leave,28
EMP08748,Meera Rao,Marketing,52000,2025-05-22,Inactive,41
EMP08749,Maya Mehta,Finance,52000,2025-09-25,Active,29
EMP08750,Tara Singh,Operations,52000,2025-12-19,Active,33
EMP08751,Ira Singh,IT,,2021-01-13,Inactive,42
EMP08752,Meera Sharma,Sales,95000,2024-01-30,Inactive,29
EMP08753,Aditya Rao,Finance,72000,2024-04-18,Inactive,37
EMP08754,Tara Khan,Finance,45000,2023-10-18,Active,22
EMP08755,Meera Das,Operations,42000,2025-09-07,On Leave,53
EMP08756,Sara Das,Operations,80000,2021-08-08,On Leave,25
EMP08757,Rahul Singh,Sales,80000,2024-03-24,Inactive,22
EMP08758,Rahul Sharma,Marketing,52000,2021-02-07,Inactive,51
EMP08759,Kabir Sharma,Finance,42000,2021-11-09,Active,52
EMP08760,Meera Das,Operations,38000,2023-06-29,Active,45
EMP08761,Nisha Das,HR,38000,2023-10-03,Inactive,22
EMP08762,Vihaan Gupta,Operations,38000,2021-09-27,Inactive,32
EMP08763,Ira Khan,Finance,32000,2022-09-28,Inactive,36
EMP08764,Ira Singh,IT,,2026-05-26,On Leave,45
EMP08765,Meera Nair,IT,60000,2021-02-08,Inactive,35
EMP08766,Anaya Patel,Marketing,72000,2026-06-01,Active,56
EMP08767,Ira Iyer,Operations,38000,2025-09-04,On Leave,44
EMP08768,Aarav Rao,Operations,38000,2023-07-29,Inactive,54
EMP08769,Anaya Patel,Marketing,72000,2022-01-05,Inactive,29
EMP08770,Ishaan Patel,HR,60000,2024-07-08,Inactive,32
EMP08771,Aditya Gupta,IT,80000,2025-02-15,On Leave,39
EMP08772,Tara Singh,Sales,80000,2021-11-14,On Leave,
EMP08773,Vihaan Mehta,Operations,45000,2023-07-25,On Leave,28
EMP08774,Aarav Sharma,HR,60000,2026-01-17,Active,27
EMP08775,Dev Gupta,Operations,,2022-11-29,Active,35
EMP08776,Neel Khan,Marketing,42000,2023-03-01,On Leave,56
EMP08777,Aarav Singh,Finance,45000,2023-06-10,Active,33
EMP08778,Dev Singh,HR,45000,2024-08-03,Active,41
EMP08779,Neel Mehta,Finance,60000,2024-02-01,Active,55
EMP08780,Diya Iyer,IT,52000,2023-11-09,Active,23
EMP08781,Pooja Rao,Operations,45000,2023-02-01,Active,48
EMP08782,Karan Patel,Finance,72000,2024-10-20,Active,36
EMP08783,Neel Das,HR,45000,2024-12-01,Inactive,46
EMP08784,Arjun Mehta,IT,38000,2024-08-07,On Leave,30
EMP08785,Arjun Singh,Marketing,60000,2026-02-30,On Leave,58
EMP08786,Dev Rao,Sales,45000,2021-04-05,On Leave,36
EMP08787,Kabir Rao,Operations,60000,2023-03-27,On Leave,49
EMP08788,Dev Gupta,Sales,42000,2026-05-08,On Leave,54
EMP08789,Riya Sharma,IT,42000,2021-06-08,Inactive,46
EMP08790,Aditya Mehta,Operations,52000,2021-09-02,Active,41
EMP08791,Tara Khan,Finance,32000,2023-02-23,Active,28
EMP08792,Pooja Patel,HR,60000,2025-06-13,Active,49
EMP08793,Kabir Patel,HR,45000,2026-01-15,Inactive,21
EMP08794,Riya Patel,HR,72000,2026-01-18,Active,38
EMP08795,Arjun Iyer,HR,32000,2025-06-21,On Leave,52
EMP08796,Anaya Patel,Operations,52000,2021-01-28,Active,51
EMP08797,Pooja Gupta,Operations,32000,2022-11-07,On Leave,32
EMP08798,Karan Singh,Operations,95000,2025-10-11,Active,53
EMP08799,Nisha Singh,IT,42000,2021-07-01,Inactive,22
EMP08800,Pooja Mehta,Marketing,52000,2024-08-20,Inactive,31
EMP08801,Nisha Iyer,HR,80000,2022-05-20,Inactive,21
EMP08802,Ishaan Rao,Operations,52000,2024-08-27,Active,36
EMP08803,Ishaan Das,Operations,52000,2023-02-24,Inactive,21
EMP08804,Rahul Khan,IT,45000,2026-01-28,On Leave,45
EMP08805,Kabir Gupta,IT,80000,2021-02-18,Active,24
EMP08806,Vihaan Sharma,HR,45000,2021-10-20,Inactive,44
EMP08807,Ira Singh,IT,42000,2026-05-16,Inactive,41
EMP08808,Karan Gupta,Marketing,32000,2021-01-13,Inactive,51
EMP08809,Neel Gupta,HR,38000,2021-05-22,On Leave,37
EMP08810,Arjun Rao,IT,80000,2022-11-23,Inactive,49
EMP08811,Vihaan Nair,HR,72000,2023-01-13,On Leave,25
EMP08812,Maya Gupta,Marketing,95000,2023-08-24,Inactive,44
EMP08813,Dev Iyer,Marketing,32000,2026-04-17,Active,31
EMP08814,Sara Khan,Sales,95000,2021-06-06,Active,38
EMP08815,Pooja Singh,Sales,32000,2025-12-19,Inactive,39
EMP08816,Kabir Sharma,Finance,72000,2026-06-22,Inactive,33
EMP08817,Riya Khan,Finance,38000,2024-04-09,On Leave,41
EMP08818,Vihaan Nair,Sales,95000,2023-06-25,Active,32
EMP08819,Maya Rao,Marketing,95000,2025-01-14,Active,52
EMP08820,Dev Khan,Marketing,52000,2025-04-16,Inactive,56
EMP08821,Ira Rao,Marketing,80000,2026-04-06,Inactive,N/A
EMP08822,Aditya Singh,Operations,42000,2026-04-18,Active,45
EMP08823,Ishaan Sharma,Sales,80000,2021-09-22,Inactive,45
EMP08824,Pooja Rao,Operations,42000,2023-03-19,Active,30
EMP08825,Vihaan Das,HR,60000,2026-03-13,On Leave,22
EMP08826,Maya Rao,HR,80000,2024-03-19,Inactive,43
EMP08827,Ira Mehta,HR,80000,2024-01-31,Active,46
EMP08828,Sara Mehta,Finance,80000,2024-11-04,Inactive,40
EMP08829,Maya Das,Operations,45000,2023-12-29,On Leave,56
EMP08830,Pooja Das,HR,60000,2025-06-26,On Leave,28
EMP08831,Anaya Singh,IT,45000,2024-12-07,On Leave,33
EMP08832,Arjun Gupta,Operations,38000,2022-04-13,Inactive,25
EMP08833,Maya Patel,IT,95000,2024-05-18,On Leave,56
EMP08834,Arjun Das,IT,45000,2024-11-29,Active,23
EMP08835,Neel Mehta,Operations,60000,2022-11-07,On Leave,49
EMP08836,Kabir Patel,Sales,32000,2025-12-20,Active,35
EMP08837,Ishaan Singh,HR,52000,2022-12-07,On Leave,26
EMP08838,Riya Singh,Operations,42000,2026-04-23,Active,41
EMP08839,Riya Rao,Finance,80000,2025-04-19,Inactive,26
EMP08840,Arjun Sharma,IT,60000,2021-04-18,Active,50
EMP08841,Aarav Das,Sales,80000,2025-12-26,Inactive,39
EMP08842,Meera Nair,Operations,42000,2022-02-16,Inactive,30
EMP08843,Arjun Mehta,Marketing,32000,2021-12-31,On Leave,36
EMP08844,Karan Singh,IT,45000,2025-06-29,Active,32
EMP08845,Maya Sharma,Finance,60000,2026-06-09,Active,26
EMP08846,Maya Gupta,Operations,95000,2022-09-11,Inactive,25
EMP08847,Nisha Patel,Operations,72000,2023-09-28,Inactive,49
EMP08848,Riya Khan,Sales,38000,2025-12-20,On Leave,27
EMP08849,Neel Mehta,Operations,32000,2023-08-07,Inactive,47
EMP08850,Riya Das,IT,45000,2023-12-25,On Leave,55
EMP08851,Karan Khan,Operations,95000,2023-02-05,Active,53
EMP08852,Diya Rao,IT,80000,2021-01-06,On Leave,47
EMP08853,Ira Nair,Sales,72000,2022-09-04,On Leave,43
EMP08854,Meera Singh,Operations,42000,2023-06-06,Active,46
EMP08855,Kabir Das,IT,52000,2021-12-08,Inactive,42
EMP08856,Ira Patel,Finance,60000,2024-06-03,On Leave,51
EMP08857,Aarav Singh,Sales,72000,2021-01-05,Active,34
EMP08858,Riya Sharma,Marketing,45000,2022-06-26,Active,32
EMP08859,Riya Sharma,Finance,80000,2025-07-24,Inactive,29
EMP08860,Maya Iyer,HR,72000,2021-07-22,Inactive,58
EMP08861,Neel Rao,Sales,60000,2021-12-09,Inactive,22
EMP08862,Diya Singh,IT,60000,2025-03-31,Inactive,42
EMP08863,Maya Das,Sales,52000,2024-05-06,On Leave,53
EMP08864,Aarav Iyer,HR,45000,2026-05-06,Active,44
EMP08865,Aditya Mehta,Sales,38000,2026-04-28,Inactive,34
EMP08866,Neel Das,Sales,38000,2025-05-24,Inactive,45
EMP08867,Rahul Mehta,Sales,32000,2025-01-28,On Leave,57
EMP08868,Ishaan Iyer,Marketing,80000,2025-06-21,Active,27
EMP08869,Aditya Das,Sales,80000,2022-04-05,Inactive,39
EMP08870,Neel Nair,Sales,60000,2021-12-02,On Leave,33
EMP08871,Vihaan Patel,Marketing,45000,2023-11-21,Inactive,24
EMP08872,Arjun Mehta,IT,38000,2022-07-17,On Leave,23
EMP08873,Pooja Singh,HR,45000,2023-01-25,On Leave,42
EMP08874,Pooja Mehta,Marketing,95000,2024-10-26,On Leave,44
EMP08875,Tara Das,Operations,80000,2023-04-13,On Leave,23
EMP08876,Aarav Patel,Marketing,45000,2021-03-01,Active,30
EMP08877,Arjun Singh,IT,45000,2025-07-12,Active,42
EMP08878,Ira Patel,HR,32000,2024-06-28,Inactive,53
EMP08879,Anaya Gupta,Marketing,72000,2022-07-31,Inactive,26
EMP08880,Ira Nair,Sales,32000,2024-05-02,Active,35
EMP08881,Nisha Sharma,IT,60000,2026-05-11,Active,51
EMP08882,Tara Gupta,HR,95000,2023-12-13,Inactive,53
EMP08883,Sara Khan,IT,45000,2022-06-28,On Leave,36
EMP08884,Riya Mehta,IT,60000,2022-06-13,Active,21
EMP08885,Rahul Gupta,Finance,45000,2023-11-09,Inactive,45
EMP08886,Ishaan Das,Finance,52000,2025-06-20,Inactive,51
EMP08887,Kabir Das,finance,72000,2026-05-06,On Leave,49
EMP08888,Rahul Gupta,IT,95000,2023-08-29,On Leave,25
EMP08889,Dev Das,Finance,95000,2026-04-08,Inactive,29
EMP08890,Ira Das,Operations,52000,2024-12-14,On Leave,54
EMP08891,Pooja Singh,HR,72000,2021-12-09,On Leave,36
EMP08892,Pooja Singh,HR,52000,2022-10-03,Inactive,54
EMP08893,Sara Sharma,IT,38000,2023-12-07,Inactive,
EMP08894,Ira Mehta,Operations,42000,2024-10-16,On Leave,27
EMP08895,Aarav Patel,HR,72000,2022-10-11,Inactive,39
EMP08896,Pooja Patel,IT,52000,2022-03-02,On Leave,31
EMP08897,Tara Patel,IT,45000,2022-07-14,Active,27
EMP08898,Kabir Patel,IT,32000,2024-11-20,Inactive,38
EMP08899,Karan Rao,HR,45000,2025-12-17,On Leave,21
EMP08900,Ira Mehta,HR,80000,2023-12-17,Inactive,45
EMP08901,Kabir Nair,IT,32000,2025-01-29,Active,38
EMP08902,Vihaan Gupta,HR,52000,2021-11-24,Active,57
EMP08903,Diya Singh,Operations,32000,2026-06-04,On Leave,24
EMP08904,Rahul Mehta,Finance,,2022-07-16,On Leave,25
EMP08905,Meera Sharma,,80000,2023-12-31,Inactive,33
EMP08906,Anaya Sharma,Operations,32000,2024-09-16,Active,150
EMP08428,Dev Gupta,Marketing,80000,2024-10-28,On Leave,38
EMP08908,Diya Mehta,IT,52000,2024-07-29,Active,47
EMP08909,Sara Sharma,HR,95000,2024-07-14,Active,43
EMP08910,Diya Iyer,Operations,52000,2025-10-10,Active,28
EMP08911,Meera Rao,HR,72000,2024-12-23,Inactive,39
EMP08912,Rahul Iyer,HR,32000,2025-12-09,Inactive,50
EMP08913,Arjun Patel,HR,38000,2025-09-28,On Leave,38
EMP08914,Karan Das,Sales,95000,2024-10-17,Active,38
EMP08915,Ira Mehta,Finance,80000,2024-06-29,Active,28
EMP08916,Aditya Gupta,Marketing,42000,2023-02-28,On Leave,57
EMP08917,Ira Das,Finance,95000,2026-06-06,On Leave,45
EMP08918,Pooja Sharma,IT,72000,2025-07-25,Active,45
EMP08919,Ishaan Singh,Marketing,72000,2021-04-29,On Leave,29
EMP08920,Karan Mehta,Sales,60000,2022-11-21,Active,23
EMP08921,Pooja Mehta,IT,95000,2022-12-11,On Leave,58
EMP08922,Neel Mehta,Marketing,52000,2022-10-12,Active,54
EMP08923,Anaya Khan,Finance,45000,2024-10-21,ACTIVE,52
EMP08924,Maya Rao,HR,52000,2021-05-31,Inactive,51
EMP08925,Diya Gupta,Sales,42000,2023-12-30,Inactive,35
EMP08926,Ishaan Nair,HR,45000,2025-07-21,On Leave,49
EMP08927,Riya Mehta,IT,38000,2022-02-16,Inactive,34
EMP08928,Meera Das,Sales,80000,2024-11-07,Active,32
EMP08929,Aditya Rao,Finance,95000,2026-03-31,On Leave,51
EMP08930,Aditya Sharma,HR,72000,2022-09-08,On Leave,52
EMP08931,Ira Gupta,HR,60000,2022-11-05,On Leave,56
EMP08932,Maya Singh,Operations,42000,2026-04-30,Inactive,53
EMP08933,Neel Patel,IT,52000,2022-07-04,Active,22
EMP08934,Diya Khan,IT,45000,2025-07-29,Active,31
EMP08935,Karan Singh,Finance,52000,2025-08-29,Active,45
EMP08936,Anaya Singh,IT,60000,2023-07-09,Active,58
EMP08937,Sara Iyer,Marketing,52000,2023-12-13,Inactive,24
EMP08938,Vihaan Mehta,Marketing,45000,2026-04-14,Active,46
EMP08939,Vihaan Gupta,Sales,42000,2023-10-04,Active,28
EMP08940,Meera Singh,IT,38000,2023-06-25,Inactive,46
EMP08941,Nisha Gupta,Operations,80000,2024-09-13,On Leave,41
EMP08942,Rahul Gupta,Marketing,80000,2023-01-03,Inactive,58
EMP08943,Aditya Gupta,Marketing,45000,2024-06-20,On Leave,56
EMP08944,Riya Khan,Marketing,80000,2022-07-07,Inactive,24
EMP08945,Karan Patel,Operations,95000,2021-02-01,On Leave,55
EMP08946,Diya Rao,IT,32000,2024-02-02,Active,34
EMP08947,Pooja Nair,,52000,2026-06-05,On Leave,55
EMP08948,Ira Khan,IT,80000,2021-07-06,Active,54
EMP08949,Meera Nair,IT,45000,2024-06-06,On Leave,27
EMP08950,Neel Singh,Sales,,2024-11-08,Active,56
EMP08951,Diya Sharma,Sales,95000,2022-10-07,Inactive,24
EMP09572,Neel Singh,HR,72000,2023-07-12,Inactive,49
EMP08953,Ira Patel,Finance,45000,2025-09-12,On Leave,50
EMP08954,Riya Rao,Marketing,72000,2025-03-10,On Leave,49
EMP08955,Vihaan Gupta,IT,42000,2024-02-19,Inactive,55
EMP08956,Rahul Rao,,60000,2021-10-17,Inactive,42
EMP08957,Kabir Mehta,Sales,42000,2023-09-12,On Leave,33
EMP08958,Aarav Rao,HR,60000,2022-09-28,Inactive,31
EMP08959,Anaya Mehta,Marketing,38000,2024-04-06,On Leave,44
EMP08960,Rahul Gupta,Finance,95000,2024-12-28,Active,42
EMP08961,Arjun Rao,Operations,80000,2023-10-24,On Leave,30
EMP08962,Karan Khan,Finance,45000,2024-06-27,Inactive,56
EMP08963,Anaya Iyer,Sales,95000,2024-05-14,On Leave,27
EMP08964,Aditya Das,Operations,38000,2021-01-02,Active,33
EMP08965,Aditya Khan,Operations,32000,2025-10-22,Active,35
EMP08966,Ira Gupta,Operations,80000,2025-05-30,On Leave,22
EMP08967,Nisha Mehta,Marketing,52000,2021-08-28,Active,41
EMP08968,Kabir Singh,Finance,42000,2024-01-09,Inactive,24
EMP08969,Nisha Iyer,HR,80000,2023-03-26,Active,44
EMP08970,Nisha Das,Finance,60000,2021-04-20,On Leave,31
EMP08971,Vihaan Rao,Operations,52000,2021-06-09,On Leave,23
EMP08972,Aditya Rao,Operations,72000,2023-02-16,Active,38
EMP08973,Aditya Nair,Operations,95000,2023-09-28,Active,57
EMP08974,Nisha Patel,Operations,72000,2026-02-16,On Leave,23
EMP08975,Diya Das,IT,42000,2025-05-28,Active,56
EMP08976,Maya Nair,Marketing,60000,2021-06-01,On Leave,40
EMP08977,Kabir Rao,Sales,95000,2025-02-16,Inactive,44
EMP08978,Tara Rao,Marketing,38000,2022-07-21,On Leave,24
EMP08979,Aditya Khan,Marketing,42000,2025-02-05,Active,42
EMP08980,Riya Patel,IT,60000,2022-10-12,Inactive,33
EMP08981,Neel Singh,Operations,45000,2025-08-22,Active,32
EMP08982,Neel Iyer,IT,80000,2025-09-20,On Leave,48
EMP08983,Ira Das,IT,32000,2025-06-13,Inactive,34
EMP08984,Vihaan Das,Operations,80000,2024-11-14,On Leave,50
EMP08985,Maya Singh,Sales,72000,2021-04-26,On Leave,48
EMP08986,Aarav Sharma,Finance,80000,2024-12-09,Active,25
EMP08987,Diya Nair,HR,42000,2024-03-01,Inactive,21
EMP08988,Ishaan Sharma,IT,60000,2023-12-16,On Leave,43
EMP08989,Rahul Nair,Sales,80000,2025-08-18,On Leave,57
EMP08990,Dev Das,IT,32000,2024-10-17,Inactive,40
EMP08991,Meera Nair,Operations,38000,2024-08-20,Active,33
EMP08992,Rahul Singh,Finance,38000,2023-09-23,Inactive,27
EMP08993,Aditya Nair,Operations,80000,2026-02-15,Active,52
EMP08994,Kabir Iyer,Operations,45000,2025-02-07,Inactive,29
EMP08995,Meera Sharma,Marketing,32000,2026-05-23,On Leave,46
EMP08996,Vihaan Patel,Finance,32000,2022-11-21,Inactive,26
EMP08997,Aditya Patel,Sales,95000,,On Leave,53
EMP08998,Vihaan Rao,Operations,42000,2022-10-22,Active,45
EMP08999,Rahul Patel,Sales,38000,2022-02-01,Active,55
EMP09000,Meera Sharma,IT,72000,2022-12-08,Inactive,29
EMP09001,Riya Das,Operations,32000,2025-10-15,Inactive,23
EMP09002,Nisha Sharma,HR,32000,2023-05-31,Active,43
EMP09003,Kabir Sharma,Sales,42000,2022-06-16,Inactive,50
EMP09004,Riya Gupta,Sales,72000,2024-05-11,On Leave,38
EMP09005,Tara Gupta,IT,60000,2021-09-03,Active,35
EMP09006,Arjun Gupta,Marketing,60000,2022-06-26,On Leave,58
EMP09007,Diya Das,Sales,80000,2025-01-20,Active,50
EMP09008,Dev Mehta,HR,45000,2022-05-26,On Leave,40
EMP09009,Karan Sharma,HR,80000,2021-12-26,Inactive,28
EMP09010,Aarav Patel,Finance,38000,2021-11-13,Active,38
EMP09011,Aditya Gupta,IT,42000,2023-04-11,Inactive,31
EMP09012,Kabir Gupta,Sales,80000,2021-10-26,On Leave,21
EMP09013,Karan Patel,IT,52000,2022-06-30,Inactive,27
EMP09014,Ishaan Khan,Operations,45000,2021-01-27,Inactive,32
EMP09015,Vihaan Nair,Finance,45000,2022-06-27,Inactive,55
EMP09016,Pooja Gupta,IT,52000,2024-01-26,Active,34
EMP09017,Dev Gupta,Marketing,38000,2022-08-09,Active,22
EMP09018,Anaya Sharma,Operations,45000,2021-12-22,Active,35
EMP09019,Anaya Singh,Finance,32000,2022-10-03,On Leave,50
EMP09020,Rahul Gupta,Operations,42000,2024-11-10,Active,44
EMP09021,Nisha Gupta,HR,32000,2026-03-30,Active,29
EMP09022,Vihaan Sharma,Marketing,72000,2026-01-16,On Leave,35
EMP09023,Riya Gupta,Finance,42000,2025-12-15,Active,48
EMP09024,Tara Patel,Sales,80000,2024-04-24,Active,23
EMP09025,Karan Gupta,HR ,45000,2024-05-14,Inactive,29
EMP09026,Kabir Iyer,Operations,38000,2025-04-21,Active,49
EMP09027,Vihaan Patel,Operations,60000,2024-03-29,Inactive,43
EMP09028,Maya Khan,Operations,95000,2024-07-11,Active,57
EMP09029,Pooja Nair,Sales,42000,2026-06-03,On Leave,40
EMP09030,Diya Khan,Operations,80000,2022-04-19,Active,32
EMP09031,Ira Mehta,Sales,80000,2021-08-08,Active,49
EMP09032,Neel Gupta,HR,72000,2022-12-17,Inactive,53
EMP09033,Diya Gupta,Operations,95000,2024-10-13,Inactive,44
EMP09034,Tara Patel,Sales,95000,2024-07-12,Active,24
EMP09035,Vihaan Rao,Marketing,32000,2025-02-27,Active,44
EMP09036,Riya Patel,Operations,72000,2024-08-29,On Leave,39
EMP09037,Anaya Das,HR,38000,2025-11-22,Active,53
EMP09038,Pooja Iyer,Marketing,32000,2021-11-26,Inactive,33
EMP09039,Aarav Das,Operations,38000,2023-11-07,Inactive,38
EMP09040,Anaya Gupta,HR,45000,2025-06-04,On Leave,26
EMP09041,Ira Gupta,Operations,52000,2025-01-10,Active,46
EMP09042,Nisha Rao,Operations,32000,2023-07-27,On Leave,39
EMP09043,Aditya Mehta,Sales,32000,2025-12-28,Active,28
EMP09044,Neel Nair,IT,42000,2021-06-20,Inactive,21
EMP09045,Neel Khan,IT,42000,2024-11-23,Active,23
EMP09046,Karan Sharma,Operations,32000,2023-07-14,Active,41
EMP09047,Pooja Khan,IT,38000,2026-05-16,On Leave,23
EMP09048,Ishaan Patel,Sales,60000,2025-03-02,,34
EMP09049,Meera Patel,Marketing,38000,2024-01-12,On Leave,43
EMP09050,Ira Singh,Operations,42000,2021-06-28,On Leave,54
EMP09051,Tara Rao,Marketing,42000,2022-11-09,On Leave,48
EMP09052,Vihaan Iyer,,32000,2024-01-30,Active,57
EMP09053,Tara Rao,IT,32000,2026-02-23,On Leave,40
EMP09054,Tara Das,Marketing,42000,2021-06-11,Inactive,48
EMP09055,Rahul Gupta,Operations,72000,2023-02-10,Active,58
EMP09056,Karan Mehta,IT,45000,2026-03-13,Active,54
EMP09057,Anaya Singh,HR,38000,2026-05-06,Inactive,37
EMP09058,Aarav Gupta,IT,80000,2025-02-18,Inactive,31
EMP09059,Dev Singh,IT,80000,2024-08-25,Active,31
EMP09060,Kabir Patel,Sales,60000,2021-01-24,Inactive,31
EMP09061,Dev Patel,Sales,32000,2026-01-31,Inactive,38
EMP09062,Aarav Mehta,IT,45000,2023-07-14,Inactive,46
EMP09063,Riya Gupta,HR,80000,2023-11-15,On Leave,57
EMP09064,Riya Khan,Operations,32000,2022-08-13,Inactive,39
EMP09065,Sara Patel,IT,72000,2024-08-26,On Leave,38
EMP09066,Maya Gupta,Marketing,42000,2024-07-03,Active,43
EMP09067,Meera Patel,HR,72000,2021-02-10,Inactive,36
EMP09068,Diya Singh,Sales,72000,2023-02-19,On Leave,35
EMP09069,Neel Mehta,HR,38000,2025-05-17,On Leave,21
EMP09070,Ishaan Nair,HR,60000,2024-01-02,Active,34
EMP09071,Meera Rao,Marketing,72000,2025-01-27,Active,58
EMP09072,Vihaan Patel,HR,38000,2021-04-11,Inactive,52
EMP09073,Sara Sharma,Operations,95000,2023-03-18,On Leave,48
EMP09074,Neel Gupta,Operations,72000,2024-08-26,On Leave,29
EMP09075,Meera Rao,Sales,52000,,On Leave,26
EMP09076,Aditya Das,Finance,38000,2026-05-04,On Leave,50
EMP09077,Dev Sharma,IT,60000,2021-05-06,Inactive,41
EMP09078,Rahul Khan,HR,42000,2024-04-29,On Leave,43
EMP09079,,IT,72000,2024-03-01,Active,55
EMP09080,Ishaan Patel,Operations,38000,2021-09-09,Active,41
EMP09081,Neel Gupta,Sales,60000,2022-05-30,Inactive,57
EMP09082,Ishaan Patel,Marketing,95000,2021-09-30,On Leave,55
EMP09083,Kabir Iyer,HR,80000,2021-10-25,Inactive,43
EMP09084,Dev Patel,Sales,32000,2022-02-05,Active,46
EMP09085,Anaya Patel,Marketing,42000,2021-12-26,Active,32
EMP09086,Maya Sharma,Finance,60000,2022-10-21,Inactive,25
EMP09087,Tara Nair,Marketing,38000,2026-02-30,Active,33
EMP09088,Neel Mehta,Operations,80000,2023-11-21,Inactive,39
EMP09089,Aditya Sharma,Finance,42000,2025-12-17,on leave,58
EMP09090,Nisha Patel,Operations,45000,2021-06-24,Inactive,53
EMP09091,Neel Patel,Operations,80000,2021-11-22,Inactive,43
EMP09092,Kabir Sharma,Finance,60000,2024-05-31,Active,22
EMP09093,Maya Mehta,Sales,80000,2022-02-20,Inactive,44
EMP09094,Riya Das,HR,95000,2026-04-19,On Leave,58
EMP09095,Aditya Khan,Sales,72000,2025-07-21,On Leave,44
EMP09096,Ishaan Khan,Sales,52000,2025-12-28,On Leave,48
EMP09097,Kabir Iyer,Operations,95000,2022-08-21,Active,54
EMP09098,Ishaan Rao,IT,45000,2025-12-29,Inactive,23
EMP09099,Dev Gupta,Operations,60000,2023-12-16,Active,54
EMP09100,Vihaan Patel,Marketing,32000,2024-04-06,Inactive,45
EMP09101,Kabir Nair,Operations,45000,2025-04-02,Inactive,31
EMP09102,Anaya Das,Marketing,95000,2024-05-19,Inactive,54
EMP09103,Pooja Sharma,HR,52000,2025-01-16,On Leave,48
EMP09104,Ishaan Patel,HR,32000,2025-04-30,On Leave,27
EMP09105,Nisha Patel,HR,32000,2021-09-08,On Leave,51
EMP09106,Meera Das,IT,52000,2026-04-06,On Leave,33
EMP09107,Maya Das,Marketing,95000,2021-05-14,Inactive,36
EMP09108,Diya Sharma,Sales,52000,2026-02-09,On Leave,53
EMP09109,Riya Sharma,Operations,38000,2026-01-17,Inactive,52
EMP09110,Aarav Mehta,HR,32000,2021-04-16,On Leave,47
EMP09111,Maya Patel,Marketing,52000,2024-11-16,On Leave,56
EMP09112,Arjun Rao,Marketing,60000,2023-08-14,On Leave,24
EMP09113,Diya Das,IT,80000,2023-06-28,On Leave,52
EMP09114,Ishaan Patel,Sales,72000,2022-11-25,Active,40
EMP09115,,IT,45000,2024-07-14,On Leave,55
EMP09116,Ira Rao,Marketing,80000,2021-04-02,Active,43
EMP09117,Sara Das,Marketing,45000,2022-11-03,Inactive,46
EMP09118,Rahul Mehta,Operations,60000,2023-03-11,On Leave,41
EMP09119,Arjun Patel,Operations,45000,2021-10-27,On Leave,26
EMP09120,Vihaan Rao,Marketing,95000,2021-06-21,Inactive,25
EMP04601,Sara Singh,Operations,42000,2022-02-07,Inactive,52
EMP09122,Aarav Rao,Marketing,38000,2025-02-21,Inactive,56
EMP09123,Kabir Nair,Finance,60000,2022-11-03,Active,29
EMP09124,Aditya Khan,Finance,38000,2025-12-06,Active,30
EMP09125,Vihaan Nair,Operations,95000,2023-01-09,Inactive,22
EMP09126,Dev Sharma,Sales,52000,2022-04-13,Inactive,54
EMP09127,Rahul Das,Finance,72000,2025-10-02,Active,52
EMP09128,Kabir Patel,Operations,72000,2026-03-09,Active,47
EMP09129,Maya Singh,IT,45000,2022-11-06,Inactive,21
EMP09130,Maya Das,Sales,60000,2025-11-13,Active,27
EMP09131,Karan Rao,Finance,80000,2023-09-10,Active,31
EMP09132,Riya Patel,Operations,42000,2024-10-01,On Leave,36
EMP09133,Ira Gupta,Marketing,42000,2026-04-03,Inactive,39
EMP09134,Ishaan Nair,Sales,80000,2024-01-20,Inactive,51
EMP09135,Pooja Nair,IT,38000,2022-02-14,On Leave,44
EMP09136,Karan Iyer,Operations,95000,2023-05-15,Active,27
EMP09137,Vihaan Gupta,HR,42000,2024-07-15,Active,41
EMP09138,Ira Das,Finance,95000,2025-04-05,On Leave,35
EMP09139,Karan Iyer,Operations,72000,2023-10-18,On Leave,33
EMP09140,Sara Khan,Operations,38000,2024-11-12,Inactive,24
EMP09141,Kabir Nair,Operations,42000,2025-04-26,Active,57
EMP09142,Kabir Khan,Marketing,52000,2023-09-27,Active,38
EMP09143,Pooja Gupta,IT,95000,2022-03-13,Active,45
EMP09144,Ishaan Singh,Finance,95000,2025-08-08,On Leave,33
EMP09145,Meera Iyer,Marketing,,2025-12-22,On Leave,24
EMP09146,Meera Das,HR,38000,2021-08-29,Active,57
EMP09147,Anaya Sharma,IT ,45000,2022-07-08,Inactive,48
EMP09148,Anaya Rao,Marketing,95000,2024-10-28,Active,49
EMP09149,Meera Iyer,Operations,45000,2025-11-17,Active,26
EMP09150,Maya Das,Sales,60000,2024-10-17,Inactive,21
EMP09151,Maya Singh,IT,52000,2021-08-08,Inactive,48
EMP09152,Karan Singh,Finance,80000,2021-11-19,Inactive,32
EMP09153,Dev Das,IT,60000,2024-12-06,Inactive,37
EMP09154,Meera Sharma,Finance,45000,,Active,44
EMP09155,Diya Patel,Marketing,80000,2025-09-30,On Leave,48
EMP09156,Vihaan Das,Finance,32000,2026-01-03,Inactive,49
EMP09157,Meera Sharma,Finance,95000,2022-06-30,Inactive,57
EMP09158,Rahul Sharma,Marketing,38000,2022-09-27,Inactive,41
EMP09159,Meera Rao,Operations,95000,2025-06-10,Active,36
EMP09160,Karan Singh,Marketing,52000,2024-08-15,Inactive,22
EMP09161,Arjun Singh,Sales,60000,2024-01-18,On Leave,41
EMP09162,Aarav Khan,IT,95000,2025-07-30,On Leave,33
EMP09163,Aditya Das,Operations,38000,2022-09-15,Active,45
EMP09164,Kabir Das,Marketing,45000,2022-02-14,Inactive,46
EMP09165,Aditya Khan,Sales,45000,2023-04-02,On Leave,41
EMP09166,Meera Nair,Finance,38000,2026-05-05,Inactive,50
EMP09167,Dev Sharma,Operations,95000,2026-03-17,Active,36
EMP09168,Diya Patel,Marketing,38000,2025-02-12,Inactive,25
EMP09169,Aarav Gupta,Finance,60000,2024-06-26,Active,29
EMP09170,Dev Das,Sales,42000,2023-10-22,Inactive,34
EMP09171,Dev Rao,HR,60000,2022-08-21,Active,29
EMP09172,Ishaan Patel,Sales,80000,2025-09-13,Active,56
EMP09173,Nisha Sharma,IT,80000,2026-04-01,Inactive,39
EMP09174,Anaya Das,Marketing,42000,2025-05-03,Inactive,43
EMP09175,Ishaan Rao,HR,72000,2023-02-26,Inactive,28
EMP09176,Neel Das,Finance,60000,2026-05-22,Active,32
EMP09177,Kabir Gupta,Marketing,60000,2021-10-03,Active,49
EMP09178,Aditya Das,Marketing,45000,2022-03-22,Inactive,50
EMP09179,Ira Khan,Sales,32000,2024-10-22,Active,38
EMP09180,Neel Rao,IT,45000,2025-08-09,Active,55
EMP09181,Tara Sharma,IT,38000,2021-11-11,Active,25
EMP09182,Anaya Rao,IT,95000,2023-03-03,Active,43
EMP09183,Arjun Patel,HR,42000,2021-03-09,Inactive,29
EMP09184,Ishaan Khan,Operations,60000,2022-01-25,Inactive,43
EMP09185,Anaya Singh,Operations,38000,2022-03-10,Active,35
EMP09186,Tara Gupta,Sales,72000,2022-11-01,On Leave,58
EMP09187,Rahul Mehta,IT,38000,2024-10-20,On Leave,50
EMP09188,Maya Das,Marketing,32000,2022-01-02,Inactive,57
EMP09189,Diya Patel,IT,72000,2023-07-13,On Leave,57
EMP09190,Vihaan Sharma,IT,95000,2023-08-02,Inactive,41
EMP09191,Diya Sharma,Operations,72000,2023-10-01,On Leave,37
EMP09192,Kabir Khan,Sales,45000,2021-02-02,On Leave,25
EMP09193,Sara Khan,Finance,52000,2021-09-10,On Leave,24
EMP09194,Vihaan Patel,Sales,80000,2025-05-05,Active,35
EMP09195,Riya Gupta,HR,52000,2026-01-22,Active,33
EMP09196,Vihaan Khan,HR,45000,2021-06-26,Active,49
EMP09197,Rahul Sharma,Operations,52000,2024-04-07,Inactive,57
EMP09198,Nisha Singh,Sales,42000,2023-10-26,Active,27
EMP09199,Diya Patel,IT,45000,2022-02-11,ACTIVE,50
EMP09200,Aarav Khan,Marketing,45000,2022-12-12,On Leave,28
EMP09201,Diya Singh,Operations,60000,2025-07-19,On Leave,32
EMP09202,Karan Singh,Finance,95000,2021-05-05,Active,29
EMP09203,Arjun Singh,IT,95000,2024-09-18,Active,40
EMP09204,Pooja Das,HR,45000,2022-07-23,Inactive,51
EMP09205,Kabir Khan,Sales,52000,2022-04-20,On Leave,49
EMP09206,Diya Patel,IT,32000,2025-06-16,On Leave,24
EMP09207,Meera Patel,Marketing,38000,2026-03-01,Active,47
EMP09208,Ira Nair,Operations,45000,2022-01-31,On Leave,21
EMP09209,Neel Das,Sales,42000,2024-12-20,Inactive,53
EMP09210,Neel Das,Marketing,32000,2024-03-29,Active,29
EMP09211,Kabir Khan,Finance,80000,2026-03-04,On Leave,21
EMP09212,Meera Mehta,Marketing,45000,2023-04-10,On Leave,57
EMP09213,Ishaan Mehta,Marketing,52000,2023-08-01,Inactive,41
EMP09214,Diya Mehta,Finance,52000,2023-05-29,On Leave,22
EMP09215,Vihaan Mehta,Finance,80000,2021-10-26,Active,44
EMP09216,Kabir Rao,HR,60000,2025-05-09,Active,54
EMP09217,Ishaan Sharma,HR,42000,2023-03-14,Active,58
EMP09218,Ishaan Singh,Sales,unknown,2024-02-17,Active,58
EMP09219,Riya Patel,IT,72000,2026-02-01,Active,45
EMP09220,Pooja Das,Operations,72000,2021-11-10,Active,56
EMP09221,Aditya Singh,Sales,45000,2022-08-30,Inactive,43
EMP09222,Ira Nair,Finance,52000,2023-10-02,Inactive,49
EMP09223,Dev Sharma,Operations,60000,2021-08-09,Inactive,23
EMP09224,Meera Sharma,Marketing,45000,2022-02-27,On Leave,57
EMP09225,Anaya Mehta,Operations,42000,2022-09-23,On Leave,47
EMP09226,Dev Gupta,Finance,72000,2024-04-24,Inactive,33
EMP09227,Aarav Rao,Operations,42000,2021-12-11,Inactive,41
EMP09228,Maya Patel,Finance,32000,2025-09-11,Inactive,48
EMP09229,Anaya Rao,HR,72000,2022-01-04,Inactive,57
EMP09230,Meera Gupta,HR,32000,2025-07-01,Inactive,37
EMP09231,Kabir Nair,Operations,32000,2022-12-31,On Leave,40
EMP09232,Nisha Khan,Finance,72000,2022-05-14,On Leave,36
EMP09233,Karan Patel,Marketing,52000,2025-11-16,On Leave,35
EMP09234,Sara Das,HR,45000,2021-12-10,On Leave,27
EMP09235,Ishaan Khan,Operations,45000,2025-07-19,Inactive,21
EMP09236,Aditya Das,IT,45000,2025-08-14,Active,40
EMP09237,Kabir Iyer,Sales,95000,2025-07-26,On Leave,57
EMP09238,Riya Nair,Sales,52000,2026-02-19,Inactive,35
EMP09239,Maya Iyer,HR,52000,2022-10-15,Active,28
EMP09240,Neel Rao,Marketing,95000,2024-07-01,On Leave,29
EMP09241,Karan Das,Finance,60000,2022-02-15,On Leave,39
EMP09242,Aditya Mehta,Marketing,72000,2022-07-01,Active,22
EMP09243,Rahul Khan,Marketing,95000,2026-01-31,Active,34
EMP09244,Diya Iyer,Finance,80000,2024-09-22,Inactive,32
EMP09245,Diya Singh,Finance,52000,2024-04-01,On Leave,32
EMP09246,Arjun Rao,Marketing,38000,2025-11-05,Active,41
EMP09247,Nisha Iyer,Finance,80000,2026-01-11,On Leave,43
EMP09248,Neel Sharma,IT,72000,2024-05-14,,37
EMP09249,Aditya Gupta,IT,72000,2021-03-14,On Leave,50
EMP09250,Nisha Gupta,Operations,42000,2025-03-18,Inactive,57
EMP09251,Pooja Mehta,Marketing,45000,2025-04-25,On Leave,56
EMP09252,Maya Gupta,Finance,60000,2025-10-12,On Leave,32
EMP09253,Rahul Iyer,Sales,32000,2022-03-23,On Leave,31
EMP09254,Aarav Iyer,Operations,95000,2024-01-07,Inactive,46
EMP09255,Pooja Nair,Operations,72000,2026-01-27,Inactive,44
EMP09256,Riya Patel,Finance,38000,2023-10-18,On Leave,32
EMP09257,Dev Khan,Operations,52000,2022-11-11,On Leave,56
EMP09258,Karan Mehta,IT,45000,2022-09-28,Active,44
EMP09259,Meera Patel,HR,72000,2022-10-09,On Leave,36
EMP09260,Tara Khan,Operations,38000,2021-11-22,Active,48
EMP09261,Ishaan Das,Sales,60000,2026-01-27,Inactive,53
EMP09262,Aarav Iyer,HR,42000,2026-05-04,On Leave,55
EMP09263,Riya Rao,Finance,72000,2021-06-28,Inactive,32
EMP09264,Vihaan Gupta,HR,60000,2025-05-16,Inactive,38
EMP09265,Diya Iyer,IT,38000,2021-03-26,On Leave,40
EMP09266,Arjun Rao,Sales,60000,2021-03-05,Inactive,31
EMP09267,Vihaan Nair,HR,60000,2025-03-30,On Leave,29
EMP09268,Riya Sharma,,80000,2022-12-07,Inactive,51
EMP09269,Diya Rao,IT,32000,2026-02-20,On Leave,38
EMP09270,Kabir Gupta,Finance,42000,2021-09-16,Inactive,22
EMP09271,Riya Patel,Marketing,42000,2021-05-22,On Leave,29
EMP09272,Arjun Khan,HR,72000,2025-05-14,On Leave,24
EMP09273,Neel Khan,IT,45000,2024-11-21,Inactive,47
EMP09274,Riya Nair,Marketing,32000,2022-06-16,Active,48
EMP09275,Riya Rao,HR,95000,2025-05-22,On Leave,22
EMP09276,Karan Das,IT,80000,2025-10-10,Inactive,47
EMP09277,Ira Mehta,Marketing,45000,2024-02-23,Inactive,32
EMP09278,Riya Das,IT,32000,2025-10-19,On Leave,31
EMP09279,Riya Khan,Marketing,80000,2024-01-04,On Leave,
EMP09280,Aarav Das,Operations,80000,2021-08-29,On Leave,53
EMP09281,Sara Gupta,Marketing,52000,2021-10-15,Inactive,57
EMP09282,Ishaan Mehta,Marketing,80000,2025-04-15,Inactive,56
EMP09283,Maya Gupta,Marketing,60000,2022-11-09,On Leave,50
EMP09284,Nisha Patel,HR,45000,2021-11-10,On Leave,33
EMP09285,Riya Patel,HR,38000,2021-02-22,Active,56
EMP09286,Aarav Gupta,HR,95000,2021-03-16,On Leave,57
EMP09287,Aditya Das,Marketing,95000,2021-03-24,Inactive,48
EMP09288,Rahul Singh,Sales,42000,2025-09-16,On Leave,34
EMP09289,Sara Sharma,IT,45000,2025-06-06,Inactive,47
EMP09290,Meera Nair,HR,80000,31/12/2024,Active,57
EMP09291,Ira Gupta,IT,72000,2025-10-01,Inactive,47
EMP09292,Rahul Mehta,IT,95000,2022-04-16,Inactive,40
EMP09293,Pooja Gupta,HR,72000,2025-04-16,On Leave,41
EMP09294,Meera Nair,Marketing,72000,2025-09-02,Inactive,50
EMP09295,Vihaan Iyer,Sales,80000,2022-12-20,On Leave,49
EMP09296,Anaya Mehta,Marketing,60000,2022-10-17,Active,43
EMP09297,Aditya Singh,Operations,32000,2023-10-05,Inactive,43
EMP09298,Pooja Das,Marketing,32000,2024-03-10,Inactive,40
EMP09299,Dev Sharma,IT,80000,2022-01-18,Active,22
EMP09300,Diya Iyer,Operations,52000,2023-10-23,Inactive,33
EMP09301,Tara Sharma,Sales,32000,2022-12-01,Active,34
EMP09302,Meera Das,IT,45000,2026-06-06,Active,47
EMP09303,Riya Khan,HR,80000,2023-05-22,Active,26
EMP09304,Arjun Rao,Marketing,45000,2025-05-21,On Leave,48
EMP09305,Ira Iyer,HR,80000,2024-07-02,Active,40
EMP09306,Maya Nair,IT,72000,2024-11-28,On Leave,35
EMP09307,Arjun Mehta,Operations,32000,2025-10-18,Active,21
EMP09308,Ira Gupta,Operations,80000,2023-08-31,Active,34
EMP09309,Anaya Gupta,HR,80000,2024-09-28,On Leave,31
EMP09310,Pooja Iyer,Finance,95000,2024-12-31,Inactive,29
EMP09311,Pooja Singh,Operations,32000,2026-03-10,On Leave,31
EMP09312,Neel Iyer,Finance,32000,2024-09-17,Inactive,30
EMP09313,Kabir Khan,Marketing,80000,2022-10-02,Inactive,57
EMP09314,Neel Rao,HR,60000,2022-04-18,Active,38
EMP09315,Arjun Singh,HR,60000,2022-11-14,Inactive,51
EMP09316,Dev Patel,Marketing,80000,2023-06-23,On Leave,57
EMP09317,Maya Singh,,72000,2024-09-25,Inactive,27
EMP09318,Neel Patel,Operations,,2026-06-04,On Leave,28
EMP09319,Diya Mehta,HR,42000,2025-01-15,Active,47
EMP09320,Sara Mehta,Operations,38000,2024-07-09,Inactive,50
EMP09321,Tara Khan,IT,52000,2024-11-09,Active,35
EMP09322,Pooja Das,HR,60000,2024-07-23,Inactive,25
EMP09323,Pooja Iyer,Operations,95000,2022-01-21,On Leave,55
EMP09324,Ishaan Rao,IT,42000,2024-07-29,Active,34
EMP09325,Riya Iyer,Sales,52000,2026-01-11,Active,30
EMP09326,Dev Rao,Operations,72000,2024-07-27,On Leave,36
EMP09327,Kabir Gupta,Marketing,52000,2025-09-04,On Leave,22
EMP09328,Diya Gupta,Operations,60000,2024-07-25,Active,28
EMP09329,Nisha Das,Finance,42000,2025-08-16,Active,33
EMP09330,Ishaan Patel,Finance,52000,2024-07-10,On Leave,23
EMP09331,Riya Iyer,Marketing,45000,2025-10-23,Inactive,28
EMP09332,Neel Das,Sales,80000,2022-03-28,Inactive,41
EMP09333,Neel Iyer,Marketing,42000,2021-08-09,Active,43
EMP09334,Arjun Singh,Sales,45000,2023-06-16,On Leave,31
EMP09335,Vihaan Gupta,Operations,60000,2024-10-22,Inactive,57
EMP09336,Dev Mehta,Sales,45000,2024-09-24,Inactive,24
EMP09337,Karan Rao,Sales,95000,2026-06-19,Active,58
EMP09338,Arjun Das,HR,38000,2023-09-27,Inactive,51
EMP09339,Nisha Rao,IT,52000,2026-04-05,Inactive,22
EMP09340,Riya Iyer,Sales,32000,2021-12-17,Inactive,37
EMP09341,Tara Iyer,Sales,32000,2022-06-04,Active,41
EMP09342,Riya Mehta,Finance,80000,2023-05-18,On Leave,34
EMP09343,Tara Das,IT,45000,2021-12-02,On Leave,37
EMP09344,Pooja Khan,IT,32000,2023-08-20,Active,23
EMP09345,Arjun Rao,HR,95000,2025-03-10,Inactive,28
EMP09346,Arjun Nair,Marketing,42000,2024-02-03,Active,24
EMP09347,Dev Rao,IT,42000,2023-02-08,On Leave,56
EMP09348,Pooja Iyer,Operations,95000,2023-01-22,Active,39
EMP09349,Nisha Nair,IT,52000,2023-03-01,Active,26
EMP09350,Pooja Singh,Finance,72000,2023-09-24,Active,26
EMP09351,Neel Rao,IT,45000,2022-10-28,Active,38
EMP09352,Tara Rao,Marketing,45000,2023-09-02,Active,27
EMP09353,Kabir Iyer,HR,32000,2024-04-15,Active,49
EMP09354,Nisha Mehta,Operations,72000,2023-09-09,Inactive,25
EMP09355,Diya Das,Marketing,38000,2021-05-30,On Leave,26
EMP09356,Rahul Das,Marketing,60000,2023-12-09,Active,25
EMP09357,Vihaan Gupta,HR,80000,2021-08-11,Inactive,28
EMP09358,Rahul Sharma,HR,60000,2023-07-20,Inactive,45
EMP09359,Sara Rao,Finance,45000,2024-05-09,On Leave,35
EMP09360,Ishaan Gupta,IT,72000,2021-01-10,Active,47
EMP09361,Dev Mehta,Marketing,38000,2024-03-11,On Leave,30
EMP09362,Pooja Singh,Finance,80000,2026-01-14,Inactive,24
EMP09363,Maya Das,Sales,38000,2024-06-21,Inactive,36
EMP09364,Diya Mehta,Sales,38000,2025-10-29,On Leave,51
EMP09365,Kabir Gupta,IT,42000,2023-06-08,On Leave,21
EMP09366,Ishaan Sharma,IT,80000,2024-02-03,On Leave,34
EMP09367,Sara Singh,HR,52000,2021-01-31,Active,55
EMP09368,Pooja Gupta,Marketing,60000,2025-07-16,On Leave,42
EMP09369,Pooja Sharma,Finance,32000,2025-07-10,Inactive,52
EMP09370,Ishaan Patel,Sales,60000,2023-02-02,On Leave,46
EMP09371,Neel Nair,Finance,38000,2024-05-11,On Leave,29
EMP09372,Sara Gupta,Sales,60000,2024-06-02,Inactive,49
EMP09373,Rahul Nair,Sales,80000,2025-11-03,Inactive,48
EMP09374,Kabir Gupta,Sales,38000,2022-10-05,Active,42
EMP09375,Arjun Sharma,IT,72000,2023-06-28,Active,39
EMP09376,Rahul Mehta,HR,72000,2025-08-05,On Leave,22
EMP09377,Arjun Gupta,Sales,72000,2024-03-27,On Leave,34
EMP09378,Anaya Rao,IT,45000,2026-01-21,Inactive,35
EMP09379,Neel Mehta,Marketing,38000,2022-01-29,On Leave,57
EMP09380,Diya Iyer,Operations,45000,2022-08-31,Inactive,34
EMP09381,Meera Khan,IT,60000,2023-03-13,On Leave,56
EMP09382,Vihaan Nair,Marketing,42000,2023-10-20,On Leave,38
EMP09383,Sara Rao,Marketing,52000,2025-11-06,Inactive,25
EMP09384,Nisha Iyer,Marketing,45000 INR,2025-04-23,Inactive,28
EMP09385,Vihaan Rao,IT,72000,2025-01-26,Active,56
EMP09386,Tara Nair,HR,42000,2026-03-28,On Leave,27
EMP09387,Aditya Mehta,Operations,45000,2024-04-13,Inactive,45
EMP09388,Rahul Mehta,Finance,42000,2026-06-22,Inactive,40
EMP09389,Aarav Gupta,Sales,95000,2023-08-31,Inactive,42
EMP09390,Diya Khan,Operations,42000,2022-01-12,On Leave,49
EMP09391,Sara Rao,Finance,52000,2021-09-16,On Leave,52
EMP09392,Aditya Nair,Operations,95000,2021-09-25,Active,30
EMP09393,Tara Gupta,Marketing,38000,2025-08-24,Active,53
EMP09394,Tara Rao,Sales,42000,2024-02-20,Inactive,55
EMP09395,Vihaan Mehta,HR,42000,2025-12-03,On Leave,34
EMP09396,Tara Gupta,Finance,38000,2026-04-29,Active,46
EMP09397,Diya Rao,HR,32000,2022-03-23,On Leave,43
EMP09398,Diya Mehta,IT,38000,2021-01-17,Inactive,56
EMP09399,Anaya Khan,Sales,80000,2022-05-05,Inactive,50
EMP09400,Rahul Iyer,Marketing,60000,2023-04-08,On Leave,25
EMP09401,Arjun Singh,Operations,38000,2025-11-16,Active,55
EMP09402,Aarav Sharma,HR,42000,2023-03-04,On Leave,34
EMP09403,Pooja Gupta,Operations,32000,2022-02-02,Inactive,36
EMP09404,Tara Das,IT,38000,2023-11-06,On Leave,55
EMP09405,Arjun Singh,Marketing,45000,2024-08-08,On Leave,33
EMP09406,Diya Patel,IT,38000,2024-04-15,Active,21
EMP09407,Aarav Patel,Marketing,60000,2024-05-20,Inactive,37
EMP09408,Riya Das,HR,32000,2025-09-22,On Leave,26
EMP09409,Ishaan Das,Marketing,60000,2021-04-02,Inactive,39
EMP09410,Pooja Rao,Marketing,80000,2024-07-05,On Leave,57
EMP09411,Meera Patel,Marketing,60000,2025-12-13,On Leave,41
EMP09412,Tara Sharma,Finance,52000,2023-08-03,Inactive,31
EMP09413,Aditya Mehta,Operations,38000,2023-02-03,On Leave,47
EMP09414,Rahul Sharma,Marketing,32000,2021-07-29,Active,44
EMP09415,Aditya Rao,Finance,72000,2025-07-26,Inactive,29
EMP09416,Sara Iyer,IT,80000,2025-12-02,Inactive,32
EMP09417,Anaya Khan,Marketing,95000,2021-11-21,Inactive,40
EMP09418,Pooja Iyer,Sales,,2023-02-28,On Leave,52
EMP09419,Maya Khan,Sales,32000,2022-02-13,Inactive,27
EMP09420,Meera Iyer,Sales,45000,2021-05-07,Active,34
EMP09421,Ishaan Das,Operations,32000,2021-07-11,On Leave,57
EMP09422,Anaya Singh,Finance,32000,2021-02-18,Active,34
EMP09423,Diya Singh,Sales,32000,2024-02-03,Inactive,23
EMP09424,Meera Nair,IT,38000,2024-04-03,Inactive,51
EMP09425,Diya Singh,HR,38000,2022-09-20,On Leave,52
EMP09426,Pooja Nair,Finance,72000,2021-08-11,Inactive,50
EMP09427,Vihaan Khan,Marketing,60000,2023-11-27,Active,34
EMP09428,Dev Iyer,Marketing,42000,2022-02-15,Inactive,22
EMP09429,Ira Khan,Sales,32000,2025-09-07,Inactive,26
EMP09430,Arjun Gupta,Finance,60000,2025-10-06,Inactive,32
EMP09431,Anaya Nair,Marketing,32000,2025-09-22,Active,58
EMP09432,Maya Rao,Marketing,52000,2021-02-17,Inactive,55
EMP09433,Nisha Iyer,Finance,52000,2023-12-09,Inactive,30
EMP09434,Dev Mehta,HR,42000,2026-03-01,On Leave,34
EMP09435,Maya Gupta,Operations,52000,2021-07-13,Inactive,31
EMP09436,Aarav Singh,Operations,32000,2026-04-06,On Leave,27
EMP09437,Maya Khan,Sales,52000,2023-02-17,On Leave,28
EMP09438,Kabir Sharma,IT,38000,2021-02-23,Active,57
EMP09439,Kabir Singh,IT,38000,2021-08-18,Active,thirty
EMP09440,Karan Mehta,Finance,45000,2022-02-18,Inactive,35
EMP09441,Maya Mehta,Sales,80000,2021-04-18,Active,50
EMP09442,Tara Singh,HR,32000,2026-06-06,On Leave,30
EMP09443,Diya Khan,Marketing,38000,2023-02-13,Inactive,25
EMP09444,Aditya Sharma,Finance,72000,2025-10-05,Inactive,58
EMP09445,Dev Nair,Finance,95000,2023-07-10,active,54
EMP09446,Maya Gupta,IT,95000,2022-09-10,Inactive,25
EMP09447,Dev Rao,Finance,52000,2024-09-24,Active,42
EMP09448,Dev Iyer,Sales,95000,2024-03-25,On Leave,33
EMP09449,Pooja Das,Operations,60000,2024-09-29,Active,46
EMP09450,Arjun Das,Operations,52000,2022-05-10,Active,50
EMP09451,Maya Nair,Finance,38000,2025-07-21,Active,57
EMP09452,Meera Das,Finance,38000,2024-11-28,On Leave,51
EMP09453,Rahul Das,Operations,45000,2025-06-18,Inactive,35
EMP09454,Maya Khan,Marketing,72000,2021-01-19,Inactive,45
EMP09455,Riya Das,IT,42000,2026-02-10,On Leave,40
EMP09456,Dev Nair,Finance,80000,2026-02-04,On Leave,28
EMP09457,,Finance,-5000,2023-04-25,Active,30
EMP09458,Sara Mehta,Sales,45000,2021-05-13,Active,58
EMP09459,Ira Nair,Operations,52000,2023-10-29,Active,37
EMP09460,Neel Iyer,Finance,80000,2022-09-20,On Leave,47
EMP09461,Aditya Sharma,Finance,38000,2024-10-02,On Leave,56
EMP09462,Rahul Iyer,Finance,80000,2021-02-27,Active,38
EMP09463,Nisha Nair,IT,80000,2024/15/99,Inactive,32
EMP09464,Ishaan Nair,HR,45000,2023-05-04,On Leave,32
EMP09465,Dev Khan,Finance,38000,2022-08-07,Inactive,23
EMP09466,Nisha Rao,Finance,42000,2023-05-12,Active,46
EMP09467,Meera Mehta,Marketing,72000,2024-07-15,Inactive,24
EMP09468,Vihaan Singh,IT,95000,2025-03-01,Active,56
EMP09469,Ishaan Khan,HR,32000,2024-10-14,Inactive,50
EMP09470,Ira Singh,HR,38000,2023-07-13,Active,23
EMP09471,Ishaan Patel,IT,80000,2023-03-02,Active,51
EMP09472,Riya Das,Operations,42000,2023-05-29,On Leave,48
EMP09473,,IT,45000,2024-10-14,Inactive,48
EMP09474,Dev Nair,Operations,80000,2023-02-11,Inactive,52
EMP09475,Pooja Khan,Finance,80000,2024-12-06,Inactive,48
EMP09476,Vihaan Gupta,Marketing,42000,2025-09-12,On Leave,27
EMP09477,Pooja Rao,Finance,38000,2022-04-15,On Leave,56
EMP09478,Nisha Patel,Sales,60000,2022-05-28,On Leave,24
EMP09479,Ira Das,HR,80000,2024-11-19,On Leave,33
EMP09480,Diya Iyer,Finance,38000,2025-08-21,Active,42
EMP09481,Ishaan Sharma,HR,95000,2024-02-12,On Leave,28
EMP09482,Ishaan Das,Sales,42000,2025-01-27,Active,50
EMP09483,Kabir Rao,Operations,60000,2024-11-15,On Leave,31
EMP09484,Dev Sharma,Sales,42000,2025-03-16,Inactive,57
EMP09485,Karan Nair,IT,45000,2024-12-09,Inactive,21
EMP09486,Vihaan Singh,HR,38000,2021-12-28,Inactive,47
EMP09487,Riya Khan,Sales,80000,2024-05-06,On Leave,26
EMP09488,Ira Das,IT,52000,2025-12-30,Inactive,30
EMP09489,Nisha Khan,HR,52000,2023-07-06,Active,21
EMP09490,Arjun Nair,IT,95000,2024-11-05,Active,47
EMP02008,Aditya Singh,Sales,42000,2025-08-25,ACTIVE,43
EMP09492,Karan Das,IT,60000,2025-11-04,On Leave,37
EMP09493,Aditya Nair,HR,42000,2024-12-24,On Leave,36
EMP09494,Rahul Mehta,IT,45000,2023-12-10,Inactive,47
EMP09495,Diya Mehta,IT,52000,2024-03-10,Active,53
EMP09496,Aarav Das,Operations,32000,2024-03-26,Inactive,52
EMP09497,Meera Patel,Marketing,52000,2023-09-29,Inactive,50
EMP09498,Pooja Patel,Sales,52000,2021-12-12,On Leave,40
EMP09499,Kabir Nair,Operations,,2022-12-10,On Leave,56
EMP09500,Ira Mehta,Finance,45000,2022-09-13,On Leave,24
EMP09501,Neel Sharma,,95000,2022-09-08,Inactive,41
EMP09502,Rahul Singh,Sales,72000,2024-04-16,Inactive,37
EMP09503,Maya Sharma,finance,80000,2025-10-11,Inactive,26
EMP09504,Nisha Rao,IT,42000,2025-08-21,Active,25
EMP09505,Dev Khan,IT,N/A,2021-07-27,Inactive,26
EMP09506,Dev Iyer,HR,32000,2023-01-10,On Leave,38
EMP09507,Tara Khan,HR,60000,2021-10-25,Active,41
EMP09508,Riya Das,Finance,95000,2023-06-30,Inactive,45
EMP09509,Rahul Nair,Sales,32000,2021-06-22,On Leave,49
EMP09510,Pooja Khan,IT,32000,2026-05-12,On Leave,26
EMP09511,Tara Nair,HR,52000,2023-05-23,On Leave,31
EMP09512,Diya Das,Finance,38000,2025-11-16,Active,55
EMP09513,Aditya Rao,HR,45000,,On Leave,28
EMP09514,Tara Khan,IT,32000,2024-03-29,Inactive,25
EMP09515,Maya Patel,HR,42000,2024-05-22,Active,48
EMP09516,Pooja Patel,HR,72000,2022-10-14,Active,33
EMP09517,Diya Das,Finance,42000,2021-05-25,Active,
EMP09518,Karan Patel,Sales,80000,2021-10-25,Active,42
EMP09519,Nisha Das,HR,45000,2021-08-31,Inactive,43
EMP09520,Ishaan Patel,Marketing,80000,2025-05-08,Inactive,27
EMP09521,Maya Patel,Marketing,52000,2024-12-16,Active,52
EMP09522,Riya Gupta,Sales,52000,2026-06-09,Active,54
EMP09523,Aditya Sharma,Sales,72000,2022-10-14,Active,36
EMP09524,Karan Das,Marketing,80000,2024-11-21,On Leave,25
EMP09525,Dev Rao,Finance,38000,2021-07-29,On Leave,42
EMP09526,Riya Khan,Operations,45000,2022-04-14,Inactive,56
EMP09527,Rahul Iyer,Marketing,95000,2025-02-23,Active,35
EMP09528,Kabir Patel,IT,32000,2022-05-27,Active,58
EMP09529,Pooja Sharma,Operations,80000,2021-10-03,Inactive,39
EMP09530,Aditya Mehta,IT,42000,2021-11-29,Active,51
EMP09531,Tara Rao,Finance,42000,2025-09-06,Active,40
EMP09532,Diya Khan,Marketing,42000,2024-10-20,Inactive,33
EMP09533,Dev Iyer,IT,45000,2021-12-05,On Leave,43
EMP09534,Karan Iyer,Sales,95000,2023-06-21,Active,23
EMP09535,Rahul Nair,HR,52000,2022-10-27,On Leave,51
EMP09536,Tara Gupta,Finance,60000,2021-09-28,Active,32
EMP09537,Dev Khan,Operations,72000,2023-12-20,On Leave,56
EMP09538,Ira Khan,Operations,42000,2021-11-14,On leave,30
EMP09539,Meera Patel,HR,38000,2022-06-15,On Leave,22
EMP09540,Anaya Khan,Marketing,95000,2025-09-20,Inactive,42
EMP09541,Meera Patel,Sales,95000,2023-03-03,Inactive,34
EMP09542,Nisha Gupta,HR,32000,2022-02-11,Active,42
EMP09543,Riya Nair,HR,72000,2023-02-26,On leave,33
EMP09544,Meera Sharma,Operations,32000,2024-09-02,Active,46
EMP09545,Maya Rao,HR,45000,2022-06-23,On Leave,32
EMP09546,Ira Das,Sales,60000,2024-11-17,On Leave,45
EMP09547,Ira Khan,Finance,45000,2021-11-13,Active,28
EMP09548,Anaya Rao,Sales,32000,2025-04-12,Inactive,48
EMP09549,Dev Singh,HR,38000,2022-10-22,Active,42
EMP09550,Diya Gupta,Finance,80000,2023-11-26,Inactive,49
EMP09551,Neel Gupta,Marketing,72000,2024-08-04,Active,27
EMP09552,Riya Das,Operations,60000,2023-12-11,On Leave,29
EMP09553,Vihaan Singh,Sales,32000,2025-05-14,On Leave,51
EMP09554,Maya Gupta,HR,72000,2023-09-09,Active,39
EMP09555,Arjun Patel,Operations,52000,2024-08-03,Active,53
EMP09556,Aditya Das,Sales,42000,2023-06-26,Inactive,45
EMP09557,Dev Singh,Sales,38000,2024-03-04,On Leave,21
EMP09558,Anaya Sharma,Marketing,32000,2025-01-25,On Leave,54
EMP09559,Neel Singh,Operations,38000,2022-09-18,Active,29
EMP09560,Riya Iyer,Operations,45000,2026-06-05,On Leave,34
EMP09561,Vihaan Das,IT,42000,2024-08-25,Inactive,45
EMP09562,Kabir Sharma,Marketing,52000,2023-09-27,Inactive,33
EMP09563,Aarav Khan,Sales,45000,2026-01-09,Inactive,39
EMP09564,Kabir Rao,HR,42000,2024-01-25,Active,21
EMP09565,Sara Singh,IT,42000,2022-12-17,Inactive,42
EMP09566,Dev Patel,Marketing,72000,2021-12-01,On Leave,55
EMP09567,Nisha Gupta,Finance,52000,2022-09-29,Active,28
EMP09568,Aditya Das,Operations,52000,2025-11-18,Active,44
EMP09569,Ishaan Mehta,IT,95000,2021-09-17,On Leave,54
EMP09570,Tara Gupta,Sales,42000,2022-05-25,Inactive,26
EMP09571,Karan Mehta,HR,42000,2022-05-10,On Leave,52
EMP09572,Karan Iyer,Marketing,32000,2023-05-30,On Leave,27
EMP09573,Sara Singh,IT,52000,2023-10-23,Active,45
EMP09574,Ira Iyer,Finance,45000,2025-07-14,On Leave,57
EMP09575,Diya Patel,HR,80000,2024-07-16,Inactive,38
EMP09576,Diya Khan,IT,45000,,Active,44
EMP09577,Karan Mehta,Sales,38000,2023-10-26,Inactive,54
EMP09578,Diya Rao,Operations,60000,2023-12-16,On Leave,23
EMP09579,Sara Mehta,Operations,N/A,2022-02-28,On Leave,51
EMP09580,Vihaan Rao,IT,42000,2024-05-24,Inactive,57
EMP09581,Tara Mehta,HR,95000,2023-01-31,On Leave,36
EMP09582,Neel Mehta,Marketing,52000,2025-12-30,On Leave,27
EMP09583,Rahul Das,HR,38000,2021-06-10,Active,54
EMP09584,Sara Patel,Finance,80000,2022-01-31,Active,26
EMP09585,Aarav Sharma,Operations,38000,2021-01-01,On Leave,27
EMP09586,Nisha Khan,Marketing,42000,2022-05-25,Active,29
EMP09587,Dev Patel,Operations,32000,2021-01-02,Active,45
EMP09588,Neel Sharma,Sales,72000,2024-07-08,Inactive,55
EMP09589,Neel Nair,HR,72000,2026-06-22,Active,42
EMP09590,Neel Das,Marketing,95000,2023-05-25,Inactive,31
EMP04867,Diya Patel,Finance,60000,2024-12-21,Inactive,39
EMP09592,Pooja Gupta,Marketing,80000,2024-02-07,On Leave,40
EMP09593,Kabir Patel,IT,80000,2026-04-11,On Leave,22
EMP09594,Ishaan Khan,Marketing,72000,2024-08-30,On Leave,29
EMP09595,Riya Singh,Operations,32000,2021-09-14,Inactive,47
EMP09596,Ishaan Singh,Finance,42000,2025-07-19,Inactive,26
EMP09597,Arjun Das,HR,32000,2023-01-21,Inactive,21
EMP09598,Arjun Singh,Sales,95000,2025-02-17,Active,50
EMP09599,Dev Patel,Marketing,38000,2023-02-25,Inactive,50
EMP09600,Diya Sharma,IT,32000,2022-06-10,Active,46
EMP09601,Aarav Gupta,IT,38000,2024-01-18,Active,34
EMP09602,Ishaan Patel,IT,52000,2024-07-14,Inactive,34
EMP09603,Rahul Sharma,hr,80000,2025-05-30,Inactive,54
EMP09604,Riya Mehta,HR,72000,2021-02-16,Inactive,45
EMP09605,Nisha Patel,Sales,60000,2025-10-01,Active,30
EMP09606,Rahul Sharma,HR,38000,2023-06-01,Active,30
EMP09607,Diya Patel,HR,60000,2026-03-21,Active,23
EMP09608,Aarav Patel,Finance,32000,2024-12-17,On Leave,26
EMP09609,Ira Gupta,Finance,52000,2021-12-14,On Leave,28
EMP09610,Dev Iyer,Marketing,unknown,2025-11-08,Active,32
EMP09611,Kabir Patel,Sales,45000,2024-03-12,Active,24
EMP09612,Riya Nair,Operations,95000,2024/15/99,Active,49
EMP09613,Rahul Singh,HR,60000,2023-11-26,On Leave,55
EMP09614,Nisha Khan,Sales,52000,2025-02-13,Inactive,43
EMP09615,Karan Singh,Operations,38000,2024-09-07,On Leave,48
EMP09616,Anaya Sharma,HR,60000,2024-02-16,On Leave,57
EMP09617,Meera Rao,Marketing,95000,2024-11-25,Active,49
EMP09618,Nisha Nair,HR,52000,2024-09-09,Inactive,43
EMP09619,Maya Sharma,Sales,72000,2025-02-23,Inactive,45
EMP09620,Aarav Gupta,HR,60000,,On Leave,41
EMP09621,Tara Singh,Marketing,80000,2022-07-30,Inactive,23
EMP09622,Rahul Mehta,Marketing,38000,2021-09-25,Inactive,36
EMP09623,Meera Rao,Marketing,52000,2024-02-22,Active,43
EMP09624,Tara Rao,Operations,72000,2022-04-23,On Leave,49
EMP09625,Sara Khan,Operations,,2022-12-21,On Leave,26
EMP09626,Aditya Iyer,Marketing,32000,2021-06-21,On Leave,29
EMP09627,Aarav Singh,Sales,95000,2025-05-27,Active,48
EMP09628,Nisha Gupta,Operations,52000,2023-06-07,On Leave,54
EMP09629,Sara Gupta,Sales,72000,2024-10-15,Inactive,34
EMP09630,Karan Khan,Finance,80000,2024-08-27,Active,30
EMP09508,Sara Gupta,HR,52000,2026-05-13,Inactive,31
EMP09632,Ishaan Rao,IT,72000,2023-12-02,Inactive,38
EMP09633,Aarav Sharma,Operations,32000,2024-12-08,Inactive,36
EMP09634,Vihaan Das,IT,95000,2025-04-01,On Leave,35
EMP09635,Tara Sharma,Sales,38000,2025-09-02,Inactive,54
EMP09636,Nisha Singh,Sales,42000,2022-08-12,On Leave,29
EMP09637,Karan Sharma,Sales,60000,2024-05-04,Inactive,31
EMP09638,Nisha Patel,IT,52000,2023-05-17,Inactive,43
EMP09639,Arjun Singh,HR,42000,2021-10-11,Active,52
EMP09640,Diya Singh,IT,32000,2025-04-01,Inactive,44
EMP09641,Rahul Mehta,Sales,38000,2022-12-21,Inactive,26
EMP09642,Rahul Singh,Sales,95000,2021-05-18,Inactive,45
EMP09643,Dev Gupta,Sales,80000,2022-11-29,Inactive,52
EMP09644,Aarav Sharma,Finance,32000,2025-04-09,On Leave,52
EMP09645,Vihaan Mehta,IT,80000,2024-09-26,On Leave,31
EMP09646,Vihaan Gupta,Sales,52000,2023-10-17,Active,43
EMP09647,Aarav Das,IT,72000,2023-01-24,Active,54
EMP09648,Diya Singh,Operations,32000,2025-05-23,On Leave,55
EMP09649,Tara Khan,Sales,42000,2024-12-16,Active,32
EMP09650,Dev Singh,Sales,42000,2025-05-24,On Leave,51
EMP09651,Aarav Gupta,Operations,72000,2025-01-16,Inactive,24
EMP09652,Tara Khan,HR,45000,2025-11-04,Active,46
EMP09653,Anaya Das,Sales,32000,2025-04-25,Inactive,27
EMP09654,Aarav Singh,Finance,42000,2022-02-06,Active,46
EMP09655,Kabir Nair,IT,52000,2022-12-07,On Leave,44
EMP09656,Vihaan Das,Marketing,60000,2022-02-08,On Leave,45
EMP09657,Ishaan Nair,IT,80000,2023-02-23,Inactive,26
EMP09658,Riya Patel,HR,60000,2022-07-01,Inactive,33
EMP09659,Aarav Mehta,Operations,-5000,2025-05-13,Inactive,38
EMP09660,Ira Iyer,IT,80000,2021-08-06,Active,37
EMP09661,Meera Patel,Sales,95000,2025-12-21,Inactive,37
EMP09662,Maya Iyer,HR,45000,2023-12-08,Active,57
EMP09663,Karan Gupta,Marketing,42000,2022-04-24,Active,43
EMP09664,Dev Khan,Sales,72000,2022-11-10,Active,21
EMP09665,Aditya Nair,Marketing,52000,2021-07-15,Inactive,58
EMP09666,Tara Gupta,Operations,32000,2025-08-18,Active,24
EMP09667,Karan Khan,Marketing,45000,2025-01-10,Active,32
EMP09668,Ishaan Gupta,HR,38000,2024-04-24,Active,55
EMP09669,Riya Rao,IT,38000,2022-10-19,On Leave,32
EMP09670,Ishaan Patel,IT,80000,2025-06-14,Active,23
EMP09671,Tara Singh,HR,95000,2021-06-07,Inactive,24
EMP09672,Anaya Patel,HR,32000,2022-05-12,Inactive,46
EMP09673,Tara Khan,Finance,95000,2023-11-12,Inactive,22
EMP09674,Karan Gupta,HR,72000,2023-03-31,On Leave,36
EMP09675,Dev Iyer,IT,38000,2023-02-16,On Leave,36
EMP09676,Nisha Gupta,Marketing,52000,2021-09-09,Inactive,58
EMP09677,Ishaan Mehta,Finance,45000,2022-10-24,Inactive,45
EMP09678,Diya Singh,Finance,45000,2021-08-26,Inactive,24
EMP09679,Riya Mehta,Operations,72000,2023-06-27,Active,48
EMP09680,Nisha Khan,Marketing,32000,2022-09-27,On Leave,53
EMP09681,Sara Rao,Finance,45000,2026-02-24,On Leave,51
EMP09682,Ira Mehta,Sales,32000,2022-06-17,Active,44
EMP09683,Diya Iyer,Finance,32000,2023-05-14,On Leave,38
EMP09684,Vihaan Singh,HR,60000,2022-05-27,Active,58
EMP09685,Sara Iyer,HR,80000,2024-01-03,Inactive,48
EMP09686,Karan Singh,IT,60000,2021-09-05,On Leave,50
EMP09687,Anaya Nair,HR,72000,2025-10-26,On Leave,52
EMP09688,Tara Khan,Finance,60000,2021-03-04,Active,48
EMP09689,Arjun Patel,Operations,45000,2022-02-25,Inactive,45
EMP09690,Aarav Gupta,HR,52000,2023-01-06,Active,56
EMP09691,Maya Khan,Finance,60000,2024-11-21,Active,36
EMP09692,Tara Singh,Finance,32000,2021-12-10,Active,32
EMP09693,Ishaan Patel,Finance,95000,2024-12-26,Active,32
EMP09694,Tara Iyer,IT,38000,2021-10-08,Inactive,25
EMP09695,Diya Rao,IT,38000,2025-04-13,Inactive,21
EMP09696,Neel Khan,HR,32000,2026-05-08,Active,54
EMP09697,Aarav Mehta,IT,38000,2022-07-10,Active,44
EMP09698,Ira Gupta,Marketing,38000,2024-09-02,Active,56
EMP09699,Pooja Sharma,IT,42000,2021-03-11,Active,44
EMP09700,Aarav Nair,Marketing,95000,2021-06-02,Inactive,47
EMP09701,Diya Sharma,Sales,,2021-02-16,Active,43
EMP09702,Dev Khan,Sales,52000,2022-11-19,Inactive,58
EMP09703,Rahul Gupta,Finance,45000,2023-09-10,Inactive,36
EMP09704,Meera Mehta,IT,32000,2025-03-29,Active,57
EMP09705,Sara Das,HR,52000,2024-08-08,Active,39
EMP09706,Aarav Iyer,Sales,45000,2023-10-26,Active,35
EMP09707,Ishaan Khan,IT,72000,2023-08-19,On Leave,24
EMP09708,Ira Nair,Sales,60000,2024-06-26,Active,25
EMP09709,Maya Patel,IT,32000,2025-03-22,On Leave,51
EMP09710,Nisha Khan,Sales,38000,2021-10-31,On Leave,47
EMP09711,Sara Gupta,Sales,32000,2024-05-28,On Leave,27
EMP09712,Ishaan Rao,IT,42000,2024-10-28,Active,30
EMP09713,Vihaan Patel,IT,52000,2023-11-27,On Leave,57
EMP09714,Dev Khan,IT,60000,2021-12-31,On Leave,45
EMP09715,Aarav Rao,IT,52000,2023-06-12,Inactive,34
EMP09716,Arjun Sharma,Marketing,52000,2024-03-04,Active,53
EMP09717,Anaya Mehta,Marketing,42000,2023-06-21,Active,40
EMP09718,Aarav Patel,Sales,80000,2021-11-13,Inactive,23
EMP09719,Meera Nair,IT,45000,2022-01-21,On Leave,33
EMP09720,Rahul Nair,Finance,72000,2023-05-01,On Leave,58
EMP09721,Tara Gupta,Operations,72000,2025-11-21,Inactive,30
EMP09722,Diya Singh,Operations,80000,2022-05-24,Inactive,38
EMP09723,Meera Patel,Finance,45000,2022-05-25,On Leave,49
EMP09724,Nisha Nair,Operations,45000,2023-10-07,On Leave,37
EMP09725,Rahul Patel,Marketing,95000,2023-06-01,Active,47
EMP09726,Diya Khan,Finance,32000,2022-04-10,Active,58
EMP09727,Riya Mehta,,45000,2023-07-06,Inactive,49
EMP09728,Diya Das,HR,52000,2024-07-18,On Leave,33
EMP09729,Sara Rao,Marketing,60000,2022-02-07,On Leave,43
EMP09730,Rahul Mehta,Marketing,32000,2024-07-21,On Leave,27
EMP09731,Ira Mehta,Finance,32000,2026-04-11,Inactive,24
EMP09732,Rahul Gupta,Finance,60000,2025-03-29,Active,55
EMP09733,Maya Patel,Marketing,45000,2022-07-23,Active,40
EMP09734,Ira Nair,Sales,45000,2025-04-23,Inactive,25
EMP09735,Sara Khan,Finance,45000,2024-04-14,Inactive,45
EMP09736,Kabir Gupta,HR,60000,2026-06-16,On Leave,27
EMP09737,Aarav Mehta,Finance,32000,2022-03-26,Inactive,50
EMP09738,Nisha Patel,IT,72000,2021-06-17,On Leave,45
EMP09739,Arjun Singh,HR,95000,2022-03-22,On Leave,53
EMP09740,Dev Iyer,Marketing,72000,2024-06-30,Active,22
EMP09741,Riya Das,Operations,95000,2022-11-04,Active,30
EMP09742,Riya Iyer,Finance,60000,2025-01-05,Inactive,55
EMP09743,Dev Gupta,Operations,60000,2024-04-16,Inactive,39
EMP09744,Riya Singh,Sales,42000,2022-03-29,On Leave,28
EMP09745,Nisha Das,Finance,42000,2023-11-30,Active,37
EMP09746,Rahul Singh,IT,52000,2024-05-01,Inactive,26
EMP09747,Arjun Khan,Marketing,38000,2023-07-20,Inactive,23
EMP09748,Ira Nair,IT,38000,2023-05-18,Inactive,33
EMP09749,Karan Mehta,IT,32000,2025-05-08,Inactive,50
EMP09750,Riya Sharma,HR,95000,2025-04-13,Active,38
EMP09751,Anaya Mehta,HR,60000,2021-01-10,Active,34
EMP09752,Kabir Mehta,HR,80000,2026-06-07,Active,42
EMP09753,Ira Gupta,HR,72000,2022-02-10,On Leave,41
EMP09754,Tara Nair,Operations,72000,2025-02-04,On Leave,29
EMP09755,Riya Mehta,Operations,60000,2021-11-11,Active,56
EMP09756,Nisha Rao,Finance,72000,2023-10-09,Active,40
EMP09757,Sara Patel,IT,38000,2022-01-22,Active,41
EMP09758,Kabir Rao,Finance,80000,2021-07-17,Active,28
EMP09759,Meera Patel,Sales,32000,2025-05-20,Active,28
EMP09760,Aarav Rao,Marketing,72000,2022-08-30,Active,31
EMP09761,Neel Iyer,Finance,52000,2026-04-29,On Leave,48
EMP09762,Rahul Khan,Finance,52000,2025-04-20,Active,26
EMP09763,Vihaan Das,Operations,42000,2024-03-24,On Leave,53
EMP09764,Ishaan Rao,HR,38000,2024-04-11,On Leave,36
EMP09765,Neel Patel,Marketing,42000,2021-08-25,On Leave,35
EMP09766,Maya Gupta,Sales,45000,2022-02-01,On Leave,35
EMP09767,Vihaan Khan,Marketing,45000,2024-01-16,Active,23
EMP09768,Diya Sharma,Sales,60000,2026-03-07,Active,35
EMP09769,Pooja Iyer,Finance,60000,2021-08-20,On Leave,46
EMP09770,Neel Singh,IT,60000,2022-08-18,Inactive,29
EMP09771,Meera Das,HR,38000,2023-10-09,On Leave,36
EMP09772,Diya Mehta,IT,95000,2024-03-01,On Leave,43
EMP09773,Sara Khan,Sales,52000,2024-02-02,On Leave,52
EMP09774,Sara Gupta,it,80000,2025-11-01,On Leave,34
EMP09775,Maya Patel,Sales,52000,2024-07-30,On Leave,28
EMP09776,Riya Sharma,Finance,60000,2023-12-24,On Leave,42
EMP09777,Nisha Nair,HR,72000,2021-08-30,Inactive,36
EMP09778,Sara Rao,Sales,52000,2023-05-29,Active,35
EMP09779,Ira Iyer,Finance,42000,2025-12-03,On Leave,37
EMP09780,Ira Iyer,IT,32000,2021-02-04,Active,24
EMP09781,Ishaan Mehta,Operations,45000,2024-07-24,Active,54
EMP09782,Ishaan Patel,Sales,38000,2024-05-10,Inactive,54
EMP09783,Rahul Das,IT,95000,2022-07-30,On Leave,46
EMP09784,Kabir Das,Finance,95000,2025-01-08,Inactive,36
EMP09785,,Marketing,95000,2024-01-29,Inactive,58
EMP09786,Aditya Khan,Marketing,52000,2024-11-10,Active,58
EMP09787,Riya Das,Marketing,72000,2025-10-31,Active,52
EMP09788,Karan Patel,Operations,45000,2023-02-13,Inactive,41
EMP09789,Diya Das,IT,60000,2026-04-28,Active,38
EMP09790,Nisha Rao,Operations,38000,2022-01-14,On Leave,57
EMP09791,Neel Khan,IT,38000,2023-06-16,Inactive,21
EMP09792,Pooja Gupta,Sales,95000,2026-06-18,Active,27
EMP09793,Nisha Rao,Sales,38000,2021-08-24,Inactive,58
EMP09794,Karan Gupta,IT,42000,2023-06-24,Active,25
EMP09795,Ishaan Singh,Finance,60000,2025-10-23,Inactive,57
EMP09796,Arjun Khan,Sales,72000,2021-03-18,On Leave,33
EMP09797,Tara Sharma,Finance,72000,2024-03-23,Active,22
EMP09798,Sara Nair,IT,,2026-03-01,Active,49
EMP09799,Ishaan Rao,Finance,52000,2024-04-08,Active,42
EMP09800,Ishaan Khan,HR,95000,2022-04-14,Active,28
EMP06350,Riya Gupta,Sales,45000,2021-07-25,Inactive,57
EMP09802,Arjun Sharma,HR,95000,2025-01-01,On Leave,21
EMP09803,Tara Rao,HR,32000,2026-04-04,Inactive,41
EMP09804,Pooja Nair,HR,38000,2024-09-04,On Leave,37
EMP09805,Sara Sharma,Marketing,,2022-06-03,Active,40
EMP09806,Vihaan Singh,Finance,52000,2022-07-30,On Leave,37
EMP09807,Pooja Iyer,Operations,32000,2024-12-09,Active,29
EMP09808,Riya Mehta,IT,72000,2022-06-09,Active,48
EMP09809,Dev Nair,Operations,38000,2023-03-28,On Leave,24
EMP09810,Dev Mehta,IT,42000,2024-10-31,On Leave,55
EMP09811,Sara Gupta,Marketing,52000,2021-08-11,Inactive,26
EMP09812,Riya Singh,Finance,95000,2025-08-25,Active,40
EMP09813,Neel Das,Finance,38000,2026-03-30,Active,32
EMP09814,Pooja Sharma,Operations,42000,2024-08-23,Active,34
EMP09815,Maya Sharma,IT,52000,2024-04-23,Active,46
EMP09816,Ira Singh,HR,52000,2021-08-12,Inactive,55
EMP09817,Sara Mehta,Finance,95000,2024-12-11,On Leave,55
EMP09818,Diya Gupta,Finance,42000,2025-10-03,Active,33
EMP09819,Riya Das,Operations,95000,2025-07-26,On Leave,43
EMP09820,Tara Nair,Marketing,,2024-12-23,On Leave,42
EMP09821,Riya Gupta,Finance,38000,2021-03-24,On Leave,42
EMP09822,Maya Das,Sales,72000,2022-09-01,Active,38
EMP09823,Rahul Singh,HR,72000,2024-06-28,Active,58
EMP09824,Aarav Das,Sales,52000,2022-10-14,Inactive,56
EMP09825,Diya Iyer,Operations,80000,2021-04-03,Active,22
EMP09826,Kabir Singh,IT,72000,2023-11-07,Inactive,32
EMP09827,Aditya Singh,Operations,95000,2026-06-16,On Leave,53
EMP09828,Maya Rao,Marketing,52000,2023-11-21,On Leave,48
EMP09829,Aditya Sharma,Finance,60000,2022-03-09,Active,40
EMP09830,Tara Singh,Marketing,95000,2022-01-08,Active,58
EMP09831,Diya Mehta,IT,32000,not available,On Leave,44
EMP09832,Vihaan Khan,Operations,32000,2025-11-19,Active,21
EMP09833,Pooja Sharma,Finance,80000,2024-06-09,Active,43
EMP09834,Meera Rao,HR,72000,2025-04-07,Active,55
EMP09835,Dev Khan,IT,45000,2025-10-16,On Leave,32
EMP05902,Tara Das,Finance,32000,2024-05-08,Active,41
EMP09837,Karan Singh,HR,32000,2025-08-09,On Leave,24
EMP09838,Ira Iyer,Finance,72000,2025-11-03,Inactive,47
EMP09839,Riya Sharma,Sales,60000,2025-07-13,Inactive,41
EMP09840,Meera Rao,Sales,42000,2026-05-07,On Leave,44
EMP09841,Dev Rao,Operations,52000,2022-10-28,On Leave,41
EMP09842,Aarav Khan,Operations,52000,2021-03-22,On Leave,26
EMP09843,Ira Das,HR,72000,2024-03-11,On Leave,28
EMP09844,Nisha Das,Operations,32000,2024-05-26,Inactive,31
EMP09845,Diya Rao,IT,42000,2024-01-14,On Leave,29
EMP09846,Meera Patel,HR,42000,2023-05-17,On Leave,50
EMP09847,Vihaan Mehta,Sales,38000,2025-07-13,,38
EMP09848,Tara Das,Operations,42000,2025-07-27,Inactive,55
EMP09849,Maya Patel,Finance,72000,2026-02-28,Inactive,34
EMP09850,Ishaan Rao,HR,32000,2022-01-29,Inactive,47
EMP09851,Aditya Patel,IT,38000,2025-11-14,Inactive,30
EMP09852,Arjun Sharma,HR,72000,2022-04-20,Inactive,28
EMP09853,Tara Rao,HR,42000,2022-11-02,Active,55
EMP09854,Maya Gupta,Operations,95000,2026-05-11,Inactive,24
EMP09855,Riya Das,Marketing,45000,2026-05-09,Active,56
EMP09856,Ira Gupta,HR,95000,2022-07-08,Inactive,54
EMP09857,Karan Nair,HR,42000,2021-04-30,On Leave,33
EMP09858,Tara Das,Operations,72000,2026-01-05,On Leave,27
EMP09859,Rahul Nair,Operations,95000,2026-03-18,Inactive,24
EMP09860,Dev Khan,Sales,45000,2023-05-11,Active,57
EMP09861,Dev Nair,Sales,95000,2024-11-24,Inactive,43
EMP09862,Maya Das,IT,32000,2024-02-03,Active,45
EMP09863,Aditya Singh,Marketing,45000,2024-10-02,Inactive,54
EMP09864,Kabir Patel,IT,32000,2021-10-22,Active,36
EMP09865,Ira Iyer,Sales,52000,2026-05-30,Active,39
EMP09866,Ishaan Patel,Operations,42000,2024-07-12,On Leave,54
EMP09867,Meera Singh,Marketing,60000,2022-06-03,Active,34
EMP09868,Aarav Gupta,Finance,45000,2022-12-03,On Leave,27
EMP09869,Tara Rao,Operations,42000,2026-04-16,Active,40
EMP09870,Ira Rao,Operations,42000,2026-06-20,On Leave,41
EMP09871,Diya Singh,Marketing,38000,2022-11-24,Inactive,43
EMP09872,Rahul Patel,Operations,32000,2023-05-24,On Leave,49
EMP09873,Aarav Mehta,HR,72000,2024-09-04,Active,51
EMP09874,Ira Rao,,80000,2025-01-02,On Leave,39
EMP09875,Dev Mehta,Marketing,80000,2025-12-20,Active,45
EMP09876,Aditya Sharma,HR,60000,2021-01-27,Inactive,49
EMP09877,Nisha Singh,IT,95000,2026-05-02,On Leave,31
EMP09878,Meera Das,Operations,42000,2025-08-02,Active,24
EMP09879,Neel Rao,Finance,38000,2022-12-17,ACTIVE,30
EMP09880,Vihaan Khan,Operations,95000,2023-10-02,Active,58
EMP09881,Maya Patel,Marketing,38000,2022-08-09,Active,25
EMP09882,,HR,95000,2023-06-15,On Leave,25
EMP09883,Vihaan Das,Operations,38000,2024-01-01,On Leave,55
EMP09884,Kabir Sharma,Finance,72000,2023-11-12,Active,24
EMP09885,Ishaan Mehta,HR,72000,2025-03-05,Active,48
EMP09886,Nisha Khan,Sales,80000,2022-10-22,On Leave,52
EMP09887,Sara Sharma,Sales,80000,2022-08-27,Active,35
EMP09888,Pooja Singh,IT,45000,2025-04-05,,28
EMP09889,Vihaan Gupta,Finance,72000,2022-05-14,,44
EMP09890,Aarav Das,Finance,52000,2026-02-01,Active,35
EMP09891,Vihaan Khan,Operations,45000,2023-11-07,On Leave,54
EMP09892,Ira Mehta,Sales,38000,2026-03-28,On Leave,47
EMP09893,Meera Khan,Marketing,38000,2022-11-24,Active,46
EMP09894,Riya Khan,IT,95000,2024-04-13,Inactive,22
EMP09895,Arjun Iyer,Operations,95000,2024-11-13,On Leave,38
EMP09896,Anaya Patel,IT,72000,2024-12-10,On Leave,28
EMP09897,Dev Das,Sales,52000,2023-06-20,On Leave,49
EMP09898,Riya Mehta,HR,80000,2023-05-18,Active,55
EMP09899,Riya Khan,Marketing,60000,2022-04-25,On Leave,42
EMP09900,Diya Gupta,Operations,,2023-09-22,Inactive,57
EMP02125,Ira Gupta,IT,95000,2024-11-19,Active,37
EMP05349,Arjun Patel,HR,42000,2023-04-11,Inactive,23
EMP04742,Ira Das,Marketing,52000,2022-11-30,Active,21
EMP09264,Vihaan Gupta,HR,60000,2025-05-16,Inactive,38
EMP08732,Arjun Gupta,Operations,42000,2021-04-02,On Leave,37
EMP06488,Rahul Das,Operations,42000,2026-04-07,Active,35
EMP08073,Neel Rao,Sales,80000,2025-07-02,Active,50
EMP08384,Neel Das,Operations,38000,2025-02-05,On Leave,37
EMP01073,Pooja Nair,Sales,60000,2023-03-27,On Leave,23
EMP04075,Sara Mehta,Marketing,42000,2026-03-05,Active,41
EMP02472,Nisha Nair,Finance,72000,2026-04-08,Active,34
EMP03604,Neel Khan,Operations,38000,2021-10-01,Inactive,55
EMP09404,Tara Das,IT,38000,2023-11-06,On Leave,55
EMP07256,Diya Rao,Sales,95000,2024-04-11,Active,53
EMP01397,Maya Mehta,Sales,38000,2022-12-17,Inactive,35
EMP02870,Riya Sharma,HR,95000,2021-11-15,Inactive,47
EMP02888,Meera Sharma,Marketing,52000,2023-09-28,Active,45
EMP01271,Rahul Gupta,Sales,32000,2024-10-15,Active,45
EMP08621,Nisha Iyer,Operations,60000,2021-07-13,On Leave,39
EMP03109,Tara Mehta,Sales,80000,2025-06-23,Inactive,48
EMP08341,Sara Das,Marketing,80000,2026-05-09,Inactive,45
EMP04443,Kabir Rao,Marketing,95000,2023-11-10,On Leave,48
EMP08928,Meera Das,Sales,80000,2024-11-07,Active,32
EMP07012,Aarav Mehta,Operations,60000,2023-11-03,On Leave,43
EMP06444,Ira Gupta,Sales,45000,2024-12-15,On Leave,58
EMP08273,Tara Singh,HR,60000,2025-04-15,Inactive,56
EMP05113,Rahul Mehta,Finance,42000,2025-10-12,Inactive,35
EMP08218,Karan Nair,,32000,2023-10-03,Active,23
EMP00394,Arjun Sharma,IT,32000,2026-02-16,Inactive,thirty
EMP05985,Maya Patel,Sales,38000,2024-01-16,Inactive,28
EMP03008,Aarav Das,Sales,72000,2021-08-14,Inactive,55
EMP04119,Aarav Patel,Finance,95000,2021-02-26,Inactive,53
EMP09354,Nisha Mehta,Operations,72000,2023-09-09,Inactive,25
EMP07079,Kabir Iyer,IT,32000,2022-12-09,On Leave,58
EMP05894,Pooja Khan,Operations,72000,2022-10-11,Inactive,48
EMP04436,Aarav Iyer,IT,45000,2021-11-25,Active,55
EMP06120,Rahul Das,Finance,95000,2021-12-03,Inactive,37
EMP02518,Nisha Singh,Sales,95000,2023-10-15,Active,54
EMP04420,Aditya Iyer,Marketing,52000,2023-02-01,Inactive,33
EMP07137,Anaya Khan,IT,42000,2023-03-01,Active,24
EMP07062,Dev Khan,IT,45000,2021-07-20,On Leave,28
EMP00941,Karan Rao,Marketing,60000,2024-06-12,On Leave,44
EMP02787,Pooja Das,Sales,38000,2021-01-07,Active,32
EMP07865,Maya Gupta,Sales,80000,2022-08-25,Inactive,53
EMP06370,Ishaan Sharma,IT,45000,2021-04-13,Inactive,50
EMP00133,Diya Mehta,Sales,60000,2026-02-24,On Leave,23
EMP09377,Arjun Gupta,Sales,72000,2024-03-27,On Leave,34
EMP07945,Aditya Nair,IT,60000,2023-08-03,On Leave,31
EMP07531,Meera Sharma,HR,32000,2022-11-19,Inactive,26
EMP00778,Tara Nair,HR,45000,2026-06-11,Active,31
EMP04825,Ira Rao,Operations,38000,2021-03-14,On Leave,42
EMP07133,Aarav Sharma,Operations,42000,2023-05-29,On Leave,40
EMP03482,Ishaan Gupta,Finance,45000,2021-11-22,Inactive,45
EMP08263,Riya Mehta,Finance,45000,2025-12-03,Active,44
EMP02675,Anaya Gupta,Finance,95000,2023-05-16,Active,42
EMP01815,Tara Khan,HR,38000,2025-04-17,Inactive,57
EMP04225,Pooja Rao,Marketing,45000,2026-02-23,Inactive,55
EMP03155,Kabir Mehta,HR,52000,2021-03-27,On Leave,33
EMP00236,Pooja Iyer,Sales,42000,2024-06-26,On Leave,23
EMP05398,Meera Nair,Finance,52000,2026-01-09,On Leave,26
EMP06904,Sara Mehta,Sales,95000,2022-08-27,On Leave,48
EMP02558,Dev Nair,Marketing,95000,2024-04-14,On Leave,43
EMP09429,Ira Khan,Sales,32000,2025-09-07,Inactive,26
EMP02142,Arjun Patel,Sales,60000,2021-01-04,Active,42
EMP07622,Karan Das,Finance,72000,2022-02-19,On Leave,29
EMP03313,Rahul Patel,Marketing,42000,2023-09-11,On Leave,33
EMP01165,Ira Patel,IT,42000,2023-12-16,Inactive,31
EMP06517,Aditya Gupta,HR,52000,2021-04-27,Inactive,47
EMP00808,Maya Patel,Operations,38000,2024-07-25,Active,37
EMP07154,Pooja Singh,IT,52000,2024-03-20,On Leave,56
EMP03343,Diya Sharma,Marketing,80000,2025-05-27,Inactive,53
EMP06822,Sara Khan,HR,45000,2022-12-23,Inactive,49
EMP08086,Maya Iyer,Operations,72000,2022-10-18,Active,46
EMP04341,Neel Patel,IT,95000,2021-06-09,On Leave,38
EMP06088,Diya Sharma,HR,42000,2024-01-31,Inactive,45
EMP00319,Vihaan Nair,Sales,52000,2023-12-23,On Leave,27
EMP06164,Nisha Nair,HR,32000,2022-01-29,Inactive,43
EMP00559,Vihaan Singh,HR,42000,2026-05-23,Inactive,29
EMP05590,Nisha Gupta,HR,95000,2021-08-14,Inactive,49
EMP06153,Pooja Mehta,HR,80000,2021-02-25,Inactive,34
EMP04349,Rahul Patel,Finance,80000,2021-07-22,Inactive,26
EMP05431,Tara Gupta,Finance,42000,2024-10-18,Inactive,58
EMP05204,Karan Nair,IT,52000,2023-01-24,Inactive,34
EMP09625,Sara Khan,Operations,,2022-12-21,On Leave,26
EMP00690,Tara Singh,Sales,32000,2024-01-04,Active,45
EMP02912,Pooja Mehta,IT,60000,2023-11-11,Inactive,37
EMP03999,Tara Iyer,IT,52000,2025-08-02,On Leave,38
EMP06878,Rahul Nair,IT,38000,2024-09-06,Inactive,34
EMP09241,Karan Das,Finance,60000,2022-02-15,On Leave,39
EMP00030,Tara Sharma,IT,60000,2023-03-05,Inactive,47
EMP00556,Rahul Patel,Marketing,38000,2025-11-29,Active,51
EMP04780,Pooja Das,Sales,32000,2021-08-25,Inactive,50
EMP06794,Riya Mehta,Sales,80000,2023-12-04,On Leave,41
EMP07401,Ishaan Khan,Finance,95000,2021-04-23,Active,26
EMP07975,Ira Rao,HR,42000,2022-02-23,Active,56
EMP05072,Maya Sharma,Finance,60000,2026-03-24,Inactive,150
EMP02398,Tara Khan,IT,60000,2022-09-04,Inactive,46
EMP03608,Rahul Mehta,Sales,60000,2026-04-24,Inactive,32
EMP04106,Meera Mehta,IT,38000,2025-04-07,Active,55
EMP09200,Aarav Khan,Marketing,45000,2022-12-12,On Leave,28
