device_id,timestamp,temperature,humidity,status
D0009,2026-01-01 00:00:00,29.42,50.48,Critical
D0014,2026-01-01 00:05:00,24.21,42.89,Critical
D0065,2026-01-01 00:10:00,32.7,45.18,Normal
D0053,2026-01-01 00:15:00,26.1,37.39,Warning
,2026-01-01 00:20:00,33.86,46.51,Critical
D0056,2026-01-01 00:25:00,25.67,75.3,Normal
D0079,2026-01-01 00:30:00,30.76,89.01,Normal
D0022,2026-01-01 00:35:00,30.14,82.03,Critical
D0099,2026-01-01 00:40:00,28.85,78.87,Critical
D0041,2026-01-01 00:45:00,23.82,61.08,Critical
D0091,2026-01-01 00:50:00,30.54,59.26,Critical
D0026,2026-01-01 00:55:00,,80.83,Warning
D0043,2026-01-01 01:00:00,26.39,78.13,Normal
D0082,2026-01-01 01:05:00,30.09,200,Critical
D0089,2026-01-01 01:10:00,30.36,73.43,Critical
D0087,2026-01-01 01:15:00,30.87,84.87,Critical
D0003,2026-01-01 01:20:00,26.22,82.66,Warning
D0012,2026-01-01 01:25:00,26.48,70.26,Critical
D0067,2026-01-01 01:30:00,30.35,88.77,Critical
D0014,2026-01-01 01:35:00,31.19,35.08,Warning
D0069,2026-01-01 01:40:00,32.9,81.92,Normal
D0100,2026-01-01 01:45:00,31.12,65.3,Normal
D0096,2026-01-01 01:50:00,29.49,43.54,Warning
D0003,2026-01-01 01:55:00,22.08,83.48,Warning
D0094,2026-01-01 02:00:00,34.55,47.22,Warning
D0030,2026-01-01 02:05:00,32.48,59.0,Normal
D0047,2026-01-01 02:10:00,34.33,38.24,Critical
D0063,2026-01-01 02:15:00,19.72,38.67,Warning
D0001,2026-01-01 02:20:00,27.35,77.4,Critical
D0002,2026-01-01 02:25:00,29.79,51.82,Critical
D0032,2026-01-01 02:30:00,32.54,71.71,Warning
D0089,2026-01-01 02:35:00,29.73,56.87,Warning
D0051,2026-01-01 02:40:00,25.88,84.33,Warning
D0093,2026-01-01 02:45:00,23.27,87.42,Normal
D0049,2026-01-01 02:50:00,28.76,55.91,Normal
D0058,2026-01-01 02:55:00,20.45,66.12,Critical
D0088,2026-01-01 03:00:00,29.44,35.69,Normal
D0026,2026-01-01 03:05:00,27.36,84.36,Normal
D0095,2026-01-01 03:10:00,32.57,39.89,Critical
D0007,2026-01-01 03:15:00,30.77,77.02,Normal
D0096,2026-01-01 03:20:00,27.19,88.82,Critical
D0036,2026-01-01 03:25:00,25.78,75.13,Normal
D0082,2026-01-01 03:30:00,27.72,87.6,Critical
D0098,2026-01-01 03:35:00,27.07,45.0,Critical
D0070,2026-01-01 03:40:00,30.86,83.76,Critical
D0082,2026-01-01 03:45:00,31.8,89.06,Warning
D0021,2026-01-01 03:50:00,26.8,80.04,Warning
D0081,2026-01-01 03:55:00,29.04,79.07,Critical
D0081,2026-01-01 04:00:00,high,63.08,Warning
D0076,2026-01-01 04:05:00,31.37,46.66,Normal
D0002,2026-01-01 04:10:00,32.23,66.64,Critical
D0074,2026-01-01 04:15:00,28.02,59.07,Critical
D0036,2026-01-01 04:20:00,29.19,56.05,Normal
D0031,2026-01-01 04:25:00,27.95,83.75,Normal
D0087,2026-01-01 04:30:00,26.23,52.48,Normal
D0065,2026-01-01 04:35:00,27.52,45.41,Normal
D0099,2026-01-01 04:40:00,30.67,40.84,Normal
D0086,2026-01-01 04:45:00,24.2,39.65,Critical
D0067,2026-01-01 04:50:00,37.51,88.01,Critical
D0062,2026-01-01 04:55:00,26.63,39.91,Warning
D0088,2026-01-01 05:00:00,30.52,67.36,Critical
D0076,2026-01-01 05:05:00,26.59,59.15,Normal
D0085,2026-01-01 05:10:00,36.18,46.23,Warning
D0075,2026-01-01 05:15:00,32.41,55.77,Normal
D0023,2026-01-01 05:20:00,29.01,81.05,Normal
D0065,2026-01-01 05:25:00,29.29,56.51,Critical
D0094,2026-01-01 05:30:00,30.77,86.01,
D0016,2026-01-01 05:35:00,31.23,76.15,Warning
D0075,2026-01-01 05:40:00,31.14,69.5,Warning
D0045,2026-01-01 05:45:00,27.08,42.39,Critical
D0046,2026-01-01 05:50:00,28.11,88.36,Critical
D0048,2026-01-01 05:55:00,33.44,72.88,Normal
D0034,2026-01-01 06:00:00,26.68,79.6,Normal
D0091,2026-01-01 06:05:00,27.73,52.14,Normal
D0001,2026-01-01 06:10:00,29.48,57.85,Warning
D0045,2026-01-01 06:15:00,25.42,35.12,Critical
D0046,2026-01-01 06:20:00,28.38,86.21,normal
D0079,2026-01-01 06:25:00,27.2,42.87,Normal
D0033,2026-01-01 06:30:00,24.78,51.7,Warning
D0087,2026-01-01 06:35:00,27.39,68.95,Critical
D0026,2026-01-01 06:40:00,26.23,44.94,Normal
D0012,2026-01-01 06:45:00,21.19,38.11,Normal
D0029,2026-01-01 06:50:00,29.66,81.25,Critical
D0089,2026-01-01 06:55:00,29.46,35.23,Normal
D0002,2026-01-01 07:00:00,29.55,79.56,Warning
D0085,2026-01-01 07:05:00,32.49,74.74,Normal
D0013,2026-01-01 07:10:00,34.59,79.52,Warning
D0072,2026-01-01 07:15:00,32.03,65.64,Warning
D0054,2026-01-01 07:20:00,30.81,61.41,Critical
D0018,2026-01-01 07:25:00,29.54,42.53,Warning
D0060,2026-01-01 07:30:00,29.38,57.03,Critical
D0042,2026-01-01 07:35:00,36.23,72.42,Critical
D0081,2026-01-01 07:40:00,28.01,47.91,Normal
D0036,2026-01-01 07:45:00,30.49,48.14,Normal
D0039,2026-01-01 07:50:00,23.08,70.79,Normal
D0070,2026-01-01 07:55:00,28.95,52.43,Normal
D0084,2026-01-01 08:00:00,27.16,72.47,Normal
D0087,2026-01-01 08:05:00,30.61,55.43,Warning
D0027,2026-01-01 08:10:00,28.9,76.86,Warning
D0001,2026-01-01 08:15:00,25.09,80.92,Warning
D0009,2026-01-01 08:20:00,25.32,59.8,Normal
D0016,2026-01-01 08:25:00,27.9,81.95,Normal
D0066,2026-01-01 08:30:00,28.51,60.95,Normal
D0052,2026-01-01 08:35:00,36.06,35.45,Normal
D0065,2026-01-01 08:40:00,26.28,40.45,Normal
D0026,2026-01-01 08:45:00,29.65,60.6,Warning
D0092,2026-01-01 08:50:00,33.62,43.7,Warning
D0091,2026-01-01 08:55:00,30.67,46.17,Warning
D0003,2026-01-01 09:00:00,,54.3,Critical
D0002,2026-01-01 09:05:00,36.4,61.72,Normal
device-01,2026-01-01 09:10:00,27.12,69.1,Warning
D0051,2026-01-01 09:15:00,22.32,45.05,Warning
D0049,2026-01-01 09:20:00,28.66,66.93,Normal
D0037,2026-01-01 09:25:00,35.12,49.58,Critical
D0009,2026-01-01 09:30:00,26.87,73.21,Normal
D0069,2026-01-01 09:35:00,31.21,52.6,Warning
D0076,2026-01-01 09:40:00,26.6,36.15,Normal
D0019,2026-01-01 09:45:00,29.1,48.75,Normal
D0086,2026-01-01 09:50:00,32.17,52.51,Critical
D0038,2026-01-01 09:55:00,33.64,38.89,Critical
D0040,2026-01-01 10:00:00,29.7,64.21,Normal
D0004,2026-01-01 10:05:00,25.12,42.61,Critical
D0033,2026-01-01 10:10:00,35.21,48.86,Warning
D0036,2026-01-01 10:15:00,29.55,55.6,Warning
D0054,2026-01-01 10:20:00,28.09,75.8,Critical
D0057,2026-01-01 10:25:00,28.33,84.99,Normal
D0015,2026-01-01 10:30:00,29.0,75.95,Warning
d0004,2026-01-01 10:35:00,30.71,49.87,Normal
D0063,2026-01-01 10:40:00,25.91,56.82,Critical
D0004,2026-01-01 10:45:00,29.42,41.4,Warning
D0033,2026-01-01 10:50:00,37.28,84.45,Normal
D0020,2026-01-01 10:55:00,26.14,70.49,Normal
D0063,2026-01-01 11:00:00,24.74,55.53,Warning
D0038,2026-01-01 11:05:00,27.81,44.95,Normal
D0029,2026-01-01 11:10:00,25.62,49.32,Warning
D0091,2026-01-01 11:15:00,26.9,70.21,Critical
D0013,2026-01-01 11:20:00,35.47,76.32,Warning
D0035,2026-01-01 11:25:00,28.92,35.66,Critical
D0020,2026-01-01 11:30:00,26.65,69.67,Critical
D0062,2026-01-01 11:35:00,23.29,85.13,Critical
D0089,2026-01-01 11:40:00,35.74,59.49,Warning
D0061,2026-01-01 11:45:00,26.09,50.73,Normal
D0050,2026-01-01 11:50:00,30.44,45.17,Critical
D0084,2026-01-01 11:55:00,24.6,47.35,Normal
D0076,2026-01-01 12:00:00,29.5,88.45,Critical
D0045,2026-01-01 12:05:00,29.36,85.21,Critical
D0024,2026-01-01 12:10:00,24.98,87.2,Warning
D0091,2026-01-01 12:15:00,23.4,78.13,Normal
D0017,2026-01-01 12:20:00,33.69,53.46,
D0068,2026-01-01 12:25:00,27.75,72.9,Critical
D0045,2026-01-01 12:30:00,24.73,38.1,Normal
D0039,2026-01-01 12:35:00,23.89,55.44,Warning
D0066,2026-01-01 12:40:00,27.56,73.21,Critical
D0030,2026-01-01 12:45:00,37.69,81.88,Normal
D0039,2026-01-01 12:50:00,31.22,39.45,Normal
D0061,2026-01-01 12:55:00,26.03,71.69,Warning
D0042,2026-01-01 13:00:00,21.98,67.64,Normal
D0074,2026-01-01 13:05:00,23.6,88.76,Warning
D0005,2026-01-01 13:10:00,29.33,63.45,Warning
D0089,2026-01-01 13:15:00,26.79,60.36,Critical
D0041,2026-01-01 13:20:00,35.88,39.88,Warning
D0048,2026-01-01 13:25:00,37.78,77.14,Normal
D0024,2026-01-01 13:30:00,34.46,85.83,Warning
D0033,2026-01-01 13:35:00,26.66,61.33,Warning
D0058,2026-01-01 13:40:00,21.32,70.83,Critical
D0028,2026-01-01 13:45:00,37.7,61.52,Warning
D0054,2026-01-01 13:50:00,28.97,87.23,Warning
D0048,2026-01-01 13:55:00,28.81,84.84,Critical
D0055,2026-01-01 14:00:00,35.09,43.02,Warning
D0097,2026-01-01 14:05:00,33.59,37.5,Normal
D0087,2026-01-01 14:10:00,29.54,75.18,Normal
D0094,2026-01-01 14:15:00,25.17,63.06,Warning
D0052,2026-01-01 14:20:00,33.24,62.29,Critical
D0036,2026-01-01 14:25:00,33.01,60.02,Warning
device-01,2026-01-01 14:30:00,20.76,87.79,Normal
D0083,2026-01-01 14:35:00,33.51,46.74,Warning
D0010,2026-01-01 14:40:00,26.42,40.74,Critical
D0013,2026-01-01 14:45:00,30.33,39.33,Normal
D0046,2026-01-01 14:50:00,31.79,43.32,Normal
D0046,2026-01-01 14:55:00,26.13,43.39,Critical
D0008,2026-01-01 15:00:00,27.83,59.69,Critical
D0047,2026-01-01 15:05:00,32.41,88.9,Warning
D0097,2026-01-01 15:10:00,30.07,44.91,Critical
D0042,2026-01-01 15:15:00,26.59,63.9,Normal
D0055,2026-01-01 15:20:00,26.83,84.04,Warning
D0002,2026-01-01 15:25:00,28.97,63.93,Warning
D0094,2026-01-01 15:30:00,23.27,83.54,Critical
D0031,2026-01-01 15:35:00,37.7,85.46,Normal
D0039,2026-01-01 15:40:00,27.94,75.9,Critical
D0055,2026-01-01 15:45:00,,50.86,Critical
D0031,2026-01-01 15:50:00,31.9,57.92,Warning
D0042,2026-01-01 15:55:00,18.21,38.16,Warning
D0035,2026-01-01 16:00:00,26.3,37.03,Normal
D0020,2026-01-01 16:05:00,26.85,56.55,Warning
D0082,2026-01-01 16:10:00,26.55,40.33,Normal
D0026,2026-01-01 16:15:00,30.07,80.91,Warning
D0083,2026-01-01 16:20:00,19.09,63.69,Critical
D0053,2026-01-01 16:25:00,33.49,73.99,Critical
D0064,2026-01-01 16:30:00,24.36,52.88,Critical
D0096,2026-01-01 16:35:00,27.48,65.41,Critical
D0045,2026-01-01 16:40:00,28.51,43.43,Warning
D0047,2026-01-01 16:45:00,150,58.7,Critical
D0009,2026-01-01 16:50:00,31.0,61.55,Critical
D0097,2026-01-01 16:55:00,31.39,52.72,Warning
D0087,2026-01-01 17:00:00,25.76,72.25,Critical
D0075,2026-01-01 17:05:00,28.02,79.98,warning
D0044,2026-01-01 17:10:00,32.54,43.03,Critical
D0014,2026-01-01 17:15:00,38.7,39.48,Critical
D0016,2026-01-01 17:20:00,26.21,40.57,Normal
D0081,2026-01-01 17:25:00,34.84,61.66,Normal
D0092,2026-01-01 17:30:00,24.02,60.17,Normal
D0100,2026-01-01 17:35:00,27.47,65.58,normal
D0048,2026-01-01 17:40:00,26.64,66.38,Normal
D0045,2026-01-01 17:45:00,29.35,40.83,Critical
D0097,2026-01-01 17:50:00,27.9,80.97,Normal
D0046,2026-01-01 17:55:00,28.48,46.93,Critical
D0008,2026-01-01 18:00:00,28.63,59.69,Normal
D0035,2026-01-01 18:05:00,36.31,74.33,Warning
D0055,2026-01-01 18:10:00,35.64,68.25,Warning
D0073,2026-01-01 18:15:00,32.9,79.14,Warning
D0061,2026-01-01 18:20:00,28.59,39.34,Normal
D0038,2026-01-01 18:25:00,26.43,88.65,Critical
D0086,2026-01-01 18:30:00,32.02,40.0,Normal
D0042,2026-01-01 18:35:00,23.43,88.31,Critical
D0071,2026-01-01 18:40:00,26.0,40.52,Critical
D0064,2026-01-01 18:45:00,32.09,,Normal
D0074,2026-01-01 18:50:00,29.57,56.55,Normal
D0063,2026-01-01 18:55:00,30.01,53.6,Critical
D0014,2026-01-01 19:00:00,34.94,54.87,Critical
D0074,2026-01-01 19:05:00,28.45,46.08,Warning
D0069,2026-01-01 19:10:00,33.26,68.44,Critical
D0087,2026-01-01 19:15:00,,74.2,Critical
D0029,2026-01-01 19:20:00,38.23,86.28,Warning
D0042,2026-01-01 19:25:00,26.48,56.59,Normal
D0094,2026-01-01 19:30:00,30.56,52.74,Warning
D0064,2026-01-01 19:35:00,29.0,72.39,Critical
D0012,2026-01-01 19:40:00,26.69,75.75,Critical
D0031,2026-01-01 19:45:00,24.27,88.24,Critical
D0098,2026-01-01 19:50:00,21.83,67.48,Critical
D0078,2026-01-01 19:55:00,30.62,44.33,Critical
D0019,2026-01-01 20:00:00,30.0,46.04,Warning
D0006,2026-01-01 20:05:00,25.11,58.2,Critical
D0012,2026-01-01 20:10:00,30.29,46.21,Critical
D0008,2026-01-01 20:15:00,30.35,38.68,Normal
D0021,2026-01-01 20:20:00,25.53,53.36,Warning
D0022,2026-01-01 20:25:00,34.54,57.97,Warning
D0096,2026-01-01 20:30:00,23.66,76.94,Warning
D0053,2026-01-01 20:35:00,25.94,86.91,Warning
D0074,2026-01-01 20:40:00,33.28,78.27,Critical
D0074,2026-01-01 20:45:00,25.73,61.88,Critical
D0041,2026-01-01 20:50:00,23.04,43.47,Normal
D0045,2026-01-01 20:55:00,27.92,45.83,Normal
D0006,2026-01-01 21:00:00,31.27,77.87,Warning
D0017,2026-01-01 21:05:00,36.9,80.23,Warning
D0063,2026-01-01 21:10:00,29.46,56.1,Critical
D0075,2026-01-01 21:15:00,37.5,79.73,Warning
,2026-01-01 21:20:00,33.07,80.45,Warning
D0026,2026-01-01 21:25:00,25.19,71.15,Critical
D0031,2026-01-01 21:30:00,31.61,68.06,Normal
D0030,2026-01-01 21:35:00,28.82,58.46,Warning
D0036,2026-01-01 21:40:00,29.12,65.2,Normal
D0035,2026-01-01 21:45:00,23.22,78.45,Critical
D0014,2026-01-01 21:50:00,26.19,87.27,Warning
D0096,2026-01-01 21:55:00,39.35,83.51,Critical
D0091,2026-01-01 22:00:00,20.84,62.51,Normal
D0055,2026-01-01 22:05:00,27.76,60.42,Critical
D0047,2026-01-01 22:10:00,28.42,39.55,Normal
D0034,2026-01-01 22:15:00,22.56,77.88,Critical
D0039,2026-01-01 22:20:00,36.02,88.0,Warning
D0034,2026-01-01 22:25:00,24.27,65.49,Warning
D0068,2026-01-01 22:30:00,34.08,56.96,Critical
D0025,2026-01-01 22:35:00,30.77,58.94,Normal
D0038,2026-01-01 22:40:00,27.89,44.32,Critical
D0076,2026-01-01 22:45:00,30.51,78.09,Critical
D0036,2026-01-01 22:50:00,29.25,48.47,Warning
D0064,2026-01-01 22:55:00,36.61,76.97,Normal
D0092,2026-01-01 23:00:00,24.14,67.19,Normal
D0023,2026-01-01 23:05:00,25.56,78.36,Warning
D0071,2026-01-01 23:10:00,26.17,42.81,Warning
D0006,2026-01-01 23:15:00,26.87,59.99,Normal
D0083,2026-01-01 23:20:00,28.63,80.43,Warning
D0027,2026-01-01 23:25:00,26.57,,Warning
D0059,2026-01-01 23:30:00,32.55,57.17,Warning
D0088,2026-01-01 23:35:00,34.43,69.49,Critical
D0100,2026-01-01 23:40:00,31.17,67.94,Critical
D0041,2026-01-01 23:45:00,31.69,60.14,Warning
D0076,2026-01-01 23:50:00,33.16,68.21,Warning
D0097,2026-01-01 23:55:00,22.77,75.89,Normal
D0014,2026-01-02 00:00:00,27.77,57.83,Warning
D0056,2026-01-02 00:05:00,24.88,57.34,Critical
D0055,2026-01-02 00:10:00,27.39,71.11,Critical
D0020,2026-01-02 00:15:00,29.13,74.54,Critical
D0038,2026-01-02 00:20:00,30.12,59.01,Warning
D0095,2026-01-02 00:25:00,34.36,88.74,Critical
D0052,2026-01-02 00:30:00,21.82,52.11,Critical
D0015,2026-01-02 00:35:00,29.74,48.88,Critical
D0088,2026-01-02 00:40:00,29.59,71.79,Critical
D0071,2026-01-02 00:45:00,33.71,68.39,Normal
D0004,2026-01-02 00:50:00,25.5,71.92,Critical
D0045,2026-01-02 00:55:00,30.84,58.15,Normal
D0002,2026-01-02 01:00:00,27.21,84.84,Critical
D0045,2026-01-02 01:05:00,31.17,74.95,Critical
D0076,2026-01-02 01:10:00,22.39,61.74,Normal
D0018,2026-01-02 01:15:00,30.49,77.49,Warning
D0065,2026-01-02 01:20:00,32.64,58.05,Critical
D0070,2026-01-02 01:25:00,30.53,67.56,Critical
D0073,2026-01-02 01:30:00,24.67,52.71,Critical
D0076,2026-01-02 01:35:00,32.99,40.35,Warning
D0050,2026-01-02 01:40:00,22.25,48.63,Warning
D0016,2026-01-02 01:45:00,27.66,67.06,Normal
D0061,2026-01-02 01:50:00,32.75,69.9,Warning
D0054,2026-01-02 01:55:00,24.1,77.58,Critical
D0085,2026-01-02 02:00:00,28.16,67.87,Critical
D0087,2026-01-02 02:05:00,23.63,47.65,Normal
D0083,2026-01-02 02:10:00,32.68,44.09,Critical
D0091,2026-01-02 02:15:00,26.36,46.43,Normal
D0099,2026-01-02 02:20:00,38.75,55.01,Normal
D0006,2026-01-02 02:25:00,,67.43,Normal
D0087,2026-01-02 02:30:00,28.54,63.05,Warning
D0052,2026-01-02 02:35:00,35.77,50.31,Critical
D0007,2026-01-02 02:40:00,33.82,43.99,Warning
D0047,2026-01-02 02:45:00,35.88,60.43,Normal
D0098,2026-01-02 02:50:00,30.36,47.73,Normal
D0029,2026-01-02 02:55:00,31.74,41.04,Warning
D0029,2026-01-02 03:00:00,25.42,45.51,Normal
D0013,2026-01-02 03:05:00,31.65,45.91,Warning
D0088,2026-01-02 03:10:00,30.25,81.3,Critical
D0090,2026-01-02 03:15:00,31.14,66.66,Normal
D0095,2026-01-02 03:20:00,23.92,66.59,Warning
D0070,2026-01-02 03:25:00,36.25,78.27,Critical
D0066,2026-01-02 03:30:00,,51.8,Critical
D0042,2026-01-02 03:35:00,34.0,71.77,Critical
D0068,2026-01-02 03:40:00,23.92,54.25,Critical
D0095,2026-01-02 03:45:00,26.52,62.0,Normal
D0038,2026-01-02 03:50:00,29.04,75.18,Critical
D0030,2026-01-02 03:55:00,27.95,69.26,Warning
D0050,2026-01-02 04:00:00,24.94,83.39,Normal
D0058,2026-01-02 04:05:00,28.14,60.38,Critical
D0094,2026-01-02 04:10:00,31.18,75.76,Normal
D0008,2026-01-02 04:15:00,20.62,79.91,Warning
D0077,2026-01-02 04:20:00,33.84,61.65,Normal
D0086,2026-01-02 04:25:00,21.74,35.76,Warning
D0054,2026-01-02 04:30:00,20.67,43.41,Warning
D0021,2026-01-02 04:35:00,28.8,50.2,Warning
D0080,2026-01-02 04:40:00,27.36,53.94,Critical
D0052,2026-01-02 04:45:00,28.55,75.69,Warning
D0094,2026-01-02 04:50:00,31.25,69.08,Normal
D0100,2026-01-02 04:55:00,22.89,76.35,Normal
D0091,2026-01-02 05:00:00,25.73,53.68,Warning
D0026,2026-01-02 05:05:00,32.72,51.21,Critical
D0001,2026-01-02 05:10:00,30.86,85.03,Warning
D0062,2026-01-02 05:15:00,23.14,74.42,Critical
D0086,2026-01-02 05:20:00,34.94,53.33,Normal
D0084,2026-01-02 05:25:00,34.92,50.92,Normal
D0050,2026-01-02 05:30:00,23.56,54.59,Critical
D0082,2026-01-02 05:35:00,23.15,87.26,Warning
D0071,2026-01-02 05:40:00,31.18,40.87,Normal
D0043,2026-01-02 05:45:00,29.46,78.94,Normal
D0058,2026-01-02 05:50:00,30.62,72.37,Warning
D0054,2026-01-02 05:55:00,34.81,88.1,Critical
D0074,2026-01-02 06:00:00,27.68,58.89,Warning
D0015,2026-01-02 06:05:00,31.98,41.88,Warning
D0089,2026-01-02 06:10:00,24.59,47.84,Normal
D0092,2026-01-02 06:15:00,31.65,74.59,Normal
D0024,2026-01-02 06:20:00,24.71,84.63,Normal
D0017,2026-01-02 06:25:00,28.83,39.1,Warning
D0014,2026-01-02 06:30:00,26.67,45.26,Normal
D0058,2026-01-02 06:35:00,33.02,85.89,Critical
,2026-01-02 06:40:00,29.99,eighty,Normal
D0016,2026-01-02 06:45:00,26.24,42.01,Warning
D0072,2026-01-02 06:50:00,22.62,62.55,Critical
D0090,,28.48,48.6,Warning
D0006,2026-01-02 07:00:00,24.23,89.15,Critical
D0050,2026-01-02 07:05:00,30.17,88.47,Warning
D0069,2026-01-02 07:10:00,37.32,58.57,Critical
D0006,2026-01-02 07:15:00,33.15,63.6,Warning
D0070,2026-01-02 07:20:00,27.23,62.23,Warning
D0042,2026-01-02 07:25:00,37.15,65.16,Normal
D0056,2026-01-02 07:30:00,30.84,38.49,Normal
D0027,2026-01-02 07:35:00,39.35,78.0,Warning
D0039,2026-01-02 07:40:00,31.43,64.44,Critical
D0007,2026-01-02 07:45:00,25.24,58.26,Normal
D0017,2026-01-02 07:50:00,30.34,88.4,Critical
D0045,2026-01-02 07:55:00,35.04,53.54,Normal
D0059,2026-01-02 08:00:00,27.35,73.7,Critical
D0054,2026-01-02 08:05:00,32.17,49.39,Normal
D0085,2026-01-02 08:10:00,29.14,38.04,Critical
D0043,2026-01-02 08:15:00,27.96,68.2,Critical
D0077,2026-01-02 08:20:00,29.38,76.12,Normal
D0066,2026-01-02 08:25:00,31.88,55.5,Normal
D0026,2026-01-02 08:30:00,34.3,56.92,Normal
D0100,2026-01-02 08:35:00,30.23,61.43,Warning
D0049,2026-01-02 08:40:00,31.77,87.05,Warning
D0085,2026-01-02 08:45:00,30.65,59.28,Critical
D0046,2026-01-02 08:50:00,31.66,49.63,Normal
D0095,2026-01-02 08:55:00,33.09,47.99,Warning
D0027,2026-01-02 09:00:00,32.04,66.48,Normal
D0028,2026-01-02 09:05:00,28.54,60.27,Critical
D0011,2026-01-02 09:10:00,24.4,36.51,Normal
D0023,2026-01-02 09:15:00,26.75,47.08,Warning
D0028,2026-01-02 09:20:00,26.65,49.72,Normal
D0011,2026-01-02 09:25:00,26.7,52.8,Warning
D0058,2026-01-02 09:30:00,32.28,73.83,Warning
D0048,2026-01-02 09:35:00,24.38,64.78,Critical
D0006,2026-01-02 09:40:00,24.65,77.61,Warning
D0028,2026-01-02 09:45:00,29.26,62.86,Critical
D0071,2026-01-02 09:50:00,30.94,37.77,Critical
D0014,2026-01-02 09:55:00,32.21,51.4,Warning
D0086,2026-01-02 10:00:00,29.52,54.29,Normal
D0004,2026-01-02 10:05:00,26.46,63.82,Normal
D0032,2026-01-02 10:10:00,21.97,89.51,Warning
D0018,2026-01-02 10:15:00,19.09,36.87,Critical
D0005,2026-01-02 10:20:00,26.1,52.3,Warning
D0005,2026-01-02 10:25:00,29.93,82.47,Critical
D0050,2026-01-02 10:30:00,30.32,,Warning
D0077,2026-01-02 10:35:00,35.69,47.64,Warning
D0024,2026-01-02 10:40:00,30.12,75.23,Critical
D0077,2026-01-02 10:45:00,19.52,48.56,Normal
D0090,2026-01-02 10:50:00,28.64,66.41,Normal
D0031,2026-01-02 10:55:00,25.43,80.31,Critical
D0042,2026-01-02 11:00:00,31.71,35.17,Warning
D0055,2026-01-02 11:05:00,25.58,66.6,Warning
D0010,2026-01-02 11:10:00,30.73,84.38,Warning
D0073,2026-01-02 11:15:00,26.78,56.84,Critical
D0062,2026-01-02 11:20:00,26.48,64.84,Normal
D0059,2026-01-02 11:25:00,38.22,74.49,Normal
D0003,2026-01-02 11:30:00,28.29,88.0,Warning
D0095,2026-01-02 11:35:00,29.61,63.46,Normal
D0039,2026-01-02 11:40:00,27.23,59.28,Warning
D0060,2026-01-02 11:45:00,32.13,76.73,Normal
D0015,2026-01-02 11:50:00,36.34,73.34,Critical
D0054,2026-01-02 11:55:00,28.49,79.92,Critical
D0048,2026-01-02 12:00:00,32.26,61.86,Critical
D0032,2026-25-01 12:00:00,25.98,76.77,Critical
D0012,2026-01-02 12:10:00,22.7,44.31,Critical
D0077,2026-01-02 12:15:00,36.32,88.89,Critical
D0031,2026-01-02 12:20:00,27.52,65.72,Warning
D0030,2026-01-02 12:25:00,30.71,61.18,Warning
D0026,2026-01-02 12:30:00,33.61,56.17,Warning
D0033,2026-01-02 12:35:00,25.15,83.17,Normal
D0090,2026-01-02 12:40:00,26.77,89.43,Normal
D0056,2026-01-02 12:45:00,27.5,67.63,Normal
D0053,2026-01-02 12:50:00,32.05,87.4,Normal
D0051,2026-01-02 12:55:00,26.24,67.21,Warning
D0047,2026-01-02 13:00:00,25.22,47.53,Warning
D0008,2026-01-02 13:05:00,23.46,50.34,Warning
D0024,2026-01-02 13:10:00,28.43,50.28,Normal
D0066,2026-01-02 13:15:00,25.26,44.82,Warning
D0073,2026-01-02 13:20:00,26.08,89.62,Warning
D0060,2026-01-02 13:25:00,31.52,47.81,Warning
D0063,2026-01-02 13:30:00,23.08,72.5,Normal
D0078,2026-01-02 13:35:00,27.46,52.72,Critical
D0005,2026-01-02 13:40:00,33.52,70.92,Critical
D0016,2026-01-02 13:45:00,27.07,38.74,Warning
D0045,2026-01-02 13:50:00,26.09,61.99,Warning
D0089,2026-01-02 13:55:00,29.51,68.77,Normal
D0021,2026-01-02 14:00:00,27.23,61.57,Warning
D0019,2026-01-02 14:05:00,28.32,74.69,Critical
D0038,2026-01-02 14:10:00,30.33,74.66,Warning
D0032,2026-01-02 14:15:00,33.47,72.28,Warning
D0009,2026-01-02 14:20:00,28.01,83.44,Normal
D0025,2026-01-02 14:25:00,32.42,55.66,Warning
D0013,2026-01-02 14:30:00,26.0,60.31,Normal
D0013,2026-01-02 14:35:00,33.44,66.91,Warning
D0065,2026-01-02 14:40:00,29.17,46.18,Warning
D0017,2026-01-02 14:45:00,28.46,85.15,Normal
D0026,2026-01-02 14:50:00,31.66,59.85,Normal
D0013,2026-01-02 14:55:00,24.54,51.64,Warning
D0008,2026-01-02 15:00:00,32.46,60.2,Normal
D0027,2026-01-02 15:05:00,29.07,77.34,Critical
D0027,2026-01-02 15:10:00,28.4,45.64,Critical
D0088,2026-01-02 15:15:00,29.96,68.04,Warning
D0052,2026-01-02 15:20:00,26.91,55.41,Warning
D0026,2026-01-02 15:25:00,31.21,49.1,Normal
D0077,2026-01-02 15:30:00,35.25,72.03,Normal
D0064,2026-01-02 15:35:00,27.36,53.71,Critical
D0003,2026-01-02 15:40:00,26.04,75.66,Critical
D0047,2026-01-02 15:45:00,30.12,82.18,Warning
D0042,2026-01-02 15:50:00,32.87,74.54,Critical
D0043,2026-01-02 15:55:00,23.81,79.62,Normal
D0037,2026-01-02 16:00:00,27.41,65.78,Warning
D0078,2026-01-02 16:05:00,33.03,78.36,Warning
D0002,2026-01-02 16:10:00,27.51,66.44,Normal
D0096,2026-01-02 16:15:00,21.24,38.64,Warning
D0065,2026-01-02 16:20:00,30.1,73.77,Warning
D0064,2026-01-02 16:25:00,26.16,71.82,Normal
D0063,2026-01-02 16:30:00,24.0,64.21,Normal
D0097,2026-01-02 16:35:00,28.78,59.46,Critical
D0039,2026-01-02 16:40:00,30.38,41.16,Normal
D0081,2026-01-02 16:45:00,30.71,73.42,Warning
D0042,2026-01-02 16:50:00,27.54,80.04,Warning
D0039,2026-01-02 16:55:00,23.58,83.07,Critical
D0092,2026-01-02 17:00:00,28.08,87.48,Normal
D0095,2026-01-02 17:05:00,25.59,,Normal
D0069,2026-01-02 17:10:00,27.16,60.72,Critical
D0001,2026-01-02 17:15:00,26.1,69.43,Warning
D0097,2026-01-02 17:20:00,36.04,44.57,Warning
D0098,2026-01-02 17:25:00,28.34,51.8,Normal
D0032,2026-01-02 17:30:00,30.06,79.99,Warning
D0060,2026-01-02 17:35:00,27.3,79.08,Warning
,2026-01-02 17:40:00,33.9,79.47,Normal
D0094,2026-01-02 17:45:00,26.08,54.65,Critical
D0078,2026-01-02 17:50:00,29.85,44.82,Warning
D0095,2026-01-02 17:55:00,25.51,74.13,Warning
D0078,2026-01-02 18:00:00,30.94,38.68,Critical
D0022,2026-01-02 18:05:00,31.68,79.44,Normal
D0070,2026-01-02 18:10:00,31.46,64.65,Critical
D0034,2026-01-02 18:15:00,26.64,68.78,Normal
D0093,2026-01-02 18:20:00,27.83,36.06,Warning
D0011,2026-01-02 18:25:00,20.92,57.82,Critical
D0030,2026-01-02 18:30:00,29.82,56.41,Warning
D0002,2026-01-02 18:35:00,32.67,61.62,Critical
D0087,2026-01-02 18:40:00,27.43,58.68,Warning
D0069,2026-01-02 18:45:00,28.29,45.03,Normal
D0096,2026-01-02 18:50:00,17.95,83.06,Normal
D0006,2026-01-02 18:55:00,31.39,68.57,Critical
D0034,2026-01-02 19:00:00,22.97,64.37,Normal
D0036,2026-01-02 19:05:00,26.77,66.97,Normal
D0100,2026-01-02 19:10:00,34.91,79.6,Critical
D0087,2026-01-02 19:15:00,26.56,76.26,Normal
D0082,2026-01-02 19:20:00,150,63.75,Critical
D0080,2026-01-02 19:25:00,31.16,72.67,Warning
D0095,2026-01-02 19:30:00,30.86,85.52,Critical
D0043,2026-01-02 19:35:00,32.86,44.38,Warning
D0079,2026-01-02 19:40:00,26.71,48.72,Normal
D0053,2026-01-02 19:45:00,21.25,46.38,Normal
D0096,2026-01-02 19:50:00,33.76,77.82,Warning
D0020,2026-01-02 19:55:00,30.59,75.65,Normal
D0084,2026-01-02 20:00:00,22.29,58.94,Critical
D0077,2026-01-02 20:05:00,23.47,37.27,Critical
D0088,2026-01-02 20:10:00,30.38,44.61,Warning
D0022,2026-01-02 20:15:00,26.34,39.41,Normal
D0035,2026-01-02 20:20:00,32.22,77.23,Critical
D0069,2026-01-02 20:25:00,29.77,85.29,Critical
D0052,2026-01-02 20:30:00,39.47,55.28,Critical
D0062,2026-01-02 20:35:00,32.18,72.45,Critical
D0004,2026-01-02 20:40:00,24.6,58.13,Normal
D0099,2026-01-02 20:45:00,32.77,80.66,Warning
D0018,2026-01-02 20:50:00,24.89,78.28,Critical
D0084,2026-01-02 20:55:00,27.19,40.69,Critical
D0010,2026-01-02 21:00:00,29.7,85.93,Critical
D0091,2026-01-02 21:05:00,27.56,83.32,Warning
D0089,2026-01-02 21:10:00,34.95,80.95,Warning
D0059,2026-01-02 21:15:00,31.72,66.88,Warning
D0036,2026-01-02 21:20:00,24.9,76.13,Critical
D0047,2026-01-02 21:25:00,25.04,89.33,Warning
D0055,2026-01-02 21:30:00,24.74,69.73,Normal
D0048,2026-01-02 21:35:00,28.37,52.56,Warning
D0037,2026-01-02 21:40:00,28.48,81.9,Normal
D0061,2026-01-02 21:45:00,30.48,76.32,Normal
D0025,2026-01-02 21:50:00,36.72,74.52,Normal
D0065,2026-01-02 21:55:00,29.9,61.95,Critical
D0097,2026-01-02 22:00:00,24.04,51.35,Critical
D0031,2026-01-02 22:05:00,24.29,52.08,Critical
D0038,2026-01-02 22:10:00,24.21,68.3,Critical
D0061,2026-01-02 22:15:00,N/A,73.1,Normal
D0040,2026-01-02 22:20:00,32.53,75.17,Normal
D0041,2026-01-02 22:25:00,26.48,46.59,Critical
D0032,2026-01-02 22:30:00,30.28,36.41,Normal
D0038,2026-01-02 22:35:00,30.19,47.75,Normal
D0071,2026-01-02 22:40:00,32.41,65.23,Normal
D0097,2026-01-02 22:45:00,29.98,59.96,Normal
D0025,2026-01-02 22:50:00,25.52,50.26,Critical
D0029,2026-01-02 22:55:00,29.28,57.73,Critical
D0023,2026-01-02 23:00:00,29.44,88.05,Normal
D0043,2026-01-02 23:05:00,29.97,80.21,Warning
D0050,2026-01-02 23:10:00,29.71,71.3,Warning
D0010,2026-01-02 23:15:00,26.53,66.63,Normal
D0079,2026-01-02 23:20:00,29.66,44.84,Warning
D0054,2026-01-02 23:25:00,22.21,42.54,Warning
d0004,2026-01-02 23:30:00,26.67,81.45,Critical
D0030,2026-01-02 23:35:00,32.78,62.65,Critical
D0003,2026-01-02 23:40:00,32.31,38.67,Normal
D0054,2026-01-02 23:45:00,28.31,80.16,Normal
D0069,2026-01-02 23:50:00,30.28,41.32,Warning
D0050,2026-01-02 23:55:00,31.61,59.63,Normal
D0049,2026-01-03 00:00:00,27.24,86.99,Warning
D0068,2026-01-03 00:05:00,24.51,48.58,Warning
D0045,2026-01-03 00:10:00,28.74,82.84,Critical
D0025,2026-01-03 00:15:00,32.05,68.14,Warning
D0021,2026-01-03 00:20:00,33.44,76.8,Critical
D0077,2026-01-03 00:25:00,28.92,72.62,Critical
D0024,2026-01-03 00:30:00,31.08,88.47,Normal
D0052,2026-01-03 00:35:00,28.88,,Critical
D0066,2026-01-03 00:40:00,27.53,55.96,Normal
D0014,2026-01-03 00:45:00,32.85,86.3,Normal
D0073,2026-01-03 00:50:00,28.09,68.93,Critical
D0095,2026-01-03 00:55:00,31.63,85.64,Warning
D0081,2026-01-03 01:00:00,27.65,35.99,Warning
D0084,2026-01-03 01:05:00,30.17,37.24,Normal
D0042,2026-01-03 01:10:00,28.85,73.63,Critical
D0060,2026-01-03 01:15:00,24.15,68.93,Warning
D0061,2026-01-03 01:20:00,23.87,79.51,Warning
D0054,2026-01-03 01:25:00,37.3,48.63,Normal
D0074,2026-01-03 01:30:00,30.0,85.09,Normal
D0081,2026-01-03 01:35:00,35.88,70.98,Critical
D0044,2026-01-03 01:40:00,24.56,44.58,Warning
D0032,2026-01-03 01:45:00,23.6,50.74,Normal
D0008,2026-01-03 01:50:00,30.03,41.87,Warning
D0059,2026-01-03 01:55:00,29.35,46.36,Critical
D0048,2026-01-03 02:00:00,29.09,84.54,Normal
D0004,2026-01-03 02:05:00,25.34,45.13,
D0084,2026-01-03 02:10:00,35.4,67.79,Critical
D0036,2026-01-03 02:15:00,31.96,83.05,Warning
D0060,2026-01-03 02:20:00,29.57,66.33,Warning
D0098,2026-01-03 02:25:00,27.11,85.0,Critical
D0063,2026-01-03 02:30:00,25.97,38.27,Warning
D0013,2026-01-03 02:35:00,31.5,64.48,Normal
D0099,2026-01-03 02:40:00,33.06,69.06,Warning
D0033,2026-01-03 02:45:00,28.54,89.93,Normal
D0094,2026-01-03 02:50:00,26.3,45.29,critical
d0004,2026-01-03 02:55:00,32.43,79.04,Critical
D0091,2026-01-03 03:00:00,25.73,55.02,Warning
D0097,2026-01-03 03:05:00,20.63,82.94,Critical
D0031,2026-01-03 03:10:00,30.0,41.63,Warning
D0043,2026-01-03 03:15:00,25.51,66.45,Normal
,2026-01-03 03:20:00,25.66,62.17,Critical
D0027,2026-01-03 03:25:00,29.55,55.14,Warning
D0082,2026-01-03 03:30:00,24.62,36.05,Warning
D0011,2026-01-03 03:35:00,26.91,47.36,Warning
D0063,2026-01-03 03:40:00,34.05,88.24,Warning
D0027,2026-01-03 03:45:00,19.27,89.34,Warning
D0014,2026-01-03 03:50:00,33.82,67.17,Critical
D0060,2026-01-03 03:55:00,28.61,62.37,Normal
D0064,2026-01-03 04:00:00,24.19,89.99,Normal
D0051,2026-01-03 04:05:00,29.04,78.76,Normal
D0074,2026-01-03 04:10:00,28.89,44.93,Warning
D0076,2026-01-03 04:15:00,27.43,86.52,Critical
D0010,2026-01-03 04:20:00,36.42,38.84,Critical
D0099,2026-01-03 04:25:00,31.77,53.49,Critical
D0093,2026-01-03 04:30:00,32.75,56.31,Critical
D0033,2026-01-03 04:35:00,26.64,72.81,Normal
D0040,2026-01-03 04:40:00,27.28,43.16,Normal
D0031,2026-01-03 04:45:00,28.44,40.41,Warning
D0066,2026-01-03 04:50:00,25.55,86.97,Critical
D0050,2026-01-03 04:55:00,31.61,61.37,Warning
D0094,2026-01-03 05:00:00,32.41,37.37,Warning
D0023,2026-01-03 05:05:00,24.66,66.5,Normal
D0061,2026-01-03 05:10:00,25.8,55.93,Normal
device-01,2026-01-03 05:15:00,39.6,49.99,Warning
D0070,2026-01-03 05:20:00,39.32,81.56,Critical
D0041,2026-01-03 05:25:00,26.61,37.3,Warning
D0073,2026-01-03 05:30:00,27.94,49.39,Warning
D0075,2026-01-03 05:35:00,28.44,45.55,Warning
D0005,2026-01-03 05:40:00,30.74,85.03,Normal
D0024,2026-01-03 05:45:00,30.1,78.36,Critical
D0086,2026-01-03 05:50:00,26.68,78.01,Normal
D0009,2026-01-03 05:55:00,28.13,55.9,Normal
D0009,2026-01-03 06:00:00,33.12,46.58,Critical
D0026,2026-01-03 06:05:00,25.92,62.69,Normal
D0052,2026-01-03 06:10:00,27.9,54.29,Critical
D0097,2026-01-03 06:15:00,31.55,40.14,Normal
D0024,2026-01-03 06:20:00,36.68,88.58,Warning
D0046,2026-01-03 06:25:00,22.68,70.03,Warning
D0089,2026-01-03 06:30:00,29.15,66.18,Critical
D0047,2026-01-03 06:35:00,25.11,86.37,Critical
D0083,2026-01-03 06:40:00,29.15,81.45,Normal
D0056,2026-01-03 06:45:00,high,86.11,Normal
D0095,2026-01-03 06:50:00,25.02,89.99,Normal
D0039,2026-01-03 06:55:00,28.31,53.81,Warning
D0077,01/32/2026 10:00,29.75,48.92,Normal
D0092,2026-01-03 07:05:00,26.25,78.75,Normal
D0057,2026-01-03 07:10:00,34.74,64.76,Critical
D0058,2026-01-03 07:15:00,32.14,50.48,Warning
D0062,2026-01-03 07:20:00,26.44,75.92,Warning
D0050,2026-01-03 07:25:00,30.05,,Normal
D0087,2026-01-03 07:30:00,27.27,66.64,Warning
D0082,2026-01-03 07:35:00,24.11,64.31,Critical
D0079,2026-01-03 07:40:00,22.48,69.7,Critical
D0056,2026-01-03 07:45:00,27.14,69.5,Critical
D0084,2026-01-03 07:50:00,33.53,69.77,Warning
D0028,2026-01-03 07:55:00,26.48,67.12,Critical
D0067,2026-01-03 08:00:00,23.36,66.21,Critical
D0055,2026-01-03 08:05:00,25.42,45.38,Normal
D0004,2026-01-03 08:10:00,30.49,38.69,Warning
D0076,2026-01-03 08:15:00,27.76,62.03,Warning
D0091,2026-01-03 08:20:00,29.25,84.09,Warning
D0010,2026-01-03 08:25:00,25.39,69.4,Critical
D0100,2026-01-03 08:30:00,31.23,66.46,Normal
D0066,2026-01-03 08:35:00,27.63,56.07,Normal
D0090,2026-01-03 08:40:00,27.32,66.01,Critical
D0023,2026-01-03 08:45:00,26.15,42.32,Warning
D0079,2026-01-03 08:50:00,,62.25,Critical
D0028,2026-01-03 08:55:00,25.01,63.91,Warning
D0029,2026-01-03 09:00:00,27.87,64.93,Warning
D0024,2026-01-03 09:05:00,23.96,71.96,Normal
D0072,2026-01-03 09:10:00,20.05,45.93,Normal
D0078,2026-01-03 09:15:00,28.51,59.4,Warning
D0061,2026-01-03 09:20:00,25.12,89.28,Critical
D0034,2026-01-03 09:25:00,30.67,85.29,Critical
D0032,2026-01-03 09:30:00,32.31,39.8,Normal
D0098,2026-01-03 09:35:00,35.04,84.37,Critical
D0007,2026-01-03 09:40:00,28.54,58.9,Normal
D0010,2026-01-03 09:45:00,21.9,66.18,Warning
D0009,2026-01-03 09:50:00,28.73,41.16,Critical
D0030,2026-01-03 09:55:00,30.8,70.92,Warning
D0097,2026-01-03 10:00:00,29.91,50.64,Warning
D0003,2026-01-03 10:05:00,27.61,48.99,Normal
D0093,2026-01-03 10:10:00,28.98,63.76,Normal
D0030,2026-01-03 10:15:00,32.41,37.07,Warning
D0001,2026-01-03 10:20:00,26.09,81.41,Normal
D0018,2026-01-03 10:25:00,31.93,47.55,Normal
D0036,2026-01-03 10:30:00,29.41,73.28,Normal
D0099,2026-01-03 10:35:00,29.18,81.11,Warning
D0019,2026-01-03 10:40:00,24.89,42.31,Critical
D0041,,32.3,69.17,Normal
D0086,2026-01-03 10:50:00,35.82,52.09,Critical
D0010,2026-01-03 10:55:00,28.58,48.45,Normal
D0057,2026-01-03 11:00:00,23.41,45.41,Normal
D0051,2026-01-03 11:05:00,30.15,59.27,Normal
D0033,2026-01-03 11:10:00,31.75,64.39,Normal
D0017,2026-01-03 11:15:00,28.64,77.61,Warning
D0079,2026-01-03 11:20:00,31.36,59.15,Normal
D0032,2026-01-03 11:25:00,28.75,40.2,Normal
D0007,2026-01-03 11:30:00,29.53,77.83,Normal
D0079,2026-01-03 11:35:00,34.85,38.62,Normal
D0035,2026-01-03 11:40:00,27.2,36.09,Warning
D0041,2026-01-03 11:45:00,28.23,49.94,Warning
D0034,2026-01-03 11:50:00,30.52,86.44,Critical
D0017,2026-01-03 11:55:00,33.61,56.91,Warning
D0075,2026-01-03 12:00:00,40.9,67.4,Critical
D0100,2026-01-03 12:05:00,33.28,58.86,Warning
D0065,2026-01-03 12:10:00,36.72,62.38,Normal
D0013,2026-01-03 12:15:00,20.4,52.33,Warning
D0048,2026-01-03 12:20:00,31.48,68.22,Critical
D0087,2026-01-03 12:25:00,24.79,40.83,Critical
D0067,2026-01-03 12:30:00,34.23,63.94,Critical
D0011,2026-01-03 12:35:00,29.03,77.12,Critical
D0027,2026-01-03 12:40:00,31.52,43.16,
D0041,2026-01-03 12:45:00,32.75,57.66,Critical
D0066,2026-01-03 12:50:00,29.45,45.24,Warning
D0085,2026-01-03 12:55:00,28.87,41.61,Normal
D0044,2026-01-03 13:00:00,22.11,51.56,Critical
D0063,2026-01-03 13:05:00,27.27,71.29,Warning
D0054,2026-01-03 13:10:00,23.7,53.97,Normal
D0030,2026-01-03 13:15:00,31.29,85.04,Normal
D0011,2026-01-03 13:20:00,30.0,71.79,Critical
D0098,2026-01-03 13:25:00,32.38,52.96,Normal
D0092,2026-01-03 13:30:00,30.04,82.76,Normal
D0051,2026-01-03 13:35:00,26.64,60.19,Critical
D0045,2026-01-03 13:40:00,32.49,61.11,Warning
D0060,2026-01-03 13:45:00,23.03,68.23,Critical
D0090,2026-01-03 13:50:00,34.75,49.79,Warning
D0068,2026-01-03 13:55:00,25.68,46.47,Normal
D0098,2026-01-03 14:00:00,30.26,81.8,Critical
D0025,2026-01-03 14:05:00,22.37,77.51,Critical
D0027,2026-01-03 14:10:00,25.93,69.55,Critical
D0074,2026-01-03 14:15:00,25.92,70.0,Critical
D0046,2026-01-03 14:20:00,26.38,61.55,Normal
D0073,2026-01-03 14:25:00,26.46,68.57,Warning
D0027,2026-01-03 14:30:00,26.25,86.51,Critical
D0079,2026-01-03 14:35:00,35.86,86.25,Warning
D0006,2026-01-03 14:40:00,35.49,55.93,Warning
D0004,2026-01-03 14:45:00,26.27,75.08,Critical
D0077,2026-01-03 14:50:00,37.29,78.81,Warning
D0035,2026-01-03 14:55:00,23.91,36.23,Critical
D0025,2026-01-03 15:00:00,29.94,74.49,Warning
D0011,2026-01-03 15:05:00,29.36,71.19,Warning
D0058,2026-01-03 15:10:00,26.24,61.43,Normal
D0045,2026-01-03 15:15:00,30.44,51.42,Normal
D0053,2026-01-03 15:20:00,28.87,59.55,Warning
D0083,2026-01-03 15:25:00,28.08,64.85,Critical
D0045,2026-01-03 15:30:00,29.12,67.54,Warning
D0080,2026-01-03 15:35:00,28.35,42.31,Critical
D0008,2026-01-03 15:40:00,21.22,66.36,Warning
D0089,2026-01-03 15:45:00,36.51,89.24,Warning
D0045,2026-01-03 15:50:00,28.7,42.76,Warning
D0002,2026-01-03 15:55:00,35.49,79.49,Normal
D0098,2026-01-03 16:00:00,22.25,55.98,Warning
D0058,2026-01-03 16:05:00,33.75,66.09,Warning
D0088,2026-01-03 16:10:00,31.7,89.3,Normal
D0050,2026-01-03 16:15:00,unknown,82.71,warning
D0055,2026-01-03 16:20:00,26.43,,Critical
D0081,2026-01-03 16:25:00,25.56,87.46,Critical
D0060,2026-01-03 16:30:00,,77.63,Normal
D0022,2026-01-03 16:35:00,28.83,,Warning
D0100,2026-01-03 16:40:00,20.52,55.53,Critical
D0057,2026-01-03 16:45:00,35.38,39.13,Normal
D0017,2026-01-03 16:50:00,22.34,62.27,Normal
D0002,2026-01-03 16:55:00,150,49.86,Critical
D0061,2026-01-03 17:00:00,26.47,47.73,Critical
D0058,2026-01-03 17:05:00,32.6,50.92,Warning
D0060,2026-01-03 17:10:00,31.02,88.04,Normal
D0097,2026-01-03 17:15:00,31.82,47.59,Normal
D0099,2026-01-03 17:20:00,25.5,58.2,Warning
D0036,2026-01-03 17:25:00,28.07,48.32,Normal
D0087,2026-01-03 17:30:00,28.16,60.0,Normal
D0025,2026-01-03 17:35:00,24.96,40.39,Warning
D0012,2026-01-03 17:40:00,30.83,81.8,Critical
D0055,01/32/2026 10:00,28.59,54.86,Warning
D0046,2026-01-03 17:50:00,31.05,42.49,Critical
D0079,2026-01-03 17:55:00,29.95,63.26,Critical
D0019,2026-01-03 18:00:00,23.12,46.06,Warning
D0018,2026-01-03 18:05:00,37.7,89.84,Warning
D0050,2026-01-03 18:10:00,34.58,78.73,Critical
D0002,2026-01-03 18:15:00,29.14,58.85,Warning
D0089,2026-01-03 18:20:00,26.48,42.92,Normal
D0027,2026-01-03 18:25:00,39.91,39.41,Critical
D0052,2026-01-03 18:30:00,21.38,63.95,Normal
d0004,2026-01-03 18:35:00,25.18,55.29,Normal
D0049,2026-01-03 18:40:00,29.49,80.05,Warning
D0095,2026-01-03 18:45:00,31.22,56.48,Critical
D0059,2026-01-03 18:50:00,38.57,54.2,Critical
D0006,2026-01-03 18:55:00,31.61,63.74,Warning
D0064,2026-01-03 19:00:00,29.85,58.17,Warning
D0013,2026-01-03 19:05:00,29.92,79.51,Normal
D0060,2026-01-03 19:10:00,30.14,51.96,Normal
D0059,2026-01-03 19:15:00,26.91,57.68,Critical
D0010,2026-01-03 19:20:00,23.17,50.72,Critical
D0090,2026-01-03 19:25:00,27.59,83.26,Critical
D0018,2026-01-03 19:30:00,31.68,44.61,Critical
D0007,2026-01-03 19:35:00,,56.14,Warning
D0035,2026-01-03 19:40:00,34.89,48.43,Critical
D0039,2026-01-03 19:45:00,30.4,52.3,Normal
D0044,2026-01-03 19:50:00,28.06,60.87,Normal
D0073,2026-01-03 19:55:00,28.66,77.21,Normal
D0038,2026-01-03 20:00:00,37.68,85.53,Warning
D0097,2026-01-03 20:05:00,30.99,82.05,Warning
D0015,2026-01-03 20:10:00,29.47,69.17,Normal
D0087,2026-01-03 20:15:00,27.22,83.28,Critical
D0083,2026-01-03 20:20:00,26.8,79.13,Critical
D0082,2026-01-03 20:25:00,31.42,77.26,Critical
D0083,2026-01-03 20:30:00,29.01,66.11,Warning
D0031,2026-01-03 20:35:00,30.65,51.33,Normal
D0011,2026-01-03 20:40:00,26.59,43.84,Critical
D0049,2026-01-03 20:45:00,31.76,45.43,Normal
D0017,2026-01-03 20:50:00,23.83,88.22,Critical
D0068,2026-01-03 20:55:00,30.28,44.66,Critical
D0003,2026-01-03 21:00:00,29.73,40.93,Normal
D0094,2026-01-03 21:05:00,25.96,73.05,Warning
D0064,2026-01-03 21:10:00,27.23,43.52,Normal
D0040,2026-01-03 21:15:00,22.59,56.75,Warning
D0011,2026-01-03 21:20:00,23.03,36.32,Critical
D0088,2026-01-03 21:25:00,29.98,66.38,Critical
D0075,2026-01-03 21:30:00,29.55,42.83,Warning
D0086,2026-01-03 21:35:00,41.68,46.54,Normal
D0032,2026-01-03 21:40:00,26.65,77.5,Normal
D0092,2026-01-03 21:45:00,24.07,60.26,Normal
D0099,2026-01-03 21:50:00,24.39,55.37,Critical
D0085,2026-01-03 21:55:00,35.76,79.96,Warning
D0017,2026-01-03 22:00:00,27.28,46.71,Warning
D0038,2026-01-03 22:05:00,28.47,68.74,Normal
device-01,2026-01-03 22:10:00,36.41,73.19,Normal
D0031,2026-01-03 22:15:00,27.7,53.82,Warning
D0011,2026-01-03 22:20:00,34.51,82.18,Critical
D0066,2026-01-03 22:25:00,25.08,87.45,Normal
D0054,2026-01-03 22:30:00,28.52,46.83,Normal
D0065,2026-01-03 22:35:00,37.28,77.17,Critical
D0050,2026-01-03 22:40:00,24.06,70.83,Critical
D0008,2026-01-03 22:45:00,25.64,64.05,Critical
D0051,2026-01-03 22:50:00,31.77,71.8,Critical
D0055,2026-01-03 22:55:00,27.67,37.09,Critical
D0033,2026-01-03 23:00:00,32.36,35.75,Normal
D0024,2026-01-03 23:05:00,38.24,59.22,Warning
D0057,2026-01-03 23:10:00,34.72,60.75,Critical
D0045,2026-01-03 23:15:00,22.57,62.73,Critical
D0039,2026-01-03 23:20:00,31.54,44.66,Normal
D0014,2026-01-03 23:25:00,26.11,69.02,Critical
D0026,2026-01-03 23:30:00,,46.34,Critical
D0030,2026-01-03 23:35:00,31.43,73.34,Normal
D0045,2026-01-03 23:40:00,26.22,48.26,Normal
D0005,2026-01-03 23:45:00,26.68,67.39,Warning
D0083,2026-01-03 23:50:00,29.53,71.21,Warning
D0014,2026-01-03 23:55:00,29.49,46.25,Normal
D0086,2026-01-04 00:00:00,26.53,73.56,Warning
D0010,2026-01-04 00:05:00,25.73,65.78,Critical
D0037,2026-01-04 00:10:00,21.38,86.07,Warning
D0003,2026-01-04 00:15:00,28.68,71.43,Normal
D0074,2026-01-04 00:20:00,18.26,82.56,Critical
D0042,2026-01-04 00:25:00,28.26,80.19,Normal
D0077,2026-01-04 00:30:00,28.57,72.17,Critical
D0038,2026-01-04 00:35:00,26.92,50.33,Warning
D0029,2026-01-04 00:40:00,36.98,83.82,Warning
D0071,2026-01-04 00:45:00,32.43,66.45,Warning
D0037,2026-01-04 00:50:00,24.85,40.15,Critical
D0090,2026-01-04 00:55:00,26.07,52.32,Warning
D0011,2026-01-04 01:00:00,27.78,79.2,Warning
D0051,2026-01-04 01:05:00,33.16,52.35,Critical
D0100,2026-01-04 01:10:00,23.47,83.0,Normal
D0089,2026-01-04 01:15:00,26.6,48.1,Critical
D0058,2026-01-04 01:20:00,34.25,86.94,Normal
D0069,2026-01-04 01:25:00,30.54,74.38,Critical
D0049,2026-01-04 01:30:00,34.84,46.55,Warning
D0039,2026-01-04 01:35:00,27.09,77.34,Warning
D0081,2026-01-04 01:40:00,29.24,65.96,Warning
D0011,2026-01-04 01:45:00,26.51,79.99,Warning
D0054,2026-01-04 01:50:00,33.3,55.59,Critical
,2026-01-04 01:55:00,25.6,46.46,Warning
D0062,2026-01-04 02:00:00,32.02,46.18,Warning
D0053,2026-01-04 02:05:00,28.75,36.71,Normal
D0022,2026-01-04 02:10:00,,87.88,Critical
D0057,2026-01-04 02:15:00,22.48,51.19,Normal
D0043,2026-01-04 02:20:00,25.08,57.99,Critical
D0043,2026-01-04 02:25:00,26.24,53.09,
D0038,2026-01-04 02:30:00,32.75,82.74,Normal
D0035,2026-01-04 02:35:00,21.32,59.3,Normal
D0049,2026-01-04 02:40:00,25.44,63.74,Critical
D0031,2026-01-04 02:45:00,24.59,46.29,Normal
D0076,2026-01-04 02:50:00,30.46,60.23,Normal
D0077,2026-01-04 02:55:00,31.9,54.14,Normal
D0052,2026-01-04 03:00:00,32.34,47.41,Normal
D0004,2026-01-04 03:05:00,26.96,59.23,Critical
D0044,2026-01-04 03:10:00,32.4,77.86,Normal
D0086,2026-01-04 03:15:00,31.2,81.85,Normal
D0049,2026-01-04 03:20:00,29.92,,Normal
D0020,2026-01-04 03:25:00,23.45,84.34,Normal
D0046,2026-01-04 03:30:00,26.46,56.92,Critical
D0097,2026-01-04 03:35:00,25.09,49.56,Warning
D0092,2026-01-04 03:40:00,32.49,38.79,Normal
D0083,2026-01-04 03:45:00,29.17,55.14,Critical
D0003,2026-01-04 03:50:00,24.0,45.04,Critical
D0020,2026-01-04 03:55:00,22.5,48.21,Normal
D0066,2026-01-04 04:00:00,31.98,43.39,Warning
D0094,2026-01-04 04:05:00,31.54,49.11,Normal
D0006,2026-01-04 04:10:00,31.08,79.94,Critical
D0003,2026-01-04 04:15:00,33.46,40.42,Normal
D0088,2026-01-04 04:20:00,26.96,64.5,Normal
D0045,2026-01-04 04:25:00,30.95,36.04,Normal
D0074,2026-01-04 04:30:00,26.23,42.7,Warning
D0077,2026-01-04 04:35:00,34.26,50.44,Warning
D0040,2026-01-04 04:40:00,26.2,49.15,Normal
D0030,2026-01-04 04:45:00,27.53,84.85,Warning
D0050,2026-01-04 04:50:00,38.57,70.46,Warning
D0035,2026-01-04 04:55:00,29.68,74.79,Warning
D0015,2026-01-04 05:00:00,24.5,73.28,Warning
D0049,2026-01-04 05:05:00,31.23,87.98,Normal
D0055,2026-01-04 05:10:00,35.85,67.21,Normal
D0002,2026-01-04 05:15:00,36.24,88.63,Normal
D0084,2026-01-04 05:20:00,27.52,52.56,Normal
D0084,2026-01-04 05:25:00,26.69,51.21,Critical
D0039,2026-01-04 05:30:00,27.36,37.55,Warning
D0016,2026-01-04 05:35:00,26.28,49.75,Critical
D0094,2026-01-04 05:40:00,31.88,77.03,Critical
D0051,2026-01-04 05:45:00,29.99,76.9,Warning
D0093,2026-01-04 05:50:00,31.86,45.72,Warning
D0041,2026-01-04 05:55:00,30.58,36.21,Critical
D0092,2026-01-04 06:00:00,30.96,59.12,Critical
D0034,2026-01-04 06:05:00,26.98,47.84,Critical
D0009,2026-01-04 06:10:00,25.0,81.66,Critical
D0047,2026-01-04 06:15:00,25.48,60.74,Normal
D0028,2026-01-04 06:20:00,26.36,39.94,Critical
D0063,2026-01-04 06:25:00,32.24,84.62,Critical
D0016,2026-01-04 06:30:00,27.64,68.59,Critical
D0084,2026-01-04 06:35:00,28.27,80.02,Warning
D0044,2026-01-04 06:40:00,33.04,78.14,Warning
D0001,2026-01-04 06:45:00,unknown,38.22,Warning
D0035,2026-01-04 06:50:00,28.35,47.24,Critical
D0095,2026-01-04 06:55:00,33.29,63.45,Normal
D0004,2026-01-04 07:00:00,26.32,76.98,Critical
D0012,2026-01-04 07:05:00,21.63,46.42,Critical
D0021,2026-01-04 07:10:00,28.49,43.45,Warning
D0032,2026-01-04 07:15:00,33.18,82.69,Normal
D0061,2026-01-04 07:20:00,32.9,69.67,Normal
D0064,2026-01-04 07:25:00,26.35,55.57,Critical
D0028,2026-01-04 07:30:00,24.54,36.05,Normal
D0033,2026-01-04 07:35:00,27.39,76.94,Normal
D0090,2026-01-04 07:40:00,39.73,74.86,Warning
D0094,2026-01-04 07:45:00,25.2,58.97,Normal
D0070,2026-01-04 07:50:00,29.18,67.05,Warning
D0068,2026-01-04 07:55:00,38.54,43.65,Warning
D0033,2026-01-04 08:00:00,34.45,36.82,Normal
D0088,2026-01-04 08:05:00,34.85,66.43,Warning
D0086,2026-01-04 08:10:00,26.35,87.98,Warning
D0085,2026-01-04 08:15:00,31.88,63.91,Critical
D0084,2026-01-04 08:20:00,29.21,63.44,Warning
D0018,2026-01-04 08:25:00,24.87,86.69,Normal
D0083,2026-01-04 08:30:00,29.45,86.09,Warning
D0052,2026-01-04 08:35:00,33.1,82.21,Warning
D0019,2026-01-04 08:40:00,36.38,49.41,Critical
D0027,2026-01-04 08:45:00,33.32,51.67,Normal
D0036,2026-01-04 08:50:00,30.08,45.23,Normal
D0029,2026-01-04 08:55:00,29.99,52.5,Warning
D0083,2026-01-04 09:00:00,27.46,49.43,Critical
D0090,2026-01-04 09:05:00,22.73,62.84,Critical
D0008,2026-01-04 09:10:00,27.66,84.5,Warning
D0070,2026-01-04 09:15:00,30.26,76.94,Normal
D0056,2026-01-04 09:20:00,high,74.28,Normal
D0001,2026-01-04 09:25:00,28.12,79.2,Normal
D0081,2026-01-04 09:30:00,31.76,55.74,Warning
D0001,2026-01-04 09:35:00,34.15,59.08,Warning
D0010,2026-01-04 09:40:00,31.68,87.98,Normal
D0006,2026-01-04 09:45:00,30.15,72.4,Warning
D0072,2026-01-04 09:50:00,34.31,50.98,Warning
D0090,2026-01-04 09:55:00,30.87,39.17,Warning
D0008,2026-01-04 10:00:00,25.25,60.97,Normal
D0083,2026-01-04 10:05:00,30.39,66.69,Critical
D0090,2026-01-04 10:10:00,31.57,65.97,Normal
D0044,2026-01-04 10:15:00,31.42,80.74,Warning
D0008,2026-01-04 10:20:00,27.48,64.41,Critical
D0009,2026-01-04 10:25:00,34.7,80.97,Critical
D0064,2026-01-04 10:30:00,36.46,61.86,Normal
D0063,2026-01-04 10:35:00,33.6,48.99,Normal
D0024,2026-01-04 10:40:00,33.32,41.62,Warning
D0071,2026-01-04 10:45:00,23.84,74.7,Warning
D0089,2026-01-04 10:50:00,26.13,66.18,Warning
D0014,2026-01-04 10:55:00,35.2,47.55,Warning
D0092,2026-01-04 11:00:00,33.57,47.74,Critical
D0064,2026-01-04 11:05:00,28.9,53.9,Warning
D0037,2026-01-04 11:10:00,35.81,80.87,Critical
D0013,2026-01-04 11:15:00,24.78,77.75,Normal
D0005,2026-01-04 11:20:00,30.38,74.75,Critical
D0084,2026-01-04 11:25:00,26.49,87.0,Normal
D0092,2026-01-04 11:30:00,31.48,54.13,Normal
D0025,2026-01-04 11:35:00,40.87,57.48,Critical
D0088,2026-01-04 11:40:00,32.37,82.28,Critical
D0058,2026-01-04 11:45:00,31.7,84.71,Critical
D0096,2026-01-04 11:50:00,28.75,36.79,Normal
D0046,2026-01-04 11:55:00,19.72,55.89,Warning
D0049,2026-01-04 12:00:00,28.88,74.54,Normal
D0057,2026-01-04 12:05:00,,67.62,Critical
D0005,2026-01-04 12:10:00,27.36,52.39,Warning
D0028,2026-01-04 12:15:00,27.27,68.16,Warning
D0014,2026-01-04 12:20:00,31.44,59.29,Warning
D0073,2026-01-04 12:25:00,23.44,50.62,Warning
D0051,2026-01-04 12:30:00,29.22,42.09,Critical
D0061,2026-01-04 12:35:00,24.9,59.57,Warning
D0004,2026-01-04 12:40:00,28.78,62.09,Critical
D0081,2026-01-04 12:45:00,29.23,74.88,Warning
D0017,2026-01-04 12:50:00,23.84,43.45,Critical
D0001,2026-01-04 12:55:00,32.8,56.5,Normal
D0038,2026-01-04 13:00:00,32.16,46.56,Warning
D0074,2026-01-04 13:05:00,25.16,76.63,Normal
D0090,2026-01-04 13:10:00,26.66,41.36,Critical
D0098,2026-01-04 13:15:00,26.47,49.67,Normal
D0004,2026-01-04 13:20:00,32.84,44.12,Normal
D0019,2026-01-04 13:25:00,31.6,42.89,Normal
D0068,2026-01-04 13:30:00,23.26,42.08,Warning
D0050,2026-01-04 13:35:00,18.18,53.68,Warning
D0033,2026-01-04 13:40:00,27.17,86.55,Normal
D0054,2026-01-04 13:45:00,25.94,43.61,Critical
D0031,2026-01-04 13:50:00,20.71,82.73,Normal
D0026,2026-01-04 13:55:00,28.39,61.2,Normal
,2026-01-04 14:00:00,27.6,52.1,Critical
D0005,2026-01-04 14:05:00,28.24,78.38,Warning
D0079,2026-01-04 14:10:00,29.44,35.48,Warning
D0039,2026-01-04 14:15:00,22.21,39.82,Critical
D0061,2026-01-04 14:20:00,32.54,46.44,Critical
D0002,2026-01-04 14:25:00,29.51,41.64,Normal
D0077,2026-01-04 14:30:00,25.81,47.23,Warning
D0034,2026-01-04 14:35:00,,47.4,Normal
D0071,2026-01-04 14:40:00,29.47,58.85,Critical
D0074,2026-01-04 14:45:00,24.05,57.15,Normal
D0040,2026-01-04 14:50:00,33.08,66.85,Normal
D0080,2026-01-04 14:55:00,31.38,58.01,Warning
D0084,2026-01-04 15:00:00,27.11,40.33,Critical
D0030,2026-01-04 15:05:00,31.16,57.23,Critical
D0087,2026-01-04 15:10:00,25.67,68.24,Normal
D0033,2026-01-04 15:15:00,34.46,64.89,Warning
D0019,2026-01-04 15:20:00,32.11,79.7,Critical
D0068,2026-01-04 15:25:00,32.76,80.37,Critical
D0088,2026-01-04 15:30:00,25.66,87.8,Critical
D0013,2026-01-04 15:35:00,25.59,38.81,Critical
D0010,2026-01-04 15:40:00,24.67,49.65,Warning
D0062,2026-01-04 15:45:00,34.79,75.43,Normal
D0003,2026-01-04 15:50:00,34.63,44.47,Normal
D0047,2026-01-04 15:55:00,30.64,70.2,Warning
D0090,2026-01-04 16:00:00,32.18,51.58,Warning
D0072,2026-01-04 16:05:00,34.14,53.18,Critical
D0074,2026-01-04 16:10:00,28.12,47.02,Critical
D0006,2026-01-04 16:15:00,26.41,60.92,Warning
D0035,2026-01-04 16:20:00,27.73,79.21,Normal
D0075,2026-01-04 16:25:00,29.39,66.51,Critical
D0043,2026-01-04 16:30:00,25.34,41.44,Critical
D0099,2026-01-04 16:35:00,31.33,38.76,Critical
D0081,2026-01-04 16:40:00,33.63,79.02,Normal
D0017,2026-01-04 16:45:00,35.13,79.09,Normal
D0096,2026-01-04 16:50:00,24.15,86.01,Critical
D0012,2026-01-04 16:55:00,25.08,38.28,Critical
D0060,2026-01-04 17:00:00,25.7,72.92,Warning
D0012,2026-01-04 17:05:00,26.7,60.56,Critical
D0060,2026-01-04 17:10:00,32.89,57.05,Warning
D0074,2026-01-04 17:15:00,26.46,47.26,Normal
D0059,2026-01-04 17:20:00,26.7,65.07,Warning
D0098,2026-01-04 17:25:00,33.0,41.31,Normal
D0079,2026-01-04 17:30:00,27.54,82.14,Critical
D0037,2026-01-04 17:35:00,29.11,49.39,Critical
D0003,2026-01-04 17:40:00,27.35,81.35,Warning
D0065,2026-01-04 17:45:00,25.27,52.5,Normal
D0021,2026-01-04 17:50:00,29.34,60.77,Warning
D0028,2026-01-04 17:55:00,32.65,87.93,Warning
D0066,2026-01-04 18:00:00,28.88,67.38,Critical
D0004 ,2026-01-04 18:05:00,26.86,65.63,Normal
D0087,2026-01-04 18:10:00,29.4,82.72,Critical
D0056,2026-01-04 18:15:00,30.41,74.86,Critical
D0019,2026-01-04 18:20:00,31.79,89.89,Normal
D0093,2026-01-04 18:25:00,28.22,65.15,Normal
D0077,2026-01-04 18:30:00,26.68,57.69,Normal
D0097,2026-01-04 18:35:00,35.09,77.14,Normal
D0012,2026-01-04 18:40:00,29.02,79.81,Normal
D0072,2026-01-04 18:45:00,29.58,,Normal
D0004,2026-01-04 18:50:00,,53.02,Warning
D0082,2026-01-04 18:55:00,28.1,41.7,
D0078,2026-01-04 19:00:00,30.39,76.16,Warning
D0019,2026-01-04 19:05:00,30.22,80.05,Normal
D0060,2026-01-04 19:10:00,29.43,70.33,Normal
D0020,2026-01-04 19:15:00,19.11,87.58,Critical
D0042,2026-01-04 19:20:00,29.91,60.15,Critical
D0059,2026-01-04 19:25:00,28.18,69.69,Normal
D0072,2026-01-04 19:30:00,32.51,73.69,Critical
D0077,2026-01-04 19:35:00,27.57,52.6,Normal
D0021,2026-01-04 19:40:00,23.05,37.62,Critical
D0004,2026-01-04 19:45:00,32.02,62.05,Normal
D0070,2026-01-04 19:50:00,23.32,59.01,Warning
D0001,2026-01-04 19:55:00,28.66,62.19,Critical
D0087,2026-01-04 20:00:00,28.71,77.59,Critical
D0049,2026-01-04 20:05:00,25.98,52.01,Critical
D0091,2026-01-04 20:10:00,28.86,80.14,Normal
D0097,2026-01-04 20:15:00,32.07,86.41,Normal
D0055,2026-01-04 20:20:00,21.2,39.6,Warning
D0044,2026-01-04 20:25:00,28.66,44.09,Normal
D0085,2026-01-04 20:30:00,32.51,78.79,Normal
D0050,2026-01-04 20:35:00,36.83,50.5,Normal
D0031,2026-01-04 20:40:00,25.21,36.55,Critical
D0042,2026-01-04 20:45:00,32.29,58.55,Warning
D0069,2026-01-04 20:50:00,28.04,42.61,Normal
D0094,2026-01-04 20:55:00,31.65,71.06,Normal
D0021,2026-01-04 21:00:00,26.53,38.84,Normal
D0048,2026-01-04 21:05:00,28.03,57.84,Normal
D0093,2026-01-04 21:10:00,28.91,64.17,Warning
D0090,2026-01-04 21:15:00,27.37,45.61,Critical
D0090,2026-01-04 21:20:00,28.5,70.94,Normal
D0055,2026-01-04 21:25:00,33.0,83.68,Warning
D0090,2026-01-04 21:30:00,33.28,42.41,Warning
D0100,2026-01-04 21:35:00,29.8,45.46,Critical
D0040,2026-01-04 21:40:00,31.71,68.24,Warning
D0053,2026-01-04 21:45:00,24.08,85.0,Critical
D0045,2026-01-04 21:50:00,31.02,89.74,Critical
D0089,2026-01-04 21:55:00,21.63,48.14,Warning
D0072,2026-01-04 22:00:00,28.61,78.49,Warning
D0071,2026-01-04 22:05:00,31.59,71.81,Warning
D0065,2026-01-04 22:10:00,22.98,51.91,Normal
D0050,2026-01-04 22:15:00,27.99,57.04,Normal
D0026,2026-01-04 22:20:00,29.23,41.38,Normal
D0004,2026-01-04 22:25:00,31.67,69.87,Critical
D0098,2026-01-04 22:30:00,26.81,47.31,Warning
D0010,2026-01-04 22:35:00,30.01,47.45,Warning
D0058,2026-01-04 22:40:00,27.62,50.7,Warning
D0023,2026-01-04 22:45:00,29.2,45.27,Normal
D0091,2026-01-04 22:50:00,36.52,42.41,Normal
D0076,2026-01-04 22:55:00,24.62,74.72,Critical
D0093,2026-01-04 23:00:00,32.8,64.64,Normal
D0084,2026-01-04 23:05:00,31.42,35.73,Warning
D0062,2026-01-04 23:10:00,33.33,80.58,Warning
D0002,2026-01-04 23:15:00,32.22,38.54,Normal
D0023,2026-01-04 23:20:00,24.36,58.69,Warning
D0013,2026-01-04 23:25:00,30.09,39.59,Normal
D0015,2026-01-04 23:30:00,26.39,66.72,Critical
D0040,2026-01-04 23:35:00,31.04,45.54,Critical
D0086,2026-01-04 23:40:00,25.28,85.04,Normal
D0013,2026-01-04 23:45:00,28.81,72.65,Warning
D0096,2026-01-04 23:50:00,30.57,65.13,Critical
D0018,2026-01-04 23:55:00,30.31,72.18,Critical
D0084,2026-01-05 00:00:00,29.34,72.25,Critical
D0054,2026-01-05 00:05:00,34.09,47.74,Critical
D0058,2026-01-05 00:10:00,22.9,56.87,Normal
D0027,2026-01-05 00:15:00,27.9,75.12,Critical
D0040,2026-01-05 00:20:00,26.4,42.41,Critical
D0028,2026-01-05 00:25:00,30.34,85.47,Normal
D0026,2026-01-05 00:30:00,30.97,53.83,Critical
D0064,2026-01-05 00:35:00,31.78,69.88,Critical 
D0023,2026-01-05 00:40:00,27.89,61.17,Normal
D0091,2026-01-05 00:45:00,26.89,39.78,Normal
D0070,2026-01-05 00:50:00,25.11,73.38,Critical
D0014,2026-01-05 00:55:00,31.14,37.76,Normal
D0063,2026-01-05 01:00:00,27.22,42.2,Warning
D0007,2026-01-05 01:05:00,24.01,85.38,Warning
D0019,2026-01-05 01:10:00,27.08,42.59,NORMAL
D0095,2026-01-05 01:15:00,26.92,82.95,Warning
D0042,2026-01-05 01:20:00,29.5,37.7,Normal
D0034,2026-01-05 01:25:00,30.33,69.51,Warning
D0066,2026-01-05 01:30:00,32.27,84.14,Warning
D0013,2026-01-05 01:35:00,24.87,42.71,Normal
D0045,2026-01-05 01:40:00,33.58,66.27,Warning
D0084,2026-01-05 01:45:00,25.74,43.66,Normal
D0054,2026-01-05 01:50:00,28.85,67.03,Normal
D0021,2026-01-05 01:55:00,29.32,74.09,Critical
D0004,2026-01-05 02:00:00,30.75,49.2,Critical
D0062,2026-01-05 02:05:00,22.44,51.31,Normal
D0064,2026-01-05 02:10:00,27.86,61.59,Normal
D0096,2026-01-05 02:15:00,26.27,75.86,Normal
D0072,2026-01-05 02:20:00,28.05,45.93,Warning
D0046,2026-01-05 02:25:00,29.63,47.09,Critical
D0072,2026-01-05 02:30:00,30.91,59.81,Normal
D0069,2026-01-05 02:35:00,22.75,51.26,Critical
D0063,2026-01-05 02:40:00,31.35,54.39,Critical
D0075,2026-01-05 02:45:00,31.19,71.22,Warning
D0007,2026-01-05 02:50:00,35.59,74.5,Normal
D0013,2026-01-05 02:55:00,,41.25,Normal
D0079,2026-01-05 03:00:00,32.06,48.08,Normal
D0057,2026-01-05 03:05:00,31.01,40.52,Critical
D0093,2026-01-05 03:10:00,33.35,42.61,Critical
D0036,2026-01-05 03:15:00,31.35,36.08,Normal
D0089,2026-01-05 03:20:00,30.05,57.09,Critical
D0100,2026-01-05 03:25:00,29.11,65.59,Normal
D0075,2026-01-05 03:30:00,33.98,36.44,Critical
D0011,2026-01-05 03:35:00,31.06,59.95,Normal
D0064,2026-01-05 03:40:00,23.62,43.63,Warning
D0072,2026-01-05 03:45:00,30.03,68.46,Critical
D0097,2026-01-05 03:50:00,31.95,47.99,Critical
D0076,2026-01-05 03:55:00,34.45,70.01,Critical
D0054,2026-01-05 04:00:00,34.24,83.1,Normal
D0012,2026-01-05 04:05:00,29.05,64.87,Normal
D0072,2026-01-05 04:10:00,28.69,87.98,Critical
D0067,2026-01-05 04:15:00,33.94,40.93,Warning
D0006,2026-01-05 04:20:00,27.1,57.38,Normal
D0079,2026-01-05 04:25:00,27.89,72.37,Normal
D0057,2026-01-05 04:30:00,26.62,74.76,Warning
D0046,2026-01-05 04:35:00,27.97,43.21,Normal
D0083,2026-01-05 04:40:00,30.01,82.43,Normal
D0017,2026-01-05 04:45:00,31.43,73.03,Warning
D0092,2026-01-05 04:50:00,33.83,73.89,Normal
D0093,2026-01-05 04:55:00,29.54,50.26,Warning
D0013,2026-01-05 05:00:00,31.19,86.18,Warning
D0008,2026-01-05 05:05:00,29.32,45.75,Warning
D0059,2026-01-05 05:10:00,30.44,85.14,Normal
D0073,2026-01-05 05:15:00,36.38,69.77,Warning
D0067,2026-01-05 05:20:00,36.14,54.81,Warning
D0036,2026-01-05 05:25:00,29.31,45.36,Warning
D0007,2026-01-05 05:30:00,33.38,57.41,Warning
D0093,2026-01-05 05:35:00,27.31,84.14,Normal
D0094,2026-01-05 05:40:00,26.67,41.13,Critical
D0042,2026-01-05 05:45:00,29.87,46.77,Normal
 D0010,2026-01-05 05:50:00,25.27,56.22,Critical
D0008,2026-01-05 05:55:00,30.8,70.85,Normal
D0009,2026-01-05 06:00:00,34.4,36.16,Normal
D0068,2026-01-05 06:05:00,28.28,49.03,Critical
D0047,2026-01-05 06:10:00,24.37,55.06,Normal
D0100,2026-01-05 06:15:00,29.52,67.27,Warning
D0094,2026-01-05 06:20:00,21.54,73.16,Critical
D0072,2026-01-05 06:25:00,27.5,58.08,Normal
D0003,2026-01-05 06:30:00,25.09,49.22,Normal
D0100,2026-01-05 06:35:00,25.96,63.79,Critical
D0035,2026-01-05 06:40:00,24.19,56.99,Normal
D0077,2026-01-05 06:45:00,28.04,65.2,Normal
D0046,2026-01-05 06:50:00,36.44,62.82,Normal
D0013,2026-01-05 06:55:00,31.29,70.32,Critical
D0061,2026-01-05 07:00:00,28.35,88.48,Warning
D0095,2026-01-05 07:05:00,28.68,74.35,Critical
D0034,2026-01-05 07:10:00,32.54,66.59,Warning
D0050,2026-01-05 07:15:00,24.13,65.15,Warning
D0040,2026-01-05 07:20:00,28.09,64.87,Critical
D0018,2026-01-05 07:25:00,34.26,47.66,Warning
D0047,2026-01-05 07:30:00,27.1,58.21,Critical
D0046,2026-01-05 07:35:00,24.04,54.72,Warning
D0054,2026-01-05 07:40:00,30.84,49.64,Warning
D0094,2026-01-05 07:45:00,36.3,47.19,Normal
D0004,2026-01-05 07:50:00,32.3,63.39,Critical
D0098,2026-01-05 07:55:00,22.49,62.85,Normal
D0012,2026-01-05 08:00:00,26.29,53.82,Critical
D0043,2026-01-05 08:05:00,22.03,83.38,Critical
device-01,2026-01-05 08:10:00,26.88,50.74,Critical
D0085,2026-01-05 08:15:00,28.04,38.34,Critical
D0090,2026-01-05 08:20:00,30.88,62.72,Warning
D0064,2026-01-05 08:25:00,27.22,67.47,Normal
D0050,2026-01-05 08:30:00,32.04,43.95,Normal
D0075,2026-01-05 08:35:00,21.86,88.99,Normal
D0089,2026-01-05 08:40:00,32.2,72.1,Normal
D0010,2026-01-05 08:45:00,30.4,83.76,Normal
D0041,2026-01-05 08:50:00,41.74,89.77,Critical
D0056,2026-01-05 08:55:00,23.02,46.41,Critical
D0017,2026-01-05 09:00:00,27.75,53.27,Normal
D0051,2026-01-05 09:05:00,27.04,62.59,Normal
D0015,2026-01-05 09:10:00,30.36,74.58,Normal
D0028,2026-01-05 09:15:00,29.9,68.85,Normal
D0100,2026-01-05 09:20:00,24.86,71.86,Critical
D0014,2026-01-05 09:25:00,27.41,43.22,Warning
D0020,2026-01-05 09:30:00,36.46,57.6,Warning
D0076,2026-01-05 09:35:00,21.81,39.85,Normal
D0003,2026-01-05 09:40:00,24.4,88.53,Warning
D0073,2026-01-05 09:45:00,24.25,48.05,Critical
D0029,2026-01-05 09:50:00,25.81,74.91,Critical
D0053,2026-01-05 09:55:00,27.95,41.53,Normal
D0088,2026-01-05 10:00:00,26.6,43.39,Warning
D0054,2026-01-05 10:05:00,30.47,52.61,Warning
D0002,2026-01-05 10:10:00,28.63,43.77,Warning
D0050,2026-01-05 10:15:00,29.19,69.05,Warning
D0079,2026-01-05 10:20:00,25.29,63.06,Warning
D0030,2026-01-05 10:25:00,23.21,47.69,Warning
D0060,2026-01-05 10:30:00,26.98,41.95,Warning
D0096,2026-01-05 10:35:00,24.01,42.0,Normal
D0039,2026-01-05 10:40:00,29.23,53.72,Critical
D0039,2026-01-05 10:45:00,25.91,55.89,Critical
D0084,2026-01-05 10:50:00,28.3,52.96,Normal
D0025,2026-01-05 10:55:00,22.63,47.0,Warning
D0074,2026-01-05 11:00:00,30.47,40.43,Normal
D0078,2026-01-05 11:05:00,31.94,67.97,Normal
D0089,2026-01-05 11:10:00,25.06,44.65,Normal
D0047,2026-01-05 11:15:00,27.3,71.42,Normal
D0047,2026-01-05 11:20:00,26.32,52.74,Critical 
D0026,2026-01-05 11:25:00,25.77,89.8,Warning
D0075,2026-01-05 11:30:00,26.17,38.27,Warning
D0034,2026-01-05 11:35:00,29.02,60.69,Critical
D0044,2026-01-05 11:40:00,31.23,60.69,Normal
D0051,2026-01-05 11:45:00,25.92,67.07,Normal
D0098,2026-01-05 11:50:00,27.99,52.34,Critical
D0057,2026-01-05 11:55:00,28.33,55.3,Warning
D0031,2026-01-05 12:00:00,25.88,35.18,Critical
D0084,2026-01-05 12:05:00,,39.49,Warning
D0100,2026-01-05 12:10:00,30.1,50.38,Critical
D0060,2026-01-05 12:15:00,29.18,50.31,Critical
D0049,2026-01-05 12:20:00,27.94,43.38,Normal
D0027,2026-01-05 12:25:00,31.04,40.89,Warning
D0058,2026-01-05 12:30:00,30.14,44.21,Normal
D0079,2026-01-05 12:35:00,25.62,67.54,Critical
D0010,2026-01-05 12:40:00,26.45,44.89,Normal
D0019,2026-01-05 12:45:00,30.55,87.96,Normal
D0030,2026-01-05 12:50:00,29.86,87.77,Normal
D0004,2026-01-05 12:55:00,29.62,63.94,Critical
D0084,2026-01-05 13:00:00,25.98,80.9,Critical
D0032,2026-01-05 13:05:00,25.37,61.24,Warning
D0015,2026-01-05 13:10:00,29.04,76.77,Normal
D0062,2026-01-05 13:15:00,27.85,79.41,Critical
D0082,2026-01-05 13:20:00,30.51,80.69,Critical
D0066,2026-01-05 13:25:00,31.64,78.05,Critical
D0036,2026-01-05 13:30:00,28.63,53.82,Normal
D0079,2026-01-05 13:35:00,22.36,83.35,Normal
D0063,2026-01-05 13:40:00,29.92,81.4,Normal
D0054,2026-01-05 13:45:00,28.67,76.43,Warning
D0094,2026-01-05 13:50:00,23.88,46.0,Warning
D0049,2026-01-05 13:55:00,29.81,51.8,Warning
D0039,2026-01-05 14:00:00,27.0,79.24,Critical
D0002,2026-01-05 14:05:00,31.62,38.44,Critical
D0070,2026-01-05 14:10:00,23.89,67.86,Warning
D0090,2026-01-05 14:15:00,34.16,67.44,Warning
D0033,2026-01-05 14:20:00,25.48,67.22,Normal
D0073,2026-01-05 14:25:00,32.18,45.17,Normal
D0020,2026-01-05 14:30:00,29.19,59.79,Normal
D0083,2026-01-05 14:35:00,28.7,68.82,Warning
D0075,2026-01-05 14:40:00,27.14,66.74,Normal
D0058,2026-01-05 14:45:00,26.19,71.15,Normal
D0082,2026-01-05 14:50:00,26.46,59.77,Normal
D0069,2026-01-05 14:55:00,29.62,62.65,Critical
D0087,2026-01-05 15:00:00,28.64,53.34,Normal
D0047,2026-01-05 15:05:00,30.48,71.12,Warning
D0064,2026-01-05 15:10:00,31.68,61.48,Warning
D0033,2026-01-05 15:15:00,32.31,67.88,Normal
D0072,2026-01-05 15:20:00,26.97,74.74,Warning
D0007,2026-01-05 15:25:00,28.43,85.55,Warning
D0045,2026-01-05 15:30:00,31.25,54.99,Warning
D0079,2026-01-05 15:35:00,31.7,88.13,Critical
D0044,2026-01-05 15:40:00,35.97,35.46,Critical
D0009,2026-01-05 15:45:00,26.38,48.21,Critical
D0049,2026-01-05 15:50:00,29.86,70.67,Warning
D0029,2026-01-05 15:55:00,23.19,68.17,Warning
D0058,2026-01-05 16:00:00,28.85,84.97,Critical
D0015,2026-01-05 16:05:00,33.58,78.62,Critical
D0024,2026-01-05 16:10:00,30.17,87.84,Warning
D0091,2026-01-05 16:15:00,36.48,67.35,Normal
D0018,2026-01-05 16:20:00,28.13,53.61,Warning
D0073,2026-01-05 16:25:00,27.84,65.71,Normal
D0019,2026-01-05 16:30:00,32.57,80.37,Critical
D0052,2026-01-05 16:35:00,31.32,59.52,Critical
D0064,2026-01-05 16:40:00,29.04,56.42,Critical
D0071,2026-01-05 16:45:00,,57.26,Normal
D0099,2026-01-05 16:50:00,27.45,75.38,Normal
D0071,2026-01-05 16:55:00,28.98,73.26,Critical
D0037,2026-01-05 17:00:00,23.66,37.47,Normal
D0088,2026-01-05 17:05:00,28.04,35.68,NORMAL
D0023,2026-01-05 17:10:00,24.75,42.6,Normal
D0066,2026-01-05 17:15:00,25.64,75.38,Normal
D0005,2026-01-05 17:20:00,27.64,41.85,Critical
D0063,2026-01-05 17:25:00,32.05,78.72,Critical
D0091,2026-01-05 17:30:00,31.85,87.04,Critical
D0060,2026-01-05 17:35:00,33.48,80.2,Warning
D0069,2026-01-05 17:40:00,27.67,67.03,Normal
D0032,2026-01-05 17:45:00,27.05,43.37,Critical
D0063,2026-01-05 17:50:00,24.53,38.95,Warning
D0019,2026-01-05 17:55:00,30.62,78.29,Normal
D0090,2026-01-05 18:00:00,30.8,54.86,Normal
D0057,2026-01-05 18:05:00,30.43,89.49,Warning
D0029,2026-01-05 18:10:00,23.15,48.03,Warning
D0097,2026-01-05 18:15:00,31.06,58.86,Warning
D0018,2026-01-05 18:20:00,34.44,79.31,Normal
D0028,2026-01-05 18:25:00,27.83,52.41,Critical
D0053,2026-01-05 18:30:00,31.05,62.74,Warning
D0030,2026-01-05 18:35:00,29.35,63.2,Normal
D0061,2026-01-05 18:40:00,34.62,55.1,Critical
D0027,2026-01-05 18:45:00,32.2,59.19,Normal
D0094,2026-01-05 18:50:00,29.62,60.1,Warning
D0045,2026-01-05 18:55:00,32.47,80.01,Warning
D0100,2026-01-05 19:00:00,27.92,57.36,Normal
D0064,2026-01-05 19:05:00,30.98,38.38,Warning
D0031,2026-01-05 19:10:00,18.9,35.33,Warning
D0015,2026-01-05 19:15:00,21.74,68.03,Critical
D0066,2026-01-05 19:20:00,20.39,36.96,Warning
D0034,2026-01-05 19:25:00,29.44,66.97,Critical
D0039,2026-01-05 19:30:00,31.65,69.53,Critical
D0084,2026-01-05 19:35:00,33.85,65.15,Critical
D0050,2026-01-05 19:40:00,,48.29,Normal
D0085,2026-01-05 19:45:00,31.18,80.66,Warning
D0039,2026-01-05 19:50:00,22.63,52.44,Critical
D0069,2026-01-05 19:55:00,35.66,69.63,Critical
D0051,2026-01-05 20:00:00,25.41,38.32,Warning
D0099,2026-01-05 20:05:00,26.37,79.86,Critical
D0091,2026-01-05 20:10:00,28.22,80.83,Normal
D0072,2026-01-05 20:15:00,33.68,40.0,Normal
D0093,2026-01-05 20:20:00,25.74,87.94,Warning
D0066,2026-01-05 20:25:00,29.2,73.74,Normal
D0065,2026-01-05 20:30:00,28.32,73.82,Warning
D0076,2026-01-05 20:35:00,31.8,69.29,Warning
D0073,2026-01-05 20:40:00,22.04,86.19,Warning
D0066,2026-01-05 20:45:00,30.95,66.72,Normal
D0017,2026-01-05 20:50:00,36.19,86.67,Normal
D0063,2026-01-05 20:55:00,27.29,59.53,Critical
D0023,2026-01-05 21:00:00,29.35,64.63,Critical
D0021,2026-01-05 21:05:00,34.36,46.47,Warning
D0072,2026-01-05 21:10:00,26.79,69.07,Normal
D0064,2026-01-05 21:15:00,32.43,54.32,Warning
D0006,2026-01-05 21:20:00,32.31,52.76,Warning
D0069,2026-01-05 21:25:00,26.84,79.87,Warning
D0011,2026-01-05 21:30:00,21.84,50.33,Warning
D0020,2026-01-05 21:35:00,29.23,75.25,Warning
D0083,2026-01-05 21:40:00,30.81,77.01,Critical
D0077,2026-01-05 21:45:00,27.21,89.73,Critical
D0050,2026-01-05 21:50:00,28.55,77.2,Warning
D0006,2026-01-05 21:55:00,34.65,63.98,Critical
D0021,2026-01-05 22:00:00,31.82,41.63,Warning
D0014,2026-01-05 22:05:00,28.68,,Normal
D0069,2026-01-05 22:10:00,27.81,44.36,Warning
D0080,2026-01-05 22:15:00,20.6,45.26,Critical
D0063,2026-01-05 22:20:00,22.24,53.52,Warning
D0095,2026-01-05 22:25:00,30.23,37.05,Warning
D0083,2026-01-05 22:30:00,30.0,72.75,Critical
D0083,2026-01-05 22:35:00,27.3,65.49,Critical
D0096,2026-01-05 22:40:00,35.25,65.94,Normal
D0100,2026-01-05 22:45:00,28.92,45.97,Critical
D0041,2026-01-05 22:50:00,33.03,62.69,Warning
D0011,2026-01-05 22:55:00,36.91,61.44,Normal
D0089,2026-01-05 23:00:00,27.41,77.5,Warning
D0047,2026-01-05 23:05:00,28.77,46.51,Normal
D0060,2026-01-05 23:10:00,34.66,57.51,Critical
D0090,2026-01-05 23:15:00,27.98,38.23,Critical
D0029,2026-01-05 23:20:00,24.15,49.16,Warning
D0030,2026-01-05 23:25:00,28.97,44.58,Critical
D0064,2026-01-05 23:30:00,34.35,37.99,Warning
D0076,2026-01-05 23:35:00,27.8,45.87,Warning
D0030,2026-01-05 23:40:00,33.24,55.19,Critical
D0018,2026-01-05 23:45:00,22.89,83.71,Warning
D0004 ,2026-01-05 23:50:00,24.04,44.81,Warning
D0096,2026-01-05 23:55:00,29.68,36.84,Critical
D0051,2026-01-06 00:00:00,27.38,66.3,Warning
D0080,2026-01-06 00:05:00,30.52,81.92,Critical
D0073,2026-01-06 00:10:00,28.07,85.98,Warning
D0030,2026-01-06 00:15:00,21.99,58.23,Critical
D0070,2026-01-06 00:20:00,33.03,75.43,Normal
D0023,2026-01-06 00:25:00,26.59,45.86,Critical
D0015,2026-01-06 00:30:00,20.89,77.78,Critical
D0049,2026-01-06 00:35:00,21.87,42.5,Warning
D0085,2026-01-06 00:40:00,31.83,39.55,Critical
D0099,2026-01-06 00:45:00,28.83,57.55,Critical
D0001,2026-01-06 00:50:00,31.08,65.84,Critical
D0036,2026-01-06 00:55:00,31.79,64.33,Warning
D0029,2026-01-06 01:00:00,31.88,76.15,Critical
D0053,2026-01-06 01:05:00,37.45,79.86,Warning
D0062,2026-01-06 01:10:00,30.32,68.16,Normal
D0035,2026-01-06 01:15:00,20.81,73.32,Critical
D0047,2026-01-06 01:20:00,27.86,65.29,Warning
D0051,01/32/2026 10:00,26.02,65.83,Normal
D0095,2026-01-06 01:30:00,36.06,57.93,Critical
D0082,2026-01-06 01:35:00,26.3,66.43,Critical
D0023,2026-01-06 01:40:00,32.02,77.3,Warning
D0073,2026-01-06 01:45:00,28.76,51.39,Normal
D0071,2026-01-06 01:50:00,25.97,57.4,Warning
D0059,2026-01-06 01:55:00,29.42,40.26,Normal
D0097,2026-01-06 02:00:00,25.87,60.11,Normal
D0045,2026-01-06 02:05:00,30.92,71.83,Warning
D0076,2026-01-06 02:10:00,21.85,76.02,Critical
D0076,2026-01-06 02:15:00,29.82,62.01,Warning
D0053,2026-01-06 02:20:00,28.67,43.53,Warning
D0014,2026-01-06 02:25:00,23.0,64.94,Normal
D0062,2026-01-06 02:30:00,23.25,59.24,Warning
D0042,2026-01-06 02:35:00,21.49,66.3,Normal
D0025,2026-01-06 02:40:00,32.9,45.62,Critical
D0051,2026-01-06 02:45:00,27.77,75.42,Warning
D0087,2026-01-06 02:50:00,26.91,54.11,Normal
D0094,2026-01-06 02:55:00,29.47,40.26,Normal
D0065,2026-01-06 03:00:00,22.25,39.53,Warning
D0050,2026-01-06 03:05:00,21.12,83.52,Normal
D0033,2026-01-06 03:10:00,27.43,82.47,Normal
D0042,2026-01-06 03:15:00,24.7,57.31,Critical
D0067,2026-01-06 03:20:00,26.62,,Warning
D0038,2026-01-06 03:25:00,28.14,48.04,Warning
D0044,2026-01-06 03:30:00,31.89,76.28,Normal
D0091,2026-01-06 03:35:00,29.19,47.7,Warning
D0069,2026-01-06 03:40:00,32.49,88.66,Critical
D0082,2026-01-06 03:45:00,24.98,38.78,Normal
D0035,2026-01-06 03:50:00,22.89,43.58,Normal
D0025,2026-01-06 03:55:00,31.28,57.34,Warning
D0056,2026-01-06 04:00:00,,63.36,Normal
D0069,2026-01-06 04:05:00,23.55,57.58,Critical
D0079,2026-01-06 04:10:00,33.52,41.15,Critical
D0067,2026-01-06 04:15:00,24.36,62.05,Critical
D0080,2026-01-06 04:20:00,28.45,44.14,Normal
D0080,2026-01-06 04:25:00,30.8,68.15,Normal
D0075,2026-01-06 04:30:00,30.46,83.9,Normal
D0026,2026-01-06 04:35:00,27.86,72.79,Normal
D0087,2026-01-06 04:40:00,27.09,86.43,Normal
 D0010,2026-01-06 04:45:00,22.85,61.71,Normal
D0001,2026-01-06 04:50:00,37.23,45.79,Critical
D0063,2026-01-06 04:55:00,30.49,88.7,Normal
D0014,2026-01-06 05:00:00,26.09,76.94,Warning
D0090,2026-01-06 05:05:00,34.02,42.83,Normal
D0001,2026-01-06 05:10:00,30.84,75.03,Normal
D0082,2026-01-06 05:15:00,27.75,,Critical
D0084,2026-01-06 05:20:00,31.73,86.06,Critical
D0087,2026-01-06 05:25:00,21.64,73.89,Critical
D0047,2026-01-06 05:30:00,31.77,68.86,critical
D0043,2026-01-06 05:35:00,26.64,42.05,Warning
D0076,2026-01-06 05:40:00,33.43,70.87,Critical
D0042,2026-01-06 05:45:00,25.76,47.46,Critical
D0022,2026-01-06 05:50:00,33.89,55.43,Warning
D0066,2026-01-06 05:55:00,33.67,58.8,Critical
D0049,2026-01-06 06:00:00,27.45,77.07,Normal
D0007,2026-01-06 06:05:00,17.84,42.44,Critical
D0089,2026-01-06 06:10:00,35.35,86.72,Normal
D0020,2026-01-06 06:15:00,27.1,54.3,Warning
D0043,2026-01-06 06:20:00,27.75,78.05,Normal
D0013,2026-01-06 06:25:00,30.01,71.66,Warning
D0089,2026-01-06 06:30:00,25.34,74.32,Warning
D0036,2026-01-06 06:35:00,35.22,65.88,normal
D0067,2026-01-06 06:40:00,32.12,87.27,Normal
D0061,2026-01-06 06:45:00,30.9,58.45,Warning
D0021,2026-01-06 06:50:00,21.27,69.64,Warning
D0042,2026-01-06 06:55:00,27.59,81.72,Critical
D0077,2026-01-06 07:00:00,28.94,64.99,Warning
D0015,2026-01-06 07:05:00,26.32,45.96,Normal
D0096,2026-01-06 07:10:00,27.86,57.77,Warning
D0087,2026-01-06 07:15:00,31.17,81.58,Critical
D0083,2026-01-06 07:20:00,33.38,39.67,Critical
D0024,2026-01-06 07:25:00,30.64,68.71,Warning
D0098,2026-01-06 07:30:00,32.76,72.55,Critical
D0022,2026-01-06 07:35:00,31.73,36.82,Critical
D0034,2026-01-06 07:40:00,31.81,38.12,Normal
D0057,2026-01-06 07:45:00,29.94,68.51,Normal
D0024,2026-01-06 07:50:00,29.16,62.22,Warning
D0027,2026-01-06 07:55:00,22.24,48.91,Normal
D0043,2026-01-06 08:00:00,26.07,38.13,Warning
D0078,2026-01-06 08:05:00,21.0,63.42,Normal
,2026-01-06 08:10:00,34.91,74.39,Warning
D0049,2026-01-06 08:15:00,29.38,35.84,Normal
D0036,2026-01-06 08:20:00,24.99,68.77,Normal
D0047,2026-01-06 08:25:00,32.33,63.2,Critical
D0046,2026-01-06 08:30:00,32.24,72.87,Normal
D0077,2026-01-06 08:35:00,30.22,79.79,Normal
D0087,2026-01-06 08:40:00,29.17,83.62,Warning
D0046,2026-01-06 08:45:00,27.21,47.58,Warning
D0001,2026-01-06 08:50:00,27.71,57.6,Warning
D0066,2026-01-06 08:55:00,26.7,47.52,Normal
D0083,2026-01-06 09:00:00,35.75,83.77,Normal
D0057,2026-01-06 09:05:00,26.28,66.05,Normal
D0035,2026-01-06 09:10:00,33.6,87.2,Critical
D0080,2026-01-06 09:15:00,38.35,75.85,Normal
D0008,2026-01-06 09:20:00,27.95,70.82,Warning
D0090,2026-01-06 09:25:00,26.43,79.71,Normal
D0093,2026-01-06 09:30:00,29.63,66.83,Warning
D0064,2026-01-06 09:35:00,30.65,60.26,Critical
D0097,2026-01-06 09:40:00,27.78,,Normal
D0097,2026-01-06 09:45:00,28.15,57.98,Critical
D0057,2026-01-06 09:50:00,32.98,61.17,Critical
D0043,2026-01-06 09:55:00,31.13,75.91,Normal
D0067,2026-01-06 10:00:00,27.78,85.19,Normal
D0009,2026-01-06 10:05:00,27.51,44.71,Critical
D0050,2026-01-06 10:10:00,26.81,87.26,Normal
D0051,2026-01-06 10:15:00,30.14,51.75,Critical
D0004,2026-01-06 10:20:00,38.06,81.62,Critical
D0054,2026-01-06 10:25:00,28.05,39.3,Warning
D0026,2026-01-06 10:30:00,26.1,83.24,Critical
D0085,2026-01-06 10:35:00,23.07,82.82,Normal
D0070,2026-01-06 10:40:00,27.19,59.07,Warning
D0061,2026-01-06 10:45:00,23.2,58.21,Critical
D0030,2026-01-06 10:50:00,31.96,75.58,Critical
D0096,2026-01-06 10:55:00,26.71,86.5,Normal
D0075,2026-01-06 11:00:00,24.45,63.95,Warning
D0079,2026-01-06 11:05:00,27.59,69.94,Critical
D0065,2026-01-06 11:10:00,28.82,80.03,Normal
D0001,2026-01-06 11:15:00,27.05,86.33,Normal
D0068,2026-01-06 11:20:00,19.56,84.32,Critical
D0080,2026-01-06 11:25:00,27.92,43.22,Critical
D0027,2026-01-06 11:30:00,27.99,82.58,Warning
D0041,2026-01-06 11:35:00,25.8,61.78,Critical
D0006,2026-01-06 11:40:00,25.27,82.56,Warning
D0074,2026-01-06 11:45:00,27.17,70.78,Warning
D0063,2026-01-06 11:50:00,23.88,53.79,Warning
D0059,2026-01-06 11:55:00,32.88,69.98,Warning
D0055,2026-01-06 12:00:00,29.89,67.9,Normal
D0066,2026-01-06 12:05:00,22.43,74.57,Critical
D0073,2026-01-06 12:10:00,36.51,82.91,Critical
D0010,2026-01-06 12:15:00,27.81,63.07,Critical
D0045,2026-01-06 12:20:00,26.5,83.2,Normal
D0059,2026-01-06 12:25:00,25.54,89.13,Normal
D0083,2026-01-06 12:30:00,27.22,38.63,Critical
D0007,2026-01-06 12:35:00,30.68,42.15,Critical
D0067,2026-01-06 12:40:00,35.3,70.88,Warning
D0082,2026-01-06 12:45:00,25.44,68.17,Critical
D0058,2026-01-06 12:50:00,25.16,54.06,Critical
D0073,2026-01-06 12:55:00,23.3,72.98,Critical
D0092,2026-01-06 13:00:00,31.15,72.29,Normal
D0055,2026-01-06 13:05:00,28.08,66.2,Normal
D0048,2026-01-06 13:10:00,28.81,75.35,Warning
D0068,2026-01-06 13:15:00,28.83,62.53,
D0086,2026-01-06 13:20:00,31.15,51.82,Critical
D0055,2026-01-06 13:25:00,29.36,85.34,Critical
D0052,2026-01-06 13:30:00,29.39,61.4,Normal
D0035,2026-01-06 13:35:00,39.35,58.53,Warning
D0045,2026-01-06 13:40:00,N/A,68.72,Critical
D0073,2026-01-06 13:45:00,32.9,39.65,Normal
D0041,2026-01-06 13:50:00,30.86,42.7,Normal
D0067,2026-01-06 13:55:00,30.72,39.03,Critical
D0032,2026-01-06 14:00:00,24.85,83.75,Warning
D0006,2026-01-06 14:05:00,29.24,89.62,Normal
D0095,2026-01-06 14:10:00,26.72,72.73,Warning
D0043,2026-01-06 14:15:00,28.6,55.88,Normal
D0027,2026-01-06 14:20:00,34.1,63.17,Critical
D0071,2026-01-06 14:25:00,24.55,41.57,Warning
D0001,2026-01-06 14:30:00,27.32,75.86,Normal
D0082,2026-01-06 14:35:00,29.0,57.46,Critical
D0066,2026-01-06 14:40:00,23.76,43.52,Critical
D0047,2026-01-06 14:45:00,31.04,56.67,Warning
D0071,2026-01-06 14:50:00,30.68,82.16,Warning
D0019,2026-01-06 14:55:00,25.81,68.93,Normal
D0007,2026-01-06 15:00:00,25.66,84.73,Normal
D0099,2026-01-06 15:05:00,31.29,42.65,Warning
D0071,2026-01-06 15:10:00,22.9,73.14,Critical
D0100,2026-01-06 15:15:00,32.9,38.39,Normal
D0006,2026-01-06 15:20:00,27.42,59.94,Critical
D0002,2026-01-06 15:25:00,30.97,84.01,Warning
D0005,2026-01-06 15:30:00,23.49,49.7,Critical
D0023,2026-01-06 15:35:00,24.02,56.74,Warning
D0097,2026-01-06 15:40:00,27.52,,Warning
D0079,2026-01-06 15:45:00,32.8,41.98,Normal
D0075,2026-01-06 15:50:00,31.56,39.1,Critical
D0040,2026-01-06 15:55:00,29.65,49.35,Critical
D0099,2026-01-06 16:00:00,,79.32,Normal
D0019,2026-01-06 16:05:00,30.87,72.3,Critical
D0061,2026-01-06 16:10:00,,73.83,Critical
D0021,2026-01-06 16:15:00,33.7,35.89,Normal
D0016,2026-01-06 16:20:00,34.28,58.08,Normal
D0084,2026-01-06 16:25:00,27.6,62.06,Critical
D0084,2026-01-06 16:30:00,28.62,50.21,Warning
D0096,2026-01-06 16:35:00,24.91,53.82,Critical
D0009,2026-01-06 16:40:00,27.75,78.7,Normal
D0060,2026-01-06 16:45:00,25.03,87.69,Normal
D0097,2026-01-06 16:50:00,34.42,57.67,Warning
D0041,2026-01-06 16:55:00,28.11,55.12,Warning
D0037,2026-01-06 17:00:00,35.82,77.66,Critical
D0100,2026-01-06 17:05:00,28.43,39.94,Normal
D0074,2026-01-06 17:10:00,23.11,87.66,Normal
D0059,2026-01-06 17:15:00,22.55,50.01,Critical
D0084,2026-01-06 17:20:00,29.73,61.71,Warning
D0003,2026-01-06 17:25:00,32.24,66.88,Normal
D0049,2026-01-06 17:30:00,21.57,59.75,Warning
D0046,2026-01-06 17:35:00,36.26,83.85,Normal
D0032,2026-01-06 17:40:00,32.97,69.62,Critical
D0052,2026-01-06 17:45:00,25.45,46.75,Warning
D0002,2026-01-06 17:50:00,28.56,89.06,Critical
D0077,2026-01-06 17:55:00,27.74,41.72,Warning
D0015,2026-01-06 18:00:00,34.05,39.36,Warning
D0082,2026-01-06 18:05:00,31.91,64.52,Critical
D0042,2026-01-06 18:10:00,32.69,55.49,Warning
D0048,2026-01-06 18:15:00,28.29,79.45,Warning
D0050,2026-01-06 18:20:00,22.91,75.27,Normal
D0081,2026-01-06 18:25:00,30.23,56.85,Warning
D0074,2026-01-06 18:30:00,28.5,71.42,Critical
D0071,2026-01-06 18:35:00,23.27,65.77,Normal
D0096,2026-01-06 18:40:00,28.13,56.32,Warning
D0075,2026-01-06 18:45:00,29.26,87.39,Critical
D0063,2026-01-06 18:50:00,29.26,70.91,Normal
D0097,2026-01-06 18:55:00,30.77,43.18,Warning
D0030,2026-01-06 19:00:00,29.27,77.37,Critical
D0093,2026-01-06 19:05:00,30.49,52.11,Critical
D0055,2026-01-06 19:10:00,35.12,87.1,Warning
D0060,2026-01-06 19:15:00,32.09,57.03,Warning
D0040,2026-01-06 19:20:00,,57.8,Critical
D0002,2026-01-06 19:25:00,33.18,61.32,Critical
D0084,2026-01-06 19:30:00,32.75,40.16,Normal
D0013,2026-01-06 19:35:00,26.1,87.65,Critical
D0053,2026-01-06 19:40:00,30.21,37.28,Normal
D0036,2026-01-06 19:45:00,29.42,43.84,Normal
D0066,2026-01-06 19:50:00,35.4,80.34,Warning
D0082,2026-01-06 19:55:00,29.54,45.14,Normal
D0032,2026-01-06 20:00:00,31.79,89.65,Warning
D0087,01/32/2026 10:00,32.96,67.06,Critical
D0091,2026-01-06 20:10:00,28.55,36.93,Normal
D0058,2026-01-06 20:15:00,23.06,41.01,Warning
D0008,2026-01-06 20:20:00,27.47,71.17,Warning
D0062,2026-01-06 20:25:00,27.58,56.69,Normal
D0021,2026-01-06 20:30:00,29.72,74.44,Warning
D0035,2026-01-06 20:35:00,27.29,64.86,Critical
D0030,2026-01-06 20:40:00,32.3,53.44,Critical
D0091,2026-01-06 20:45:00,27.84,63.1,Normal
D0020,2026-01-06 20:50:00,27.91,85.69,Warning
D0008,2026-01-06 20:55:00,23.15,88.78,Critical
D0066,2026-01-06 21:00:00,23.41,55.64,Critical
D0048,2026-01-06 21:05:00,30.77,51.92,Normal
D0060,2026-01-06 21:10:00,29.82,,Warning
D0022,2026-01-06 21:15:00,22.12,57.53,Critical
D0026,2026-01-06 21:20:00,-999,83.25,Warning
D0062,2026-01-06 21:25:00,34.59,69.99,Normal
D0030,2026-01-06 21:30:00,26.17,81.42,Normal
D0007,2026-01-06 21:35:00,27.19,75.07,Normal
D0061,2026-01-06 21:40:00,27.16,51.14,Critical 
D0044,2026-01-06 21:45:00,29.08,38.4,Critical
D0064,2026-01-06 21:50:00,23.02,63.51,Critical
D0014,2026-01-06 21:55:00,34.4,45.76,Warning
D0071,2026-01-06 22:00:00,22.15,40.55,Normal
D0064,2026-01-06 22:05:00,30.39,62.65,Normal
D0097,2026-01-06 22:10:00,,82.2,Normal
D0055,2026-01-06 22:15:00,28.65,78.61,Warning
D0014,2026-01-06 22:20:00,34.16,82.89,Normal
D0017,2026-01-06 22:25:00,24.08,41.78,Critical
D0038,2026-01-06 22:30:00,27.15,66.3,Normal
D0059,2026-01-06 22:35:00,32.53,69.5,Warning
D0008,2026-01-06 22:40:00,26.11,38.15,Warning
D0009,2026-01-06 22:45:00,31.85,67.84,Warning
D0059,2026-01-06 22:50:00,34.15,71.14,Warning
D0016,2026-01-06 22:55:00,28.33,68.4,Critical
D0053,2026-01-06 23:00:00,29.21,87.49,Normal
D0077,2026-01-06 23:05:00,25.06,43.28,Normal
D0003,2026-01-06 23:10:00,30.99,72.21,Critical
D0050,2026-01-06 23:15:00,30.33,44.48,Warning
D0037,2026-01-06 23:20:00,32.47,64.73,Critical
D0082,2026-01-06 23:25:00,28.78,64.25,Critical
D0002,2026-01-06 23:30:00,21.36,65.94,Warning
D0038,2026-01-06 23:35:00,27.38,68.68,Warning
D0094,2026-01-06 23:40:00,31.87,61.38,Normal
D0069,2026-01-06 23:45:00,40.55,48.35,Critical
D0054,2026-01-06 23:50:00,24.32,53.25,Normal
D0009,2026-01-06 23:55:00,22.71,39.96,Warning
D0037,2026-01-07 00:00:00,31.1,80.88,Warning
D0086,2026-01-07 00:05:00,25.69,46.95,Critical
D0062,2026-01-07 00:10:00,22.18,66.59,
D0081,2026-01-07 00:15:00,30.23,57.36,Critical
D0091,2026-01-07 00:20:00,36.34,71.54,Warning
D0099,2026-01-07 00:25:00,26.4,84.06,Critical
D0017,2026-01-07 00:30:00,35.56,64.78,Critical
D0014,2026-01-07 00:35:00,31.54,83.07,Warning
D0063,2026-01-07 00:40:00,33.73,75.62,Critical
D0088,2026-01-07 00:45:00,30.92,86.17,Normal
D0079,2026-01-07 00:50:00,22.53,66.05,Normal
D0045,2026-01-07 00:55:00,26.33,42.85,Critical
D0046,2026-01-07 01:00:00,26.05,40.89,Critical
D0048,2026-01-07 01:05:00,31.9,37.55,Normal
D0049,2026-01-07 01:10:00,26.38,43.42,Warning
D0015,2026-01-07 01:15:00,25.6,76.43,Normal
D0058,2026-01-07 01:20:00,28.92,48.52,Critical
D0095,2026-01-07 01:25:00,23.6,74.79,Critical
D0089,2026-01-07 01:30:00,18.63,44.73,Normal
D0034,2026-01-07 01:35:00,33.36,43.14,Critical
D0013,2026-01-07 01:40:00,27.9,38.43,Normal
D0081,2026-01-07 01:45:00,23.72,35.87,Critical
D0086,2026-01-07 01:50:00,21.63,54.96,Warning
D0027,2026-01-07 01:55:00,20.6,39.23,Warning
D0076,2026-01-07 02:00:00,32.5,86.44,Critical
D0064,2026-01-07 02:05:00,27.92,88.43,Critical
D0039,2026-01-07 02:10:00,31.22,67.66,
D0001,2026-01-07 02:15:00,26.99,48.2,Normal
D0032,2026-01-07 02:20:00,28.9,55.9,Critical
D0011,2026-01-07 02:25:00,22.48,76.06,Normal
D0050,2026-01-07 02:30:00,28.27,61.61,Critical
D0066,2026-01-07 02:35:00,35.81,49.84,Normal
D0023,2026-01-07 02:40:00,31.26,75.83,Critical
D0022,2026-01-07 02:45:00,26.69,60.0,Warning
D0006,2026-01-07 02:50:00,28.99,64.61,Normal
D0086,2026-01-07 02:55:00,31.15,46.4,Warning
D0049,2026-01-07 03:00:00,27.78,,Critical
D0004,2026-01-07 03:05:00,30.94,76.34,Critical
D0043,2026-01-07 03:10:00,26.51,62.29,Warning
D0038,2026-01-07 03:15:00,32.84,57.35,Critical
D0058,2026-01-07 03:20:00,28.57,46.49,Critical
D0046,2026-01-07 03:25:00,26.61,72.51,Critical
D0085,2026-01-07 03:30:00,21.69,39.08,Warning
D0068,2026-01-07 03:35:00,32.31,60.99,Warning
D0013,2026-01-07 03:40:00,24.46,49.56,Warning
D0072,2026-01-07 03:45:00,37.02,78.23,Warning
D0027,2026-01-07 03:50:00,23.54,71.4,Normal
D0099,2026-01-07 03:55:00,21.63,78.78,Normal
D0040,2026-01-07 04:00:00,27.26,44.49,Normal
D0043,2026-01-07 04:05:00,24.77,47.34,Normal
D0007,2026-01-07 04:10:00,29.4,56.01,Warning
D0059,2026-01-07 04:15:00,28.69,47.22,Normal
D0030,2026-01-07 04:20:00,31.82,62.61,Critical
D0041,2026-01-07 04:25:00,25.71,36.58,Critical
D0054,2026-01-07 04:30:00,24.87,46.02,Critical
D0023,2026-01-07 04:35:00,26.44,68.58,Normal
D0076,2026-01-07 04:40:00,24.51,65.98,Warning
D0084,2026-01-07 04:45:00,29.77,51.17,Warning
D0086,2026-01-07 04:50:00,31.42,51.4,Critical
D0084,2026-01-07 04:55:00,37.91,42.36,Critical
D0050,2026-01-07 05:00:00,25.88,68.18,Normal
D0074,2026-01-07 05:05:00,26.91,37.93,Critical
D0008,2026-01-07 05:10:00,23.32,77.93,Normal
D0055,2026-01-07 05:15:00,26.3,63.91,Normal
D0070,2026-01-07 05:20:00,24.65,74.81,Normal
D0083,2026-01-07 05:25:00,21.92,57.45,Critical
D0095,2026-01-07 05:30:00,31.89,74.53,Warning
D0046,2026-01-07 05:35:00,27.43,43.85,Warning
D0004,2026-01-07 05:40:00,27.63,36.62,Normal
D0008,2026-01-07 05:45:00,26.96,73.41,Normal
D0074,2026-01-07 05:50:00,24.93,63.68,Normal
D0066,2026-01-07 05:55:00,29.39,89.16,Critical
D0057,2026-01-07 06:00:00,24.53,38.19,Normal
D0078,2026-01-07 06:05:00,28.55,49.72,Warning
D0055,2026-01-07 06:10:00,26.9,38.58,Critical
D0039,2026-01-07 06:15:00,29.71,40.16,Normal
D0096,2026-01-07 06:20:00,25.48,78.72,Warning
D0010,2026-01-07 06:25:00,36.38,80.09,Warning
D0068,2026-01-07 06:30:00,29.13,46.66,Critical
D0029,2026-01-07 06:35:00,30.41,77.05,Critical
D0052,2026-01-07 06:40:00,23.74,43.89,Critical
D0072,,24.49,65.58,Warning
D0100,2026-01-07 06:50:00,32.54,48.47,Normal
D0074,2026-01-07 06:55:00,22.35,58.87,Normal
D0077,2026-01-07 07:00:00,30.02,70.9,Critical
D0012,2026-01-07 07:05:00,36.45,44.52,Critical
D0032,2026-01-07 07:10:00,29.06,56.5,Warning
D0058,2026-01-07 07:15:00,19.73,88.18,Warning
D0028,2026-01-07 07:20:00,29.73,45.97,Critical
D0011,2026-01-07 07:25:00,25.18,83.98,Normal
D0082,2026-01-07 07:30:00,35.78,62.61,Critical
D0045,2026-01-07 07:35:00,32.36,60.47,Normal
D0024,2026-01-07 07:40:00,28.01,42.25,Warning
D0051,2026-01-07 07:45:00,31.34,69.82,Normal
D0063,2026-01-07 07:50:00,39.66,71.77,Normal
D0029,2026-01-07 07:55:00,23.63,88.81,Warning
D0084,2026-01-07 08:00:00,36.24,86.23,Warning
D0087,2026-01-07 08:05:00,33.01,41.11,Normal
D0025,2026-01-07 08:10:00,36.44,71.43,Critical
D0001,2026-01-07 08:15:00,33.51,52.48,Normal
D0086,2026-01-07 08:20:00,22.48,73.54,Critical
D0063,2026-01-07 08:25:00,30.5,64.39,Critical
D0032,2026-01-07 08:30:00,24.32,87.43,Normal
D0049,2026-01-07 08:35:00,22.56,59.3,Warning
D0076,2026-01-07 08:40:00,32.97,77.18,Warning
D0044,2026-01-07 08:45:00,30.75,70.6,Critical
D0098,2026-01-07 08:50:00,20.6,53.61,Warning
D0028,2026-01-07 08:55:00,29.06,87.04,Normal
D0081,2026-01-07 09:00:00,33.7,39.87,Normal
D0053,2026-01-07 09:05:00,25.13,37.27,Normal
D0013,2026-01-07 09:10:00,22.6,84.58,Warning
D0005,2026-01-07 09:15:00,24.08,86.69,Normal
D0081,2026-01-07 09:20:00,35.66,84.71,Critical
D0050,2026-01-07 09:25:00,37.37,74.21,Critical
D0069,2026-01-07 09:30:00,26.56,55.66,Critical
D0015,2026-01-07 09:35:00,27.13,45.07,Normal
D0077,2026-01-07 09:40:00,31.15,49.82,Normal
D0016,2026-01-07 09:45:00,28.89,79.47,Normal
D0067,2026-01-07 09:50:00,29.63,89.07,Critical
D0039,2026-01-07 09:55:00,28.43,47.47,Critical
D0040,2026-01-07 10:00:00,28.66,84.95,Warning
D0047,2026-01-07 10:05:00,29.77,78.02,Normal
D0098,2026-01-07 10:10:00,31.26,46.56,Warning
D0077,2026-01-07 10:15:00,29.02,48.56,Normal
D0013,2026-01-07 10:20:00,24.94,75.46,Normal
D0035,2026-01-07 10:25:00,35.73,49.74,Warning
D0004,2026-01-07 10:30:00,20.86,57.65,Warning
D0058,2026-01-07 10:35:00,29.28,51.14,Critical
D0089,2026-01-07 10:40:00,26.59,77.16,Normal
D0083,2026-01-07 10:45:00,28.93,85.98,Critical
D0090,2026-01-07 10:50:00,26.96,81.59,Critical
D0032,2026-01-07 10:55:00,23.83,65.9,Warning
D0073,2026-01-07 11:00:00,28.37,63.06,Normal
D0021,2026-01-07 11:05:00,35.77,58.1,Normal
D0008,2026-01-07 11:10:00,30.66,57.54,Normal
D0052,2026-01-07 11:15:00,25.71,60.68,Normal
D0080,2026-01-07 11:20:00,25.72,38.45,Critical
D0055,2026-01-07 11:25:00,28.74,75.22,Normal
D0065,2026-01-07 11:30:00,34.08,41.67,Critical
D0069,2026-01-07 11:35:00,24.73,68.19,Critical
D0052,2026-01-07 11:40:00,32.68,53.72,Normal
D0042,2026-01-07 11:45:00,33.44,75.02,Critical
D0047,2026-01-07 11:50:00,28.74,45.38,Normal
D0085,2026-01-07 11:55:00,34.11,44.12,Warning
D0013,2026-01-07 12:00:00,27.96,40.87,Normal
D0046,2026-01-07 12:05:00,33.43,79.91,Normal
D0092,2026-01-07 12:10:00,31.69,72.02,Warning
D0043,2026-01-07 12:15:00,22.91,65.92,Warning
D0090,2026-01-07 12:20:00,32.38,76.44,Normal
D0035,2026-01-07 12:25:00,25.71,38.08,Normal
D0020,2026-01-07 12:30:00,31.74,56.24,Normal
D0065,2026-01-07 12:35:00,32.65,89.21,Normal
D0009,2026-01-07 12:40:00,25.01,43.6,Normal
D0004,2026-01-07 12:45:00,29.13,38.54,Normal
D0018,2026-01-07 12:50:00,30.38,35.77,Warning
D0010,2026-01-07 12:55:00,20.79,86.14,Warning
D0036,2026-01-07 13:00:00,25.94,65.59,Warning
D0016,2026-01-07 13:05:00,30.59,89.84,Warning
D0096,2026-01-07 13:10:00,26.15,38.42,Critical
D0040,,29.64,51.8,Warning
D0091,2026-01-07 13:20:00,25.24,72.32,Normal
D0091,2026-01-07 13:25:00,33.49,73.35,Critical
D0039,2026-01-07 13:30:00,26.08,35.15,Normal
D0020,2026-01-07 13:35:00,24.89,81.47,Normal
D0028,2026-01-07 13:40:00,28.42,36.76,Normal
D0020,2026-01-07 13:45:00,24.62,73.53,Warning
D0007,2026-01-07 13:50:00,32.07,87.59,Normal
D0052,2026-01-07 13:55:00,22.73,74.39,Warning
D0044,2026-01-07 14:00:00,28.18,41.84,Warning
D0064,2026-01-07 14:05:00,27.17,65.06,Normal
D0082,2026-01-07 14:10:00,35.73,62.52,Warning
D0059,2026-01-07 14:15:00,27.04,59.91,Critical
D0046,2026-01-07 14:20:00,26.71,,Normal
D0074,2026-01-07 14:25:00,16.51,49.53,Critical
D0092,2026-01-07 14:30:00,34.2,81.13,Normal
D0051,2026-01-07 14:35:00,35.76,37.12,Warning
D0021,,20.0,60.08,Warning
D0012,2026-01-07 14:45:00,24.82,73.66,Warning
D0097,2026-01-07 14:50:00,25.14,82.49,Critical
D0055,2026-01-07 14:55:00,30.69,53.17,Warning
D0004,2026-01-07 15:00:00,26.69,42.01,Normal
D0027,2026-01-07 15:05:00,25.92,87.42,Normal
D0083,2026-01-07 15:10:00,29.01,35.09,Normal
D0012,2026-01-07 15:15:00,25.82,68.88,Normal
D0055,2026-01-07 15:20:00,27.61,45.28,Normal
D0055,2026-01-07 15:25:00,28.35,60.09,Normal
D0032,2026-01-07 15:30:00,21.5,57.27,Critical
D0004,2026-01-07 15:35:00,34.6,37.25,Normal
D0037,2026-01-07 15:40:00,26.51,55.71,Warning
D0059,2026-01-07 15:45:00,22.37,71.61,Warning
D0049,2026-01-07 15:50:00,29.26,58.95,Normal
D0002,2026-01-07 15:55:00,27.6,81.28,Critical
D0054,2026-01-07 16:00:00,28.8,81.71,Critical
D0015,2026-01-07 16:05:00,27.71,48.58,Critical
D0058,,26.63,37.44,Critical
D0001,2026-01-07 16:15:00,25.96,48.63,Critical
D0027,2026-01-07 16:20:00,28.23,65.92,Critical
D0079,2026-01-07 16:25:00,30.88,71.68,Warning
D0039,2026-01-07 16:30:00,31.68,64.59,Normal
D0094,2026-01-07 16:35:00,28.86,70.36,Normal
D0050,2026-01-07 16:40:00,31.31,59.04,Warning
D0008,2026-01-07 16:45:00,28.29,53.88,
D0056,2026-01-07 16:50:00,28.34,43.5,Normal
D0009,2026-01-07 16:55:00,31.71,72.13,Warning
D0091,,22.52,65.77,Normal
D0071,2026-01-07 17:05:00,28.0,50.89,Critical
D0099,2026-01-07 17:10:00,23.13,79.34,Normal
D0020,2026-01-07 17:15:00,28.12,47.49,Normal
D0092,2026-01-07 17:20:00,21.87,60.82,Warning
D0066,,33.26,37.34,Critical
D0070,2026-01-07 17:30:00,29.24,57.14,Critical
D0079,2026-01-07 17:35:00,29.11,64.51,Normal
D0043,2026-01-07 17:40:00,24.18,37.04,Normal
D0024,2026-01-07 17:45:00,24.84,44.11,Warning
D0008,2026-01-07 17:50:00,24.38,57.29,Warning
D0097,2026-01-07 17:55:00,,43.78,Warning
D0070,2026-01-07 18:00:00,26.56,51.94,Warning
D0072,2026-01-07 18:05:00,35.35,63.03,Critical
D0011,2026-01-07 18:10:00,33.01,64.01,Warning
D0048,2026-01-07 18:15:00,22.55,43.82,Normal
D0064,2026-01-07 18:20:00,27.31,43.19,Normal
D0024,2026-01-07 18:25:00,26.83,47.38,Normal
D0083,2026-01-07 18:30:00,28.44,36.06,Critical
D0006,2026-01-07 18:35:00,33.89,73.51,Warning
D0007,2026-01-07 18:40:00,29.05,77.06,Warning
D0023,2026-01-07 18:45:00,32.93,81.58,Critical
D0068,2026-01-07 18:50:00,22.99,46.28,Critical
D0094,2026-01-07 18:55:00,25.79,62.36,Normal
D0061,2026-01-07 19:00:00,28.25,78.88,Normal
D0061,2026-01-07 19:05:00,28.8,57.38,Warning
D0014,2026-01-07 19:10:00,35.1,40.09,Normal
D0026,2026-01-07 19:15:00,33.59,76.38,Critical
D0053,2026-01-07 19:20:00,40.27,47.22,Critical
D0073,2026-01-07 19:25:00,29.58,75.95,Warning
D0030,2026-01-07 19:30:00,22.46,80.56,Normal
D0038,2026-01-07 19:35:00,26.79,35.09,Normal
D0047,2026-01-07 19:40:00,32.94,,Warning
D0064,2026-01-07 19:45:00,26.52,58.6,Warning
D0001,2026-01-07 19:50:00,40.01,68.41,Warning
D0044,2026-01-07 19:55:00,28.36,58.86,Normal
D0054,2026-01-07 20:00:00,22.45,84.92,Normal
D0043,2026-01-07 20:05:00,26.84,72.14,Critical
D0079,2026-01-07 20:10:00,28.66,38.08,Critical
D0080,2026-01-07 20:15:00,24.27,48.23,Critical
D0012,2026-01-07 20:20:00,30.17,64.57,Warning
D0016,2026-01-07 20:25:00,33.63,36.24,Critical
D0032,2026-01-07 20:30:00,28.24,55.27,Warning
D0003,2026-01-07 20:35:00,36.14,65.56,Warning
D0035,2026-01-07 20:40:00,25.55,41.85,Warning
D0009,2026-01-07 20:45:00,29.26,36.67,Warning
D0025,2026-01-07 20:50:00,29.77,41.06,Critical
D0021,2026-01-07 20:55:00,27.28,35.14,Warning
D0096,2026-01-07 21:00:00,20.96,67.1,Normal
D0097,2026-01-07 21:05:00,28.62,39.28,Warning
D0073,2026-01-07 21:10:00,30.97,62.23,Warning
D0089,2026-01-07 21:15:00,30.14,56.9,Warning
D0027,2026-01-07 21:20:00,27.42,79.6,Critical
D0062,2026-01-07 21:25:00,20.73,87.1,Warning
D0096,2026-01-07 21:30:00,31.87,60.02,Warning
D0044,2026-01-07 21:35:00,31.28,89.14,Warning
D0049,2026-01-07 21:40:00,22.99,61.03,Critical
D0063,2026-01-07 21:45:00,25.34,40.96,Critical
D0014,2026-01-07 21:50:00,25.72,61.67,Normal
D0093,2026-01-07 21:55:00,23.71,80.79,Normal
D0067,2026-01-07 22:00:00,28.09,73.91,Normal
D0099,2026-01-07 22:05:00,37.8,41.24,Critical
D0084,2026-01-07 22:10:00,31.46,73.37,Warning
D0014,2026-01-07 22:15:00,25.34,76.62,Critical
D0073,2026-01-07 22:20:00,29.79,59.93,Critical
D0077,2026-01-07 22:25:00,25.55,41.09,Normal
D0073,2026-01-07 22:30:00,31.48,70.47,Critical
D0091,2026-01-07 22:35:00,28.41,43.68,Critical
D0047,2026-01-07 22:40:00,26.67,60.58,Warning
D0004,2026-01-07 22:45:00,23.79,51.7,Critical
D0027,2026-01-07 22:50:00,30.08,44.17,Warning
D0073,2026-01-07 22:55:00,29.07,62.75,Critical
D0099,2026-01-07 23:00:00,30.35,42.47,Warning
D0056,2026-01-07 23:05:00,38.18,53.01,Warning
D0003,2026-01-07 23:10:00,27.01,55.42,Critical
D0068,2026-01-07 23:15:00,25.93,74.96,Warning
D0066,2026-01-07 23:20:00,31.85,57.69,Warning
D0070,2026-01-07 23:25:00,31.49,47.55,Normal
D0036,2026-01-07 23:30:00,33.36,38.61,Warning
D0071,2026-01-07 23:35:00,30.93,66.89,Warning
D0077,2026-01-07 23:40:00,28.26,54.56,Critical
D0008,2026-01-07 23:45:00,22.31,80.0,Normal
D0097,2026-01-07 23:50:00,29.62,45.5,Normal
D0017,2026-01-07 23:55:00,27.93,88.36,Normal
D0007,2026-01-08 00:00:00,28.35,85.72,Warning
D0045,2026-01-08 00:05:00,23.36,39.25,Normal
D0009,2026-01-08 00:10:00,23.62,71.98,Warning
D0013,2026-01-08 00:15:00,30.51,39.96,Critical
D0060,2026-01-08 00:20:00,32.97,82.91,Normal
D0003,2026-01-08 00:25:00,34.13,81.5,Normal
D0070,2026-01-08 00:30:00,26.13,85.44,Normal
D0017,2026-01-08 00:35:00,22.73,48.92,Warning
D0011,2026-01-08 00:40:00,25.71,54.03,Normal
D0019,2026-01-08 00:45:00,26.81,71.95,Critical
D0067,2026-01-08 00:50:00,30.01,85.59,Warning
D0098,2026-01-08 00:55:00,29.32,43.93,Critical
D0072,2026-01-08 01:00:00,31.06,72.68,Critical
D0082,2026-01-08 01:05:00,30.93,72.52,Critical
D0019,2026-01-08 01:10:00,35.64,68.97,Normal
D0087,2026-01-08 01:15:00,24.36,68.26,Critical
D0044,2026-01-08 01:20:00,30.0,67.29,Critical
D0078,2026-01-08 01:25:00,28.13,76.22,Normal
D0038,2026-01-08 01:30:00,28.7,60.26,Warning
D0016,2026-01-08 01:35:00,29.28,53.09,Warning
D0085,2026-01-08 01:40:00,30.25,82.42,Critical
D0064,2026-01-08 01:45:00,30.42,77.95,Warning
D0023,2026-01-08 01:50:00,31.89,47.49,Normal
D0093,2026-01-08 01:55:00,33.79,83.51,Normal
D0011,2026-01-08 02:00:00,26.95,78.0,Normal
D0095,2026-01-08 02:05:00,22.32,42.74,Critical
D0070,2026-01-08 02:10:00,27.99,36.39,Critical
D0025,2026-01-08 02:15:00,35.8,77.01,Normal
D0008,2026-01-08 02:20:00,28.43,65.31,Normal
D0003,2026-01-08 02:25:00,26.03,46.5,Normal
D0046,2026-01-08 02:30:00,32.0,73.24,Critical
D0014,2026-01-08 02:35:00,33.35,54.44,Critical
D0027,2026-01-08 02:40:00,26.62,49.99,Warning
D0009,2026-01-08 02:45:00,24.39,53.07,Warning
D0037,2026-01-08 02:50:00,23.1,84.32,Normal
D0021,2026-01-08 02:55:00,23.0,37.13,Critical
D0041,2026-01-08 03:00:00,34.87,67.7,Normal
D0061,2026-01-08 03:05:00,30.61,86.83,Warning
D0065,2026-01-08 03:10:00,36.04,53.63,Warning
D0024,2026-01-08 03:15:00,27.64,39.66,Critical
D0027,2026-01-08 03:20:00,34.01,53.32,Critical
D0019,2026-01-08 03:25:00,18.59,78.85,Warning
D0036,2026-01-08 03:30:00,23.14,76.08,Warning
D0034,2026-01-08 03:35:00,23.65,42.19,Critical
D0074,2026-01-08 03:40:00,25.38,49.69,Normal
D0093,2026-01-08 03:45:00,27.36,46.35,Critical
D0004,2026-01-08 03:50:00,33.8,82.17,Normal
D0006,2026-01-08 03:55:00,23.08,85.73,Critical
D0097,2026-01-08 04:00:00,32.02,86.18,Normal
D0018,2026-01-08 04:05:00,34.0,79.28,Warning
D0090,2026-01-08 04:10:00,25.13,57.71,Critical
D0100,2026-01-08 04:15:00,21.9,57.38,Normal
D0010,2026-01-08 04:20:00,30.07,74.94,Critical
D0057,2026-01-08 04:25:00,30.61,66.41,Normal
D0091,2026-01-08 04:30:00,29.14,89.61,Normal
D0061,2026-01-08 04:35:00,31.03,89.47,Normal
D0095,2026-01-08 04:40:00,23.15,36.6,Critical
D0033,2026-01-08 04:45:00,26.97,79.16,Normal
D0008,2026-01-08 04:50:00,29.3,44.48,Normal
D0076,2026-01-08 04:55:00,27.26,37.19,Normal
D0035,2026-01-08 05:00:00,27.29,55.64,Normal
D0089,2026-01-08 05:05:00,28.69,75.74,Normal
D0045,2026-01-08 05:10:00,32.29,62.51,Critical
D0074,2026-01-08 05:15:00,29.41,58.19,Critical
D0073,2026-01-08 05:20:00,28.81,50.36,Warning
D0059,2026-01-08 05:25:00,31.9,69.02,Critical
D0077,2026-01-08 05:30:00,31.22,54.01,Critical
D0072,2026-01-08 05:35:00,27.84,57.34,Normal
D0070,2026-01-08 05:40:00,29.03,89.23,Normal
D0001,2026-01-08 05:45:00,29.82,76.29,Normal
D0073,2026-01-08 05:50:00,31.0,48.86,Warning
D0082,2026-01-08 05:55:00,25.61,46.47,Normal
D0064,2026-01-08 06:00:00,38.07,73.64,Normal
D0074,2026-01-08 06:05:00,30.87,62.61,Normal
D0018,2026-01-08 06:10:00,33.19,39.39,Critical
D0057,2026-01-08 06:15:00,28.68,35.1,Normal
D0015,2026-01-08 06:20:00,25.36,68.08,Critical
D0006,2026-01-08 06:25:00,26.73,39.61,Warning
D0074,2026-01-08 06:30:00,29.63,66.21,critical
D0074,2026-01-08 06:35:00,33.49,39.54,Normal
D0035,2026-01-08 06:40:00,33.3,65.8,Normal
D0013,2026-01-08 06:45:00,25.17,84.71,Warning
D0073,2026-01-08 06:50:00,34.44,49.27,Warning
D0079,2026-01-08 06:55:00,28.05,40.9,Critical
D0051,2026-01-08 07:00:00,29.15,52.78,Critical
D0079,2026-01-08 07:05:00,37.36,70.13,Critical
D0073,2026-01-08 07:10:00,29.18,74.87,Critical
D0035,2026-01-08 07:15:00,23.14,46.3,Critical
D0030,2026-01-08 07:20:00,31.45,65.54,Normal
D0031,2026-01-08 07:25:00,29.72,59.06,Critical
D0095,2026-01-08 07:30:00,32.21,51.04,Normal
D0012,2026-01-08 07:35:00,25.38,70.27,Critical
D0100,2026-01-08 07:40:00,29.59,74.59,Critical
D0023,2026-01-08 07:45:00,30.84,83.98,Warning
D0071,2026-01-08 07:50:00,36.4,78.41,Normal
D0015,2026-01-08 07:55:00,28.8,40.26,Normal
D0042,2026-01-08 08:00:00,26.02,80.96,Normal
D0046,2026-01-08 08:05:00,20.73,88.4,Warning
D0056,2026-01-08 08:10:00,31.86,66.5,Warning
D0055,2026-01-08 08:15:00,33.51,39.59,Normal
D0077,2026-01-08 08:20:00,25.54,56.5,Critical
D0054,2026-01-08 08:25:00,37.5,56.3,Warning
D0048,2026-01-08 08:30:00,,35.77,Normal
D0056,2026-01-08 08:35:00,31.53,37.54,Warning
D0065,2026-01-08 08:40:00,33.57,39.29,Critical
D0007,2026-01-08 08:45:00,29.82,35.34,Normal
D0013,2026-01-08 08:50:00,39.69,67.07,Warning
D0013,2026-01-08 08:55:00,,57.06,Warning
D0081,2026-01-08 09:00:00,33.09,36.8,Normal
D0094,2026-01-08 09:05:00,26.78,76.79,Warning
D0076,2026-01-08 09:10:00,35.46,82.38,Warning
D0092,2026-01-08 09:15:00,27.82,65.4,Warning
D0033,2026-01-08 09:20:00,32.64,63.76,Normal
D0001,2026-01-08 09:25:00,32.04,55.96,Critical
D0060,2026-01-08 09:30:00,33.16,40.94,Warning
d0004,2026-01-08 09:35:00,22.12,69.74,Critical
D0001,2026-01-08 09:40:00,29.94,88.88,Warning
D0064,2026-01-08 09:45:00,31.12,37.87,Critical
D0031,2026-01-08 09:50:00,27.97,78.84,Normal
D0067,2026-01-08 09:55:00,27.7,87.85,Critical
D0034,2026-01-08 10:00:00,35.72,53.36,Warning
D0050,2026-01-08 10:05:00,24.16,36.72,Normal
D0066,2026-01-08 10:10:00,22.9,76.77,Critical
D0054,2026-01-08 10:15:00,22.8,84.48,Normal
D0074,2026-01-08 10:20:00,25.02,45.68,Normal
D0016,2026-01-08 10:25:00,29.83,60.03,Critical
D0057,2026-01-08 10:30:00,26.15,60.61,Warning
D0087,2026-01-08 10:35:00,27.22,75.95,Normal
D0079,2026-01-08 10:40:00,34.02,52.64,Critical
D0038,2026-01-08 10:45:00,25.88,88.73,Warning
D0050,2026-01-08 10:50:00,26.44,88.48,Normal
D0059,2026-01-08 10:55:00,30.24,200,Normal
D0053,2026-01-08 11:00:00,26.26,71.92,Normal
D0018,2026-01-08 11:05:00,24.11,40.91,Warning
D0052,2026-01-08 11:10:00,33.2,35.6,Critical
D0074,2026-01-08 11:15:00,29.13,88.55,Normal
D0030,2026-01-08 11:20:00,28.19,80.14,Normal
D0069,2026-01-08 11:25:00,28.52,85.86,Critical
D0087,2026-01-08 11:30:00,30.68,53.47,Warning
D0066,2026-01-08 11:35:00,30.4,59.9,Normal
D0075,2026-01-08 11:40:00,31.14,46.9,Warning
D0024,2026-01-08 11:45:00,28.81,38.04,Warning
D0041,2026-01-08 11:50:00,30.15,81.74,Critical
D0030,2026-01-08 11:55:00,27.87,70.85,Critical
D0038,2026-01-08 12:00:00,23.74,58.77,Warning
D0042,2026-01-08 12:05:00,32.54,35.13,Critical
D0094,2026-01-08 12:10:00,28.36,53.8,Normal
D0042,2026-01-08 12:15:00,31.02,60.43,Normal
D0001,2026-01-08 12:20:00,32.28,38.22,Critical
D0018,2026-01-08 12:25:00,30.57,51.56,Warning
D0034,2026-01-08 12:30:00,36.35,57.4,Critical
D0004,2026-01-08 12:35:00,33.45,74.16,Warning
D0069,2026-01-08 12:40:00,36.02,82.58,Normal
D0048,2026-01-08 12:45:00,25.61,65.74,Critical
D0005,2026-01-08 12:50:00,27.72,47.03,Warning
D0042,2026-01-08 12:55:00,30.7,37.05,Critical
D0098,2026-01-08 13:00:00,32.48,81.2,Warning
D0065,2026-01-08 13:05:00,25.8,67.85,Normal
D0007,2026-01-08 13:10:00,33.24,42.87,Normal
D0042,2026-01-08 13:15:00,36.21,75.9,Warning
D0067,2026-01-08 13:20:00,33.19,80.07,Normal
D0058,2026-01-08 13:25:00,34.65,64.61,Warning
D0027,2026-01-08 13:30:00,31.12,48.6,Normal
D0100,2026-01-08 13:35:00,26.25,50.96,Critical
D0014,2026-01-08 13:40:00,19.29,42.16,Critical
D0009,2026-01-08 13:45:00,26.3,82.91,Normal
D0047,2026-01-08 13:50:00,27.64,70.69,Critical
D0074,2026-01-08 13:55:00,30.99,71.23,Normal
D0047,2026-01-08 14:00:00,30.76,87.95,Warning
D0049,2026-01-08 14:05:00,29.96,75.81,Warning
D0088,2026-01-08 14:10:00,35.78,82.28,Critical
D0092,2026-01-08 14:15:00,22.87,39.02,Critical
D0015,2026-01-08 14:20:00,34.7,56.1,Normal
D0091,2026-01-08 14:25:00,25.23,75.93,Normal
D0045,2026-01-08 14:30:00,32.12,49.81,Normal
D0009,2026-01-08 14:35:00,33.11,85.31,Critical
D0015,2026-01-08 14:40:00,31.31,44.9,Critical
D0093,2026-01-08 14:45:00,32.67,66.75,Critical
D0095,2026-01-08 14:50:00,24.65,70.51,Warning
D0020,2026-01-08 14:55:00,22.76,52.84,Critical
D0029,2026-01-08 15:00:00,24.88,63.79,Critical
D0068,2026-01-08 15:05:00,34.08,37.5,Warning
D0031,2026-01-08 15:10:00,27.39,89.73,Critical
D0085,2026-01-08 15:15:00,34.27,56.87,Critical
D0071,2026-01-08 15:20:00,27.6,67.97,Critical
D0085,2026-01-08 15:25:00,27.47,48.27,Warning
D0100,2026-01-08 15:30:00,25.16,42.72,Critical
D0033,2026-01-08 15:35:00,23.82,64.13,Normal
D0082,2026-01-08 15:40:00,26.25,51.52,normal
D0092,2026-01-08 15:45:00,28.88,55.95,Normal
D0076,2026-01-08 15:50:00,26.41,70.83,Warning
D0067,2026-01-08 15:55:00,31.34,55.65,Normal
D0058,2026-01-08 16:00:00,33.59,44.66,Warning
D0013,2026-01-08 16:05:00,33.01,51.11,Critical
D0058,2026-01-08 16:10:00,29.54,52.89,Normal
D0095,2026-01-08 16:15:00,33.72,84.84,Critical
D0066,2026-01-08 16:20:00,32.92,36.02,Critical
D0066,2026-01-08 16:25:00,37.36,61.51,Warning
D0039,2026-01-08 16:30:00,25.29,64.55,Normal
D0053,2026-01-08 16:35:00,33.02,85.18,Critical
D0037,2026-01-08 16:40:00,32.81,58.2,Normal
D0024,2026-01-08 16:45:00,32.83,89.3,Normal
D0005,2026-01-08 16:50:00,27.46,72.59,Warning
D0061,2026-01-08 16:55:00,30.02,67.93,Critical
D0061,2026-01-08 17:00:00,29.86,88.11,Warning
D0037,2026-01-08 17:05:00,29.16,35.64,Warning
D0063,2026-01-08 17:10:00,33.11,74.17,Critical
D0011,2026-01-08 17:15:00,25.87,76.62,Normal
D0013,2026-01-08 17:20:00,30.6,68.1,Normal
D0051,2026-01-08 17:25:00,25.03,67.92,Normal
D0011,2026-01-08 17:30:00,29.02,53.01,Normal
D0086,2026-01-08 17:35:00,25.07,82.35,Critical
D0039,2026-01-08 17:40:00,30.49,74.49,Normal
D0025,2026-01-08 17:45:00,28.88,82.46,Normal
 D0010,2026-01-08 17:50:00,36.69,48.47,Critical
D0082,2026-01-08 17:55:00,32.73,55.12,Critical
D0086,2026-01-08 18:00:00,28.07,64.6,Normal
D0069,2026-01-08 18:05:00,21.87,67.56,Warning
D0063,2026-01-08 18:10:00,30.16,77.31,Critical
D0036,2026-01-08 18:15:00,29.79,51.7,Normal
D0032,2026-01-08 18:20:00,39.14,72.88,Critical
D0098,2026-01-08 18:25:00,,60.72,Critical
D0063,2026-01-08 18:30:00,36.62,67.25,Normal
D0087,2026-01-08 18:35:00,23.74,69.61,Normal
D0081,2026-01-08 18:40:00,28.38,45.37,Critical
D0081,2026-01-08 18:45:00,31.06,56.43,Critical
D0048,2026-01-08 18:50:00,24.75,41.08,Critical
D0079,2026-01-08 18:55:00,29.92,86.24,Normal
D0088,2026-01-08 19:00:00,29.32,65.78,Normal
D0089,2026-01-08 19:05:00,36.54,82.05,Normal
D0065,2026-01-08 19:10:00,29.94,79.3,Normal
D0053,2026-01-08 19:15:00,28.7,77.0,Warning
D0040,2026-01-08 19:20:00,30.45,40.07,Normal
D0049,2026-01-08 19:25:00,24.86,56.12,Warning
D0012,2026-01-08 19:30:00,24.75,82.44,Critical
D0063,2026-01-08 19:35:00,31.0,53.58,Critical
D0067,2026-01-08 19:40:00,33.16,77.41,Normal
D0074,2026-01-08 19:45:00,31.6,61.37,Critical
D0038,2026-01-08 19:50:00,31.88,86.13,Warning
D0008,2026-01-08 19:55:00,36.15,39.37,Critical
D0073,2026-01-08 20:00:00,29.9,86.68,Critical
D0091,2026-01-08 20:05:00,23.85,62.14,Warning
D0095,2026-01-08 20:10:00,31.13,59.0,Critical
D0006,2026-01-08 20:15:00,,81.35,Warning
D0031,2026-01-08 20:20:00,24.0,73.81,Normal
D0078,2026-01-08 20:25:00,38.13,73.23,Normal
D0039,2026-01-08 20:30:00,30.62,78.8,Warning
D0097,2026-01-08 20:35:00,28.75,85.51,Normal
D0086,2026-01-08 20:40:00,39.74,81.28,Warning
D0007,2026-01-08 20:45:00,25.67,45.68,Warning
D0071,2026-01-08 20:50:00,30.68,60.74,Warning
D0073,2026-01-08 20:55:00,25.83,59.96,Critical
D0083,2026-01-08 21:00:00,28.28,58.32,Warning
D0027,2026-01-08 21:05:00,28.78,51.37,Critical
D0084,2026-01-08 21:10:00,25.84,37.25,Critical
D0030,2026-01-08 21:15:00,29.3,63.65,Warning
D0035,2026-01-08 21:20:00,27.11,41.66,Normal
D0040,2026-01-08 21:25:00,27.19,63.57,Normal
D0031,2026-01-08 21:30:00,33.16,69.68,Normal
D0072,2026-01-08 21:35:00,31.26,63.04,Normal
D0037,2026-01-08 21:40:00,23.78,83.59,Normal
D0082,2026-01-08 21:45:00,34.48,49.49,Warning
D0093,2026-01-08 21:50:00,33.83,74.96,Normal
D0097,2026-01-08 21:55:00,28.54,50.02,Warning
D0035,2026-01-08 22:00:00,30.81,54.09,Normal
D0092,2026-01-08 22:05:00,26.4,62.5,Critical
D0089,2026-01-08 22:10:00,24.69,60.1,Normal
D0095,2026-01-08 22:15:00,28.52,78.87,Critical
D0097,2026-01-08 22:20:00,27.4,45.84,Normal
D0051,2026-01-08 22:25:00,32.16,58.04,Normal
D0091,2026-01-08 22:30:00,28.1,55.82,Warning
D0088,2026-01-08 22:35:00,37.06,40.67,Warning
D0057,2026-01-08 22:40:00,23.18,83.72,Critical
D0004,2026-01-08 22:45:00,19.27,55.39,Warning
D0076,2026-01-08 22:50:00,28.97,37.44,Normal
D0089,2026-01-08 22:55:00,23.68,78.71,Normal
D0069,2026-01-08 23:00:00,31.81,54.82,Normal
D0043,2026-01-08 23:05:00,27.62,76.27,Normal
D0080,2026-01-08 23:10:00,22.61,78.94,Warning
D0068,2026-01-08 23:15:00,33.24,49.76,Critical
D0064,2026-01-08 23:20:00,22.66,59.43,Warning
D0063,2026-01-08 23:25:00,30.55,61.92,Warning
D0053,2026-01-08 23:30:00,26.08,65.66,Warning
D0059,2026-01-08 23:35:00,23.58,66.31,Critical
D0061,2026-01-08 23:40:00,30.97,54.21,Warning
D0016,2026-01-08 23:45:00,23.02,43.84,
D0091,2026-01-08 23:50:00,27.56,46.71,Warning
D0051,2026-01-08 23:55:00,29.18,59.09,Warning
D0054,2026-01-09 00:00:00,33.54,63.08,Warning
D0065,2026-01-09 00:05:00,33.53,86.83,Normal
D0049,2026-01-09 00:10:00,27.41,85.13,Critical
D0025,2026-01-09 00:15:00,22.28,88.1,Critical
D0052,2026-01-09 00:20:00,30.44,44.66,Normal
D0012,2026-01-09 00:25:00,30.96,40.72,Normal
D0063,2026-01-09 00:30:00,27.77,76.84,Normal
D0004,2026-01-09 00:35:00,28.5,84.32,Critical
D0054,2026-01-09 00:40:00,29.15,81.45,Normal
D0005,2026-01-09 00:45:00,28.03,81.2,Warning
D0063,2026-01-09 00:50:00,unknown,54.31,Warning
D0039,2026-01-09 00:55:00,26.43,83.85,Normal
D0051,2026-01-09 01:00:00,32.73,47.61,Normal
D0080,2026-01-09 01:05:00,29.16,50.14,
D0030,2026-01-09 01:10:00,32.25,62.44,Critical
D0092,2026-01-09 01:15:00,25.28,89.13,Critical
D0049,2026-01-09 01:20:00,22.86,88.54,Warning
D0010,2026-01-09 01:25:00,23.99,64.77,Normal
D0025,2026-01-09 01:30:00,23.96,54.21,Warning
D0020,2026-01-09 01:35:00,22.47,87.41,Warning
D0076,2026-01-09 01:40:00,24.12,63.11,Normal
D0022,2026-01-09 01:45:00,22.93,46.92,Normal
D0002,2026-01-09 01:50:00,32.69,76.43,Normal
D0053,2026-01-09 01:55:00,28.2,80.0,Critical
D0030,2026-01-09 02:00:00,32.73,59.27,Critical
D0088,2026-01-09 02:05:00,34.25,75.82,Critical
D0043,2026-01-09 02:10:00,31.68,80.62,Normal
D0007,2026-01-09 02:15:00,28.45,55.64,Normal
D0068,2026-01-09 02:20:00,23.89,82.24,Critical
D0025,2026-01-09 02:25:00,28.9,64.01,Warning
D0045,2026-01-09 02:30:00,20.73,82.68,Warning
D0032,2026-01-09 02:35:00,30.5,56.83,Critical
D0064,2026-01-09 02:40:00,27.52,89.64,Warning
D0056,2026-01-09 02:45:00,35.81,43.78,Warning
D0064,2026-01-09 02:50:00,31.85,71.93,Warning
D0002,2026-01-09 02:55:00,32.33,37.26,Warning
d0004,2026-01-09 03:00:00,25.91,40.64,Warning
D0019,2026-01-09 03:05:00,25.3,35.66,Warning
D0062,2026-01-09 03:10:00,27.54,66.77,Normal
D0018,2026-01-09 03:15:00,28.16,40.59,Critical
D0099,2026-01-09 03:20:00,23.37,88.94,Normal
D0016,2026-01-09 03:25:00,24.45,39.16,Warning
D0070,2026-01-09 03:30:00,31.18,75.75,Critical
D0069,2026-01-09 03:35:00,29.25,35.34,Normal
D0041,2026-01-09 03:40:00,26.86,37.83,Warning
D0077,2026-01-09 03:45:00,27.39,57.77,Critical
D0005,2026-01-09 03:50:00,27.41,69.33,Critical
D0014,2026-01-09 03:55:00,29.02,59.49,Normal
D0001,2026-01-09 04:00:00,44.2,60.36,Warning
D0097,2026-01-09 04:05:00,36.43,75.44,Warning
D0019,2026-01-09 04:10:00,23.59,41.83,Warning
D0038,2026-01-09 04:15:00,29.33,65.78,Warning
D0058,2026-01-09 04:20:00,35.88,59.02,Critical
D0042,2026-01-09 04:25:00,33.96,54.7,Normal
D0060,2026-01-09 04:30:00,29.83,81.84,Warning
D0049,2026-01-09 04:35:00,34.79,78.12,Normal
D0094,2026-01-09 04:40:00,32.94,81.54,Normal
D0024,2026-01-09 04:45:00,22.73,41.83,Normal
D0014,2026-01-09 04:50:00,25.48,73.51,Critical
D0044,2026-01-09 04:55:00,28.44,71.55,Warning
D0033,2026-01-09 05:00:00,29.44,42.48,Critical
D0015,2026-01-09 05:05:00,33.39,89.0,Critical
D0046,2026-01-09 05:10:00,27.62,83.01,Warning
D0074,2026-01-09 05:15:00,27.95,89.7,Normal
D0090,2026-01-09 05:20:00,25.39,72.38,Critical
D0020,2026-01-09 05:25:00,34.46,66.56,Critical
D0038,2026-25-01 12:00:00,34.25,45.44,Normal
D0094,2026-01-09 05:35:00,28.37,66.99,Normal
D0038,2026-01-09 05:40:00,27.4,72.9,Warning
D0072,2026-01-09 05:45:00,34.78,72.39,Normal
D0058,2026-01-09 05:50:00,31.54,74.82,Critical
D0058,2026-01-09 05:55:00,28.16,47.37,Warning
D0058,2026-01-09 06:00:00,35.08,53.53,Warning
D0080,2026-01-09 06:05:00,26.97,78.97,Normal
D0017,2026-01-09 06:10:00,28.17,88.73,Warning
D0038,2026-01-09 06:15:00,32.41,82.02,Normal
D0054,2026-01-09 06:20:00,33.76,69.4,Normal
D0090,2026-01-09 06:25:00,30.64,68.82,Normal
D0001,2026-01-09 06:30:00,35.02,81.84,Normal
D0019,2026-01-09 06:35:00,28.57,65.27,Warning
D0042,2026-01-09 06:40:00,24.29,46.22,Normal
D0057,2026-01-09 06:45:00,26.61,62.19,Normal
D0040,2026-01-09 06:50:00,26.4,35.8,Normal
D0040,2026-01-09 06:55:00,26.99,88.73,Normal
D0016,2026-01-09 07:00:00,34.04,78.4,Warning
D0033,2026-01-09 07:05:00,32.58,74.95,Critical
D0032,2026-01-09 07:10:00,31.23,71.12,Normal
D0085,2026-01-09 07:15:00,35.57,78.22,Warning
D0052,2026-01-09 07:20:00,32.06,63.28,Critical
D0083,2026-01-09 07:25:00,27.99,63.38,Warning
D0050,2026-01-09 07:30:00,34.97,56.09,Normal
D0002,2026-01-09 07:35:00,27.15,53.23,Warning
D0080,2026-01-09 07:40:00,28.52,39.14,Critical
D0041,2026-01-09 07:45:00,,74.22,Warning
D0063,2026-01-09 07:50:00,27.28,51.29,Warning
D0093,2026-01-09 07:55:00,24.71,35.38,Normal
D0050,2026-01-09 08:00:00,25.61,64.81,Critical
D0079,2026-01-09 08:05:00,29.37,89.35,Critical
D0016,2026-01-09 08:10:00,29.05,75.62,Warning
D0063,2026-01-09 08:15:00,32.0,61.16,Warning
D0008,2026-01-09 08:20:00,33.11,59.69,Warning
D0068,2026-01-09 08:25:00,30.8,58.38,Warning
D0024,2026-01-09 08:30:00,29.24,80.44,Warning
D0087,2026-01-09 08:35:00,25.61,88.79,Normal
D0066,2026-01-09 08:40:00,34.21,46.14,Warning
D0084,2026-01-09 08:45:00,35.26,38.53,Normal
D0099,2026-01-09 08:50:00,27.24,42.23,Critical
D0033,2026-01-09 08:55:00,31.61,50.21,Warning
D0093,2026-01-09 09:00:00,30.93,69.65,Normal
D0002,2026-01-09 09:05:00,32.18,51.58,Warning
D0095,2026-01-09 09:10:00,28.48,46.24,Critical
D0064,2026-01-09 09:15:00,28.59,,Normal
D0058,2026-01-09 09:20:00,27.29,35.28,Warning
D0095,2026-01-09 09:25:00,31.94,88.21,Normal
D0030,2026-01-09 09:30:00,34.57,51.02,Warning
D0051,2026-01-09 09:35:00,32.18,70.15,Warning
D0089,2026-01-09 09:40:00,29.37,89.38,Warning
D0037,2026-01-09 09:45:00,28.99,37.53,Warning
D0067,2026-01-09 09:50:00,20.52,60.46,Warning
D0054,2026-01-09 09:55:00,27.51,56.02,Critical
D0004,2026-01-09 10:00:00,22.0,43.86,Critical
D0083,2026-01-09 10:05:00,41.53,82.33,Critical
D0016,2026-01-09 10:10:00,31.87,62.99,Critical
D0051,2026-01-09 10:15:00,26.01,37.59,Critical
D0093,2026-01-09 10:20:00,25.2,50.69,Normal
D0071,2026-01-09 10:25:00,28.07,78.76,Critical
D0021,2026-01-09 10:30:00,29.52,76.53,Critical
D0069,2026-01-09 10:35:00,32.78,60.12,Normal
D0024,2026-01-09 10:40:00,29.3,45.84,Critical
D0037,2026-01-09 10:45:00,28.58,70.66,Normal
D0090,2026-01-09 10:50:00,24.78,61.49,Warning
D0096,2026-01-09 10:55:00,28.28,73.02,Warning
D0011,2026-01-09 11:00:00,28.7,71.5,Normal
D0055,2026-01-09 11:05:00,29.47,45.38,Critical
D0046,2026-01-09 11:10:00,24.97,43.3,Normal
D0060,2026-01-09 11:15:00,27.62,38.47,Normal
D0054,2026-01-09 11:20:00,28.62,64.74,Warning
D0028,2026-01-09 11:25:00,26.57,47.17,Normal
D0030,2026-01-09 11:30:00,31.98,41.45,Warning
D0002,2026-01-09 11:35:00,23.21,52.38,Critical
D0061,2026-01-09 11:40:00,29.31,83.52,Critical
D0029,2026-01-09 11:45:00,31.2,85.41,Warning
D0038,2026-01-09 11:50:00,29.86,65.28,Critical
D0036,2026-01-09 11:55:00,27.2,66.98,Normal
D0022,2026-01-09 12:00:00,28.59,45.01,Critical
D0009,2026-01-09 12:05:00,26.67,89.1,Normal
D0018,2026-01-09 12:10:00,33.94,77.4,Warning
D0010,2026-01-09 12:15:00,24.23,49.58,Warning
D0075,2026-01-09 12:20:00,32.96,39.81,Critical
D0010,2026-01-09 12:25:00,25.43,84.1,Normal
D0046,2026-01-09 12:30:00,34.1,84.96,Warning
D0084,2026-01-09 12:35:00,25.18,71.23,Warning
D0070,2026-01-09 12:40:00,29.17,87.22,Normal
D0098,2026-01-09 12:45:00,29.23,84.58,Critical
D0070,2026-01-09 12:50:00,29.87,37.09,Normal
D0014,2026-01-09 12:55:00,30.82,84.72,Critical
D0009,2026-01-09 13:00:00,27.35,59.26,Normal
D0094,2026-01-09 13:05:00,28.81,84.29,Normal
D0008,2026-01-09 13:10:00,33.0,89.49,Warning
D0072,2026-01-09 13:15:00,31.41,65.11,Warning
D0035,2026-01-09 13:20:00,28.68,47.06,Warning
D0041,2026-01-09 13:25:00,28.89,60.41,Critical
D0052,2026-01-09 13:30:00,31.59,71.28,Warning
D0049,2026-01-09 13:35:00,37.06,66.22,Normal
D0084,2026-01-09 13:40:00,26.12,49.7,Warning
D0089,2026-01-09 13:45:00,32.24,43.41,Normal
D0068,2026-01-09 13:50:00,33.18,64.94,Critical
D0022,2026-01-09 13:55:00,25.18,80.43,Warning
D0078,2026-01-09 14:00:00,25.11,38.45,Critical
D0080,2026-01-09 14:05:00,28.99,60.15,Critical
D0080,2026-01-09 14:10:00,31.78,70.63,Normal
D0066,2026-01-09 14:15:00,27.45,54.27,Normal
D0066,2026-01-09 14:20:00,29.87,74.97,Critical
D0020,2026-01-09 14:25:00,33.73,86.34,Critical
D0097,2026-01-09 14:30:00,34.38,67.72,Warning
D0030,2026-01-09 14:35:00,28.95,55.44,Critical
D0050,2026-01-09 14:40:00,30.06,84.74,Critical
D0037,2026-01-09 14:45:00,26.3,64.72,Warning
D0053,2026-01-09 14:50:00,23.51,53.55,Critical
D0081,2026-01-09 14:55:00,31.49,38.32,Normal
D0035,2026-01-09 15:00:00,28.89,51.74,Normal
D0061,2026-01-09 15:05:00,24.58,62.89,Normal
D0060,2026-01-09 15:10:00,27.05,74.22,Critical
D0060,2026-01-09 15:15:00,25.71,68.54,Warning
D0022,2026-01-09 15:20:00,23.06,88.44,Warning
D0041,2026-01-09 15:25:00,23.97,64.3,Critical
D0059,2026-01-09 15:30:00,25.31,73.65,Warning
D0015,2026-01-09 15:35:00,32.9,60.08,Warning
D0081,2026-01-09 15:40:00,30.41,76.77,Critical
D0005,2026-01-09 15:45:00,36.18,77.68,Critical
D0019,2026-01-09 15:50:00,27.91,46.76,Warning
D0031,2026-01-09 15:55:00,32.02,42.18,Normal
D0071,2026-01-09 16:00:00,37.09,71.96,Critical
D0043,2026-01-09 16:05:00,31.71,41.42,Normal
D0003,2026-01-09 16:10:00,33.83,37.06,Critical
D0089,2026-01-09 16:15:00,31.54,48.29,Normal
D0096,2026-01-09 16:20:00,21.86,81.91,Normal
D0025,2026-01-09 16:25:00,30.69,85.48,Warning
D0060,2026-01-09 16:30:00,29.81,83.87,Warning
D0066,2026-01-09 16:35:00,40.06,58.43,Warning
D0086,2026-01-09 16:40:00,31.13,84.75,Critical
D0091,2026-01-09 16:45:00,27.08,55.93,Warning
D0044,2026-01-09 16:50:00,22.08,42.56,Warning
D0088,2026-01-09 16:55:00,28.36,47.24,Critical
D0066,2026-01-09 17:00:00,24.02,39.96,Normal
D0092,2026-01-09 17:05:00,37.95,57.99,Critical
D0075,2026-01-09 17:10:00,31.79,39.69,Critical
D0050,2026-01-09 17:15:00,26.48,60.14,Critical
D0023,2026-01-09 17:20:00,28.32,66.07,Warning
D0072,2026-01-09 17:25:00,29.01,48.07,Warning
D0069,2026-01-09 17:30:00,32.68,66.58,Normal
D0082,2026-01-09 17:35:00,36.42,89.05,Critical
D0082,2026-01-09 17:40:00,31.04,63.01,Normal
D0096,2026-01-09 17:45:00,23.09,56.29,Warning
D0066,2026-01-09 17:50:00,24.35,73.96,Warning
D0019,2026-01-09 17:55:00,33.12,69.89,Normal
D0074,2026-01-09 18:00:00,29.48,,Critical
D0086,2026-01-09 18:05:00,25.21,86.52,Warning
D0079,2026-01-09 18:10:00,27.27,54.86,Critical
D0006,2026-01-09 18:15:00,24.04,56.33,Normal
D0063,2026-01-09 18:20:00,33.27,48.95,Critical
D0072,2026-01-09 18:25:00,30.05,74.45,Normal
D0027,2026-01-09 18:30:00,28.33,35.72,Critical
D0093,2026-01-09 18:35:00,31.14,74.25,Warning
D0085,2026-01-09 18:40:00,27.79,51.02,Critical
D0024,2026-01-09 18:45:00,25.51,57.11,Normal
D0020,2026-01-09 18:50:00,29.25,73.61,Warning
D0052,2026-01-09 18:55:00,21.44,71.31,Warning
D0025,2026-01-09 19:00:00,35.98,-10,Warning
D0073,2026-01-09 19:05:00,36.55,51.5,Critical
D0012,2026-01-09 19:10:00,25.79,48.22,Normal
D0010,2026-25-01 12:00:00,28.4,57.42,Critical
D0060,2026-01-09 19:20:00,26.37,79.82,Critical
D0096,2026-01-09 19:25:00,30.23,83.07,Critical
D0095,2026-01-09 19:30:00,28.5,59.83,Warning
D0041,2026-01-09 19:35:00,31.64,57.48,Warning
D0099,2026-01-09 19:40:00,27.44,68.3,Warning
D0079,2026-01-09 19:45:00,27.96,87.37,Critical
D0026,2026-01-09 19:50:00,23.06,48.58,Critical
D0066,2026-01-09 19:55:00,32.4,57.72,Critical
D0097,2026-01-09 20:00:00,30.39,59.45,Critical
D0063,2026-01-09 20:05:00,28.66,63.27,Normal
D0076,2026-01-09 20:10:00,28.92,42.74,Warning
D0002,2026-01-09 20:15:00,20.92,87.55,Warning
D0063,2026-01-09 20:20:00,23.97,67.88,Warning
D0015,2026-01-09 20:25:00,26.57,49.93,Normal
D0036,2026-01-09 20:30:00,21.75,64.56,Critical
D0043,2026-01-09 20:35:00,35.19,78.66,Critical
D0030,2026-01-09 20:40:00,29.03,36.83,Normal
D0038,2026-01-09 20:45:00,27.41,41.01,Normal
D0022,2026-01-09 20:50:00,32.75,86.91,Critical
D0060,2026-01-09 20:55:00,25.35,50.07,Critical
D0072,2026-01-09 21:00:00,31.27,47.04,Critical
D0016,2026-01-09 21:05:00,31.4,72.14,Normal
D0088,2026-01-09 21:10:00,27.54,38.96,Warning
D0022,2026-01-09 21:15:00,25.97,58.32,Normal
D0064,2026-01-09 21:20:00,35.8,50.94,Critical
D0047,2026-01-09 21:25:00,28.01,60.36,Critical
D0087,2026-01-09 21:30:00,34.58,49.42,Critical
D0057,2026-01-09 21:35:00,27.66,88.23,Warning
D0060,2026-01-09 21:40:00,30.65,44.76,Warning
D0042,2026-01-09 21:45:00,34.14,57.52,Critical
D0026,2026-01-09 21:50:00,28.35,50.62,Critical
D0037,2026-01-09 21:55:00,26.95,58.38,Normal
D0078,2026-01-09 22:00:00,35.98,45.61,Warning
D0037,2026-01-09 22:05:00,24.54,,Critical
D0010,2026-01-09 22:10:00,25.39,65.37,Normal
D0080,2026-01-09 22:15:00,24.05,79.82,Normal
D0073,2026-01-09 22:20:00,31.56,83.08,Warning
D0041,2026-01-09 22:25:00,26.26,62.05,Critical
D0076,2026-01-09 22:30:00,32.61,79.11,Warning
D0079,2026-01-09 22:35:00,26.65,51.83,Warning
D0017,2026-01-09 22:40:00,28.13,68.33,Warning
D0030,2026-25-01 12:00:00,24.15,78.01,Normal
D0053,2026-01-09 22:50:00,33.6,45.14,Normal
D0006,2026-01-09 22:55:00,28.32,79.93,Critical
D0084,2026-01-09 23:00:00,26.74,48.52,Warning
D0099,2026-01-09 23:05:00,25.08,58.98,Warning
D0077,2026-01-09 23:10:00,26.94,49.32,Normal
D0052,2026-01-09 23:15:00,22.18,70.35,Warning
D0054,2026-01-09 23:20:00,26.16,62.01,Warning
D0031,2026-01-09 23:25:00,26.36,67.75,Critical
D0079,2026-01-09 23:30:00,25.02,86.24,Critical
D0037,2026-01-09 23:35:00,32.37,65.84,Warning
D0040,2026-01-09 23:40:00,unknown,51.88,Critical
D0063,2026-01-09 23:45:00,27.96,41.87,Critical
D0009,2026-01-09 23:50:00,29.45,51.65,Warning
D0049,2026-01-09 23:55:00,29.11,63.6,Normal
D0043,2026-01-10 00:00:00,27.53,70.93,Normal
D0088,2026-01-10 00:05:00,34.38,45.21,Warning
D0038,2026-01-10 00:10:00,24.31,62.37,Normal
D0062,2026-01-10 00:15:00,31.35,46.5,Critical
D0046,2026-01-10 00:20:00,25.21,41.55,Normal
D0027,2026-01-10 00:25:00,28.24,80.88,Warning
D0076,2026-01-10 00:30:00,27.99,40.71,Normal
D0053,2026-01-10 00:35:00,36.42,79.13,Warning
D0056,2026-01-10 00:40:00,29.23,69.59,Critical
D0025,2026-01-10 00:45:00,29.07,76.65,Warning
D0047,2026-01-10 00:50:00,23.45,77.36,Normal
D0019,2026-01-10 00:55:00,30.58,76.57,Normal
D0053,2026-01-10 01:00:00,30.77,39.82,Normal
D0074,2026-01-10 01:05:00,32.32,49.13,Normal
D0061,2026-01-10 01:10:00,23.12,39.55,Normal
D0036,2026-01-10 01:15:00,31.72,54.09,Critical
D0002,2026-01-10 01:20:00,29.62,37.24,Normal
D0041,2026-01-10 01:25:00,30.64,46.61,Warning
D0002,2026-01-10 01:30:00,20.23,54.84,Normal
D0016,2026-01-10 01:35:00,32.86,54.0,Warning
D0070,2026-01-10 01:40:00,30.03,82.23,Critical
D0089,2026-01-10 01:45:00,30.33,81.4,Critical
D0005,2026-01-10 01:50:00,31.01,84.92,Warning
D0048,2026-01-10 01:55:00,30.53,52.69,Normal
D0066,2026-01-10 02:00:00,28.69,69.81,Warning
D0014,2026-01-10 02:05:00,26.11,79.5,Normal
D0088,2026-01-10 02:10:00,32.53,56.09,Critical
D0009,2026-01-10 02:15:00,32.02,87.77,Normal
D0029,2026-01-10 02:20:00,29.72,51.47,Warning
D0069,2026-01-10 02:25:00,30.19,66.65,Warning
D0043,2026-01-10 02:30:00,27.02,71.64,Critical
D0075,2026-01-10 02:35:00,35.59,46.15,Normal
D0094,2026-01-10 02:40:00,34.23,68.02,Critical
D0087,2026-01-10 02:45:00,30.17,67.65,Normal
D0067,2026-01-10 02:50:00,28.0,68.92,Warning
D0049,2026-01-10 02:55:00,30.55,54.93,Critical
D0066,2026-01-10 03:00:00,26.66,35.8,Warning
D0090,2026-01-10 03:05:00,22.73,87.22,Warning
D0039,2026-01-10 03:10:00,27.2,77.89,Normal
D0100,2026-01-10 03:15:00,23.3,67.07,Warning
D0019,2026-01-10 03:20:00,24.91,67.28,Critical
D0024,2026-01-10 03:25:00,26.94,84.1,Normal
D0085,2026-01-10 03:30:00,28.74,52.06,Warning
D0024,2026-01-10 03:35:00,30.73,43.99,Warning
D0054,2026-01-10 03:40:00,27.89,38.45,Warning
D0008,2026-01-10 03:45:00,38.6,79.96,Critical
D0061,2026-01-10 03:50:00,33.87,40.34,Critical
D0088,2026-01-10 03:55:00,25.2,58.46,Warning
D0052,2026-01-10 04:00:00,29.21,75.32,Normal
D0077,2026-01-10 04:05:00,23.7,67.4,Warning
D0094,2026-01-10 04:10:00,29.22,75.27,Warning
D0013,2026-01-10 04:15:00,28.42,77.03,Normal
D0060,2026-01-10 04:20:00,31.51,83.19,Warning
D0038,2026-01-10 04:25:00,29.22,40.34,Critical
D0037,2026-01-10 04:30:00,30.79,40.93,Normal
D0095,2026-01-10 04:35:00,30.37,89.47,Normal
D0028,2026-01-10 04:40:00,37.46,62.58,Warning
d0004,2026-01-10 04:45:00,26.77,38.88,Normal
D0034,2026-01-10 04:50:00,22.15,60.95,Critical
D0012,2026-01-10 04:55:00,28.76,78.88,Critical
D0018,2026-01-10 05:00:00,24.33,59.93,Normal
D0015,2026-01-10 05:05:00,N/A,78.59,Critical
D0066,2026-01-10 05:10:00,18.65,39.21,Critical
D0092,2026-01-10 05:15:00,29.88,83.6,Warning
D0036,2026-01-10 05:20:00,30.32,43.21,Normal
D0016,2026-01-10 05:25:00,31.2,78.85,Critical
D0050,2026-01-10 05:30:00,30.1,78.24,
D0083,2026-01-10 05:35:00,36.54,76.36,Normal
D0062,2026-01-10 05:40:00,25.82,79.95,Normal
D0017,2026-01-10 05:45:00,31.36,52.28,Normal
D0065,2026-01-10 05:50:00,25.49,44.93,Critical
D0088,2026-01-10 05:55:00,32.93,65.45,Warning
D0087,2026-01-10 06:00:00,26.45,76.32,Normal
D0015,2026-01-10 06:05:00,28.35,63.01,Warning
D0038,2026-01-10 06:10:00,31.4,87.73,Warning
D0010,2026-01-10 06:15:00,22.27,69.93,Normal
D0068,2026-01-10 06:20:00,32.75,41.67,Critical
D0012,2026-01-10 06:25:00,29.21,62.79,Warning
D0096,2026-01-10 06:30:00,27.2,49.08,Normal
D0034,2026-01-10 06:35:00,31.65,52.01,Warning
D0052,2026-01-10 06:40:00,32.24,68.06,Warning
D0079,2026-01-10 06:45:00,31.02,77.26,Warning
D0080,2026-01-10 06:50:00,25.66,44.15,Warning
D0007,2026-01-10 06:55:00,27.19,56.52,Critical
D0093,2026-01-10 07:00:00,34.46,89.98,Normal
D0028,2026-01-10 07:05:00,33.14,43.8,Warning
D0085,2026-01-10 07:10:00,34.47,67.4,Critical
D0071,2026-01-10 07:15:00,30.56,45.92,Normal
D0095,2026-01-10 07:20:00,22.99,72.52,Warning
D0005,2026-01-10 07:25:00,27.26,65.56,Critical
D0014,2026-01-10 07:30:00,27.74,59.2,Normal
D0060,2026-01-10 07:35:00,27.75,39.18,Normal
D0040,2026-01-10 07:40:00,27.38,82.49,Critical
D0015,2026-01-10 07:45:00,21.59,47.29,Warning
D0059,2026-01-10 07:50:00,33.86,65.3,Critical
D0100,2026-01-10 07:55:00,22.57,85.08,Critical
D0047,2026-01-10 08:00:00,32.08,48.39,Warning
D0031,2026-01-10 08:05:00,22.98,50.56,Normal
D0072,2026-01-10 08:10:00,20.64,58.12,Normal
D0087,2026-01-10 08:15:00,25.98,55.65,Warning
D0020,2026-01-10 08:20:00,32.55,67.4,Warning
D0056,2026-01-10 08:25:00,27.65,80.89,critical
D0010,2026-01-10 08:30:00,29.07,63.05,Critical
D0097,2026-01-10 08:35:00,30.44,50.18,Warning
D0016,2026-01-10 08:40:00,29.07,60.04,Critical
D0061,2026-01-10 08:45:00,28.73,54.19,Warning
D0027,2026-01-10 08:50:00,34.34,46.49,Critical
D0064,,27.35,85.68,Critical
D0073,2026-01-10 09:00:00,22.4,42.95,Warning
D0079,2026-01-10 09:05:00,29.24,78.05,Critical
D0064,2026-01-10 09:10:00,23.76,42.02,Warning
D0078,2026-01-10 09:15:00,32.95,40.87,Critical
D0056,2026-01-10 09:20:00,36.15,53.87,Normal
D0009,2026-01-10 09:25:00,34.53,57.15,Critical
D0029,2026-01-10 09:30:00,28.17,72.11,Warning
D0075,2026-01-10 09:35:00,33.1,68.2,Critical
D0058,2026-01-10 09:40:00,21.34,49.14,Warning
D0039,2026-01-10 09:45:00,29.56,64.73,Warning
D0007,2026-01-10 09:50:00,29.23,37.97,Warning
D0084,2026-01-10 09:55:00,28.36,70.19,Warning
D0076,2026-01-10 10:00:00,26.74,70.47,Warning
D0067,2026-01-10 10:05:00,32.43,76.79,Critical
D0060,2026-01-10 10:10:00,28.74,73.4,Warning
D0041,2026-01-10 10:15:00,29.75,71.29,Critical
D0068,2026-01-10 10:20:00,,69.43,Warning
D0012,2026-01-10 10:25:00,27.28,69.83,Warning
D0068,2026-01-10 10:30:00,31.18,52.96,Normal
D0063,2026-01-10 10:35:00,28.07,69.32,Warning
D0042,2026-01-10 10:40:00,21.66,58.41,Warning
D0049,2026-01-10 10:45:00,24.69,49.22,Warning
D0026,2026-01-10 10:50:00,25.31,71.29,Warning
D0077,2026-01-10 10:55:00,25.13,54.61,Warning
D0087,2026-01-10 11:00:00,33.71,56.32,Warning
D0056,2026-01-10 11:05:00,21.89,62.37,Normal
D0001,2026-01-10 11:10:00,26.42,79.36,Warning
D0005,2026-01-10 11:15:00,20.22,60.8,Warning
D0059,2026-01-10 11:20:00,29.8,70.41,Critical
D0069,2026-01-10 11:25:00,33.09,67.98,Normal
D0049,2026-01-10 11:30:00,29.35,41.84,Critical
D0038,2026-01-10 11:35:00,36.28,86.94,Warning
D0058,2026-01-10 11:40:00,22.89,75.4,Normal
D0045,2026-01-10 11:45:00,24.33,86.83,Warning
D0051,2026-01-10 11:50:00,33.28,36.84,Critical
D0001,2026-01-10 11:55:00,26.73,82.82,Normal
D0056,2026-01-10 12:00:00,27.14,75.14,Warning
D0002,2026-01-10 12:05:00,31.15,86.61,Normal
D0002,2026-01-10 12:10:00,25.27,77.99,Normal
D0025,2026-01-10 12:15:00,25.05,79.55,Normal
D0049,2026-01-10 12:20:00,33.08,74.18,Normal
D0033,2026-01-10 12:25:00,32.69,68.57,Warning
D0018,2026-01-10 12:30:00,31.17,53.05,Critical
D0073,2026-01-10 12:35:00,27.44,71.62,Critical
D0005,2026-01-10 12:40:00,30.49,36.98,Warning
D0044,2026-01-10 12:45:00,26.13,47.93,Normal
D0068,2026-01-10 12:50:00,32.51,42.11,Normal
D0051,2026-01-10 12:55:00,29.14,68.33,Warning
D0098,2026-01-10 13:00:00,32.55,67.01,Warning
D0034,2026-01-10 13:05:00,25.81,47.72,Normal
D0062,2026-01-10 13:10:00,27.2,38.9,Critical
D0008,2026-01-10 13:15:00,31.2,46.07,Normal
D0024,2026-01-10 13:20:00,36.35,39.66,Critical
D0068,2026-01-10 13:25:00,34.67,71.29,Normal
D0052,2026-01-10 13:30:00,27.94,63.53,Normal
D0032,2026-01-10 13:35:00,30.27,86.77,Normal
D0015,2026-01-10 13:40:00,27.6,65.3,Normal
D0069,2026-01-10 13:45:00,34.44,43.48,Critical
D0067,2026-01-10 13:50:00,20.98,60.77,Warning
D0068,2026-01-10 13:55:00,27.23,73.9,Warning
D0094,2026-01-10 14:00:00,32.91,60.82,Normal
D0086,2026-01-10 14:05:00,34.21,65.44,Critical
D0037,2026-01-10 14:10:00,26.33,54.73,Normal
D0007,2026-01-10 14:15:00,28.89,67.09,Normal
D0045,2026-01-10 14:20:00,25.43,71.06,Normal
D0058,2026-01-10 14:25:00,26.72,55.45,Normal
D0085,2026-01-10 14:30:00,31.38,80.31,Warning
D0059,2026-01-10 14:35:00,29.21,86.37,Normal
D0008,2026-01-10 14:40:00,28.83,82.37,Warning
D0012,2026-01-10 14:45:00,28.04,58.29,Critical
D0013,2026-01-10 14:50:00,35.6,36.06,Critical
D0037,2026-01-10 14:55:00,33.63,86.31,Warning
D0093,2026-01-10 15:00:00,29.56,72.41,Warning
D0011,2026-01-10 15:05:00,30.51,83.38,Normal
D0087,2026-01-10 15:10:00,30.48,37.15,Warning
D0026,2026-01-10 15:15:00,32.93,56.32,Critical
D0003,2026-01-10 15:20:00,29.03,45.54,Normal
D0069,2026-01-10 15:25:00,32.18,69.72,Normal
D0047,2026-01-10 15:30:00,30.66,38.56,Normal
D0043,2026-01-10 15:35:00,24.59,41.21,Warning
D0002,2026-01-10 15:40:00,34.47,N/A,Critical
D0066,2026-01-10 15:45:00,31.42,76.61,Warning
D0027,2026-01-10 15:50:00,36.28,39.79,Critical
D0083,2026-01-10 15:55:00,27.47,52.55,Normal
D0080,2026-01-10 16:00:00,25.48,89.52,Critical
D0015,2026-01-10 16:05:00,29.24,38.43,Warning
D0087,2026-01-10 16:10:00,26.41,66.5,Normal
D0064,2026-01-10 16:15:00,30.53,51.02,Warning
D0070,2026-01-10 16:20:00,32.97,68.99,Critical
device-01,2026-01-10 16:25:00,32.33,77.56,Critical
D0002,2026-01-10 16:30:00,27.84,55.52,Normal
D0097,2026-01-10 16:35:00,29.13,,Warning
D0037,2026-01-10 16:40:00,27.79,45.82,Normal
D0071,2026-01-10 16:45:00,24.09,48.65,Warning
D0027,2026-01-10 16:50:00,27.47,36.32,Normal
 D0010,2026-01-10 16:55:00,29.5,76.48,Normal
D0065,2026-01-10 17:00:00,29.76,61.39,Warning
D0044,2026-01-10 17:05:00,29.2,79.62,Critical
D0040,2026-01-10 17:10:00,32.15,74.92,Critical
D0100,2026-01-10 17:15:00,29.07,60.25,Normal
D0071,2026-01-10 17:20:00,27.14,79.48,Critical
D0025,2026-01-10 17:25:00,23.0,73.73,Normal
D0090,2026-01-10 17:30:00,33.8,46.5,Critical
D0026,2026-01-10 17:35:00,28.5,39.54,Critical
D0073,2026-01-10 17:40:00,26.87,42.81,Warning
D0028,2026-01-10 17:45:00,33.89,71.4,Critical
D0077,2026-01-10 17:50:00,32.47,35.39,Critical
D0051,2026-01-10 17:55:00,35.33,39.8,Critical
D0035,2026-01-10 18:00:00,28.31,50.6,Warning
D0030,2026-01-10 18:05:00,31.69,72.71,Critical
D0057,2026-01-10 18:10:00,30.67,84.57,Critical
D0047,2026-01-10 18:15:00,27.68,52.96,Normal
D0004,2026-01-10 18:20:00,28.93,38.63,Warning
D0005,2026-01-10 18:25:00,,81.4,Warning
D0074,2026-01-10 18:30:00,35.11,50.29,Critical
D0071,2026-01-10 18:35:00,29.14,87.0,Warning
D0093,2026-01-10 18:40:00,33.12,49.92,Warning
D0037,2026-01-10 18:45:00,31.03,45.38,Warning
D0063,2026-01-10 18:50:00,24.96,73.47,Warning
D0052,2026-01-10 18:55:00,29.81,80.16,Warning
D0065,2026-01-10 19:00:00,30.33,85.85,Warning
D0009,2026-01-10 19:05:00,27.63,67.09,Critical
D0032,2026-01-10 19:10:00,33.06,71.38,Critical
D0009,2026-01-10 19:15:00,26.58,38.05,Critical
D0012,2026-01-10 19:20:00,32.27,88.04,Warning
D0030,2026-01-10 19:25:00,30.35,64.15,Normal
D0097,2026-01-10 19:30:00,30.68,42.84,Critical
D0002,2026-01-10 19:35:00,28.34,35.88,Critical
D0073,2026-01-10 19:40:00,33.21,58.76,Warning
D0081,2026-01-10 19:45:00,34.67,47.48,Warning
D0003,2026-01-10 19:50:00,35.2,43.72,Warning
D0044,2026-01-10 19:55:00,35.29,75.43,NORMAL
D0082,2026-01-10 20:00:00,26.48,76.04,Critical
D0066,2026-01-10 20:05:00,34.17,35.5,Normal
D0034,2026-01-10 20:10:00,35.56,54.33,Critical
D0013,2026-01-10 20:15:00,27.76,83.28,Warning
D0053,2026-01-10 20:20:00,27.2,64.25,Warning
D0010,2026-01-10 20:25:00,,59.81,Warning
D0065,2026-01-10 20:30:00,29.54,38.83,Warning
D0083,2026-01-10 20:35:00,23.17,87.69,Critical
D0086,2026-01-10 20:40:00,34.78,37.09,Critical
D0004 ,2026-01-10 20:45:00,31.68,51.12,Warning
D0099,2026-01-10 20:50:00,26.67,87.42,Normal
D0023,2026-01-10 20:55:00,32.99,46.97,Normal
D0072,2026-01-10 21:00:00,21.98,40.89,Warning
D0077,2026-01-10 21:05:00,21.3,59.16,Normal
D0080,2026-01-10 21:10:00,36.59,56.34,Normal
D0019,2026-01-10 21:15:00,36.9,52.77,Normal
D0092,2026-01-10 21:20:00,29.75,75.17,Critical
D0068,2026-01-10 21:25:00,30.96,49.78,Critical
D0085,2026-01-10 21:30:00,27.55,76.04,Warning
D0074,2026-01-10 21:35:00,30.21,57.36,Critical
D0085,2026-01-10 21:40:00,40.78,81.14,Normal
D0048,2026-01-10 21:45:00,28.44,64.43,Critical
D0088,2026-01-10 21:50:00,36.64,62.52,Warning
D0074,2026-01-10 21:55:00,35.53,79.94,Critical
D0024,2026-01-10 22:00:00,33.13,88.31,Critical
D0069,2026-01-10 22:05:00,30.91,42.18,Normal
D0056,2026-01-10 22:10:00,23.0,43.67,Critical
D0081,2026-01-10 22:15:00,29.48,43.59,Critical
D0053,2026-01-10 22:20:00,25.87,75.84,Normal
D0019,2026-01-10 22:25:00,26.62,58.5,Critical
D0047,2026-01-10 22:30:00,33.38,56.24,Critical
D0062,2026-01-10 22:35:00,34.53,50.98,Critical
D0098,2026-01-10 22:40:00,26.06,83.48,Normal
D0047,2026-01-10 22:45:00,35.16,77.68,Critical
D0068,2026-01-10 22:50:00,28.15,77.97,Critical
D0026,2026-01-10 22:55:00,22.68,85.3,Critical
D0010,2026-01-10 23:00:00,23.18,62.24,Critical
D0049,2026-01-10 23:05:00,32.15,60.96,Critical
D0084,2026-01-10 23:10:00,34.07,53.83,Critical
D0094,2026-01-10 23:15:00,30.48,68.56,Warning
D0092,2026-01-10 23:20:00,27.61,83.73,Warning
D0009,2026-01-10 23:25:00,24.62,37.44,Normal
D0038,2026-01-10 23:30:00,26.74,41.53,Normal
,2026-01-10 23:35:00,32.64,78.69,Warning
D0063,2026-01-10 23:40:00,31.1,60.8,Critical
,2026-01-10 23:45:00,26.18,41.31,Warning
D0073,2026-01-10 23:50:00,24.26,60.97,Normal
D0003,2026-01-10 23:55:00,33.34,79.05,Warning
D0037,2026-01-11 00:00:00,28.22,78.13,Normal
D0074,2026-01-11 00:05:00,26.66,52.38,Normal
D0016,2026-01-11 00:10:00,28.61,42.76,Normal
D0030,2026-01-11 00:15:00,29.63,64.05,Warning
D0096,2026-01-11 00:20:00,41.07,58.73,Warning
D0034,2026-01-11 00:25:00,25.59,72.25,Critical
D0078,2026-01-11 00:30:00,27.74,46.47,Normal
D0042,2026-01-11 00:35:00,24.58,84.76,Normal
D0047,2026-01-11 00:40:00,36.72,62.6,Normal
D0051,2026-01-11 00:45:00,34.05,74.38,Critical
D0081,2026-01-11 00:50:00,31.56,62.93,Warning
D0037,2026-01-11 00:55:00,28.15,66.48,Warning
D0070,2026-01-11 01:00:00,29.03,47.29,Critical
D0001,2026-01-11 01:05:00,22.46,49.61,Critical
D0079,2026-01-11 01:10:00,28.07,67.63,Warning
D0054,2026-01-11 01:15:00,33.17,86.11,Warning
D0059,2026-01-11 01:20:00,24.22,46.0,Warning
D0072,2026-01-11 01:25:00,25.66,58.39,Normal
D0074,2026-01-11 01:30:00,36.8,80.32,Critical
D0052,2026-01-11 01:35:00,24.74,62.94,Warning
D0032,2026-01-11 01:40:00,28.83,68.47,Critical
D0035,2026-01-11 01:45:00,34.74,52.55,Critical
D0036,2026-01-11 01:50:00,37.67,83.1,Normal
D0048,2026-01-11 01:55:00,31.94,50.79,Critical
D0094,2026-01-11 02:00:00,35.33,57.28,Critical
D0091,2026-01-11 02:05:00,31.09,89.27,Warning
D0033,2026-01-11 02:10:00,28.02,41.35,Critical
D0049,2026-01-11 02:15:00,29.39,53.7,Normal
D0003,2026-01-11 02:20:00,29.54,79.5,Critical
D0098,2026-01-11 02:25:00,22.8,82.74,Warning
D0058,2026-01-11 02:30:00,25.41,88.61,Warning
D0096,2026-01-11 02:35:00,24.04,65.92,Critical
D0052,2026-01-11 02:40:00,28.83,86.14,Critical
D0003,2026-01-11 02:45:00,28.48,74.82,Normal
D0020,2026-01-11 02:50:00,31.2,,Warning
D0007,2026-01-11 02:55:00,24.88,75.9,Normal
D0036,2026-01-11 03:00:00,33.67,74.69,Normal
D0043,2026-01-11 03:05:00,30.71,45.11,Normal
D0049,2026-01-11 03:10:00,26.58,58.15,Critical
,2026-01-11 03:15:00,27.08,75.54,Warning
D0060,2026-01-11 03:20:00,35.58,45.14,Normal
D0024,2026-01-11 03:25:00,45.47,53.61,Warning
D0092,2026-01-11 03:30:00,32.3,60.85,Warning
D0004,2026-01-11 03:35:00,30.62,84.68,Normal
D0026,2026-01-11 03:40:00,31.94,47.46,Normal
D0016,2026-01-11 03:45:00,24.31,69.1,Normal
D0040,2026-01-11 03:50:00,32.16,89.41,Normal
D0092,2026-01-11 03:55:00,32.82,44.72,Critical
D0100,2026-01-11 04:00:00,32.62,79.81,Critical
D0085,2026-01-11 04:05:00,30.15,70.59,Critical
D0083,2026-01-11 04:10:00,20.52,61.61,Normal
D0062,2026-01-11 04:15:00,27.15,55.62,Warning
D0019,2026-01-11 04:20:00,32.97,35.31,Normal
D0020,2026-01-11 04:25:00,26.47,69.64,Normal
D0049,2026-01-11 04:30:00,24.05,,Warning
D0060,2026-01-11 04:35:00,24.46,66.37,Critical
D0100,2026-01-11 04:40:00,24.1,56.43,Normal
D0073,2026-01-11 04:45:00,34.04,56.03,Critical
D0076,2026-01-11 04:50:00,28.88,48.28,Warning
D0055,2026-01-11 04:55:00,25.64,84.49,Warning
D0052,2026-01-11 05:00:00,30.07,44.48,Warning
D0017,2026-01-11 05:05:00,30.33,42.19,Critical
D0075,2026-01-11 05:10:00,37.51,71.86,Warning
D0090,2026-01-11 05:15:00,31.31,85.01,Critical
D0051,2026-01-11 05:20:00,33.09,62.89,Warning
D0064,2026-01-11 05:25:00,28.04,54.13,Critical
D0063,2026-01-11 05:30:00,37.24,38.39,Critical
D0086,2026-01-11 05:35:00,22.93,50.43,Warning
D0046,2026-01-11 05:40:00,34.64,40.14,Critical
D0089,2026-01-11 05:45:00,29.17,78.22,Normal
D0052,2026-01-11 05:50:00,22.31,44.71,Warning
D0055,2026-01-11 05:55:00,27.08,68.22,Normal
D0010,2026-01-11 06:00:00,31.12,72.26,Normal
D0047,2026-01-11 06:05:00,37.21,62.69,Warning
D0065,2026-01-11 06:10:00,31.61,43.34,Normal
D0032,2026-01-11 06:15:00,24.56,76.42,Warning
D0038,2026-01-11 06:20:00,29.9,65.66,Critical
D0096,2026-01-11 06:25:00,28.48,61.92,Normal
D0040,2026-01-11 06:30:00,29.1,52.12,Warning
D0093,2026-01-11 06:35:00,,38.54,Normal
D0069,2026-01-11 06:40:00,23.88,53.64,Normal
D0026,2026-01-11 06:45:00,30.62,73.02,Warning
D0042,2026-01-11 06:50:00,27.27,80.17,Critical
D0067,2026-01-11 06:55:00,26.5,40.99,Critical
D0040,2026-01-11 07:00:00,23.51,38.63,Critical
D0002,2026-01-11 07:05:00,29.73,83.94,Warning
D0003,2026-01-11 07:10:00,25.59,50.44,Warning
D0030,2026-01-11 07:15:00,26.29,47.96,Warning
D0020,2026-01-11 07:20:00,27.81,82.94,Warning
D0060,2026-01-11 07:25:00,31.66,eighty,Critical
D0076,2026-01-11 07:30:00,29.92,73.08,Warning
D0003,2026-01-11 07:35:00,27.75,82.0,Normal
D0081,2026-01-11 07:40:00,27.92,43.3,Normal
D0076,2026-01-11 07:45:00,27.15,47.45,Warning
D0051,2026-01-11 07:50:00,25.43,78.9,Critical
D0096,2026-01-11 07:55:00,30.13,50.04,Normal
D0049,2026-01-11 08:00:00,32.1,49.56,Warning
D0066,2026-01-11 08:05:00,26.03,88.82,Critical
D0068,2026-01-11 08:10:00,35.41,40.97,Normal
D0095,2026-01-11 08:15:00,35.15,57.65,Warning
D0018,2026-01-11 08:20:00,41.72,41.02,Critical
D0004,2026-01-11 08:25:00,29.29,62.38,Critical
D0056,2026-01-11 08:30:00,35.3,59.5,Critical
D0056,2026-01-11 08:35:00,34.27,61.24,Critical
D0085,2026-01-11 08:40:00,28.41,49.32,critical
D0068,2026-01-11 08:45:00,24.75,87.54,Normal
D0062,2026-01-11 08:50:00,34.74,71.5,Critical
D0089,2026-01-11 08:55:00,34.12,73.88,Critical
D0014,2026-01-11 09:00:00,24.99,53.13,Critical
D0062,2026-01-11 09:05:00,28.84,47.52,Warning
D0022,2026-01-11 09:10:00,29.66,41.89,Critical
D0026,2026-01-11 09:15:00,35.17,59.99,Critical
D0066,2026-01-11 09:20:00,32.76,39.65,Critical
D0057,2026-01-11 09:25:00,27.89,48.22,Normal
D0021,2026-01-11 09:30:00,29.18,36.3,Warning
D0055,2026-01-11 09:35:00,33.13,48.63,Warning
D0068,2026-01-11 09:40:00,32.14,42.9,Critical
D0018,2026-01-11 09:45:00,25.64,81.14,Normal
D0093,2026-01-11 09:50:00,30.89,69.28,Normal
D0030,2026-01-11 09:55:00,26.03,38.97,Normal
D0009,2026-01-11 10:00:00,33.2,40.4,Critical
D0061,2026-01-11 10:05:00,30.09,89.58,Normal
D0040,2026-01-11 10:10:00,21.43,47.08,Warning
D0031,2026-01-11 10:15:00,33.16,72.37,Normal
D0056,2026-01-11 10:20:00,25.2,58.31,Warning
D0082,2026-01-11 10:25:00,25.25,79.88,Warning
D0025,2026-01-11 10:30:00,28.58,89.78,Warning
D0067,2026-01-11 10:35:00,32.3,85.56,Normal
D0024,2026-01-11 10:40:00,35.2,46.42,Warning
D0091,2026-01-11 10:45:00,32.3,43.83,Critical
D0049,2026-01-11 10:50:00,30.42,56.94,Warning
D0048,2026-01-11 10:55:00,26.26,72.69,Critical
D0054,2026-01-11 11:00:00,37.7,50.43,Normal
D0096,2026-01-11 11:05:00,29.71,59.35,Warning
D0031,2026-01-11 11:10:00,28.41,53.41,Normal
D0019,2026-01-11 11:15:00,29.43,74.36,Warning
D0043,2026-01-11 11:20:00,32.68,46.52,Normal
D0014,2026-01-11 11:25:00,27.22,47.24,Critical
D0032,2026-01-11 11:30:00,29.64,44.67,Normal
D0058,2026-01-11 11:35:00,23.95,39.53,Critical
D0081,2026-01-11 11:40:00,28.74,80.39,Normal
 D0010,2026-01-11 11:45:00,32.87,50.34,Normal
D0013,2026-01-11 11:50:00,26.74,51.99,Normal
D0091,2026-01-11 11:55:00,29.05,77.26,Critical
D0031,2026-01-11 12:00:00,32.23,37.33,Critical
D0004,2026-01-11 12:05:00,36.75,62.67,Critical
D0009,2026-01-11 12:10:00,28.3,63.88,Warning
D0060,2026-01-11 12:15:00,31.45,52.77,Normal
D0073,2026-01-11 12:20:00,31.55,53.19,Normal
D0020,2026-01-11 12:25:00,25.09,44.69,Critical
D0007,2026-01-11 12:30:00,23.35,48.36,Warning
D0098,2026-01-11 12:35:00,23.39,63.39,Warning
D0089,2026-01-11 12:40:00,25.69,53.98,Warning
D0100,2026-01-11 12:45:00,34.47,53.42,Warning
D0040,2026-01-11 12:50:00,34.55,84.27,Normal
D0085,2026-01-11 12:55:00,27.26,73.69,Critical
D0024,2026-01-11 13:00:00,36.36,47.44,Normal
D0015,2026-01-11 13:05:00,28.73,76.57,Normal
D0062,2026-01-11 13:10:00,28.66,64.42,Warning
D0026,2026-01-11 13:15:00,30.24,40.62,Critical
D0018,2026-01-11 13:20:00,21.85,53.41,Warning
D0092,2026-01-11 13:25:00,27.02,86.24,Critical
D0008,2026-01-11 13:30:00,34.45,41.8,Normal
D0019,2026-01-11 13:35:00,29.16,35.32,Warning
D0027,2026-01-11 13:40:00,22.31,36.82,Normal
D0020,2026-01-11 13:45:00,29.12,40.88,Critical
D0047,2026-01-11 13:50:00,27.06,38.37,Normal
D0097,2026-01-11 13:55:00,26.95,47.82,Normal
D0074,2026-01-11 14:00:00,27.71,83.99,Warning
D0080,2026-01-11 14:05:00,27.38,57.75,Normal
D0038,2026-01-11 14:10:00,26.33,59.37,Warning
D0088,2026-01-11 14:15:00,24.31,80.97,Warning
D0063,2026-01-11 14:20:00,23.5,35.15,Warning
D0040,2026-01-11 14:25:00,26.79,71.38,Warning
D0089,2026-01-11 14:30:00,25.42,89.39,Critical
D0028,2026-01-11 14:35:00,25.24,65.54,Normal
D0092,2026-01-11 14:40:00,36.95,81.12,Critical
D0034,2026-01-11 14:45:00,27.97,54.86,Critical
D0032,2026-01-11 14:50:00,29.68,61.18,Critical
D0073,2026-01-11 14:55:00,31.9,38.84,Critical
D0001,2026-01-11 15:00:00,34.27,60.69,Warning
D0066,2026-01-11 15:05:00,28.51,57.07,Warning
D0033,2026-01-11 15:10:00,25.5,84.62,Normal
D0026,2026-01-11 15:15:00,26.34,51.05,Normal
D0092,2026-01-11 15:20:00,31.41,65.25,Warning
D0080,2026-01-11 15:25:00,27.75,73.09,Warning
D0016,2026-01-11 15:30:00,30.51,65.04,Warning
D0099,2026-01-11 15:35:00,27.95,74.95,Critical
D0071,2026-01-11 15:40:00,28.23,38.72,Critical
D0025,2026-01-11 15:45:00,39.81,50.62,Critical
D0002,2026-01-11 15:50:00,27.26,47.61,Warning
D0001,2026-01-11 15:55:00,30.02,89.49,Normal
D0067,2026-01-11 16:00:00,31.75,81.06,Critical
D0071,2026-01-11 16:05:00,26.83,59.33,Normal
D0050,2026-01-11 16:10:00,30.85,62.35,Warning
D0053,2026-01-11 16:15:00,32.15,64.61,Normal
D0059,2026-01-11 16:20:00,26.48,76.17,Critical
D0008,2026-01-11 16:25:00,33.68,41.06,Critical
D0023,2026-01-11 16:30:00,26.85,39.55,Normal
D0011,2026-01-11 16:35:00,26.97,65.6,Normal
D0090,2026-01-11 16:40:00,28.85,83.26,Normal
D0046,2026-01-11 16:45:00,26.59,63.75,Warning
d0004,2026-01-11 16:50:00,28.25,70.28,Normal
D0100,2026-01-11 16:55:00,36.24,46.98,Normal
D0046,2026-01-11 17:00:00,30.19,67.26,
D0004,2026-01-11 17:05:00,27.05,52.77,Warning
D0061,2026-01-11 17:10:00,31.01,82.67,Normal
D0032,2026-01-11 17:15:00,28.31,77.48,Warning
D0059,2026-01-11 17:20:00,20.96,44.2,Critical
,2026-01-11 17:25:00,30.53,45.37,Warning
D0035,2026-25-01 12:00:00,29.54,80.56,Normal
D0078,2026-01-11 17:35:00,34.54,39.38,Normal
D0089,2026-01-11 17:40:00,23.79,83.35,Warning
D0090,2026-01-11 17:45:00,-999,56.86,Warning
D0047,2026-01-11 17:50:00,30.07,50.51,Normal
D0081,2026-01-11 17:55:00,31.26,65.55,Normal
D0039,2026-01-11 18:00:00,26.56,47.19,Critical
D0028,2026-01-11 18:05:00,28.19,88.91,Warning
D0065,2026-01-11 18:10:00,31.64,65.29,Normal
D0077,2026-01-11 18:15:00,N/A,46.88,Warning
D0002,2026-01-11 18:20:00,24.66,88.83,Warning
D0015,2026-01-11 18:25:00,31.42,60.77,Warning
D0077,2026-01-11 18:30:00,27.56,88.18,Critical
D0098,2026-01-11 18:35:00,30.34,49.58,Warning
D0077,2026-01-11 18:40:00,27.25,57.67,Warning
D0091,2026-01-11 18:45:00,30.9,41.49,Normal
D0030,2026-01-11 18:50:00,,84.0,Normal
D0045,2026-01-11 18:55:00,27.96,54.24,Critical
D0015,2026-01-11 19:00:00,31.37,79.15,Normal
D0043,2026-01-11 19:05:00,35.94,85.58,Warning
D0044,2026-01-11 19:10:00,28.2,36.6,Critical
D0049,2026-01-11 19:15:00,28.48,60.74,Warning
D0068,2026-01-11 19:20:00,31.02,70.73,Normal
D0071,2026-01-11 19:25:00,29.86,85.39,Normal
D0006,2026-01-11 19:30:00,25.34,84.52,Warning
D0063,2026-01-11 19:35:00,25.76,73.57,Warning
device-01,2026-01-11 19:40:00,28.36,56.66,Critical
D0056,2026-01-11 19:45:00,35.01,38.9,Normal
D0042,2026-01-11 19:50:00,28.33,54.85,Warning
 D0010,2026-01-11 19:55:00,28.36,60.21,Critical
D0022,2026-01-11 20:00:00,33.98,71.91,Critical
D0069,2026-01-11 20:05:00,34.2,82.0,Warning
D0065,2026-01-11 20:10:00,32.06,65.26,Normal
D0053,2026-01-11 20:15:00,25.69,42.42,Warning
D0051,2026-01-11 20:20:00,28.51,57.69,Critical
D0019,2026-01-11 20:25:00,22.94,79.76,Critical
D0043,2026-01-11 20:30:00,33.4,54.81,Warning
D0044,2026-01-11 20:35:00,29.83,44.14,Warning
D0038,2026-01-11 20:40:00,29.66,48.42,Critical
D0044,2026-01-11 20:45:00,28.11,78.12,Critical
D0082,2026-01-11 20:50:00,30.3,65.87,Warning
D0017,2026-01-11 20:55:00,21.83,86.42,Normal
D0098,2026-01-11 21:00:00,34.74,41.02,Warning
D0055,2026-01-11 21:05:00,33.53,42.09,Warning
D0001,2026-01-11 21:10:00,24.02,36.16,Warning
D0040,2026-01-11 21:15:00,33.12,60.29,Warning
D0082,2026-01-11 21:20:00,30.01,48.57,Critical
D0092,2026-01-11 21:25:00,28.02,61.75,Critical
D0036,2026-01-11 21:30:00,32.69,37.33,Critical
D0039,2026-01-11 21:35:00,25.89,89.52,Critical
D0017,2026-01-11 21:40:00,33.52,60.08,Warning
D0008,2026-01-11 21:45:00,30.69,71.85,Critical
D0098,2026-01-11 21:50:00,26.17,79.83,
D0066,2026-01-11 21:55:00,29.33,46.34,Normal
D0079,2026-01-11 22:00:00,35.38,86.5,Normal
D0011,2026-01-11 22:05:00,36.85,68.65,Warning
D0063,2026-01-11 22:10:00,30.39,64.77,Normal
D0097,2026-01-11 22:15:00,27.15,36.51,Critical
D0004,2026-01-11 22:20:00,27.31,83.16,Critical
D0029,2026-01-11 22:25:00,35.04,60.77,Warning
D0061,2026-01-11 22:30:00,34.55,72.68,Critical
D0083,2026-01-11 22:35:00,29.79,75.88,Warning
D0052,2026-01-11 22:40:00,32.57,83.04,Critical
D0057,2026-01-11 22:45:00,26.81,38.72,Normal
D0015,2026-01-11 22:50:00,26.9,74.19,Warning
D0050,2026-01-11 22:55:00,29.19,63.56,Critical
D0034,2026-01-11 23:00:00,26.79,48.34,Normal
D0019,2026-01-11 23:05:00,27.12,71.25,Critical
D0055,2026-01-11 23:10:00,29.34,83.88,Normal
D0056,2026-01-11 23:15:00,28.34,58.93,Warning
D0087,2026-01-11 23:20:00,27.01,39.82,Warning
D0089,2026-01-11 23:25:00,25.07,35.24,Critical
D0035,2026-01-11 23:30:00,33.76,74.93,Warning
 D0010,2026-01-11 23:35:00,30.51,68.76,Warning
D0085,2026-01-11 23:40:00,27.08,79.92,Critical
D0051,2026-01-11 23:45:00,32.05,75.88,Critical
D0017,2026-01-11 23:50:00,28.16,84.45,Critical
D0049,2026-01-11 23:55:00,27.39,53.69,Warning
D0064,2026-01-12 00:00:00,29.35,84.54,Normal
D0008,2026-01-12 00:05:00,25.74,36.28,Warning
D0044,2026-01-12 00:10:00,31.5,43.0,Normal
D0003,2026-01-12 00:15:00,26.57,84.46,Warning
D0033,2026-01-12 00:20:00,33.17,36.32,Critical
D0027,2026-01-12 00:25:00,29.22,78.58,Critical
D0063,2026-01-12 00:30:00,33.31,87.84,Normal
D0099,2026-01-12 00:35:00,34.36,88.28,Warning
D0040,2026-01-12 00:40:00,33.85,36.12,Normal
D0035,2026-01-12 00:45:00,29.72,39.48,Warning
D0076,2026-01-12 00:50:00,32.1,75.88,Critical
D0053,2026-01-12 00:55:00,27.75,63.44,Critical
D0055,2026-01-12 01:00:00,29.45,61.84,Critical
D0069,2026-01-12 01:05:00,25.47,49.21,Critical
D0096,2026-01-12 01:10:00,31.24,56.12,Warning
D0011,2026-01-12 01:15:00,28.58,73.52,Normal
D0006,2026-01-12 01:20:00,20.9,63.32,Warning
D0019,2026-01-12 01:25:00,33.02,88.02,Warning
D0019,2026-01-12 01:30:00,24.93,75.4,Warning
D0065,2026-01-12 01:35:00,23.7,59.69,Warning
D0066,2026-01-12 01:40:00,26.16,78.61,Warning
D0091,2026-01-12 01:45:00,21.6,54.83,Warning
D0054,2026-01-12 01:50:00,29.98,62.03,Critical
D0014,2026-01-12 01:55:00,30.76,82.72,Normal
D0089,2026-01-12 02:00:00,28.42,58.53,Warning
D0045,2026-01-12 02:05:00,32.24,44.9,Normal
D0098,2026-01-12 02:10:00,24.24,73.75,Warning
D0056,2026-01-12 02:15:00,23.76,83.3,Normal
D0027,2026-01-12 02:20:00,33.92,60.22,Warning
D0090,2026-01-12 02:25:00,33.08,62.67,Warning
D0097,2026-01-12 02:30:00,28.4,,Normal
D0066,2026-01-12 02:35:00,23.99,58.46,Critical
D0068,2026-01-12 02:40:00,27.98,71.45,Warning
D0036,2026-01-12 02:45:00,28.44,65.07,Normal
D0099,2026-01-12 02:50:00,20.73,76.47,Normal
D0075,2026-01-12 02:55:00,28.39,64.58,Warning
D0079,2026-01-12 03:00:00,31.03,80.2,Normal
D0011,2026-01-12 03:05:00,27.68,53.74,Critical
D0087,2026-01-12 03:10:00,28.31,70.68,Warning
D0012,2026-01-12 03:15:00,18.6,62.34,Critical
D0067,2026-01-12 03:20:00,26.31,86.63,Warning
D0084,2026-01-12 03:25:00,25.65,87.9,Normal
D0093,2026-01-12 03:30:00,28.31,48.08,Critical
D0085,2026-01-12 03:35:00,27.55,40.16,Normal
D0093,2026-01-12 03:40:00,29.36,57.22,Critical 
D0004,2026-01-12 03:45:00,31.35,76.66,Warning
D0061,2026-01-12 03:50:00,29.89,46.86,Critical
D0004,2026-01-12 03:55:00,32.65,72.5,Warning
D0035,2026-01-12 04:00:00,24.89,200,Warning
D0002,2026-01-12 04:05:00,29.95,56.94,Warning
D0026,2026-01-12 04:10:00,29.1,56.11,Critical
D0041,2026-01-12 04:15:00,25.9,40.91,Warning
D0065,2026-01-12 04:20:00,29.68,82.91,Critical
D0060,2026-01-12 04:25:00,31.51,80.15,Warning
D0071,2026-01-12 04:30:00,26.89,68.07,Normal
D0090,2026-01-12 04:35:00,28.56,78.51,Warning
D0061,2026-01-12 04:40:00,26.51,87.15,Normal
D0076,2026-01-12 04:45:00,32.19,74.06,Critical
d0004,2026-01-12 04:50:00,26.79,61.15,Normal
D0012,2026-01-12 04:55:00,31.25,38.99,Critical
D0006,2026-01-12 05:00:00,29.2,88.21,Normal
D0074,2026-01-12 05:05:00,33.88,87.24,Critical
D0099,2026-01-12 05:10:00,27.99,,Warning
D0071,2026-01-12 05:15:00,25.04,42.43,Normal
 D0010,2026-01-12 05:20:00,33.27,43.21,Critical
D0049,2026-01-12 05:25:00,24.78,58.98,Critical
D0001,2026-01-12 05:30:00,27.38,53.71,Normal
D0048,2026-01-12 05:35:00,30.38,71.13,Critical
D0007,2026-01-12 05:40:00,23.72,77.12,Critical
D0056,2026-01-12 05:45:00,28.29,56.02,Critical
D0054,2026-01-12 05:50:00,35.31,74.67,Normal
D0001,2026-01-12 05:55:00,27.99,46.33,
D0001,2026-01-12 06:00:00,25.95,79.78,Warning
D0042,2026-01-12 06:05:00,33.13,78.49,Warning
D0049,2026-01-12 06:10:00,28.71,80.81,Warning
D0085,2026-01-12 06:15:00,23.71,47.08,Warning
D0032,2026-01-12 06:20:00,28.85,80.06,Normal
D0090,2026-01-12 06:25:00,30.51,64.13,Critical
D0002,2026-01-12 06:30:00,38.46,71.45,Warning
D0068,2026-01-12 06:35:00,28.17,50.03,Critical
D0086,2026-01-12 06:40:00,30.21,42.08,Critical
D0017,2026-01-12 06:45:00,31.25,38.47,Warning
D0020,2026-01-12 06:50:00,27.86,89.18,Normal
D0070,2026-01-12 06:55:00,27.78,86.83,Critical
D0004,2026-01-12 07:00:00,29.62,41.01,Normal
D0009,2026-01-12 07:05:00,24.74,50.76,Warning
D0059,,30.56,66.22,Critical
D0060,2026-01-12 07:15:00,28.46,64.55,Warning
D0091,2026-01-12 07:20:00,29.51,71.23,Warning
D0016,2026-01-12 07:25:00,27.54,77.4,Warning
D0002,2026-01-12 07:30:00,29.94,60.53,Critical
D0024,2026-01-12 07:35:00,30.74,54.2,Normal
D0100,2026-01-12 07:40:00,31.13,82.89,Critical
D0024,2026-01-12 07:45:00,26.22,74.74,Warning
D0084,2026-01-12 07:50:00,22.61,88.49,Critical
D0007,2026-01-12 07:55:00,23.96,35.4,Warning
D0014,2026-01-12 08:00:00,33.66,75.62,Warning
D0093,2026-01-12 08:05:00,31.44,37.13,Critical
D0024,2026-01-12 08:10:00,27.01,81.98,
D0010,2026-01-12 08:15:00,33.9,69.91,Warning
D0028,2026-01-12 08:20:00,25.22,49.22,Warning
D0070,2026-01-12 08:25:00,33.01,65.16,Warning
D0003,2026-01-12 08:30:00,23.35,61.68,Normal
D0063,2026-01-12 08:35:00,26.61,62.69,Normal
D0068,2026-01-12 08:40:00,29.64,71.96,Warning
D0087,2026-01-12 08:45:00,28.46,74.54,Warning
D0026,2026-01-12 08:50:00,29.37,47.37,Critical
D0050,2026-01-12 08:55:00,24.6,59.94,Warning
D0081,2026-01-12 09:00:00,24.59,85.96,Warning
D0020,2026-01-12 09:05:00,31.48,39.52,Normal
D0054,2026-01-12 09:10:00,28.19,79.87,Critical
D0018,2026-01-12 09:15:00,30.33,45.59,Critical
D0066,2026-01-12 09:20:00,35.46,69.35,Critical
D0066,2026-01-12 09:25:00,23.91,41.18,Normal
D0030,2026-01-12 09:30:00,,36.75,Critical
D0032,2026-01-12 09:35:00,34.06,57.83,Warning
D0023,2026-01-12 09:40:00,34.45,47.48,Critical
D0022,2026-01-12 09:45:00,26.84,86.23,Normal
D0100,2026-01-12 09:50:00,36.41,89.82,Normal
D0070,2026-01-12 09:55:00,25.98,49.89,Normal
D0026,2026-01-12 10:00:00,24.46,42.64,Critical
D0068,2026-01-12 10:05:00,32.9,43.11,Critical
D0047,2026-01-12 10:10:00,24.99,46.0,Normal
D0064,2026-01-12 10:15:00,35.58,37.83,Warning
D0014,2026-01-12 10:20:00,25.83,56.33,Critical
D0061,2026-01-12 10:25:00,30.77,70.67,Warning
D0026,2026-01-12 10:30:00,25.92,51.7,Normal
D0036,2026-01-12 10:35:00,29.74,58.2,Warning
D0046,2026-01-12 10:40:00,26.28,70.79,Warning
D0058,2026-01-12 10:45:00,31.51,75.29,Normal
D0075,2026-01-12 10:50:00,28.91,56.02,Critical
D0089,2026-01-12 10:55:00,27.29,78.51,Normal
D0043,2026-01-12 11:00:00,31.11,39.72,Warning
D0020,2026-01-12 11:05:00,26.35,56.43,Critical
D0023,2026-01-12 11:10:00,20.22,88.19,Critical
D0077,2026-01-12 11:15:00,30.37,66.32,Warning
D0074,2026-01-12 11:20:00,30.29,71.67,Critical
D0058,2026-01-12 11:25:00,35.98,37.01,Warning
D0050,2026-01-12 11:30:00,29.04,86.9,Critical
D0031,2026-01-12 11:35:00,33.19,61.38,Critical
D0098,2026-01-12 11:40:00,30.78,79.15,Normal
D0009,2026-01-12 11:45:00,35.61,49.56,Normal
D0065,2026-01-12 11:50:00,33.69,39.68,Critical
D0068,2026-01-12 11:55:00,33.57,74.65,Critical
D0089,2026-01-12 12:00:00,26.1,69.92,Normal
D0057,2026-01-12 12:05:00,27.61,72.01,Warning
D0007,2026-01-12 12:10:00,30.07,37.23,Critical
D0085,2026-01-12 12:15:00,24.38,35.91,Critical
D0022,2026-01-12 12:20:00,31.41,81.69,Critical
D0042,2026-01-12 12:25:00,28.14,78.69,Critical
D0005,2026-01-12 12:30:00,34.06,50.68,Warning
D0025,2026-01-12 12:35:00,31.87,39.31,Normal
D0058,2026-01-12 12:40:00,27.36,37.04,Warning
D0079,2026-01-12 12:45:00,27.12,41.77,Warning
D0035,2026-01-12 12:50:00,28.4,51.7,Normal
D0051,2026-01-12 12:55:00,28.8,61.89,Critical
D0096,2026-01-12 13:00:00,32.72,79.12,Critical
D0019,2026-01-12 13:05:00,32.38,53.19,Warning
D0017,2026-01-12 13:10:00,16.7,60.86,Warning
D0003,2026-01-12 13:15:00,28.26,89.39,Warning
D0072,2026-01-12 13:20:00,19.04,59.93,Normal
D0004,2026-01-12 13:25:00,33.31,81.0,Warning
D0004,2026-01-12 13:30:00,27.1,39.8,Warning
D0050,2026-01-12 13:35:00,30.22,88.43,Warning
D0019,2026-01-12 13:40:00,31.01,59.82,Warning
D0058,2026-01-12 13:45:00,32.16,60.51,Critical
D0020,2026-01-12 13:50:00,30.88,53.4,Critical
D0006,2026-01-12 13:55:00,29.25,37.16,Warning
D0073,2026-01-12 14:00:00,29.14,80.15,Normal
D0003,2026-01-12 14:05:00,27.19,71.01,Critical
D0021,2026-01-12 14:10:00,23.62,73.34,Warning
D0084,2026-01-12 14:15:00,19.99,59.51,Warning
D0033,2026-01-12 14:20:00,33.18,35.84,Warning
D0090,2026-01-12 14:25:00,23.26,39.39,Critical
D0020,2026-01-12 14:30:00,40.19,64.58,Critical
D0035,2026-01-12 14:35:00,24.0,71.61,Critical
D0009,2026-01-12 14:40:00,31.16,74.01,Normal
D0054,2026-01-12 14:45:00,27.11,54.92,Normal
D0031,2026-01-12 14:50:00,33.63,44.17,Normal
D0042,2026-01-12 14:55:00,26.73,84.33,Warning
D0052,2026-01-12 15:00:00,30.29,82.57,Warning
D0088,2026-01-12 15:05:00,24.01,43.34,Normal
D0081,2026-01-12 15:10:00,25.98,54.21,Warning
D0057,2026-01-12 15:15:00,,72.86,Critical
D0021,2026-01-12 15:20:00,22.35,76.15,Warning
D0061,2026-01-12 15:25:00,31.43,37.52,Warning
D0084,2026-01-12 15:30:00,32.79,77.48,Warning
D0083,2026-01-12 15:35:00,24.36,85.45,Warning
D0031,2026-01-12 15:40:00,19.47,67.11,Warning
D0059,2026-01-12 15:45:00,27.57,56.52,Warning
D0047,2026-01-12 15:50:00,26.3,68.72,Critical
D0007,2026-01-12 15:55:00,30.38,57.86,Critical
D0068,2026-01-12 16:00:00,26.27,79.19,Critical
D0095,2026-01-12 16:05:00,30.81,69.84,Normal
D0088,2026-01-12 16:10:00,32.95,80.72,Warning
D0044,2026-01-12 16:15:00,23.15,85.07,Warning
D0098,2026-01-12 16:20:00,31.32,77.9,Warning
D0011,2026-01-12 16:25:00,27.29,51.33,Critical
D0061,2026-01-12 16:30:00,32.63,45.89,Warning
D0086,2026-01-12 16:35:00,30.68,57.77,Warning
D0052,2026-01-12 16:40:00,25.05,86.31,Warning
D0044,2026-01-12 16:45:00,21.43,37.09,Warning
D0067,2026-01-12 16:50:00,27.2,66.93,Normal
D0014,2026-01-12 16:55:00,25.93,36.8,Critical
D0048,2026-01-12 17:00:00,33.92,59.5,Normal
D0020,2026-01-12 17:05:00,29.54,77.0,Warning
D0055,2026-01-12 17:10:00,29.36,57.78,Warning
D0037,2026-01-12 17:15:00,35.73,50.28,Critical
D0005,2026-01-12 17:20:00,19.53,67.89,Warning
D0056,2026-01-12 17:25:00,30.03,75.93,Normal
D0004 ,2026-01-12 17:30:00,28.39,84.45,Critical
D0021,2026-01-12 17:35:00,22.85,58.02,Critical
D0086,2026-01-12 17:40:00,24.28,64.54,Normal
D0087,2026-01-12 17:45:00,34.12,39.98,Normal
D0089,2026-01-12 17:50:00,35.15,67.36,Critical
D0088,2026-01-12 17:55:00,26.66,58.84,Normal
D0035,2026-01-12 18:00:00,29.47,87.94,Critical
D0025,2026-01-12 18:05:00,29.3,55.4,Critical
D0043,2026-01-12 18:10:00,23.18,61.38,Normal
D0013,2026-01-12 18:15:00,26.48,64.77,Normal
D0041,2026-01-12 18:20:00,34.63,77.14,Normal
D0089,2026-01-12 18:25:00,27.87,67.82,Normal
D0029,2026-01-12 18:30:00,,60.58,Warning
D0082,2026-01-12 18:35:00,23.97,76.47,Normal
D0051,2026-01-12 18:40:00,28.29,43.68,Warning
D0015,2026-01-12 18:45:00,39.63,49.14,Normal
D0035,2026-01-12 18:50:00,25.83,52.08,Critical
D0025,2026-01-12 18:55:00,33.49,77.9,Warning
D0056,2026-01-12 19:00:00,26.96,52.76,Normal
D0038,2026-01-12 19:05:00,30.86,54.25,Critical
D0069,2026-01-12 19:10:00,31.14,57.25,Warning
D0033,2026-01-12 19:15:00,30.6,49.29,Critical
D0094,2026-01-12 19:20:00,25.56,65.83,Normal
D0075,2026-01-12 19:25:00,27.18,72.71,Critical
D0084,2026-01-12 19:30:00,21.76,75.68,Warning
D0045,2026-01-12 19:35:00,20.83,58.02,Critical
D0033,2026-01-12 19:40:00,21.36,52.22,Normal
D0063,2026-01-12 19:45:00,28.06,59.04,Critical
D0023,2026-01-12 19:50:00,37.27,44.98,normal
D0022,2026-01-12 19:55:00,25.03,,Critical
D0011,2026-01-12 20:00:00,22.71,41.64,Critical
D0059,2026-01-12 20:05:00,29.54,35.26,Warning
D0042,2026-01-12 20:10:00,22.93,46.29,Warning
D0004,2026-01-12 20:15:00,20.39,54.5,Normal
D0068,2026-01-12 20:20:00,30.34,59.8,Critical
D0053,2026-01-12 20:25:00,26.24,68.12,Warning
D0018,2026-01-12 20:30:00,26.02,73.04,Normal
D0034,2026-01-12 20:35:00,22.9,49.27,Critical
D0063,2026-01-12 20:40:00,34.7,64.66,Critical
D0010,2026-01-12 20:45:00,29.63,59.95,Critical
D0060,2026-01-12 20:50:00,30.16,67.66,Critical
D0050,2026-01-12 20:55:00,25.56,59.75,Warning
D0027,2026-01-12 21:00:00,37.68,41.89,Normal
D0086,2026-01-12 21:05:00,33.54,71.86,Critical
D0050,2026-01-12 21:10:00,32.15,76.19,Normal
D0083,2026-01-12 21:15:00,32.07,54.94,Normal
D0016,2026-01-12 21:20:00,32.62,72.04,Critical
D0047,2026-01-12 21:25:00,31.66,43.48,Critical
D0068,2026-01-12 21:30:00,20.4,79.69,Critical
D0017,2026-01-12 21:35:00,31.13,58.98,Critical
D0042,2026-01-12 21:40:00,27.91,39.63,Normal
D0075,2026-01-12 21:45:00,28.42,58.18,Normal
D0096,2026-01-12 21:50:00,35.37,81.18,critical
D0002,2026-01-12 21:55:00,29.79,56.5,Warning
D0020,2026-01-12 22:00:00,28.25,46.81,Critical
D0029,2026-01-12 22:05:00,30.66,71.33,Critical
D0007,2026-01-12 22:10:00,28.68,85.27,Warning
D0054,2026-01-12 22:15:00,29.27,36.64,Warning
D0100,2026-01-12 22:20:00,35.46,38.75,Critical
D0094,2026-01-12 22:25:00,150,41.8,Warning
D0021,2026-01-12 22:30:00,28.67,53.09,Critical
D0010,2026-01-12 22:35:00,33.37,65.63,Critical
D0019,2026-01-12 22:40:00,21.78,35.58,Normal
D0080,2026-01-12 22:45:00,28.1,48.42,Normal
D0081,2026-01-12 22:50:00,34.19,52.06,critical
D0035,2026-01-12 22:55:00,28.04,52.14,Normal
D0014,2026-01-12 23:00:00,27.25,47.96,Warning
D0097,2026-01-12 23:05:00,29.7,59.94,Warning
D0021,2026-01-12 23:10:00,26.82,45.64,Normal
D0016,2026-01-12 23:15:00,26.22,59.43,Normal
D0090,2026-01-12 23:20:00,32.38,42.37,Warning
D0015,2026-01-12 23:25:00,26.43,78.92,Normal
D0074,2026-01-12 23:30:00,33.0,89.3,Normal
D0020,2026-01-12 23:35:00,29.21,58.42,Warning
D0021,2026-01-12 23:40:00,32.73,76.41,Warning
D0065,2026-01-12 23:45:00,28.38,86.67,Critical
D0009,2026-01-12 23:50:00,30.47,83.33,Critical
D0032,2026-01-12 23:55:00,27.66,60.6,Normal
D0055,2026-01-13 00:00:00,28.66,54.0,Normal
D0055,2026-01-13 00:05:00,31.04,60.28,Warning
D0021,2026-01-13 00:10:00,28.31,51.09,Critical
D0063,2026-01-13 00:15:00,39.58,59.8,Warning
D0062,2026-01-13 00:20:00,25.08,60.63,Warning
D0069,2026-01-13 00:25:00,30.41,57.36,Warning
D0015,2026-01-13 00:30:00,26.48,84.2,Normal
D0084,2026-01-13 00:35:00,26.87,39.97,Warning
D0038,2026-01-13 00:40:00,29.84,73.59,Critical
D0007,2026-01-13 00:45:00,27.45,57.02,Warning
D0053,2026-01-13 00:50:00,29.58,79.97,Normal
D0061,2026-01-13 00:55:00,31.68,48.4,Normal
D0083,2026-01-13 01:00:00,30.72,59.3,Normal
D0036,2026-01-13 01:05:00,30.13,69.08,Critical
D0042,2026-01-13 01:10:00,31.77,72.06,Warning
D0005,2026-01-13 01:15:00,30.22,75.25,Warning
D0001,2026-01-13 01:20:00,30.66,69.68,Warning
D0053,2026-01-13 01:25:00,29.18,54.57,Warning
D0078,2026-01-13 01:30:00,29.38,67.93,Critical
D0022,2026-01-13 01:35:00,29.21,63.29,Normal
D0010,2026-01-13 01:40:00,28.29,71.38,Normal
D0029,2026-01-13 01:45:00,25.48,69.43,Normal
D0044,2026-01-13 01:50:00,32.65,57.6,Warning
D0099,2026-01-13 01:55:00,31.8,40.22,Critical
D0079,2026-01-13 02:00:00,25.61,64.89,Critical
D0014,2026-01-13 02:05:00,32.34,55.08,Normal
D0059,2026-01-13 02:10:00,30.06,46.52,Warning
D0060,2026-01-13 02:15:00,22.62,66.31,Critical
D0033,2026-01-13 02:20:00,30.84,45.22,Critical
D0075,2026-01-13 02:25:00,26.1,67.23,Normal
D0069,2026-01-13 02:30:00,38.88,38.73,Normal
D0003,2026-01-13 02:35:00,31.62,88.91,Warning
D0012,2026-01-13 02:40:00,30.08,74.21,Warning
D0055,2026-01-13 02:45:00,30.59,76.63,Warning
D0054,2026-01-13 02:50:00,unknown,77.61,Normal
D0026,2026-01-13 02:55:00,23.33,71.25,Critical
D0042,2026-01-13 03:00:00,25.09,60.01,Warning
D0071,2026-01-13 03:05:00,32.43,82.93,Warning
D0081,2026-01-13 03:10:00,28.79,87.45,Warning
D0097,2026-01-13 03:15:00,30.19,52.07,Critical
D0085,2026-01-13 03:20:00,33.85,44.35,Warning
D0071,2026-01-13 03:25:00,24.53,57.65,Warning
D0095,2026-01-13 03:30:00,34.02,47.99,Normal
D0089,2026-01-13 03:35:00,18.55,60.25,Critical
D0085,2026-01-13 03:40:00,24.6,40.19,Warning
D0089,2026-01-13 03:45:00,25.69,89.82,Warning
D0011,2026-01-13 03:50:00,31.91,85.96,Critical
D0069,2026-01-13 03:55:00,34.75,68.51,Normal
D0066,2026-01-13 04:00:00,28.64,76.6,Warning
D0095,2026-01-13 04:05:00,22.52,200,Normal
D0060,2026-01-13 04:10:00,32.8,60.98,Warning
D0042,2026-01-13 04:15:00,30.63,84.42,Critical
D0087,2026-01-13 04:20:00,28.02,40.65,Warning
D0019,2026-01-13 04:25:00,25.98,46.9,Critical
D0075,2026-01-13 04:30:00,19.11,36.4,Critical
D0085,2026-01-13 04:35:00,31.42,82.21,Warning
D0067,2026-01-13 04:40:00,23.26,53.49,Critical
D0072,2026-01-13 04:45:00,32.16,76.8,Warning
D0004,2026-01-13 04:50:00,26.89,70.04,Warning
D0028,2026-01-13 04:55:00,29.9,80.88,Critical
D0024,2026-01-13 05:00:00,33.04,81.58,Normal
D0070,2026-01-13 05:05:00,20.14,51.81,Critical
D0100,2026-01-13 05:10:00,28.36,43.91,Warning
D0061,2026-01-13 05:15:00,33.43,64.33,Warning
D0066,2026-01-13 05:20:00,21.36,73.03,Normal
D0021,2026-01-13 05:25:00,30.01,45.24,Critical
D0079,2026-01-13 05:30:00,28.45,74.46,Warning
D0047,2026-01-13 05:35:00,26.87,84.96,Critical
D0053,2026-01-13 05:40:00,28.22,59.66,Critical
D0017,2026-01-13 05:45:00,31.92,42.17,Normal
D0099,2026-01-13 05:50:00,33.12,79.83,Normal
D0080,2026-01-13 05:55:00,25.14,76.63,Normal
D0053,2026-01-13 06:00:00,29.43,79.28,warning
D0090,2026-01-13 06:05:00,29.89,48.59,Critical
D0005,2026-01-13 06:10:00,30.22,52.57,Warning
D0078,2026-01-13 06:15:00,35.73,88.24,Normal
D0060,2026-01-13 06:20:00,25.8,67.81,Normal
D0001,2026-01-13 06:25:00,26.3,67.99,Critical
D0014,2026-01-13 06:30:00,32.33,43.55,Warning
D0091,2026-01-13 06:35:00,27.14,50.83,Warning
D0004,2026-01-13 06:40:00,31.01,46.84,Warning
D0003,2026-01-13 06:45:00,33.99,87.51,Warning
D0087,2026-01-13 06:50:00,32.78,55.49,Critical
D0045,2026-01-13 06:55:00,28.27,39.63,Critical
D0074,2026-01-13 07:00:00,33.12,73.64,Critical
D0045,2026-01-13 07:05:00,30.13,79.89,Critical
D0058,2026-01-13 07:10:00,27.35,67.13,Critical
D0033,2026-01-13 07:15:00,23.97,64.82,Critical
D0091,2026-01-13 07:20:00,28.33,86.29,Critical
D0072,2026-01-13 07:25:00,27.22,38.25,Critical
D0091,2026-01-13 07:30:00,28.16,54.05,Normal
D0085,2026-01-13 07:35:00,28.15,,Critical
D0025,2026-01-13 07:40:00,26.6,52.56,Warning
D0093,2026-01-13 07:45:00,30.27,62.31,Warning
D0063,2026-01-13 07:50:00,33.25,43.41,Warning
D0035,2026-01-13 07:55:00,28.72,45.88,Normal
device-01,2026-01-13 08:00:00,31.88,36.42,Warning
D0062,2026-01-13 08:05:00,27.76,69.03,Critical
D0037,2026-01-13 08:10:00,30.51,70.24,Warning
D0056,2026-01-13 08:15:00,25.15,40.51,Normal
D0063,2026-01-13 08:20:00,29.32,39.64,Warning
D0013,2026-01-13 08:25:00,29.1,35.28,Warning
D0006,2026-01-13 08:30:00,29.81,45.49,Critical
D0070,2026-01-13 08:35:00,26.16,72.23,Normal
D0027,2026-01-13 08:40:00,36.27,70.16,Warning
D0098,2026-01-13 08:45:00,23.42,74.81,Critical
D0021,2026-01-13 08:50:00,28.61,60.6,Normal
D0042,2026-01-13 08:55:00,30.11,68.0,Normal
D0010,2026-01-13 09:00:00,29.6,88.99,Normal
D0004 ,2026-01-13 09:05:00,18.63,66.2,Critical
D0004,2026-01-13 09:10:00,22.68,57.6,Warning
D0004 ,2026-01-13 09:15:00,30.87,77.54,Warning
D0041,2026-01-13 09:20:00,34.3,55.85,Normal
device-01,2026-01-13 09:25:00,32.56,55.55,Normal
D0053,2026-01-13 09:30:00,25.91,72.2,Warning
D0095,2026-01-13 09:35:00,26.2,39.29,Warning
D0011,2026-01-13 09:40:00,28.62,62.43,Normal
D0075,2026-01-13 09:45:00,31.84,77.58,Normal
D0079,2026-01-13 09:50:00,23.88,,Critical
D0002,2026-01-13 09:55:00,23.92,64.89,Critical
D0020,2026-01-13 10:00:00,26.51,51.97,Critical
D0037,2026-01-13 10:05:00,27.46,43.66,Warning
D0094,2026-01-13 10:10:00,32.49,36.93,Critical
D0091,2026-01-13 10:15:00,38.06,37.13,Critical
D0005,2026-01-13 10:20:00,29.96,72.85,Normal
D0029,2026-01-13 10:25:00,26.31,63.7,Critical
D0075,2026-01-13 10:30:00,35.19,50.95,Normal
D0079,2026-01-13 10:35:00,35.97,65.32,Critical
D0052,2026-01-13 10:40:00,28.26,69.62,warning
D0080,2026-01-13 10:45:00,28.2,59.76,Normal
D0079,2026-01-13 10:50:00,26.84,55.09,Critical
D0055,2026-01-13 10:55:00,30.98,59.44,Warning
D0005,2026-01-13 11:00:00,23.12,37.92,Normal
D0002,2026-01-13 11:05:00,27.99,44.66,Warning
D0051,2026-01-13 11:10:00,25.98,58.78,Critical
D0028,2026-01-13 11:15:00,32.03,72.39,Critical
D0096,2026-01-13 11:20:00,29.55,41.65,Normal
D0026,2026-01-13 11:25:00,29.82,88.24,Warning
D0071,2026-01-13 11:30:00,31.39,78.61,Normal
D0059,2026-01-13 11:35:00,27.65,69.67,Critical
D0065,2026-01-13 11:40:00,34.63,82.36,Warning
D0070,2026-01-13 11:45:00,25.29,82.33,NORMAL
D0010,2026-01-13 11:50:00,21.5,47.58,Warning
D0096,2026-01-13 11:55:00,27.78,79.48,Warning
D0054,2026-01-13 12:00:00,35.04,78.88,Warning
D0084,2026-01-13 12:05:00,29.57,65.24,Warning
D0020,2026-01-13 12:10:00,34.72,44.99,Critical
D0012,2026-01-13 12:15:00,28.49,56.29,Warning
D0037,2026-01-13 12:20:00,32.81,60.73,Warning
D0075,2026-01-13 12:25:00,25.35,57.21,Warning
D0060,2026-01-13 12:30:00,28.84,83.89,Warning
D0083,2026-01-13 12:35:00,30.85,85.35,Warning
D0046,2026-01-13 12:40:00,30.75,78.52,Normal
D0080,2026-01-13 12:45:00,34.27,72.4,Normal
D0019,2026-01-13 12:50:00,34.92,40.54,Critical
D0099,2026-01-13 12:55:00,26.13,89.72,Critical
D0076,2026-01-13 13:00:00,28.65,75.35,Warning
D0023,2026-01-13 13:05:00,29.8,78.12,Critical
D0079,2026-01-13 13:10:00,26.7,83.88,Warning
D0050,2026-01-13 13:15:00,32.93,47.69,Normal
D0004,2026-01-13 13:20:00,33.71,61.29,Normal
D0055,2026-01-13 13:25:00,23.52,73.65,Critical
D0011,2026-01-13 13:30:00,31.27,49.17,Warning
D0074,2026-01-13 13:35:00,35.24,43.34,Normal
D0006,2026-01-13 13:40:00,34.52,39.97,Warning
D0039,2026-01-13 13:45:00,29.22,65.06,Critical
D0090,2026-01-13 13:50:00,29.99,36.58,Warning
D0045,2026-01-13 13:55:00,25.78,54.4,Critical
D0014,2026-01-13 14:00:00,26.5,82.64,Critical
D0062,2026-01-13 14:05:00,29.29,88.16,Warning
D0036,2026-01-13 14:10:00,27.11,82.0,Critical
D0037,2026-01-13 14:15:00,25.57,52.99,Critical
D0067,2026-01-13 14:20:00,24.73,63.72,Warning
D0082,2026-01-13 14:25:00,22.16,43.32,Normal
D0090,2026-01-13 14:30:00,31.54,76.37,Normal
D0068,2026-01-13 14:35:00,31.61,80.86,Warning
D0027,2026-01-13 14:40:00,32.08,43.16,Normal
D0050,2026-01-13 14:45:00,25.22,62.07,Normal
D0024,2026-01-13 14:50:00,31.89,65.63,Critical
D0028,2026-01-13 14:55:00,22.82,36.61,Normal
D0093,2026-01-13 15:00:00,28.14,49.52,Warning
D0095,2026-01-13 15:05:00,30.88,65.18,Warning
D0036,2026-01-13 15:10:00,31.69,87.71,Critical
D0034,2026-01-13 15:15:00,24.65,48.95,Normal
D0039,2026-01-13 15:20:00,34.97,65.76,Critical
D0099,2026-01-13 15:25:00,29.39,48.39,Normal
D0024,2026-01-13 15:30:00,28.98,43.56,Normal
D0039,2026-01-13 15:35:00,35.64,71.77,Critical
D0006,2026-01-13 15:40:00,34.61,85.24,Normal
D0005,2026-01-13 15:45:00,28.32,83.01,Critical
D0015,2026-01-13 15:50:00,33.52,37.84,Critical
D0069,2026-01-13 15:55:00,26.72,56.22,Normal
D0086,2026-01-13 16:00:00,28.83,48.19,Normal
D0004,2026-01-13 16:05:00,26.71,74.37,Critical
D0020,2026-01-13 16:10:00,24.89,45.61,Warning
D0036,2026-01-13 16:15:00,28.46,64.51,Critical
D0080,2026-01-13 16:20:00,34.12,81.11,Normal
D0031,2026-01-13 16:25:00,28.37,39.88,Critical
D0080,2026-01-13 16:30:00,31.18,73.15,Normal
D0087,2026-01-13 16:35:00,27.26,78.26,Warning
D0032,2026-01-13 16:40:00,26.83,63.37,Normal
D0016,2026-01-13 16:45:00,29.88,63.47,Critical
D0026,2026-01-13 16:50:00,29.22,65.07,Normal
D0013,2026-01-13 16:55:00,22.4,54.95,Normal
D0009,2026-01-13 17:00:00,28.79,40.69,Warning
D0020,2026-01-13 17:05:00,28.45,68.29,Normal
D0083,2026-01-13 17:10:00,29.18,45.96,Normal
D0015,2026-01-13 17:15:00,26.91,53.44,Normal
D0058,2026-01-13 17:20:00,24.82,53.94,Critical
D0058,2026-01-13 17:25:00,32.03,89.39,Critical
D0046,2026-01-13 17:30:00,26.48,58.45,Normal
D0095,2026-01-13 17:35:00,23.11,200,Normal
D0037,2026-01-13 17:40:00,28.12,59.51,Warning
D0049,2026-01-13 17:45:00,24.46,81.82,Warning
D0014,2026-01-13 17:50:00,30.18,86.12,Normal
D0040,2026-01-13 17:55:00,29.61,45.31,Warning
D0099,2026-01-13 18:00:00,29.63,65.6,Warning
D0009,2026-01-13 18:05:00,24.75,62.71,Warning
D0070,2026-01-13 18:10:00,39.86,80.83,Warning
D0006,2026-01-13 18:15:00,22.61,67.89,Critical
D0088,2026-01-13 18:20:00,32.1,62.93,Warning
D0026,2026-01-13 18:25:00,32.05,71.89,Warning
D0098,2026-01-13 18:30:00,22.94,48.04,Normal
D0073,2026-01-13 18:35:00,26.85,44.26,critical
D0095,2026-01-13 18:40:00,27.31,51.65,Warning
D0049,2026-01-13 18:45:00,25.17,69.05,Critical
D0034,2026-01-13 18:50:00,27.35,43.52,Normal
D0049,2026-01-13 18:55:00,24.91,58.68,Warning
D0029,2026-01-13 19:00:00,28.79,68.18,Critical
D0056,2026-01-13 19:05:00,19.62,36.15,Critical
D0067,2026-01-13 19:10:00,28.5,54.25,Normal
D0018,2026-01-13 19:15:00,22.19,48.32,Critical
D0022,2026-01-13 19:20:00,27.21,59.74,Warning
D0040,2026-01-13 19:25:00,29.2,39.55,Critical
D0063,2026-01-13 19:30:00,26.16,54.2,Normal
D0024,2026-01-13 19:35:00,27.01,84.29,Normal
D0092,2026-01-13 19:40:00,33.42,37.97,Critical
D0071,2026-01-13 19:45:00,29.26,88.08,Warning
D0037,2026-01-13 19:50:00,36.45,37.62,Normal
D0037,2026-01-13 19:55:00,31.68,74.27,Normal
D0091,2026-01-13 20:00:00,27.02,74.12,Normal
D0076,2026-01-13 20:05:00,27.26,67.1,Critical
D0044,2026-01-13 20:10:00,22.26,60.09,Normal
D0028,2026-01-13 20:15:00,30.08,79.12,Warning
D0019,2026-01-13 20:20:00,27.54,58.25,Critical
D0047,2026-01-13 20:25:00,31.3,35.49,Critical
D0095,2026-01-13 20:30:00,27.52,52.72,Warning
D0011,2026-01-13 20:35:00,26.69,67.82,Critical
D0089,2026-01-13 20:40:00,29.38,73.2,Critical
D0042,2026-01-13 20:45:00,33.99,35.5,Normal
D0089,2026-01-13 20:50:00,27.62,,Normal
D0045,2026-01-13 20:55:00,25.22,41.93,Warning
D0096,2026-01-13 21:00:00,28.98,68.51,Normal
D0009,2026-01-13 21:05:00,27.47,65.9,Normal
D0059,2026-01-13 21:10:00,26.3,41.89,Normal
D0100,2026-01-13 21:15:00,30.11,75.56,Warning
D0005,2026-01-13 21:20:00,35.02,53.14,Critical
D0046,2026-01-13 21:25:00,29.06,60.67,Normal
D0011,2026-01-13 21:30:00,28.35,51.3,Warning
D0017,2026-01-13 21:35:00,20.97,89.51,Warning
D0024,2026-01-13 21:40:00,32.5,75.74,Normal
D0071,2026-01-13 21:45:00,29.11,80.56,Warning
D0072,2026-01-13 21:50:00,24.23,53.27,Normal
D0059,2026-01-13 21:55:00,26.52,68.23,Normal
D0031,2026-01-13 22:00:00,28.68,52.6,Normal
D0022,2026-01-13 22:05:00,31.47,82.81,Warning
D0022,2026-01-13 22:10:00,25.76,65.34,Normal
D0095,2026-01-13 22:15:00,30.49,74.8,Critical
D0028,2026-01-13 22:20:00,25.73,86.82,Warning
D0015,2026-01-13 22:25:00,,37.88,Critical
D0016,2026-01-13 22:30:00,26.77,60.69,Normal
D0022,2026-01-13 22:35:00,33.13,46.67,Critical
D0084,2026-01-13 22:40:00,26.24,58.48,Critical
D0046,2026-01-13 22:45:00,29.52,56.63,Normal
D0041,2026-01-13 22:50:00,27.37,39.16,Warning
D0027,2026-01-13 22:55:00,14.33,79.16,Warning
D0084,2026-01-13 23:00:00,25.79,36.35,Critical
D0005,2026-01-13 23:05:00,27.67,47.58,Normal
D0001,2026-01-13 23:10:00,28.85,60.0,Normal
D0044,2026-01-13 23:15:00,32.03,88.78,Normal
D0083,2026-01-13 23:20:00,24.2,89.47,Normal
D0010,2026-01-13 23:25:00,26.32,63.97,Normal
D0073,2026-01-13 23:30:00,28.79,38.81,Critical
D0078,2026-01-13 23:35:00,31.06,60.59,Warning
D0009,2026-01-13 23:40:00,32.36,65.04,Warning
D0094,2026-01-13 23:45:00,24.17,35.41,Critical
D0025,2026-01-13 23:50:00,27.84,75.24,Critical
D0016,,29.65,67.09,Normal
D0006,2026-01-14 00:00:00,19.94,50.37,Warning
D0048,2026-01-14 00:05:00,25.88,38.99,Warning
D0051,2026-01-14 00:10:00,25.65,86.27,Normal
D0045,2026-01-14 00:15:00,29.53,45.14,Critical
D0086,2026-01-14 00:20:00,25.25,45.98,Critical
D0070,2026-01-14 00:25:00,31.29,78.56,Warning
D0092,2026-01-14 00:30:00,32.68,60.41,Critical
D0011,2026-01-14 00:35:00,33.44,80.79,Warning
D0028,2026-01-14 00:40:00,36.24,46.58,Normal
D0070,2026-01-14 00:45:00,24.87,51.18,Warning
D0075,2026-01-14 00:50:00,27.93,66.58,Normal
D0028,2026-01-14 00:55:00,29.92,82.71,Critical
D0094,2026-01-14 01:00:00,32.48,74.74,Warning
D0031,2026-01-14 01:05:00,26.88,45.72,Warning
D0011,2026-01-14 01:10:00,29.77,53.17,Normal
D0072,2026-01-14 01:15:00,27.47,60.13,Normal
D0088,2026-01-14 01:20:00,33.93,82.1,Critical
D0010,2026-01-14 01:25:00,31.6,83.35,Normal
D0068,2026-01-14 01:30:00,31.42,56.25,Critical
D0060,2026-01-14 01:35:00,30.92,89.93,Critical
D0057,2026-01-14 01:40:00,25.32,55.19,Warning
D0045,2026-01-14 01:45:00,32.39,86.4,Critical
D0086,2026-01-14 01:50:00,24.68,89.61,Normal
D0002,2026-01-14 01:55:00,37.76,52.68,Warning
D0100,2026-01-14 02:00:00,25.89,51.16,Normal
D0072,2026-01-14 02:05:00,24.74,80.31,Warning
D0069,2026-01-14 02:10:00,28.69,85.77,Critical
D0078,2026-01-14 02:15:00,34.56,54.68,Warning
D0025,2026-01-14 02:20:00,24.99,58.66,Normal
device-01,2026-01-14 02:25:00,24.9,48.41,Normal
D0089,2026-01-14 02:30:00,26.91,81.62,Normal
D0077,2026-01-14 02:35:00,28.85,67.07,Warning
D0003,2026-01-14 02:40:00,26.44,41.13,Normal
D0092,2026-01-14 02:45:00,35.0,59.83,Warning
D0078,2026-01-14 02:50:00,27.83,84.88,Warning
D0044,2026-01-14 02:55:00,34.83,70.45,Critical
D0021,2026-01-14 03:00:00,32.78,81.13,Critical
D0040,2026-01-14 03:05:00,32.16,76.67,Critical
D0039,2026-01-14 03:10:00,32.26,51.83,Normal
D0030,2026-01-14 03:15:00,24.78,38.9,Normal
D0059,2026-01-14 03:20:00,28.94,86.42,Critical
D0056,2026-01-14 03:25:00,35.93,83.48,Normal
D0059,2026-01-14 03:30:00,28.38,38.13,Critical
D0054,2026-01-14 03:35:00,23.61,87.37,Warning
D0052,2026-01-14 03:40:00,36.09,76.03,Critical
D0096,2026-01-14 03:45:00,36.96,58.11,Normal
D0064,2026-01-14 03:50:00,27.16,67.11,Normal
D0045,2026-01-14 03:55:00,28.73,38.49,Warning
D0011,2026-01-14 04:00:00,26.95,40.74,Critical
D0026,2026-01-14 04:05:00,28.71,48.93,Critical
D0033,2026-01-14 04:10:00,28.13,74.99,Warning
D0031,2026-01-14 04:15:00,28.69,64.62,Critical
D0009,2026-01-14 04:20:00,32.37,83.71,Critical
D0063,2026-01-14 04:25:00,30.66,39.95,Warning
D0089,2026-01-14 04:30:00,34.49,73.23,Critical
D0066,2026-01-14 04:35:00,24.99,57.96,Warning
D0054,2026-01-14 04:40:00,31.59,59.3,Warning
D0038,2026-01-14 04:45:00,27.83,80.06,Warning
D0037,2026-01-14 04:50:00,24.79,75.36,Warning
D0080,2026-01-14 04:55:00,31.86,45.97,Warning
D0090,2026-01-14 05:00:00,31.86,85.7,Warning
D0032,2026-01-14 05:05:00,30.62,76.29,Normal
D0081,2026-01-14 05:10:00,28.9,81.36,Warning
D0076,2026-01-14 05:15:00,31.2,77.9,Warning
D0067,2026-01-14 05:20:00,28.75,62.69,
D0021,2026-01-14 05:25:00,25.89,75.19,Warning
D0056,2026-01-14 05:30:00,18.67,85.27,Warning
D0064,2026-01-14 05:35:00,29.38,42.79,Critical
D0014,2026-01-14 05:40:00,30.46,89.03,Warning
D0015,2026-01-14 05:45:00,33.02,63.86,Normal
D0037,2026-01-14 05:50:00,26.77,36.49,Critical
D0026,2026-01-14 05:55:00,31.1,43.16,Normal
D0094,2026-01-14 06:00:00,33.15,41.64,Normal
D0058,2026-01-14 06:05:00,24.1,67.66,Normal
D0046,2026-01-14 06:10:00,24.95,N/A,Normal
D0001,2026-01-14 06:15:00,32.13,70.9,Normal
D0017,2026-01-14 06:20:00,20.6,47.75,Warning
D0015,2026-01-14 06:25:00,34.36,77.45,Critical
D0027,2026-01-14 06:30:00,25.7,58.45,Warning
D0063,2026-01-14 06:35:00,32.41,66.33,Warning
D0058,2026-01-14 06:40:00,31.4,48.25,Warning
D0048,2026-01-14 06:45:00,26.4,83.33,Normal
D0074,2026-01-14 06:50:00,33.09,74.7,Critical
D0084,2026-01-14 06:55:00,29.12,36.12,Normal
D0042,2026-01-14 07:00:00,21.34,53.0,Normal
D0052,2026-01-14 07:05:00,22.43,86.19,Critical
D0079,2026-01-14 07:10:00,34.69,72.14,Critical
D0032,2026-01-14 07:15:00,33.27,53.3,Critical
D0030,2026-01-14 07:20:00,27.14,45.98,Warning
D0099,2026-01-14 07:25:00,26.71,44.69,Normal
D0100,2026-01-14 07:30:00,31.35,50.33,Critical
D0084,2026-01-14 07:35:00,26.12,50.35,Normal
D0034,2026-01-14 07:40:00,30.59,75.98,Normal
D0003,2026-01-14 07:45:00,23.65,57.72,Warning
D0082,2026-01-14 07:50:00,29.73,45.93,Warning
D0049,2026-01-14 07:55:00,31.88,57.86,Critical
D0090,2026-01-14 08:00:00,32.26,49.24,Critical
D0017,2026-01-14 08:05:00,29.23,86.13,Warning
D0031,2026-01-14 08:10:00,21.46,74.04,Normal
D0041,2026-01-14 08:15:00,30.27,48.69,Normal
D0056,2026-01-14 08:20:00,28.09,49.34,Critical
D0050,2026-01-14 08:25:00,29.32,36.89,Critical
D0088,2026-01-14 08:30:00,27.87,58.91,Warning
D0089,2026-01-14 08:35:00,23.51,49.83,Normal
D0097,2026-01-14 08:40:00,24.82,46.42,Normal
D0074,2026-01-14 08:45:00,25.24,42.13,Critical
D0050,2026-01-14 08:50:00,33.65,62.64,Warning
D0094,2026-01-14 08:55:00,24.58,77.4,Normal
D0051,2026-01-14 09:00:00,32.97,53.69,Critical
D0034,2026-01-14 09:05:00,34.4,85.57,Warning
D0024,2026-01-14 09:10:00,33.98,65.4,Normal
D0051,2026-01-14 09:15:00,28.58,89.52,Normal
D0019,2026-01-14 09:20:00,34.24,,Normal
D0024,2026-01-14 09:25:00,24.25,45.21,Normal
D0037,2026-01-14 09:30:00,27.31,78.82,Warning
D0049,2026-01-14 09:35:00,26.37,37.38,Critical
D0037,2026-01-14 09:40:00,23.17,44.03,Critical
D0088,2026-01-14 09:45:00,28.71,64.4,Warning
D0060,2026-01-14 09:50:00,32.54,68.94,Normal
D0008,2026-01-14 09:55:00,30.65,79.9,Warning
D0043,2026-01-14 10:00:00,33.75,55.85,Warning
D0048,2026-01-14 10:05:00,33.69,61.01,Normal
D0067,2026-01-14 10:10:00,32.12,82.45,Critical
D0062,2026-01-14 10:15:00,35.2,74.99,Warning
D0008,2026-01-14 10:20:00,26.35,37.48,Normal
D0064,2026-01-14 10:25:00,17.22,43.93,Normal
D0093,2026-01-14 10:30:00,31.5,48.68,Normal
D0052,2026-01-14 10:35:00,32.45,83.26,Warning
D0010,2026-01-14 10:40:00,28.35,55.56,Warning
D0061,2026-01-14 10:45:00,31.12,86.98,Critical
D0087,2026-01-14 10:50:00,30.88,54.17,Critical
D0063,2026-01-14 10:55:00,26.68,73.18,Critical
D0069,2026-25-01 12:00:00,29.8,78.36,Warning
D0008,2026-01-14 11:05:00,28.81,73.74,Warning
D0007,2026-01-14 11:10:00,27.78,83.72,Normal
D0003,2026-01-14 11:15:00,31.86,45.7,Normal
D0080,2026-01-14 11:20:00,33.21,72.33,Normal
D0091,2026-01-14 11:25:00,25.65,80.2,Warning
D0033,2026-01-14 11:30:00,27.6,78.3,Warning
D0080,2026-01-14 11:35:00,27.96,88.5,Warning
D0090,2026-01-14 11:40:00,27.88,47.72,Critical
D0078,2026-01-14 11:45:00,33.02,64.6,Normal
D0048,2026-01-14 11:50:00,26.09,70.51,Warning
D0004,2026-01-14 11:55:00,29.61,57.21,Normal
D0013,2026-01-14 12:00:00,28.79,48.12,Normal
D0023,2026-01-14 12:05:00,32.06,70.46,Normal
D0048,2026-01-14 12:10:00,31.25,40.97,Critical
D0059,2026-01-14 12:15:00,34.7,41.47,Critical
D0074,2026-01-14 12:20:00,28.3,39.86,Critical
D0061,2026-01-14 12:25:00,29.64,46.49,Normal
D0005,2026-01-14 12:30:00,28.86,55.56,Warning
D0003,2026-01-14 12:35:00,25.77,,Normal
D0032,2026-01-14 12:40:00,30.82,40.12,Warning
D0005,2026-01-14 12:45:00,32.19,49.44,Normal
D0018,2026-01-14 12:50:00,27.43,65.19,Warning
D0095,2026-01-14 12:55:00,25.15,83.66,Warning
D0078,2026-01-14 13:00:00,28.14,66.73,Warning
D0050,2026-01-14 13:05:00,35.73,40.0,Normal
device-01,2026-01-14 13:10:00,30.09,86.09,Critical
D0034,2026-01-14 13:15:00,27.04,35.25,Normal
D0061,2026-01-14 13:20:00,32.51,58.53,Critical
D0093,2026-01-14 13:25:00,39.26,85.17,Normal
D0081,2026-01-14 13:30:00,28.27,58.68,Critical
D0016,2026-01-14 13:35:00,30.13,56.76,Critical
D0066,2026-01-14 13:40:00,31.98,,Critical
D0009,2026-01-14 13:45:00,28.16,40.76,Normal
D0064,2026-01-14 13:50:00,29.97,47.41,Warning
D0080,2026-01-14 13:55:00,27.14,40.88,Normal
D0004,2026-01-14 14:00:00,27.59,46.9,Normal
D0016,2026-01-14 14:05:00,28.3,84.85,Warning
D0037,2026-01-14 14:10:00,32.09,54.87,Warning
D0002,2026-01-14 14:15:00,23.21,65.1,Critical
D0027,2026-01-14 14:20:00,28.69,70.38,Normal
D0047,2026-01-14 14:25:00,28.17,63.72,Critical
D0033,2026-01-14 14:30:00,27.74,85.05,Critical
D0045,2026-01-14 14:35:00,29.33,42.07,Warning
D0043,2026-01-14 14:40:00,30.05,44.95,Critical
D0040,2026-01-14 14:45:00,32.99,42.22,Critical
D0084,2026-01-14 14:50:00,28.4,86.25,Normal
D0050,2026-01-14 14:55:00,28.46,77.31,Critical
D0006,2026-01-14 15:00:00,28.74,36.73,Normal
D0014,2026-01-14 15:05:00,27.21,66.35,Warning
D0053,2026-01-14 15:10:00,33.5,74.96,Critical
D0014,2026-01-14 15:15:00,31.78,48.91,Warning
D0091,2026-01-14 15:20:00,33.55,36.41,Critical
D0034,2026-01-14 15:25:00,24.19,61.72,Warning
D0051,2026-01-14 15:30:00,36.7,47.84,Critical
D0047,2026-01-14 15:35:00,30.42,68.1,Critical
D0063,2026-01-14 15:40:00,29.03,45.46,Critical
D0068,2026-01-14 15:45:00,25.54,61.62,Normal
D0030,2026-01-14 15:50:00,24.78,77.2,Normal
D0002,2026-01-14 15:55:00,25.94,73.83,Warning
D0074,2026-01-14 16:00:00,27.82,40.75,Critical
D0045,2026-01-14 16:05:00,28.38,50.58,Warning
D0059,2026-01-14 16:10:00,33.02,51.39,Warning
D0057,2026-01-14 16:15:00,25.31,81.7,Critical
D0042,2026-01-14 16:20:00,29.47,49.49,Critical
D0026,2026-01-14 16:25:00,29.37,74.87,Warning
D0036,2026-01-14 16:30:00,29.35,45.76,Normal
D0061,2026-01-14 16:35:00,30.41,35.75,Critical
D0080,2026-01-14 16:40:00,29.36,46.89,Critical
D0011,2026-01-14 16:45:00,28.64,43.02,Normal
D0070,2026-01-14 16:50:00,25.74,81.34,Warning
D0092,2026-01-14 16:55:00,32.5,74.29,Warning
D0089,2026-01-14 17:00:00,35.17,52.97,Warning
D0066,2026-01-14 17:05:00,31.07,56.95,Normal
D0038,2026-01-14 17:10:00,34.69,76.64,Normal
D0002,2026-01-14 17:15:00,31.94,43.33,Normal
D0100,2026-01-14 17:20:00,28.01,78.26,Warning
D0047,2026-01-14 17:25:00,29.03,69.76,Warning
D0019,2026-01-14 17:30:00,32.32,50.36,Normal
D0061,2026-01-14 17:35:00,27.09,35.87,Normal
D0022,2026-01-14 17:40:00,26.64,86.08,Critical
D0027,2026-01-14 17:45:00,27.24,62.97,Warning
D0027,2026-01-14 17:50:00,34.64,83.77,Normal
D0074,2026-01-14 17:55:00,31.29,40.07,Critical
D0081,2026-01-14 18:00:00,26.65,50.55,Critical
D0089,2026-01-14 18:05:00,25.17,47.25,Warning
D0039,2026-01-14 18:10:00,,-10,Normal
D0076,2026-01-14 18:15:00,29.43,,Warning
D0028,2026-01-14 18:20:00,25.08,41.79,Warning
D0025,2026-01-14 18:25:00,26.78,85.73,Critical
D0094,2026-01-14 18:30:00,25.29,60.99,Warning
D0047,2026-01-14 18:35:00,27.06,71.38,Warning
D0056,2026-01-14 18:40:00,31.21,86.15,Warning
D0029,2026-01-14 18:45:00,24.89,41.11,Critical
D0091,2026-01-14 18:50:00,26.4,69.1,Normal
D0018,2026-01-14 18:55:00,33.39,78.91,Critical
D0035,2026-01-14 19:00:00,27.12,72.49,Warning
D0021,2026-01-14 19:05:00,29.35,37.62,Warning
D0016,2026-01-14 19:10:00,31.56,81.51,Normal
D0095,2026-01-14 19:15:00,28.72,38.32,Warning
D0007,2026-01-14 19:20:00,31.05,62.69,Critical
D0047,2026-01-14 19:25:00,31.03,62.11,Warning
D0030,2026-01-14 19:30:00,33.96,60.22,Critical
D0017,2026-01-14 19:35:00,31.97,47.82,Critical
D0063,2026-01-14 19:40:00,,77.72,Critical
D0094,2026-01-14 19:45:00,29.03,68.75,Warning
D0038,2026-01-14 19:50:00,27.01,48.21,Critical
D0094,2026-01-14 19:55:00,29.31,82.95,Warning
D0082,2026-01-14 20:00:00,30.45,37.4,Critical
D0068,2026-01-14 20:05:00,26.32,46.01,Warning
D0039,2026-01-14 20:10:00,27.52,75.85,Warning
D0042,2026-01-14 20:15:00,32.13,42.1,Normal
D0062,2026-01-14 20:20:00,28.95,88.09,Normal
D0073,2026-01-14 20:25:00,26.17,53.23,Normal
D0050,2026-01-14 20:30:00,18.12,69.21,Normal
D0027,2026-01-14 20:35:00,32.81,73.61,Normal
D0030,2026-01-14 20:40:00,30.66,62.44,Critical
D0052,2026-01-14 20:45:00,27.44,73.09,Normal
D0075,2026-01-14 20:50:00,29.91,43.12,Warning
D0037,2026-01-14 20:55:00,27.42,85.96,Warning
D0036,2026-01-14 21:00:00,26.84,49.65,Warning
D0090,2026-01-14 21:05:00,24.81,75.59,Critical
D0069,2026-01-14 21:10:00,32.15,85.03,Warning
D0047,2026-01-14 21:15:00,28.15,74.25,Warning
D0008,2026-01-14 21:20:00,33.03,55.71,Critical
D0029,2026-01-14 21:25:00,35.66,57.69,Normal
D0034,2026-01-14 21:30:00,32.51,54.99,Warning
D0095,2026-01-14 21:35:00,26.9,73.31,Warning
D0035,2026-01-14 21:40:00,29.38,70.76,Warning
D0009,2026-01-14 21:45:00,24.45,83.9,Critical
D0051,2026-01-14 21:50:00,21.11,81.69,Critical
D0079,2026-01-14 21:55:00,24.99,73.47,Critical
,2026-01-14 22:00:00,30.33,51.78,Warning
D0024,2026-01-14 22:05:00,28.23,39.39,Warning
D0084,2026-01-14 22:10:00,27.27,59.68,Critical
D0011,2026-01-14 22:15:00,24.78,70.22,Critical
D0020,2026-01-14 22:20:00,25.03,76.3,Normal
D0032,2026-01-14 22:25:00,29.37,60.0,Critical
D0098,2026-01-14 22:30:00,33.83,87.08,Normal
D0090,2026-01-14 22:35:00,26.36,44.42,Warning
D0038,2026-01-14 22:40:00,29.68,70.6,NORMAL
D0078,2026-01-14 22:45:00,30.06,45.58,Normal
D0014,2026-01-14 22:50:00,36.41,39.31,Normal
D0099,2026-01-14 22:55:00,29.3,55.9,Critical
D0071,2026-01-14 23:00:00,30.86,88.32,Normal
D0024,2026-01-14 23:05:00,25.63,75.57,Critical
D0071,2026-01-14 23:10:00,23.64,43.46,Critical
D0023,2026-01-14 23:15:00,33.17,86.03,Normal
D0057,2026-01-14 23:20:00,22.5,75.83,Warning
D0010,2026-01-14 23:25:00,31.01,42.39,Critical
D0094,2026-01-14 23:30:00,23.05,66.93,Warning
D0030,2026-01-14 23:35:00,29.42,81.02,Warning
D0043,2026-01-14 23:40:00,31.22,89.42,Critical
D0082,2026-01-14 23:45:00,22.18,37.74,Critical
D0067,2026-01-14 23:50:00,25.32,82.82,Warning
D0087,2026-01-14 23:55:00,30.6,44.6,Warning
D0009,2026-01-15 00:00:00,35.89,52.51,Critical
D0007,2026-01-15 00:05:00,30.39,70.89,Critical
D0052,2026-01-15 00:10:00,31.33,42.67,Normal
D0024,2026-01-15 00:15:00,33.32,46.76,Normal
D0081,2026-01-15 00:20:00,25.24,56.91,Critical
D0086,2026-01-15 00:25:00,22.66,44.76,Critical
D0008,2026-01-15 00:30:00,30.58,37.11,Warning
D0031,2026-01-15 00:35:00,25.91,79.14,Normal
D0033,2026-01-15 00:40:00,28.32,52.58,Critical
D0015,2026-01-15 00:45:00,27.88,120,Warning
D0003,2026-01-15 00:50:00,30.7,61.71,Warning
D0006,2026-01-15 00:55:00,31.59,63.35,Warning
D0019,2026-01-15 01:00:00,28.54,72.75,Critical
D0035,2026-01-15 01:05:00,27.92,72.56,Warning
D0084,2026-01-15 01:10:00,26.33,63.41,Normal
D0042,2026-01-15 01:15:00,27.86,35.95,Normal
D0085,2026-01-15 01:20:00,30.34,74.87,Warning
D0007,2026-01-15 01:25:00,25.72,39.94,warning
D0047,2026-01-15 01:30:00,27.45,39.68,Warning
D0075,2026-01-15 01:35:00,21.02,66.58,Warning
D0071,2026-01-15 01:40:00,30.21,55.95,Normal
D0065,2026-01-15 01:45:00,37.62,67.12,Normal
D0058,2026-01-15 01:50:00,30.34,42.91,Warning
D0078,2026-01-15 01:55:00,31.07,84.39,Warning
D0051,2026-01-15 02:00:00,28.17,51.6,Normal
D0097,2026-01-15 02:05:00,29.65,70.86,Normal
D0004,2026-01-15 02:10:00,28.72,39.91,Normal
D0011,2026-01-15 02:15:00,28.67,62.26,Warning
D0025,2026-01-15 02:20:00,32.21,35.36,Warning
D0025,2026-01-15 02:25:00,25.06,65.51,Critical
D0003,2026-01-15 02:30:00,31.46,57.64,Warning
D0040,2026-01-15 02:35:00,22.28,87.32,Normal
D0059,2026-01-15 02:40:00,29.63,79.96,Normal
D0006,2026-01-15 02:45:00,25.46,50.98,Warning
D0037,2026-01-15 02:50:00,27.64,51.04,Warning
D0086,2026-01-15 02:55:00,30.33,59.03,Critical
D0063,2026-01-15 03:00:00,29.83,42.16,Critical
D0013,2026-01-15 03:05:00,19.31,77.44,Warning
D0033,2026-01-15 03:10:00,28.54,47.72,Normal
D0064,2026-01-15 03:15:00,29.81,44.25,Warning
D0046,2026-01-15 03:20:00,27.22,78.07,Normal
D0018,2026-01-15 03:25:00,25.31,69.43,Critical
D0031,2026-01-15 03:30:00,29.5,67.88,Normal
D0046,2026-01-15 03:35:00,37.98,51.34,Critical
D0035,2026-01-15 03:40:00,26.04,58.05,Warning
D0006,2026-01-15 03:45:00,26.54,71.06,Critical
D0013,2026-01-15 03:50:00,30.45,81.99,Critical
D0069,2026-01-15 03:55:00,24.26,38.8,Warning
D0038,2026-01-15 04:00:00,24.25,68.96,Normal
D0049,2026-01-15 04:05:00,31.11,69.45,Normal
D0033,2026-01-15 04:10:00,31.89,48.32,Warning
D0034,2026-01-15 04:15:00,34.23,57.34,Critical
D0097,2026-01-15 04:20:00,28.93,39.99,Critical
D0100,2026-01-15 04:25:00,25.91,49.65,Warning
D0014,2026-01-15 04:30:00,28.4,82.22,Critical
D0063,2026-01-15 04:35:00,25.76,82.4,Critical
D0034,2026-01-15 04:40:00,34.9,75.67,Normal
D0059,2026-01-15 04:45:00,36.42,57.17,Critical
D0017,2026-01-15 04:50:00,29.07,85.55,Critical
D0018,2026-01-15 04:55:00,30.84,40.26,Warning
D0075,2026-01-15 05:00:00,30.63,44.16,Normal
D0096,2026-01-15 05:05:00,26.69,72.98,Critical
D0033,2026-01-15 05:10:00,27.9,73.19,Critical
D0078,2026-01-15 05:15:00,30.31,87.87,Critical
D0078,2026-01-15 05:20:00,27.7,59.69,Warning
D0073,2026-01-15 05:25:00,29.3,78.97,Critical
D0014,2026-01-15 05:30:00,26.11,53.94,Normal
D0084,2026-01-15 05:35:00,25.45,78.46,Normal
D0014,2026-01-15 05:40:00,31.47,36.55,Warning
D0068,2026-01-15 05:45:00,29.32,79.36,Warning
D0095,2026-01-15 05:50:00,24.9,79.85,Normal
D0062,2026-01-15 05:55:00,26.5,74.62,Critical
D0053,2026-01-15 06:00:00,31.24,73.72,Warning
D0092,2026-01-15 06:05:00,35.21,37.2,Critical
D0034,2026-01-15 06:10:00,23.35,72.41,Warning
D0049,2026-01-15 06:15:00,32.91,81.96,Critical
D0072,2026-01-15 06:20:00,26.21,74.84,Normal
D0035,2026-01-15 06:25:00,26.82,-10,Critical
 D0010,2026-01-15 06:30:00,22.52,51.22,Normal
D0033,2026-01-15 06:35:00,30.95,46.74,Normal
D0038,2026-01-15 06:40:00,29.58,87.61,Warning
D0035,2026-01-15 06:45:00,28.91,81.06,Critical
D0058,2026-01-15 06:50:00,26.86,48.5,Normal
D0015,2026-01-15 06:55:00,33.59,59.72,Warning
D0002,2026-01-15 07:00:00,26.62,44.23,Normal
D0035,2026-01-15 07:05:00,26.92,58.16,Critical
D0052,2026-01-15 07:10:00,22.56,50.06,Warning
D0065,2026-01-15 07:15:00,22.45,63.06,Warning
D0006,2026-01-15 07:20:00,25.25,60.16,Warning
D0077,2026-01-15 07:25:00,37.44,55.77,Normal
D0069,2026-01-15 07:30:00,24.74,49.53,Warning
D0060,2026-01-15 07:35:00,31.25,50.89,Critical
D0093,2026-01-15 07:40:00,31.88,42.77,Warning
D0080,2026-01-15 07:45:00,31.48,80.7,Critical
D0035,,30.2,68.64,Critical
,2026-01-15 07:55:00,37.0,70.2,Normal
D0042,2026-01-15 08:00:00,31.63,55.86,Critical
D0018,2026-01-15 08:05:00,27.59,84.24,Warning
D0038,2026-01-15 08:10:00,31.05,61.42,Critical
D0009,2026-01-15 08:15:00,36.88,44.46,Critical
D0060,2026-01-15 08:20:00,29.38,65.79,Warning
D0025,2026-01-15 08:25:00,25.55,77.05,Normal
D0098,2026-01-15 08:30:00,30.42,83.57,Critical
D0029,2026-01-15 08:35:00,39.27,72.86,Warning
D0058,2026-01-15 08:40:00,34.92,48.51,Normal
D0030,2026-01-15 08:45:00,29.62,52.44,Warning
D0057,2026-01-15 08:50:00,31.32,59.72,Warning
D0016,2026-01-15 08:55:00,36.11,57.2,Critical
D0098,2026-01-15 09:00:00,32.74,41.59,Critical
D0046,2026-01-15 09:05:00,31.32,68.64,Critical
D0031,2026-01-15 09:10:00,33.8,67.85,Critical
D0090,2026-01-15 09:15:00,32.16,84.75,Critical
D0058,2026-01-15 09:20:00,28.71,65.97,Critical
D0043,2026-01-15 09:25:00,31.99,89.87,Normal
D0061,2026-01-15 09:30:00,27.81,54.66,
D0074,2026-01-15 09:35:00,30.65,83.38,Critical
D0093,2026-01-15 09:40:00,21.26,86.2,Warning
D0021,2026-01-15 09:45:00,34.79,36.58,Normal
D0072,2026-01-15 09:50:00,33.45,42.92,Critical
D0095,2026-01-15 09:55:00,30.61,,Critical
D0027,2026-01-15 10:00:00,30.06,78.81,Warning
D0028,2026-01-15 10:05:00,32.72,66.26,Warning
D0072,2026-01-15 10:10:00,31.99,56.73,Critical
D0059,2026-01-15 10:15:00,28.7,39.45,Critical
D0048,2026-01-15 10:20:00,25.2,76.13,Critical
D0022,2026-01-15 10:25:00,30.88,41.69,Critical
D0075,2026-01-15 10:30:00,31.56,61.88,Warning
D0043,2026-01-15 10:35:00,30.71,70.38,Warning
D0019,2026-01-15 10:40:00,22.05,35.59,Critical
,2026-01-15 10:45:00,34.08,49.11,Normal
D0094,2026-01-15 10:50:00,21.45,63.7,Critical
D0081,2026-01-15 10:55:00,28.73,65.59,Critical
D0083,2026-01-15 11:00:00,28.96,43.5,Warning
D0050,2026-01-15 11:05:00,32.67,37.36,Normal
D0040,2026-01-15 11:10:00,31.08,51.99,Normal
D0049,2026-01-15 11:15:00,31.06,77.34,Normal
D0029,2026-01-15 11:20:00,30.31,45.62,Warning
D0089,2026-01-15 11:25:00,32.14,50.13,Critical
D0013,2026-01-15 11:30:00,34.0,42.76,Normal
D0021,2026-01-15 11:35:00,27.85,66.86,Normal
D0078,2026-01-15 11:40:00,24.88,64.89,Warning
D0086,2026-01-15 11:45:00,25.68,42.78,Warning
D0042,2026-01-15 11:50:00,29.64,68.02,Critical
D0066,2026-01-15 11:55:00,29.04,71.08,Normal
D0066,2026-01-15 12:00:00,31.56,71.01,Normal
D0080,2026-01-15 12:05:00,29.0,47.6,Normal
D0083,2026-01-15 12:10:00,29.41,38.88,Critical
D0057,2026-01-15 12:15:00,33.11,64.48,Normal
D0072,2026-01-15 12:20:00,31.38,47.16,Warning
D0026,2026-01-15 12:25:00,35.04,73.74,Critical
D0099,2026-01-15 12:30:00,29.64,73.87,Critical
D0041,2026-01-15 12:35:00,25.77,37.25,Warning
D0027,2026-01-15 12:40:00,26.79,38.91,Normal
D0052,2026-01-15 12:45:00,26.36,66.13,Normal
D0038,2026-01-15 12:50:00,30.96,41.52,Normal
D0023,2026-01-15 12:55:00,28.3,69.32,Normal
D0050,2026-01-15 13:00:00,27.87,81.62,Normal
D0038,2026-01-15 13:05:00,31.54,71.57,Normal
D0044,2026-01-15 13:10:00,28.45,77.96,Normal
D0015,2026-01-15 13:15:00,28.88,65.34,Warning
D0059,2026-01-15 13:20:00,33.51,37.71,Critical
D0026,2026-01-15 13:25:00,26.53,81.97,Critical
D0028,2026-01-15 13:30:00,30.97,76.59,Critical
D0084,2026-01-15 13:35:00,24.24,40.05,Critical
D0037,2026-01-15 13:40:00,28.62,79.76,Critical
D0092,2026-01-15 13:45:00,38.33,55.17,Normal
D0038,2026-01-15 13:50:00,26.87,81.2,Normal
D0004,2026-01-15 13:55:00,25.19,89.36,Normal
D0074,2026-01-15 14:00:00,29.58,50.04,Warning
D0020,2026-01-15 14:05:00,25.57,56.63,Warning
D0072,2026-01-15 14:10:00,25.86,77.67,Normal
D0028,2026-01-15 14:15:00,26.7,49.28,Critical
D0090,2026-01-15 14:20:00,21.43,68.0,Normal
D0066,2026-01-15 14:25:00,33.73,44.56,Warning
d0004,2026-25-01 12:00:00,35.02,58.85,Critical
D0086,2026-01-15 14:35:00,27.01,42.63,Warning
D0046,2026-01-15 14:40:00,31.16,75.91,Warning
D0052,2026-01-15 14:45:00,33.66,65.94,Critical
D0028,2026-01-15 14:50:00,28.07,49.3,Critical
D0019,2026-01-15 14:55:00,21.61,86.36,Warning
D0040,2026-01-15 15:00:00,26.82,64.97,Warning
D0043,2026-01-15 15:05:00,29.28,87.57,Warning
D0003,2026-01-15 15:10:00,30.57,85.21,Critical
D0073,2026-01-15 15:15:00,24.41,72.67,Normal
D0025,2026-01-15 15:20:00,32.1,66.63,Warning
D0083,2026-01-15 15:25:00,-999,68.15,Normal
D0015,2026-01-15 15:30:00,30.6,79.21,Normal
D0078,2026-01-15 15:35:00,28.01,53.4,
D0085,2026-01-15 15:40:00,33.42,36.39,Normal
D0027,2026-01-15 15:45:00,33.2,51.02,Critical
D0037,2026-01-15 15:50:00,23.68,85.56,Warning
D0038,2026-01-15 15:55:00,21.66,75.76,Normal
D0011,2026-01-15 16:00:00,25.56,45.35,Warning
D0019,2026-01-15 16:05:00,21.89,48.77,Critical
D0088,2026-01-15 16:10:00,27.22,50.31,Warning
D0069,2026-01-15 16:15:00,27.8,65.83,Warning
D0021,2026-01-15 16:20:00,29.12,58.82,Normal
D0064,2026-01-15 16:25:00,19.24,61.08,Warning
D0037,2026-01-15 16:30:00,23.98,57.12,Critical
D0051,2026-01-15 16:35:00,27.4,42.12,Normal
D0004,2026-01-15 16:40:00,24.18,59.91,Critical
D0077,2026-01-15 16:45:00,31.67,50.56,Critical
D0079,2026-01-15 16:50:00,32.69,60.91,Normal
D0080,2026-01-15 16:55:00,31.16,78.68,Critical
D0004 ,2026-01-15 17:00:00,25.37,74.86,Critical
D0062,2026-01-15 17:05:00,28.12,67.09,Normal
D0100,2026-01-15 17:10:00,29.51,80.36,Critical
D0022,2026-01-15 17:15:00,33.35,44.42,Critical
D0057,2026-01-15 17:20:00,25.83,39.95,Warning
D0084,2026-01-15 17:25:00,29.43,39.85,Warning
D0020,2026-01-15 17:30:00,26.41,37.93,Critical
D0096,01/32/2026 10:00,25.33,55.9,Warning
D0069,2026-01-15 17:40:00,32.93,35.6,Critical
D0065,2026-01-15 17:45:00,29.03,58.36,Warning
D0046,2026-01-15 17:50:00,23.66,86.48,Normal
D0090,2026-01-15 17:55:00,27.85,54.87,Critical
D0019,2026-01-15 18:00:00,24.61,73.22,Warning
D0033,2026-01-15 18:05:00,27.96,39.34,Warning
D0054,2026-01-15 18:10:00,30.94,60.07,Critical
D0068,2026-01-15 18:15:00,31.84,56.42,Normal
D0019,2026-01-15 18:20:00,24.33,82.77,Critical
D0022,2026-01-15 18:25:00,35.56,66.84,Critical
D0075,2026-01-15 18:30:00,24.95,41.37,Critical
D0098,2026-01-15 18:35:00,27.3,79.97,Critical
D0077,2026-01-15 18:40:00,28.61,70.62,Warning
D0056,2026-01-15 18:45:00,31.08,200,Warning
D0095,2026-01-15 18:50:00,28.05,43.84,Warning
D0063,2026-01-15 18:55:00,32.05,49.2,Critical
D0010,2026-01-15 19:00:00,32.15,79.16,Normal
D0016,2026-01-15 19:05:00,34.34,68.04,Normal
D0047,2026-01-15 19:10:00,26.39,44.45,Warning
D0010,2026-01-15 19:15:00,32.19,50.83,Warning
D0089,2026-01-15 19:20:00,32.26,62.0,Warning
D0063,2026-01-15 19:25:00,28.77,63.4,Warning
D0049,2026-01-15 19:30:00,28.63,73.38,Warning
D0072,2026-01-15 19:35:00,30.43,70.96,Normal
D0023,2026-01-15 19:40:00,24.64,38.29,Normal
D0058,2026-01-15 19:45:00,37.43,68.98,Normal
D0100,2026-01-15 19:50:00,28.12,88.93,Warning
D0023,2026-01-15 19:55:00,28.71,52.83,Warning
D0051,2026-01-15 20:00:00,26.41,43.72,Critical
D0098,2026-01-15 20:05:00,26.24,67.8,Warning
D0031,2026-01-15 20:10:00,29.58,38.22,Critical
D0085,2026-01-15 20:15:00,27.37,56.98,Critical
D0088,2026-01-15 20:20:00,26.32,81.79,Critical
D0053,2026-01-15 20:25:00,30.32,81.77,Critical
D0098,2026-01-15 20:30:00,26.79,71.89,Critical
D0074,2026-01-15 20:35:00,27.91,85.46,Critical
D0012,2026-01-15 20:40:00,28.07,35.91,Warning
D0080,2026-01-15 20:45:00,31.95,36.48,Normal
D0032,2026-01-15 20:50:00,31.85,59.05,Critical
D0002,2026-01-15 20:55:00,23.32,48.89,Critical
D0069,,26.28,76.98,Critical
D0027,2026-01-15 21:05:00,25.87,49.3,Warning
D0087,2026-01-15 21:10:00,31.31,58.59,Normal
D0019,2026-01-15 21:15:00,23.49,49.19,Warning
D0093,2026-01-15 21:20:00,29.22,37.04,Normal
d0004,2026-01-15 21:25:00,23.52,64.53,Critical
D0009,2026-01-15 21:30:00,31.42,41.3,Critical
D0035,2026-01-15 21:35:00,30.05,63.01,Warning
D0047,2026-01-15 21:40:00,38.65,55.1,Warning
D0091,2026-01-15 21:45:00,33.71,38.13,Critical
D0086,2026-01-15 21:50:00,30.39,83.82,Warning
D0027,2026-01-15 21:55:00,28.07,45.38,Warning
D0001,2026-01-15 22:00:00,29.48,84.51,Critical
D0015,2026-01-15 22:05:00,25.7,88.88,Normal
D0083,2026-01-15 22:10:00,29.88,49.33,Normal
D0010,2026-01-15 22:15:00,24.01,59.33,Normal
D0013,2026-01-15 22:20:00,31.85,64.55,Critical
D0010,2026-01-15 22:25:00,28.71,38.81,Warning
D0095,2026-01-15 22:30:00,31.72,55.61,Normal
D0027,2026-01-15 22:35:00,24.73,58.05,Critical
D0091,2026-01-15 22:40:00,21.53,39.25,Warning
D0065,2026-01-15 22:45:00,N/A,67.24,Warning
D0037,2026-01-15 22:50:00,33.87,37.42,Normal
D0004,2026-01-15 22:55:00,25.23,64.17,Critical
D0020,2026-01-15 23:00:00,35.07,79.0,Critical
D0090,2026-01-15 23:05:00,28.73,40.07,Warning
D0073,2026-01-15 23:10:00,30.91,59.25,Critical
D0065,2026-01-15 23:15:00,28.85,57.4,Normal
D0023,2026-01-15 23:20:00,29.7,74.97,Normal
D0022,2026-01-15 23:25:00,37.01,86.14,Critical
D0089,2026-01-15 23:30:00,28.37,50.78,Critical
D0079,2026-01-15 23:35:00,30.66,62.62,Critical
D0077,2026-01-15 23:40:00,27.27,39.57,Warning
D0077,2026-01-15 23:45:00,29.22,43.46,Critical
D0050,2026-01-15 23:50:00,29.87,80.61,Warning
D0086,2026-01-15 23:55:00,25.97,35.16,Warning
D0093,2026-01-16 00:00:00,30.48,68.25,Normal
D0097,2026-01-16 00:05:00,24.17,60.21,Critical
D0092,2026-01-16 00:10:00,26.03,66.46,Normal
D0022,2026-01-16 00:15:00,27.28,70.13,Normal
D0001,2026-01-16 00:20:00,26.05,56.58,Warning
D0076,2026-01-16 00:25:00,20.94,85.81,Critical
D0067,2026-01-16 00:30:00,32.03,36.77,Warning
D0048,2026-01-16 00:35:00,23.97,42.51,Warning
D0011,2026-01-16 00:40:00,24.84,41.69,Critical
D0092,2026-01-16 00:45:00,25.87,82.05,Warning
D0049,2026-01-16 00:50:00,27.15,56.79,Warning
D0086,2026-01-16 00:55:00,34.37,35.28,Warning
D0044,2026-01-16 01:00:00,26.34,83.09,Warning
D0074,2026-01-16 01:05:00,25.27,40.65,Warning
D0068,2026-01-16 01:10:00,26.28,42.21,Critical
D0052,2026-01-16 01:15:00,30.36,50.89,Critical
D0086,2026-01-16 01:20:00,33.67,37.86,Normal
D0007,2026-01-16 01:25:00,31.2,81.53,Critical
D0090,2026-01-16 01:30:00,36.64,69.61,Warning
D0014,2026-01-16 01:35:00,27.04,62.35,Normal
D0044,2026-01-16 01:40:00,32.76,68.96,Critical
D0099,2026-01-16 01:45:00,27.04,69.3,Warning
D0083,2026-01-16 01:50:00,29.26,52.69,Critical
D0006,2026-01-16 01:55:00,28.75,,Critical
D0016,2026-01-16 02:00:00,33.43,43.59,Critical
D0020,2026-01-16 02:05:00,33.51,36.76,Critical
D0085,2026-01-16 02:10:00,31.62,48.56,Normal
D0074,2026-01-16 02:15:00,27.85,43.61,Normal
D0059,2026-01-16 02:20:00,24.12,60.08,Normal
D0004 ,2026-01-16 02:25:00,30.92,80.99,Normal
D0028,2026-01-16 02:30:00,31.63,74.01,Warning
D0037,2026-01-16 02:35:00,32.49,66.84,Warning
D0012,2026-01-16 02:40:00,24.91,41.35,Normal
D0008,2026-01-16 02:45:00,27.93,52.47,Normal
D0085,2026-01-16 02:50:00,31.1,81.01,Warning
D0081,2026-01-16 02:55:00,31.18,46.21,Warning
D0085,2026-01-16 03:00:00,31.39,38.3,Critical
D0045,2026-01-16 03:05:00,23.64,43.75,Warning
D0027,2026-01-16 03:10:00,28.25,53.84,Warning
D0054,2026-01-16 03:15:00,28.93,78.01,Critical
D0020,2026-01-16 03:20:00,23.93,37.25,Critical
D0097,2026-01-16 03:25:00,32.59,55.15,Warning
D0089,2026-01-16 03:30:00,32.63,70.53,Warning
D0041,2026-01-16 03:35:00,,72.63,Critical
D0047,2026-01-16 03:40:00,32.1,60.14,normal
D0073,2026-01-16 03:45:00,29.69,53.08,Critical
D0070,2026-01-16 03:50:00,23.79,50.29,Warning
D0097,2026-01-16 03:55:00,34.61,56.08,Normal
D0034,2026-01-16 04:00:00,32.3,60.2,Normal
D0092,2026-01-16 04:05:00,33.62,80.71,Normal
D0098,2026-01-16 04:10:00,25.78,84.99,Warning
D0078,2026-01-16 04:15:00,26.95,53.58,Normal
D0044,2026-01-16 04:20:00,26.42,85.92,Warning
D0032,2026-01-16 04:25:00,32.01,84.56,Normal
D0054,2026-01-16 04:30:00,27.08,46.29,Normal
D0084,2026-01-16 04:35:00,26.47,57.68,Critical
D0051,2026-01-16 04:40:00,24.57,41.41,Warning
D0052,2026-01-16 04:45:00,22.38,75.13,Critical
D0096,2026-01-16 04:50:00,30.89,45.75,Warning
D0022,2026-01-16 04:55:00,29.09,66.71,Normal
D0029,2026-01-16 05:00:00,33.27,79.63,critical
D0033,2026-01-16 05:05:00,25.15,54.83,Normal
D0100,2026-01-16 05:10:00,35.11,77.9,Normal
D0067,2026-01-16 05:15:00,29.0,56.63,Warning
D0018,2026-01-16 05:20:00,21.8,47.63,Warning
D0003,2026-01-16 05:25:00,25.82,35.51,Critical
D0022,2026-01-16 05:30:00,19.81,48.19,Critical
D0068,2026-01-16 05:35:00,28.84,78.69,Normal
D0084,2026-01-16 05:40:00,27.34,74.59,Warning
D0090,2026-01-16 05:45:00,23.56,67.48,Warning
D0025,2026-01-16 05:50:00,28.13,86.96,Critical
D0057,2026-01-16 05:55:00,27.87,84.43,Warning
D0018,2026-01-16 06:00:00,26.24,59.13,Warning
D0021,2026-01-16 06:05:00,32.41,62.27,Warning
D0067,2026-01-16 06:10:00,35.4,77.83,Warning
D0094,2026-01-16 06:15:00,22.93,58.13,Normal
D0067,2026-01-16 06:20:00,32.34,76.08,Critical
D0025,2026-01-16 06:25:00,23.03,67.43,Normal
D0024,2026-01-16 06:30:00,30.15,63.39,Normal
D0049,2026-01-16 06:35:00,30.69,80.05,Normal
D0086,2026-01-16 06:40:00,25.34,86.28,Warning
D0083,2026-01-16 06:45:00,32.25,41.13,Normal
D0052,2026-01-16 06:50:00,36.12,61.28,Critical
D0062,2026-01-16 06:55:00,28.19,73.22,Normal
D0075,2026-01-16 07:00:00,25.88,61.97,Critical
D0062,2026-01-16 07:05:00,25.77,38.23,Critical
D0059,2026-01-16 07:10:00,27.08,45.87,Normal
D0013,2026-01-16 07:15:00,34.26,37.74,Warning
D0009,2026-01-16 07:20:00,28.61,84.75,Critical
D0061,2026-01-16 07:25:00,30.35,74.8,Warning
D0059,2026-01-16 07:30:00,29.34,75.22,Critical
D0014,2026-01-16 07:35:00,27.0,78.67,Critical
D0090,2026-01-16 07:40:00,32.11,60.04,Critical
D0077,2026-01-16 07:45:00,27.28,49.1,Warning
D0001,2026-01-16 07:50:00,29.1,50.31,Warning
D0061,2026-01-16 07:55:00,27.06,35.85,Critical
D0058,2026-01-16 08:00:00,32.4,35.82,Normal
D0012,2026-01-16 08:05:00,30.43,44.88,Critical
D0069,2026-01-16 08:10:00,30.37,82.51,Critical
D0084,2026-01-16 08:15:00,20.43,59.41,Critical
D0036,2026-01-16 08:20:00,29.55,83.25,Critical
D0065,2026-01-16 08:25:00,35.19,57.68,Critical
D0066,2026-01-16 08:30:00,28.06,72.73,Critical
D0051,2026-01-16 08:35:00,32.13,44.59,Normal
D0094,2026-01-16 08:40:00,27.31,49.77,Normal
D0100,2026-01-16 08:45:00,27.03,72.2,Warning
D0095,2026-01-16 08:50:00,32.09,37.71,Normal
D0038,2026-01-16 08:55:00,32.42,89.63,Critical
D0016,2026-01-16 09:00:00,32.93,61.27,Warning
D0066,2026-01-16 09:05:00,34.44,39.42,Warning
D0016,2026-01-16 09:10:00,26.91,86.88,NORMAL
D0084,2026-01-16 09:15:00,30.12,64.38,Normal
D0030,2026-01-16 09:20:00,23.64,89.87,Warning
D0074,2026-01-16 09:25:00,32.49,71.35,Critical
D0042,2026-01-16 09:30:00,26.88,39.16,Warning
D0021,2026-01-16 09:35:00,29.95,71.47,Critical
D0050,2026-01-16 09:40:00,33.03,61.81,Warning
D0023,2026-01-16 09:45:00,28.27,75.37,Normal
D0081,2026-01-16 09:50:00,25.59,67.03,Critical
D0080,2026-01-16 09:55:00,36.04,72.39,Warning
D0031,2026-01-16 10:00:00,26.64,71.14,Critical
D0030,2026-01-16 10:05:00,25.83,43.73,Critical
D0044,2026-01-16 10:10:00,19.21,73.95,normal
D0058,2026-01-16 10:15:00,36.88,38.26,Warning
D0005,2026-01-16 10:20:00,30.23,78.11,Warning
D0083,2026-01-16 10:25:00,33.06,51.21,Warning
D0009,2026-01-16 10:30:00,33.29,35.69,Critical
D0057,2026-01-16 10:35:00,33.46,41.71,Critical
D0065,2026-01-16 10:40:00,26.55,52.37,Critical
D0065,2026-01-16 10:45:00,23.35,44.13,Critical
D0023,2026-01-16 10:50:00,29.09,50.71,Critical
D0052,2026-01-16 10:55:00,23.66,60.17,Normal
D0025,2026-01-16 11:00:00,31.0,80.14,Normal
D0054,2026-01-16 11:05:00,24.72,43.71,Normal
D0049,2026-01-16 11:10:00,32.16,49.23,Warning
D0051,2026-01-16 11:15:00,38.32,,Normal
D0097,2026-01-16 11:20:00,29.47,39.4,Critical
D0019,2026-01-16 11:25:00,31.91,67.09,Critical
D0052,2026-01-16 11:30:00,27.96,77.08,Critical
D0033,2026-01-16 11:35:00,28.82,73.64,Critical
D0026,2026-01-16 11:40:00,29.36,43.17,Critical
D0100,2026-01-16 11:45:00,26.54,50.33,Critical
D0098,2026-01-16 11:50:00,36.09,72.16,Normal
D0049,2026-01-16 11:55:00,26.94,54.36,Warning
D0003,2026-01-16 12:00:00,34.89,54.64,Normal
D0050,2026-01-16 12:05:00,22.98,60.16,Critical
D0067,2026-01-16 12:10:00,32.53,42.62,Warning
D0065,2026-25-01 12:00:00,26.05,45.3,Normal
D0065,2026-01-16 12:20:00,31.98,44.57,Warning
D0096,2026-01-16 12:25:00,23.78,35.22,Critical
D0006,2026-01-16 12:30:00,26.43,78.27,Warning
D0080,2026-01-16 12:35:00,25.64,200,Critical
D0077,2026-01-16 12:40:00,24.19,83.35,Critical
D0093,2026-01-16 12:45:00,34.81,35.46,Normal
D0006,2026-01-16 12:50:00,29.82,68.05,Normal
D0041,2026-01-16 12:55:00,24.27,53.26,Critical
D0099,2026-01-16 13:00:00,42.58,74.49,Critical
D0040,2026-01-16 13:05:00,34.13,40.78,Warning
D0097,2026-01-16 13:10:00,28.34,45.92,Normal
D0008,2026-01-16 13:15:00,30.73,39.51,Normal
D0062,2026-01-16 13:20:00,32.28,56.36,Critical
D0071,2026-01-16 13:25:00,33.49,80.51,Warning
D0055,2026-01-16 13:30:00,30.71,63.39,Critical
D0052,2026-01-16 13:35:00,32.92,72.79,Normal
D0017,2026-01-16 13:40:00,25.21,85.86,Warning
D0086,2026-01-16 13:45:00,26.92,66.17,Critical
D0055,2026-01-16 13:50:00,25.93,78.28,Warning
D0066,2026-01-16 13:55:00,28.46,69.79,Critical
D0012,2026-01-16 14:00:00,28.03,76.97,Normal
D0055,2026-01-16 14:05:00,30.42,51.89,Warning
D0034,2026-01-16 14:10:00,29.24,39.24,Critical
D0016,2026-01-16 14:15:00,31.34,58.83,Critical
D0041,2026-01-16 14:20:00,26.38,48.18,Warning
D0011,2026-01-16 14:25:00,32.12,88.19,Normal
D0043,2026-01-16 14:30:00,32.29,59.1,Critical
D0036,2026-01-16 14:35:00,32.18,45.65,Normal
D0046,2026-01-16 14:40:00,22.0,85.42,Normal
D0052,2026-01-16 14:45:00,33.92,45.79,Warning
D0067,2026-01-16 14:50:00,32.08,52.87,Warning
D0055,2026-01-16 14:55:00,31.78,42.44,Critical
D0018,2026-01-16 15:00:00,35.79,59.16,Critical
D0073,2026-01-16 15:05:00,22.94,75.37,Warning
D0086,2026-01-16 15:10:00,27.49,46.43,Normal
D0030,2026-01-16 15:15:00,27.09,48.08,Normal
D0055,2026-01-16 15:20:00,,70.26,Warning
D0017,2026-01-16 15:25:00,27.13,75.0,Warning
D0039,2026-01-16 15:30:00,29.01,50.99,Warning
D0017,2026-01-16 15:35:00,34.9,88.25,Critical
D0080,2026-01-16 15:40:00,33.05,74.93,Warning
D0077,2026-01-16 15:45:00,30.04,74.98,Warning
D0074,2026-01-16 15:50:00,28.38,69.03,Warning
D0065,2026-01-16 15:55:00,26.38,63.36,Warning
D0011,2026-01-16 16:00:00,28.52,85.86,Normal
D0087,2026-01-16 16:05:00,28.14,65.26,Warning
D0080,2026-01-16 16:10:00,24.46,55.44,Normal
D0074,2026-01-16 16:15:00,27.8,84.01,Critical
D0085,2026-01-16 16:20:00,20.8,75.57,Warning
D0003,2026-01-16 16:25:00,29.83,38.47,Critical
D0014,2026-01-16 16:30:00,33.2,61.57,Warning
D0007,2026-01-16 16:35:00,22.09,62.89,Warning
D0016,2026-01-16 16:40:00,25.5,45.46,Normal
D0007,2026-01-16 16:45:00,28.46,64.86,Normal
D0056,2026-01-16 16:50:00,31.8,64.79,Warning
D0061,2026-01-16 16:55:00,32.78,65.67,Warning
D0084,2026-01-16 17:00:00,24.78,43.48,Critical
D0091,2026-01-16 17:05:00,32.08,80.75,Normal
D0004,2026-01-16 17:10:00,30.35,65.03,Warning
D0100,2026-01-16 17:15:00,29.65,59.9,Normal
D0066,2026-01-16 17:20:00,32.17,68.58,Critical
D0053,2026-01-16 17:25:00,29.58,56.33,Critical
D0067,2026-01-16 17:30:00,28.17,80.09,Warning
D0009,2026-01-16 17:35:00,26.54,72.39,Warning
D0087,2026-01-16 17:40:00,27.87,65.62,Normal
D0040,2026-01-16 17:45:00,27.49,45.94,Normal
D0062,2026-01-16 17:50:00,29.3,85.85,Normal
D0013,2026-01-16 17:55:00,24.52,73.57,Warning
D0085,2026-01-16 18:00:00,30.09,61.05,Critical
D0031,2026-01-16 18:05:00,33.52,42.16,Warning
D0013,2026-01-16 18:10:00,35.66,57.07,Critical
D0062,2026-01-16 18:15:00,25.26,43.63,Normal
D0051,2026-01-16 18:20:00,33.16,61.62,Warning
D0086,2026-01-16 18:25:00,33.01,51.02,Critical
D0067,2026-01-16 18:30:00,28.54,58.66,Critical
D0008,2026-01-16 18:35:00,31.98,66.54,Warning
D0058,2026-01-16 18:40:00,29.96,89.37,Critical
D0023,2026-01-16 18:45:00,30.17,67.33,Critical
D0072,2026-01-16 18:50:00,29.02,73.52,Normal
D0083,2026-01-16 18:55:00,30.8,83.34,Normal
D0054,2026-01-16 19:00:00,21.1,37.55,Warning
D0085,2026-01-16 19:05:00,27.18,63.01,Warning
D0073,2026-01-16 19:10:00,22.84,65.09,Warning
D0040,2026-01-16 19:15:00,25.58,43.57,Critical
D0027,2026-01-16 19:20:00,26.71,85.36,Normal
D0042,2026-01-16 19:25:00,26.17,200,Critical
D0072,2026-01-16 19:30:00,32.65,66.49,Normal
D0091,2026-01-16 19:35:00,26.63,72.67,Normal
D0028,2026-01-16 19:40:00,22.33,,Warning
D0014,2026-01-16 19:45:00,33.07,70.49,Warning
D0093,2026-01-16 19:50:00,27.8,73.73,Normal
D0037,2026-01-16 19:55:00,30.21,89.16,Warning
D0009,2026-01-16 20:00:00,28.42,60.46,Critical
D0018,2026-25-01 12:00:00,28.87,55.48,Warning
D0053,2026-01-16 20:10:00,25.63,72.28,Critical
D0022,2026-01-16 20:15:00,27.1,49.52,Critical
D0071,2026-01-16 20:20:00,31.97,39.41,Warning
D0026,2026-01-16 20:25:00,24.31,78.83,Warning
D0034,2026-01-16 20:30:00,30.92,68.73,Normal
D0092,2026-01-16 20:35:00,32.44,57.31,Critical
D0053,2026-01-16 20:40:00,31.89,73.16,Normal
D0070,2026-01-16 20:45:00,26.6,47.68,Normal
D0018,2026-01-16 20:50:00,34.19,57.07,Warning
D0011,2026-01-16 20:55:00,23.08,57.78,Normal
D0083,2026-01-16 21:00:00,,53.8,Critical
D0005,2026-01-16 21:05:00,32.58,69.42,Normal
D0069,2026-01-16 21:10:00,28.42,51.47,Normal
D0083,2026-01-16 21:15:00,36.73,70.04,Normal
D0046,2026-01-16 21:20:00,32.23,62.29,Normal
D0099,2026-01-16 21:25:00,25.86,38.17,Critical
D0015,2026-01-16 21:30:00,28.74,80.25,Warning
D0017,2026-01-16 21:35:00,32.2,67.87,Critical
D0068,2026-01-16 21:40:00,32.61,80.14,Warning
D0093,2026-01-16 21:45:00,31.51,89.55,Normal
D0090,2026-01-16 21:50:00,27.34,48.23,Normal
D0025,2026-01-16 21:55:00,22.02,52.96,Warning
D0076,2026-01-16 22:00:00,36.13,89.72,Critical
D0042,2026-01-16 22:05:00,31.59,55.73,normal
D0006,2026-01-16 22:10:00,26.25,64.97,Normal
D0013,2026-01-16 22:15:00,21.78,83.96,Critical
D0092,2026-01-16 22:20:00,30.76,73.69,Warning
D0008,2026-01-16 22:25:00,35.74,45.47,Warning
D0041,2026-01-16 22:30:00,30.91,86.34,Normal
D0036,2026-01-16 22:35:00,26.44,63.3,Critical
D0060,2026-01-16 22:40:00,25.89,76.59,Critical
D0009,2026-01-16 22:45:00,29.65,47.02,Normal
D0029,2026-01-16 22:50:00,35.97,67.01,Warning
D0008,2026-01-16 22:55:00,28.76,84.84,Warning
D0018,2026-01-16 23:00:00,26.17,43.8,Warning
D0071,2026-01-16 23:05:00,29.65,73.77,Normal
D0002,2026-01-16 23:10:00,33.07,74.56,Critical
D0066,2026-01-16 23:15:00,36.22,85.6,Warning
D0028,2026-01-16 23:20:00,27.12,87.11,Warning
D0082,2026-01-16 23:25:00,28.33,72.1,Normal
D0090,2026-01-16 23:30:00,16.82,47.34,Critical
D0062,2026-01-16 23:35:00,25.11,83.61,Normal
D0077,2026-01-16 23:40:00,31.18,47.08,Normal
D0044,2026-01-16 23:45:00,27.61,69.2,Warning
D0040,2026-01-16 23:50:00,31.53,51.37,Critical
D0079,2026-01-16 23:55:00,31.23,77.48,Warning
D0032,2026-01-17 00:00:00,27.7,66.1,Critical
D0021,2026-01-17 00:05:00,27.45,75.83,Normal
D0063,2026-01-17 00:10:00,22.64,88.33,Critical
D0017,2026-01-17 00:15:00,28.88,78.52,Warning
D0020,2026-01-17 00:20:00,31.81,43.58,Warning
D0020,2026-01-17 00:25:00,33.36,74.47,Normal
D0046,2026-01-17 00:30:00,32.75,85.77,Critical
D0002,2026-01-17 00:35:00,25.26,43.36,Normal
D0025,2026-01-17 00:40:00,35.35,87.52,Critical
D0043,2026-01-17 00:45:00,30.27,61.96,Normal
D0031,2026-01-17 00:50:00,31.87,45.04,Normal
D0075,2026-01-17 00:55:00,29.45,88.84,Critical
D0096,2026-01-17 01:00:00,25.44,80.7,Warning
D0090,2026-01-17 01:05:00,29.01,36.89,Normal
D0012,2026-01-17 01:10:00,25.95,64.16,Warning
D0019,2026-01-17 01:15:00,28.34,51.91,Normal
D0063,2026-01-17 01:20:00,29.7,49.19,Normal
D0002,2026-01-17 01:25:00,24.15,71.23,Warning
D0056,2026-01-17 01:30:00,31.79,,Warning
D0030,2026-01-17 01:35:00,21.87,45.79,Normal
D0074,2026-01-17 01:40:00,27.43,69.36,Warning
D0055,2026-01-17 01:45:00,32.54,67.31,Normal
D0060,2026-01-17 01:50:00,29.0,57.96,Warning
D0094,2026-01-17 01:55:00,34.14,59.16,Critical
D0059,2026-01-17 02:00:00,27.7,84.89,Normal
D0058,2026-01-17 02:05:00,23.87,50.26,Normal
D0021,2026-01-17 02:10:00,26.08,66.06,Warning
D0022,2026-01-17 02:15:00,26.19,75.11,Warning
D0007,2026-01-17 02:20:00,14.33,55.12,Warning
D0092,2026-01-17 02:25:00,29.55,57.6,Critical
D0024,2026-01-17 02:30:00,34.93,83.46,Normal
D0010,2026-01-17 02:35:00,29.7,61.76,Warning
D0042,2026-01-17 02:40:00,25.45,41.62,Warning
D0032,2026-01-17 02:45:00,25.42,51.89,Critical
D0034,2026-01-17 02:50:00,30.87,37.71,Normal
D0091,2026-01-17 02:55:00,35.26,65.9,Critical
D0049,2026-01-17 03:00:00,35.53,59.61,Warning
D0019,2026-01-17 03:05:00,24.55,36.38,Normal
D0085,2026-01-17 03:10:00,31.44,89.44,Normal
D0090,2026-01-17 03:15:00,22.39,78.28,Critical
D0035,2026-01-17 03:20:00,23.99,40.58,Warning
D0084,2026-01-17 03:25:00,33.05,45.13,Critical
D0086,2026-01-17 03:30:00,30.27,53.82,Warning
D0007,2026-01-17 03:35:00,35.16,57.42,Warning
D0045,2026-01-17 03:40:00,28.69,57.56,Warning
D0080,2026-01-17 03:45:00,unknown,35.74,Normal
D0083,2026-01-17 03:50:00,24.51,40.57,Critical
D0045,2026-01-17 03:55:00,29.28,53.51,Critical
D0058,2026-01-17 04:00:00,28.46,58.32,Critical
D0054,2026-01-17 04:05:00,32.25,51.17,Warning
D0031,2026-01-17 04:10:00,26.5,68.56,Warning
D0053,2026-01-17 04:15:00,30.04,56.18,Warning
D0032,2026-01-17 04:20:00,34.31,84.64,Normal
D0037,2026-01-17 04:25:00,28.53,50.8,Warning
D0011,2026-01-17 04:30:00,29.09,41.94,Critical
D0087,2026-01-17 04:35:00,28.42,56.18,Normal
D0022,2026-01-17 04:40:00,32.7,74.24,Normal
D0043,2026-01-17 04:45:00,unknown,83.83,Normal
D0098,2026-01-17 04:50:00,30.2,73.66,Warning
D0080,2026-01-17 04:55:00,27.15,66.37,Normal
D0085,2026-01-17 05:00:00,22.73,47.15,Warning
D0009,2026-01-17 05:05:00,23.64,87.82,Warning
D0034,2026-01-17 05:10:00,34.69,64.29,Warning
D0064,2026-01-17 05:15:00,27.83,50.06,Critical
D0094,2026-01-17 05:20:00,28.47,70.19,Critical
D0069,2026-01-17 05:25:00,25.37,44.2,Normal
D0029,2026-01-17 05:30:00,28.33,59.72,Critical
D0083,2026-01-17 05:35:00,29.16,86.4,Normal
D0017,2026-01-17 05:40:00,38.3,40.99,Warning
D0004,2026-01-17 05:45:00,25.92,49.76,Warning
D0065,2026-01-17 05:50:00,33.75,77.88,Warning
D0064,2026-01-17 05:55:00,23.94,35.84,Warning
D0096,2026-01-17 06:00:00,29.74,57.41,Normal
D0022,2026-01-17 06:05:00,31.98,44.13,Normal
D0072,2026-01-17 06:10:00,32.01,66.72,Normal
D0079,2026-01-17 06:15:00,22.87,48.12,Critical
D0082,2026-01-17 06:20:00,31.16,49.22,Warning
D0029,2026-01-17 06:25:00,21.02,51.02,Warning
D0028,2026-01-17 06:30:00,31.68,37.47,normal
D0052,2026-01-17 06:35:00,29.78,67.41,Normal
D0061,2026-01-17 06:40:00,25.63,85.48,Critical
D0032,2026-01-17 06:45:00,19.52,55.57,Warning
D0044,2026-01-17 06:50:00,27.85,74.68,Critical
D0018,2026-01-17 06:55:00,26.92,71.07,Critical
D0020,2026-01-17 07:00:00,30.31,80.7,Warning
D0093,2026-01-17 07:05:00,19.32,85.2,Warning
D0039,2026-01-17 07:10:00,31.49,36.66,Normal
D0036,2026-01-17 07:15:00,34.16,71.19,Critical
D0095,2026-01-17 07:20:00,35.09,88.92,Normal
D0041,2026-01-17 07:25:00,26.07,49.15,Normal
D0087,2026-01-17 07:30:00,29.01,50.84,Warning
D0034,2026-01-17 07:35:00,28.57,39.65,Critical
D0099,2026-01-17 07:40:00,33.03,57.6,Warning
D0074,2026-01-17 07:45:00,36.45,40.95,Critical
D0051,2026-01-17 07:50:00,28.59,46.44,Critical
D0062,2026-01-17 07:55:00,25.42,85.14,Warning
D0005,2026-01-17 08:00:00,22.18,45.55,Critical
D0005,2026-01-17 08:05:00,30.93,67.86,Critical
D0086,2026-01-17 08:10:00,35.47,77.31,Normal
D0028,2026-01-17 08:15:00,30.4,69.85,Critical
D0009,2026-01-17 08:20:00,28.37,40.77,Normal
D0038,2026-01-17 08:25:00,30.29,86.38,Warning
D0086,2026-01-17 08:30:00,34.71,53.12,Critical
D0060,2026-01-17 08:35:00,25.88,71.78,Critical
D0016,2026-01-17 08:40:00,34.29,37.34,Normal
D0093,2026-01-17 08:45:00,28.04,66.14,Warning
D0026,2026-01-17 08:50:00,31.15,52.38,Warning
D0004,2026-01-17 08:55:00,29.86,52.01,Normal
D0085,2026-01-17 09:00:00,22.35,67.95,Warning
D0089,2026-01-17 09:05:00,30.94,36.28,Warning
D0037,2026-01-17 09:10:00,23.12,70.04,Critical
D0037,2026-01-17 09:15:00,29.97,45.22,Warning
D0007,2026-01-17 09:20:00,27.39,38.62,Normal
D0085,2026-01-17 09:25:00,29.64,48.76,Normal
D0084,2026-01-17 09:30:00,32.55,71.54,Normal
D0037,2026-01-17 09:35:00,24.15,61.15,Warning
D0030,2026-01-17 09:40:00,26.46,50.27,Warning
D0054,2026-01-17 09:45:00,32.45,74.07,Warning
D0060,2026-01-17 09:50:00,25.63,75.01,Normal
D0054,2026-01-17 09:55:00,33.85,,Warning
D0080,2026-01-17 10:00:00,26.44,37.59,Warning
D0012,2026-01-17 10:05:00,30.73,37.66,Warning
D0097,2026-01-17 10:10:00,33.59,46.02,Critical
D0078,2026-01-17 10:15:00,29.3,38.3,Warning
D0022,2026-01-17 10:20:00,33.08,41.18,Critical
D0077,2026-01-17 10:25:00,24.08,86.08,Critical
D0076,2026-01-17 10:30:00,23.5,72.28,Normal
D0089,2026-01-17 10:35:00,33.03,69.63,Normal
D0099,2026-01-17 10:40:00,28.03,81.01,Critical
D0063,2026-01-17 10:45:00,33.24,42.59,Normal
D0046,2026-01-17 10:50:00,33.82,46.99,Critical
D0096,2026-01-17 10:55:00,27.91,36.76,Normal
D0025,2026-01-17 11:00:00,30.33,78.44,Warning
D0054,2026-01-17 11:05:00,27.8,40.65,Warning
D0029,2026-01-17 11:10:00,26.54,86.99,Normal
D0018,2026-01-17 11:15:00,23.49,63.39,Normal
D0046,2026-01-17 11:20:00,34.63,51.33,Normal
D0003,2026-01-17 11:25:00,26.78,82.52,Critical
D0048,2026-01-17 11:30:00,27.41,46.22,Warning
D0064,2026-01-17 11:35:00,34.31,63.04,Normal
D0097,2026-01-17 11:40:00,25.02,73.06,Warning
D0046,2026-01-17 11:45:00,26.24,64.09,Warning
D0053,2026-01-17 11:50:00,27.14,85.3,Warning
D0044,2026-01-17 11:55:00,27.59,71.14,Normal
D0085,2026-01-17 12:00:00,29.07,,Warning
D0013,2026-01-17 12:05:00,32.78,60.85,Critical
D0023,2026-01-17 12:10:00,30.86,44.62,Warning
D0060,2026-01-17 12:15:00,30.18,48.47,Normal
D0054,2026-01-17 12:20:00,27.08,86.65,Warning
D0039,2026-01-17 12:25:00,26.26,77.04,Critical
D0019,2026-01-17 12:30:00,27.3,49.96,Warning
D0050,2026-01-17 12:35:00,26.3,58.17,Warning
D0026,2026-01-17 12:40:00,26.54,65.49,Warning
D0020,2026-01-17 12:45:00,34.26,89.48,Normal
D0100,2026-01-17 12:50:00,30.1,41.84,Normal
D0054,2026-01-17 12:55:00,26.16,37.57,Warning
D0005,2026-01-17 13:00:00,33.37,70.0,Critical
D0078,2026-01-17 13:05:00,32.13,83.27,Normal
D0062,2026-01-17 13:10:00,30.95,67.22,Warning
D0077,2026-01-17 13:15:00,37.97,82.27,Warning
D0045,2026-01-17 13:20:00,31.24,54.98,Warning
D0028,2026-01-17 13:25:00,33.95,48.4,Normal
D0026,2026-01-17 13:30:00,28.36,38.92,Normal
D0050,2026-01-17 13:35:00,33.3,89.78,Warning
D0052,2026-01-17 13:40:00,29.99,79.61,Normal
D0066,2026-01-17 13:45:00,29.16,70.0,Normal
D0006,2026-01-17 13:50:00,25.78,69.01,Warning
D0090,2026-01-17 13:55:00,27.83,54.65,Warning
D0063,2026-01-17 14:00:00,23.48,76.84,Critical
D0041,2026-01-17 14:05:00,22.02,88.59,Normal
D0061,2026-01-17 14:10:00,25.6,54.65,Critical
D0029,2026-01-17 14:15:00,30.34,75.74,Normal
D0080,2026-01-17 14:20:00,25.3,68.11,Warning
D0087,2026-01-17 14:25:00,23.09,36.32,Critical
D0081,2026-01-17 14:30:00,31.0,68.51,Warning
D0049,2026-01-17 14:35:00,23.13,46.96,Critical
D0038,2026-01-17 14:40:00,27.03,43.7,Warning
D0082,2026-01-17 14:45:00,29.69,59.28,Normal
D0069,2026-01-17 14:50:00,30.28,36.12,Critical
D0057,2026-01-17 14:55:00,23.08,80.35,Warning
D0031,2026-01-17 15:00:00,32.2,67.75,Warning
D0035,2026-01-17 15:05:00,24.13,82.92,Normal
D0003,2026-01-17 15:10:00,27.32,51.5,Critical
D0067,2026-01-17 15:15:00,31.16,71.97,Warning
D0068,2026-01-17 15:20:00,36.63,75.44,Warning
D0003,2026-01-17 15:25:00,27.56,80.78,Normal
D0078,2026-01-17 15:30:00,27.02,82.29,Normal
D0013,2026-01-17 15:35:00,29.63,77.33,Normal
D0062,2026-01-17 15:40:00,32.54,76.12,Critical
D0008,2026-01-17 15:45:00,18.66,57.03,Critical
D0006,2026-01-17 15:50:00,31.34,79.98,Warning
D0031,2026-01-17 15:55:00,27.41,44.45,Critical
D0044,2026-01-17 16:00:00,22.58,65.97,Normal
D0079,2026-01-17 16:05:00,30.79,78.12,Normal
D0097,2026-01-17 16:10:00,28.33,,Normal
D0086,2026-01-17 16:15:00,29.46,60.18,Warning
D0002,2026-01-17 16:20:00,19.06,76.19,Normal
D0052,2026-01-17 16:25:00,23.38,75.84,Normal
D0049,2026-01-17 16:30:00,28.78,83.05,Normal
D0047,2026-01-17 16:35:00,21.01,60.56,Warning
D0005,2026-01-17 16:40:00,24.39,82.88,Critical
D0072,2026-01-17 16:45:00,37.77,57.87,Critical
D0030,2026-01-17 16:50:00,28.56,74.82,Normal
D0028,2026-01-17 16:55:00,29.15,83.64,Warning
D0078,2026-01-17 17:00:00,30.07,72.81,Normal
D0061,2026-01-17 17:05:00,32.64,88.59,Normal
D0009,2026-01-17 17:10:00,26.81,77.93,Normal
D0026,2026-01-17 17:15:00,32.74,40.8,Normal
D0060,2026-01-17 17:20:00,28.35,52.91,Normal
D0060,2026-01-17 17:25:00,30.69,67.89,Warning
D0053,2026-01-17 17:30:00,27.8,39.6,Normal
D0014,2026-01-17 17:35:00,24.38,80.74,Normal
D0071,2026-01-17 17:40:00,33.64,57.67,Normal
D0041,2026-01-17 17:45:00,35.87,78.16,Critical
D0034,2026-01-17 17:50:00,29.26,74.37,Normal
D0061,2026-01-17 17:55:00,27.94,69.18,Warning
D0045,2026-01-17 18:00:00,28.87,70.8,Warning
D0082,2026-01-17 18:05:00,29.1,42.8,Normal
D0044,2026-01-17 18:10:00,37.13,81.66,Normal
D0014,2026-01-17 18:15:00,29.14,81.48,Warning
D0040,2026-01-17 18:20:00,29.13,53.89,Warning
D0029,2026-01-17 18:25:00,25.46,60.13,Critical
D0008,,33.12,42.59,Warning
D0004,2026-01-17 18:35:00,34.06,80.27,Critical
D0051,2026-01-17 18:40:00,28.83,49.97,Critical
D0021,2026-01-17 18:45:00,31.45,87.19,Warning
D0017,2026-01-17 18:50:00,30.21,87.26,Warning
D0055,2026-01-17 18:55:00,36.32,55.55,Normal
D0097,2026-01-17 19:00:00,30.79,76.95,Normal
D0063,2026-01-17 19:05:00,20.8,46.25,Critical
D0048,2026-01-17 19:10:00,37.94,86.08,Critical
D0004,2026-01-17 19:15:00,27.08,68.97,Critical
D0095,2026-01-17 19:20:00,27.39,71.7,Warning
D0092,2026-01-17 19:25:00,31.07,87.0,Critical
D0020,2026-01-17 19:30:00,25.98,72.89,Critical
D0071,2026-01-17 19:35:00,26.91,46.67,Warning
D0056,2026-01-17 19:40:00,34.9,50.43,Warning
D0077,2026-01-17 19:45:00,26.21,74.98,Warning
D0092,2026-01-17 19:50:00,35.83,85.99,Normal
D0086,2026-01-17 19:55:00,30.13,80.01,Warning
D0018,2026-01-17 20:00:00,28.88,76.27,Critical
D0054,2026-01-17 20:05:00,28.15,68.2,Normal
D0018,2026-01-17 20:10:00,32.7,47.59,Normal
D0086,2026-01-17 20:15:00,22.03,85.55,Critical
D0022,2026-01-17 20:20:00,27.94,51.19,Normal
D0044,not a timestamp,33.26,40.68,Normal
D0092,2026-01-17 20:30:00,34.95,47.13,Warning
D0083,2026-01-17 20:35:00,21.07,62.08,Critical
D0031,2026-01-17 20:40:00,29.07,67.86,Critical
D0026,2026-01-17 20:45:00,32.86,75.21,Warning
D0080,2026-01-17 20:50:00,30.39,39.43,Warning
D0059,2026-01-17 20:55:00,32.63,85.97,Warning
D0095,2026-01-17 21:00:00,28.85,44.33,Warning
D0057,2026-01-17 21:05:00,34.12,38.99,Warning
D0064,2026-01-17 21:10:00,22.67,89.44,Critical
D0042,2026-01-17 21:15:00,32.54,41.36,Critical
D0081,2026-01-17 21:20:00,28.3,60.3,Critical
D0077,2026-01-17 21:25:00,27.18,83.88,Critical
D0067,2026-01-17 21:30:00,34.22,36.5,Warning
D0024,2026-01-17 21:35:00,28.11,54.68,Warning
D0048,2026-01-17 21:40:00,33.2,88.15,Normal
D0043,2026-01-17 21:45:00,21.7,70.14,Critical
D0010,2026-01-17 21:50:00,32.58,87.47,Warning
D0100,2026-01-17 21:55:00,25.3,37.77,Critical
D0061,2026-01-17 22:00:00,31.39,55.01,Normal
D0085,2026-01-17 22:05:00,32.37,89.21,Warning
D0049,2026-01-17 22:10:00,25.84,40.25,Normal
D0029,2026-01-17 22:15:00,25.04,74.93,Normal
D0014,2026-01-17 22:20:00,29.43,88.86,Warning
D0007,2026-01-17 22:25:00,29.71,66.28,Normal
D0053,2026-01-17 22:30:00,28.91,78.19,Critical
D0096,2026-01-17 22:35:00,28.82,72.51,Critical
D0075,2026-01-17 22:40:00,27.62,52.61,Warning
D0081,2026-01-17 22:45:00,26.01,44.98,Critical
D0082,2026-01-17 22:50:00,31.44,48.16,Warning
D0035,2026-01-17 22:55:00,31.54,63.96,Normal
D0094,2026-01-17 23:00:00,30.47,39.92,Critical
D0066,2026-01-17 23:05:00,30.55,56.25,Warning
D0050,2026-01-17 23:10:00,30.64,39.43,Critical
D0011,2026-01-17 23:15:00,26.32,78.44,Normal
D0035,2026-01-17 23:20:00,26.89,82.46,Critical
D0025,2026-01-17 23:25:00,26.61,52.92,Warning
D0001,2026-01-17 23:30:00,34.13,56.76,Normal
D0045,2026-01-17 23:35:00,31.21,71.57,Critical
D0002,2026-01-17 23:40:00,33.58,57.72,Warning
D0057,2026-01-17 23:45:00,25.97,78.87,Warning
D0051,2026-01-17 23:50:00,33.96,47.64,Warning
D0098,2026-01-17 23:55:00,21.9,61.12,Critical
D0042,2026-01-18 00:00:00,30.46,51.02,Warning
D0061,2026-01-18 00:05:00,28.12,70.86,Warning
D0045,2026-01-18 00:10:00,29.73,55.1,Warning
D0022,2026-01-18 00:15:00,36.77,70.47,Normal
D0056,2026-01-18 00:20:00,26.86,43.0,Normal
D0084,2026-01-18 00:25:00,31.42,70.01,Critical
D0024,2026-01-18 00:30:00,32.91,44.8,Normal
D0006,2026-01-18 00:35:00,29.73,80.87,Normal
D0056,2026-01-18 00:40:00,32.34,82.1,Critical
D0093,2026-01-18 00:45:00,30.23,35.54,Normal
D0020,2026-01-18 00:50:00,31.5,69.75,Critical
D0042,2026-01-18 00:55:00,27.71,71.88,Normal
D0080,2026-01-18 01:00:00,30.73,67.83,Normal
D0042,2026-01-18 01:05:00,24.41,41.33,Normal
D0074,2026-01-18 01:10:00,26.54,89.22,Normal
D0032,2026-01-18 01:15:00,28.69,88.49,Warning
D0008,2026-01-18 01:20:00,24.66,65.44,Normal
D0083,2026-01-18 01:25:00,36.48,38.59,Normal
D0025,2026-01-18 01:30:00,26.81,47.72,Normal
D0018,2026-01-18 01:35:00,20.98,43.69,Warning
D0100,2026-01-18 01:40:00,31.95,80.32,Critical
D0061,2026-01-18 01:45:00,23.66,37.11,Warning
D0003,2026-01-18 01:50:00,27.75,82.32,Warning
D0018,2026-01-18 01:55:00,35.83,44.83,Critical
D0021,2026-01-18 02:00:00,30.2,54.73,Critical
D0024,2026-01-18 02:05:00,28.73,74.34,Normal
D0039,2026-01-18 02:10:00,28.91,86.18,Warning
D0041,2026-01-18 02:15:00,29.14,65.79,Critical
D0048,2026-01-18 02:20:00,34.59,39.33,Normal
D0051,2026-01-18 02:25:00,34.59,69.55,Normal
D0020,2026-01-18 02:30:00,31.92,37.25,Warning
D0067,2026-01-18 02:35:00,35.46,44.86,Critical
D0018,2026-01-18 02:40:00,32.47,60.01,Critical
D0070,2026-01-18 02:45:00,32.83,70.74,Critical
D0034,2026-01-18 02:50:00,35.94,46.17,Normal
D0036,2026-01-18 02:55:00,34.75,89.65,Warning
D0090,2026-01-18 03:00:00,31.51,40.37,Normal
D0070,2026-01-18 03:05:00,28.42,89.19,Warning
D0086,2026-01-18 03:10:00,27.67,49.07,Critical
D0091,2026-01-18 03:15:00,35.26,48.81,Normal
D0064,2026-01-18 03:20:00,30.01,59.36,Critical
D0013,2026-01-18 03:25:00,27.99,83.84,Critical
D0064,2026-01-18 03:30:00,29.21,58.38,Warning
D0093,2026-01-18 03:35:00,29.59,65.63,Warning
D0047,2026-25-01 12:00:00,31.98,44.35,Critical
D0070,2026-01-18 03:45:00,33.13,69.74,Warning
D0023,2026-01-18 03:50:00,23.56,64.07,Critical
D0013,2026-01-18 03:55:00,24.99,52.17,Warning
D0082,2026-01-18 04:00:00,26.67,69.02,Warning
D0016,2026-01-18 04:05:00,36.34,42.39,Normal
D0047,2026-01-18 04:10:00,24.18,59.92,Warning
D0073,not a timestamp,31.29,53.2,Critical
D0097,2026-01-18 04:20:00,27.2,88.77,Normal
D0080,2026-01-18 04:25:00,21.53,83.72,Warning
D0096,2026-01-18 04:30:00,34.78,79.52,Normal
D0052,2026-01-18 04:35:00,26.07,78.21,Warning
D0047,2026-01-18 04:40:00,32.34,55.13,Warning
D0054,2026-01-18 04:45:00,22.49,78.22,Normal
D0024,2026-01-18 04:50:00,29.65,35.02,Normal
D0005,2026-01-18 04:55:00,29.07,52.72,Warning
D0096,2026-01-18 05:00:00,28.28,88.37,Normal
D0088,2026-01-18 05:05:00,28.12,59.3,Normal
D0086,2026-01-18 05:10:00,34.35,54.44,Critical
D0058,2026-01-18 05:15:00,28.31,80.23,Normal
D0035,2026-01-18 05:20:00,35.22,50.38,Warning
D0009,2026-01-18 05:25:00,34.98,80.64,Normal
D0021,2026-01-18 05:30:00,28.75,52.58,Warning
D0075,2026-01-18 05:35:00,26.21,48.75,Normal
D0051,2026-01-18 05:40:00,24.68,47.9,Warning
D0014,2026-01-18 05:45:00,23.66,87.43,Critical
D0035,2026-01-18 05:50:00,29.36,70.51,Normal
D0020,2026-01-18 05:55:00,29.25,58.3,Warning
D0056,2026-01-18 06:00:00,33.05,43.44,Warning
D0022,2026-01-18 06:05:00,30.12,,Warning
D0063,2026-01-18 06:10:00,31.56,87.95,Normal
D0084,2026-01-18 06:15:00,32.1,86.2,Normal
D0095,2026-01-18 06:20:00,24.57,87.04,Warning
D0084,2026-01-18 06:25:00,32.62,73.06,Warning
D0088,2026-01-18 06:30:00,25.31,60.09,Normal
D0007,2026-01-18 06:35:00,25.79,64.85,Normal
D0020,2026-01-18 06:40:00,25.87,70.65,Normal
D0003,2026-01-18 06:45:00,28.33,38.09,Normal
D0031,2026-01-18 06:50:00,31.01,65.0,Warning
D0037,2026-01-18 06:55:00,30.89,47.2,Warning
D0061,2026-01-18 07:00:00,24.73,74.96,Normal
D0015,2026-01-18 07:05:00,33.42,85.59,Critical
D0065,,26.82,45.05,Critical
D0012,2026-01-18 07:15:00,33.39,42.47,Warning
D0021,2026-01-18 07:20:00,29.24,70.8,Critical
D0036,2026-01-18 07:25:00,33.27,45.07,Normal
D0043,2026-01-18 07:30:00,30.38,52.45,Critical
D0080,2026-01-18 07:35:00,32.56,68.72,Normal
,2026-01-18 07:40:00,28.23,37.12,Critical
D0097,2026-01-18 07:45:00,29.72,60.05,Normal
D0092,2026-01-18 07:50:00,30.25,50.24,Warning
D0027,2026-01-18 07:55:00,30.79,83.56,Normal
D0008,2026-01-18 08:00:00,29.84,41.48,Normal
D0034,2026-01-18 08:05:00,29.43,44.16,Critical
D0017,2026-01-18 08:10:00,32.04,47.27,Warning
D0047,2026-01-18 08:15:00,28.01,120,Critical
D0010,2026-01-18 08:20:00,26.68,120,Warning
D0066,2026-01-18 08:25:00,32.33,50.1,Warning
D0061,2026-01-18 08:30:00,30.25,57.7,Normal
D0002,2026-01-18 08:35:00,29.85,66.87,Critical
D0028,2026-01-18 08:40:00,30.94,74.24,Critical
D0032,2026-01-18 08:45:00,24.63,43.82,Normal
D0061,2026-01-18 08:50:00,29.25,58.37,Warning
D0034,2026-01-18 08:55:00,27.04,81.96,Critical
D0094,2026-01-18 09:00:00,28.4,57.13,Critical
D0070,2026-01-18 09:05:00,31.68,78.13,Critical
D0045,2026-01-18 09:10:00,38.96,66.83,Warning
D0012,2026-01-18 09:15:00,27.72,59.63,Warning
 D0010,2026-01-18 09:20:00,28.02,82.41,Warning
D0089,2026-01-18 09:25:00,23.01,89.69,Critical
D0068,2026-01-18 09:30:00,25.59,46.0,Normal
D0070,2026-01-18 09:35:00,34.77,78.8,Critical
D0019,2026-01-18 09:40:00,34.12,45.66,Critical
D0058,2026-01-18 09:45:00,26.81,83.05,Normal
D0057,2026-01-18 09:50:00,28.36,63.6,Warning
D0077,2026-01-18 09:55:00,32.08,74.97,Normal
D0049,2026-01-18 10:00:00,31.71,46.55,Warning
D0033,2026-01-18 10:05:00,25.09,-10,Normal
D0011,2026-01-18 10:10:00,27.25,43.98,Critical
D0024,2026-01-18 10:15:00,27.15,60.97,Critical
D0052,2026-01-18 10:20:00,26.93,61.52,Normal
D0083,2026-01-18 10:25:00,23.72,59.78,Warning
D0081,2026-01-18 10:30:00,21.93,47.69,
D0032,2026-01-18 10:35:00,29.4,62.47,Warning
D0005,2026-01-18 10:40:00,36.03,45.9,Warning
D0073,2026-01-18 10:45:00,28.86,67.23,Warning
D0072,2026-01-18 10:50:00,27.68,58.33,Warning
D0087,2026-01-18 10:55:00,25.92,81.8,Warning
D0064,2026-01-18 11:00:00,24.76,78.87,Normal
D0086,2026-01-18 11:05:00,33.08,85.42,Warning
D0048,2026-01-18 11:10:00,29.6,47.76,Warning
D0018,2026-01-18 11:15:00,24.96,39.91,Critical
D0061,2026-01-18 11:20:00,29.58,38.44,Critical
D0045,2026-01-18 11:25:00,29.48,76.55,Critical
D0042,2026-01-18 11:30:00,29.95,88.88,Critical
D0064,2026-01-18 11:35:00,26.59,70.77,Critical
,2026-01-18 11:40:00,32.58,44.01,Critical
D0096,2026-01-18 11:45:00,29.18,48.49,Normal
D0044,2026-01-18 11:50:00,26.89,88.94,Critical
D0021,2026-01-18 11:55:00,30.21,81.13,Normal
D0077,2026-01-18 12:00:00,29.59,42.9,critical
D0098,2026-01-18 12:05:00,30.08,58.5,Critical
D0086,2026-01-18 12:10:00,34.27,37.04,Normal
D0052,2026-01-18 12:15:00,31.9,,Normal
D0094,2026-01-18 12:20:00,29.25,69.81,Normal
D0074,2026-01-18 12:25:00,28.96,53.91,Warning
D0088,2026-01-18 12:30:00,29.3,69.24,Critical
D0095,2026-01-18 12:35:00,29.15,63.59,Normal
D0074,2026-01-18 12:40:00,23.65,48.41,Normal
D0031,2026-01-18 12:45:00,36.51,46.54,Critical
D0033,2026-01-18 12:50:00,28.17,59.03,Warning
D0082,2026-01-18 12:55:00,29.36,86.0,Critical
D0072,2026-01-18 13:00:00,30.23,57.3,Warning
D0034,2026-01-18 13:05:00,30.57,69.46,Normal
D0066,2026-01-18 13:10:00,24.66,83.7,Critical
D0037,2026-01-18 13:15:00,26.95,37.09,Normal
D0075,2026-01-18 13:20:00,31.53,56.69,Critical
D0096,2026-01-18 13:25:00,28.04,48.27,Critical
D0028,2026-01-18 13:30:00,35.17,52.41,Warning
D0087,2026-01-18 13:35:00,32.98,46.14,Normal
D0075,2026-01-18 13:40:00,28.07,35.2,Critical
D0011,2026-01-18 13:45:00,30.86,52.18,Warning
D0074,2026-01-18 13:50:00,20.77,59.13,Warning
D0005,2026-01-18 13:55:00,30.01,57.85,Critical
D0016,2026-01-18 14:00:00,24.98,74.35,Normal
D0040,2026-01-18 14:05:00,26.38,43.4,Critical
D0062,2026-01-18 14:10:00,29.87,39.37,Warning
D0004,2026-01-18 14:15:00,28.68,88.06,Critical
 D0010,2026-01-18 14:20:00,34.89,37.44,Critical
D0048,2026-01-18 14:25:00,29.06,53.27,Normal
D0059,2026-01-18 14:30:00,29.64,74.44,Normal
D0059,2026-25-01 12:00:00,36.6,82.28,Critical
D0024,2026-01-18 14:40:00,32.79,83.41,Critical
D0030,2026-01-18 14:45:00,27.81,52.17,Normal
D0068,2026-01-18 14:50:00,29.63,73.45,Normal
D0071,2026-01-18 14:55:00,28.2,49.69,Normal
D0075,2026-01-18 15:00:00,20.85,51.21,Warning
D0013,2026-01-18 15:05:00,28.83,85.17,Warning
D0079,2026-01-18 15:10:00,30.75,37.85,Normal
D0028,2026-01-18 15:15:00,24.87,42.32,Normal
D0074,2026-01-18 15:20:00,24.52,42.28,Normal
D0023,2026-01-18 15:25:00,32.81,80.84,Warning
D0039,2026-01-18 15:30:00,33.39,61.99,Normal
D0031,2026-01-18 15:35:00,24.87,65.76,Warning
D0085,2026-01-18 15:40:00,32.21,67.21,Normal
D0069,2026-01-18 15:45:00,32.3,61.99,Warning
D0068,2026-01-18 15:50:00,30.51,48.94,Normal
D0093,2026-01-18 15:55:00,31.67,71.55,Warning
D0038,2026-01-18 16:00:00,21.32,84.73,Normal
D0100,2026-01-18 16:05:00,36.46,41.27,Critical
D0081,2026-01-18 16:10:00,22.66,46.62,Critical
D0063,2026-01-18 16:15:00,25.78,35.43,Normal
D0047,2026-01-18 16:20:00,34.49,,Critical
D0072,2026-01-18 16:25:00,28.97,72.25,Normal
D0043,2026-01-18 16:30:00,30.64,79.97,Warning
D0015,2026-01-18 16:35:00,32.77,55.26,Normal
D0067,2026-01-18 16:40:00,32.33,38.73,Normal
D0095,2026-01-18 16:45:00,23.75,46.91,Normal
D0012,2026-01-18 16:50:00,25.06,39.34,Warning
D0093,2026-01-18 16:55:00,29.61,72.11,Critical
D0021,2026-01-18 17:00:00,30.09,77.75,Normal
D0050,2026-01-18 17:05:00,28.3,40.45,Normal
D0029,2026-01-18 17:10:00,29.89,53.39,Normal
D0005,2026-01-18 17:15:00,33.9,58.41,Normal
D0066,2026-01-18 17:20:00,27.86,41.29,Warning
D0052,2026-01-18 17:25:00,27.51,53.12,Normal
D0092,2026-01-18 17:30:00,32.93,76.78,Critical
D0008,2026-01-18 17:35:00,30.16,82.05,Normal
D0012,2026-01-18 17:40:00,23.62,77.64,Warning
D0087,2026-01-18 17:45:00,28.11,55.89,Normal
D0089,2026-01-18 17:50:00,28.79,36.53,Critical
D0001,2026-01-18 17:55:00,36.8,38.52,Critical
D0021,2026-01-18 18:00:00,28.22,84.98,Normal
D0036,2026-01-18 18:05:00,34.76,54.63,Normal
D0075,2026-01-18 18:10:00,33.44,36.53,Normal
D0008,2026-01-18 18:15:00,27.27,79.69,Critical
D0011,2026-01-18 18:20:00,29.66,48.05,Normal
D0068,2026-01-18 18:25:00,26.83,86.06,Warning
D0059,2026-01-18 18:30:00,19.02,80.27,Critical
D0047,2026-01-18 18:35:00,30.64,72.24,Critical
D0003,2026-01-18 18:40:00,33.34,65.38,Warning
D0032,2026-01-18 18:45:00,31.17,57.36,Critical
D0040,2026-01-18 18:50:00,35.8,-10,Critical
D0041,2026-01-18 18:55:00,29.06,81.15,Normal
D0033,2026-01-18 19:00:00,27.52,41.21,Warning
D0038,2026-01-18 19:05:00,28.12,63.99,Critical
D0045,2026-01-18 19:10:00,29.81,52.91,Critical
D0088,2026-01-18 19:15:00,39.18,66.49,Critical
D0032,2026-01-18 19:20:00,28.65,77.19,Critical
D0084,2026-01-18 19:25:00,28.42,87.37,Warning
D0008,2026-01-18 19:30:00,29.29,87.97,Normal
D0096,2026-01-18 19:35:00,22.97,75.72,Critical
D0021,2026-01-18 19:40:00,30.02,67.95,Critical
D0021,2026-01-18 19:45:00,28.02,75.43,Warning
D0087,2026-01-18 19:50:00,35.56,48.93,Critical
D0006,2026-01-18 19:55:00,32.72,75.54,Warning
D0076,2026-01-18 20:00:00,33.66,84.47,Critical
device-01,2026-01-18 20:05:00,28.67,51.09,Warning
D0016,2026-01-18 20:10:00,26.19,68.7,Normal
D0014,2026-01-18 20:15:00,22.71,87.66,Warning
D0055,2026-01-18 20:20:00,27.41,53.59,Normal
D0070,2026-01-18 20:25:00,31.06,68.39,Warning
D0049,2026-01-18 20:30:00,36.77,66.36,Critical
D0026,2026-01-18 20:35:00,26.24,52.01,Critical
D0007,2026-01-18 20:40:00,25.01,81.87,Normal
D0034,2026-01-18 20:45:00,31.66,84.73,Critical
D0042,2026-01-18 20:50:00,31.51,37.37,Warning
D0059,2026-01-18 20:55:00,23.4,81.67,Warning
D0077,2026-01-18 21:00:00,29.05,69.3,Warning
D0090,2026-01-18 21:05:00,22.59,44.69,Normal
D0002,2026-01-18 21:10:00,27.85,64.38,Warning
D0091,2026-01-18 21:15:00,27.97,48.17,Critical
D0081,2026-01-18 21:20:00,26.36,55.13,Normal
D0007,2026-01-18 21:25:00,31.15,59.76,Critical
D0044,2026-01-18 21:30:00,29.91,47.8,Critical
D0013,2026-01-18 21:35:00,30.04,50.57,Normal
D0097,2026-01-18 21:40:00,22.61,72.95,Critical
D0059,2026-01-18 21:45:00,28.08,63.15,Critical
D0037,2026-01-18 21:50:00,27.21,71.19,Warning
D0026,2026-01-18 21:55:00,27.19,52.19,Warning
D0073,2026-01-18 22:00:00,25.29,65.65,Warning
D0023,2026-01-18 22:05:00,25.96,78.96,Critical
D0038,2026-01-18 22:10:00,30.84,39.34,Normal
D0070,2026-01-18 22:15:00,31.78,63.36,Normal
D0095,2026-01-18 22:20:00,29.73,70.5,Critical
D0061,2026-01-18 22:25:00,27.77,50.55,Warning
D0024,2026-01-18 22:30:00,25.58,86.83,Warning
D0093,2026-01-18 22:35:00,27.28,47.61,NORMAL
D0074,2026-01-18 22:40:00,26.21,53.03,Critical
D0011,2026-01-18 22:45:00,36.6,51.45,Critical
D0033,2026-01-18 22:50:00,32.1,48.74,Critical
D0051,2026-01-18 22:55:00,28.6,62.42,Normal
D0073,2026-01-18 23:00:00,24.56,45.49,NORMAL
D0030,2026-01-18 23:05:00,30.49,62.21,Warning
D0065,2026-01-18 23:10:00,34.64,44.28,Normal
D0017,2026-01-18 23:15:00,20.17,53.42,Critical
D0098,2026-01-18 23:20:00,25.57,37.14,Warning
D0046,2026-01-18 23:25:00,26.56,87.65,Critical
D0024,2026-01-18 23:30:00,33.33,81.12,Critical
D0005,2026-01-18 23:35:00,26.91,64.3,Normal
D0041,2026-01-18 23:40:00,28.67,37.9,Critical
D0080,2026-01-18 23:45:00,28.01,71.31,Warning
D0005,2026-01-18 23:50:00,29.74,79.9,Warning
D0055,2026-01-18 23:55:00,34.51,53.98,Critical
D0088,2026-01-19 00:00:00,32.04,36.57,Critical
D0084,2026-01-19 00:05:00,18.9,64.81,Normal
D0060,2026-01-19 00:10:00,19.46,70.85,Warning
D0087,2026-01-19 00:15:00,31.24,62.3,Normal
D0042,2026-01-19 00:20:00,25.55,36.75,Warning
D0045,2026-01-19 00:25:00,23.67,41.61,Critical
D0090,2026-01-19 00:30:00,30.43,75.21,Normal
D0061,2026-01-19 00:35:00,34.09,59.69,Critical
D0040,2026-01-19 00:40:00,30.42,71.24,Normal
D0010,2026-01-19 00:45:00,35.59,50.84,Normal
D0076,2026-01-19 00:50:00,30.65,54.73,Normal
D0067,2026-01-19 00:55:00,28.71,67.78,Normal
D0029,2026-01-19 01:00:00,20.88,39.55,Warning
D0057,2026-01-19 01:05:00,39.14,83.2,Warning
D0016,2026-01-19 01:10:00,34.27,48.62,Critical
D0061,2026-01-19 01:15:00,33.25,68.78,Warning
D0035,2026-01-19 01:20:00,25.71,62.26,Normal
D0094,2026-01-19 01:25:00,29.51,40.39,Warning
D0034,2026-01-19 01:30:00,33.67,45.53,Normal
D0037,2026-01-19 01:35:00,24.92,88.84,Normal
D0078,2026-01-19 01:40:00,25.72,65.06,Warning
D0042,2026-01-19 01:45:00,30.56,47.58,Warning
D0073,2026-01-19 01:50:00,28.86,43.84,Warning
D0031,2026-01-19 01:55:00,30.64,67.19,Warning
D0057,2026-01-19 02:00:00,29.4,87.88,Warning
D0036,2026-01-19 02:05:00,37.41,75.17,Critical
D0081,2026-01-19 02:10:00,26.88,85.46,Warning
D0018,2026-01-19 02:15:00,25.47,76.14,Warning
D0001,2026-01-19 02:20:00,24.46,42.21,Critical
D0040,2026-01-19 02:25:00,28.67,36.62,Critical
D0047,,22.6,81.75,Critical
D0075,2026-01-19 02:35:00,27.9,68.65,Warning
D0089,2026-01-19 02:40:00,30.15,52.95,Normal
D0043,2026-01-19 02:45:00,32.7,51.59,Warning
D0062,2026-01-19 02:50:00,26.23,88.75,Critical
D0075,2026-01-19 02:55:00,24.5,37.89,Normal
D0095,2026-01-19 03:00:00,34.09,80.69,Normal
D0045,2026-01-19 03:05:00,36.38,67.34,Critical
D0080,2026-01-19 03:10:00,30.9,36.29,Critical
D0015,2026-01-19 03:15:00,32.43,49.87,Normal
D0051,2026-01-19 03:20:00,35.08,82.44,Warning
D0039,2026-01-19 03:25:00,26.2,57.12,Critical
D0009,2026-01-19 03:30:00,28.0,52.77,Warning
D0033,2026-01-19 03:35:00,35.68,62.93,Normal
D0004,2026-01-19 03:40:00,31.22,59.97,Warning
D0072,2026-01-19 03:45:00,26.25,62.09,Warning
D0017,2026-01-19 03:50:00,24.95,38.32,Normal
D0065,2026-01-19 03:55:00,30.64,75.64,Normal
D0089,2026-01-19 04:00:00,30.33,86.0,Critical
D0094,2026-01-19 04:05:00,28.99,86.16,Critical
D0002,2026-01-19 04:10:00,24.79,81.88,Critical
D0048,2026-01-19 04:15:00,27.31,88.04,Normal
D0070,2026-01-19 04:20:00,34.98,78.25,Critical
D0021,2026-01-19 04:25:00,33.36,85.29,Normal
D0054,2026-01-19 04:30:00,26.07,50.79,Normal
D0100,2026-01-19 04:35:00,31.01,73.36,Critical
D0079,2026-01-19 04:40:00,22.65,42.07,Warning
D0024,2026-01-19 04:45:00,26.76,45.36,Warning
D0095,2026-01-19 04:50:00,28.45,89.88,Critical
D0057,2026-01-19 04:55:00,31.12,58.46,Normal
D0065,2026-01-19 05:00:00,33.16,45.37,Normal
D0038,2026-01-19 05:05:00,28.15,87.42,Warning
D0061,2026-01-19 05:10:00,32.92,76.54,Warning
D0019,2026-01-19 05:15:00,26.83,57.81,Warning
D0094,2026-01-19 05:20:00,33.34,63.62,Critical
D0098,2026-01-19 05:25:00,25.87,88.75,Critical
D0087,2026-01-19 05:30:00,31.77,73.23,Normal
D0098,2026-01-19 05:35:00,26.14,80.17,Warning
D0051,2026-01-19 05:40:00,32.74,67.66,Normal
D0091,2026-01-19 05:45:00,28.07,85.33,Normal
D0047,2026-01-19 05:50:00,29.37,84.14,Normal
D0032,2026-01-19 05:55:00,26.28,61.23,Normal
D0024,2026-01-19 06:00:00,31.65,44.08,Normal
D0066,2026-01-19 06:05:00,35.65,65.0,Normal
D0081,2026-01-19 06:10:00,26.15,76.3,Critical
D0042,2026-01-19 06:15:00,30.8,52.22,Warning
D0061,2026-01-19 06:20:00,24.95,53.05,Critical
D0045,2026-01-19 06:25:00,27.38,48.07,Normal
D0065,2026-01-19 06:30:00,25.24,85.1,Normal
D0071,2026-01-19 06:35:00,23.48,41.48,Normal
D0010,2026-01-19 06:40:00,29.55,78.87,Warning
D0099,2026-01-19 06:45:00,29.28,86.76,
D0054,2026-01-19 06:50:00,28.1,40.62,Warning
D0066,2026-01-19 06:55:00,28.53,46.75,Normal
D0061,2026-01-19 07:00:00,26.08,73.5,Warning
D0075,2026-01-19 07:05:00,23.85,73.8,Warning
D0086,2026-01-19 07:10:00,32.08,47.84,Critical
D0025,2026-01-19 07:15:00,26.06,81.61,Critical
D0067,2026-01-19 07:20:00,33.13,52.39,Normal
D0023,2026-01-19 07:25:00,30.2,73.52,Warning
D0008,2026-01-19 07:30:00,31.0,82.54,Warning
D0010,2026-01-19 07:35:00,28.73,87.88,Critical
D0012,2026-01-19 07:40:00,25.82,53.55,Warning
D0025,2026-01-19 07:45:00,33.4,68.19,Warning
D0008,2026-01-19 07:50:00,32.22,82.52,Critical
D0060,2026-01-19 07:55:00,31.58,38.77,Critical
D0068,2026-01-19 08:00:00,23.92,37.78,Normal
D0067,2026-01-19 08:05:00,28.76,65.8,Critical
D0013,2026-01-19 08:10:00,27.06,62.4,Warning
D0006,2026-01-19 08:15:00,30.82,52.85,Critical
D0073,2026-01-19 08:20:00,32.59,64.03,Normal
D0087,2026-01-19 08:25:00,23.39,44.07,Critical
D0047,2026-01-19 08:30:00,34.58,61.0,Normal
D0017,2026-01-19 08:35:00,33.24,73.52,Warning
D0090,2026-01-19 08:40:00,28.33,39.95,Critical
D0067,2026-01-19 08:45:00,31.65,51.97,Critical
D0085,2026-01-19 08:50:00,23.44,57.31,Warning
D0015,2026-01-19 08:55:00,33.23,69.99,Critical
D0024,2026-01-19 09:00:00,32.13,86.29,Normal
D0038,2026-01-19 09:05:00,20.85,64.28,Warning
D0068,2026-01-19 09:10:00,25.05,40.95,Normal
D0090,2026-01-19 09:15:00,30.49,80.73,Warning
D0003,2026-01-19 09:20:00,26.8,60.23,Warning
D0098,2026-01-19 09:25:00,26.21,81.15,Warning
D0003,2026-01-19 09:30:00,37.12,78.31,Critical
D0017,2026-01-19 09:35:00,32.21,48.4,Critical
D0033,2026-01-19 09:40:00,25.59,84.98,Critical
D0010,2026-01-19 09:45:00,22.55,55.98,Critical
D0093,2026-01-19 09:50:00,19.73,84.68,Warning
D0095,2026-01-19 09:55:00,32.4,81.3,Normal
D0026,2026-01-19 10:00:00,31.4,83.82,Critical
D0037,2026-01-19 10:05:00,27.15,35.81,Normal
D0070,2026-01-19 10:10:00,27.07,55.56,Normal
D0092,2026-01-19 10:15:00,36.9,42.77,Warning
D0020,2026-01-19 10:20:00,27.7,43.82,Warning
D0052,2026-01-19 10:25:00,27.77,71.1,Warning
D0085,2026-01-19 10:30:00,32.81,37.0,Warning
D0016,2026-01-19 10:35:00,28.17,68.53,Critical
D0008,2026-01-19 10:40:00,30.0,62.35,Warning
D0068,2026-01-19 10:45:00,24.67,85.94,Normal
D0078,2026-01-19 10:50:00,31.66,47.49,Normal
D0021,2026-01-19 10:55:00,22.22,77.61,Warning
D0075,2026-01-19 11:00:00,31.37,59.31,Critical
D0042,2026-01-19 11:05:00,24.28,46.04,Warning
D0031,2026-01-19 11:10:00,23.57,66.23,Normal
D0066,2026-01-19 11:15:00,27.59,70.59,Normal
D0017,2026-01-19 11:20:00,33.96,58.05,Warning
D0014,2026-01-19 11:25:00,29.2,72.47,Normal
D0095,2026-01-19 11:30:00,25.77,40.53,Critical
,2026-01-19 11:35:00,32.74,59.19,Critical
D0073,2026-01-19 11:40:00,28.77,61.86,Critical
D0016,2026-01-19 11:45:00,24.87,46.99,Critical
D0031,2026-01-19 11:50:00,28.91,42.78,Normal
D0039,2026-01-19 11:55:00,28.16,70.86,Normal
D0024,2026-01-19 12:00:00,28.87,39.36,Critical
D0022,2026-01-19 12:05:00,23.52,,Critical
D0082,2026-01-19 12:10:00,27.88,,Normal
D0059,2026-01-19 12:15:00,,63.19,Normal
D0049,2026-01-19 12:20:00,26.97,89.09,Warning
D0096,2026-01-19 12:25:00,29.02,80.0,Warning
D0048,2026-01-19 12:30:00,26.91,85.58,Warning
D0085,2026-01-19 12:35:00,32.22,79.74,Critical
D0012,2026-01-19 12:40:00,32.48,68.92,Normal
D0039,2026-01-19 12:45:00,32.22,72.78,Critical
D0058,2026-01-19 12:50:00,29.58,77.03,Warning
D0060,2026-01-19 12:55:00,24.37,44.12,Critical
D0041,2026-01-19 13:00:00,21.15,66.54,Normal
D0005,2026-01-19 13:05:00,27.08,66.26,Warning
D0088,2026-01-19 13:10:00,20.62,43.77,Warning
D0015,2026-01-19 13:15:00,33.25,78.51,Warning
D0096,2026-01-19 13:20:00,26.7,86.27,Warning
D0069,2026-01-19 13:25:00,25.53,50.48,Normal
D0058,2026-01-19 13:30:00,36.92,78.93,Normal
D0070,2026-01-19 13:35:00,30.95,67.98,Warning
D0052,2026-01-19 13:40:00,32.23,60.54,Critical
D0021,2026-01-19 13:45:00,31.34,53.95,Critical
D0058,2026-01-19 13:50:00,,55.1,Normal
D0025,2026-01-19 13:55:00,27.66,87.53,Warning
D0092,2026-01-19 14:00:00,38.25,89.94,Critical
D0080,2026-01-19 14:05:00,35.63,59.86,Warning
D0075,2026-01-19 14:10:00,24.24,85.43,Normal
D0039,2026-01-19 14:15:00,33.14,54.31,Warning
D0057,2026-01-19 14:20:00,26.97,44.35,Normal
D0073,2026-01-19 14:25:00,29.36,72.27,Warning
D0069,2026-01-19 14:30:00,33.35,53.6,Warning
D0090,2026-01-19 14:35:00,29.02,59.5,Warning
D0011,2026-01-19 14:40:00,31.52,35.38,Warning
D0060,2026-01-19 14:45:00,34.08,44.36,Warning
D0077,2026-01-19 14:50:00,26.43,39.99,Warning
D0029,2026-01-19 14:55:00,30.43,75.04,Warning
D0097,2026-01-19 15:00:00,25.87,52.5,Normal
,2026-01-19 15:05:00,26.65,43.21,Warning
D0043,2026-01-19 15:10:00,22.82,84.44,Normal
D0089,2026-01-19 15:15:00,21.81,67.87,Warning
D0036,2026-01-19 15:20:00,26.97,81.17,Normal
D0056,2026-01-19 15:25:00,36.59,41.05,Critical
D0031,2026-01-19 15:30:00,36.24,54.87,Warning
D0064,2026-01-19 15:35:00,24.74,84.39,Critical
D0093,2026-01-19 15:40:00,26.98,77.41,Critical
D0081,2026-01-19 15:45:00,35.58,58.17,Critical
D0035,2026-01-19 15:50:00,28.33,62.98,Critical
D0028,2026-01-19 15:55:00,30.9,78.7,Warning
D0062,2026-01-19 16:00:00,25.31,77.3,Critical
D0050,2026-01-19 16:05:00,34.42,89.34,Normal
D0016,2026-01-19 16:10:00,29.85,43.75,Warning
D0026,2026-01-19 16:15:00,25.52,45.97,Critical
D0045,2026-01-19 16:20:00,34.34,44.41,Warning
D0086,2026-01-19 16:25:00,22.89,57.28,Normal
D0032,2026-01-19 16:30:00,33.36,62.64,Critical
D0005,2026-01-19 16:35:00,32.95,53.5,Normal
D0087,2026-01-19 16:40:00,33.08,88.68,Critical
D0099,2026-01-19 16:45:00,32.56,38.53,Critical
D0081,2026-01-19 16:50:00,30.38,79.36,Warning
D0019,2026-01-19 16:55:00,25.24,65.96,Critical
D0025,2026-01-19 17:00:00,26.4,52.45,Normal
D0071,2026-01-19 17:05:00,33.15,72.86,Warning
D0079,2026-01-19 17:10:00,27.64,79.4,Normal
D0027,2026-01-19 17:15:00,32.35,57.16,Warning
D0077,2026-01-19 17:20:00,28.18,52.97,Normal
D0065,2026-01-19 17:25:00,28.83,77.56,Critical
D0057,2026-01-19 17:30:00,28.72,45.27,Normal
D0070,2026-01-19 17:35:00,N/A,42.17,Warning
D0029,2026-01-19 17:40:00,27.07,80.91,Warning
D0069,2026-01-19 17:45:00,28.64,52.17,Critical
D0077,2026-01-19 17:50:00,29.47,35.46,Warning
D0089,2026-01-19 17:55:00,21.54,70.86,Normal
D0014,2026-01-19 18:00:00,33.7,61.78,Normal
D0083,2026-01-19 18:05:00,23.66,52.59,Critical
D0094,2026-01-19 18:10:00,28.71,40.51,Warning
D0048,2026-01-19 18:15:00,31.0,80.8,Warning
D0021,2026-01-19 18:20:00,29.53,45.01,Warning
D0051,2026-01-19 18:25:00,29.6,86.15,Warning
D0094,2026-01-19 18:30:00,30.86,57.82,Critical
D0086,2026-01-19 18:35:00,31.51,88.16,Normal
D0094,2026-01-19 18:40:00,28.83,87.94,Critical
D0061,2026-01-19 18:45:00,31.17,83.19,Warning
D0057,2026-01-19 18:50:00,22.65,61.19,Critical
D0093,2026-01-19 18:55:00,23.31,54.2,Normal
D0082,2026-01-19 19:00:00,26.64,57.55,Warning
D0013,2026-01-19 19:05:00,30.41,58.55,Normal
D0007,2026-01-19 19:10:00,28.25,51.63,Critical
D0084,2026-01-19 19:15:00,35.75,53.56,Warning
D0044,2026-01-19 19:20:00,34.06,89.01,Critical
D0081,2026-01-19 19:25:00,27.55,67.13,Warning
D0098,2026-01-19 19:30:00,29.2,57.04,Normal
D0017,2026-01-19 19:35:00,32.04,76.41,
D0066,2026-01-19 19:40:00,30.02,76.49,Normal
D0074,2026-01-19 19:45:00,27.13,46.41,Normal
D0045,2026-01-19 19:50:00,30.03,41.58,Normal
D0060,2026-01-19 19:55:00,24.84,85.25,Warning
D0078,2026-01-19 20:00:00,21.2,37.26,Normal
D0097,2026-01-19 20:05:00,31.29,50.14,Warning
D0016,2026-01-19 20:10:00,31.39,80.27,Critical
D0012,2026-01-19 20:15:00,21.17,82.41,Warning
D0066,2026-01-19 20:20:00,24.8,44.73,Warning
D0072,2026-01-19 20:25:00,27.81,84.82,Warning
D0063,2026-01-19 20:30:00,29.04,59.18,Normal
D0011,2026-01-19 20:35:00,29.11,85.01,Normal
D0058,2026-01-19 20:40:00,28.98,54.74,Warning
D0062,2026-01-19 20:45:00,23.61,69.37,Critical
D0077,2026-01-19 20:50:00,33.16,35.94,Normal
D0016,2026-01-19 20:55:00,30.07,84.57,Critical
D0094,2026-01-19 21:00:00,28.59,37.98,Warning
D0019,2026-01-19 21:05:00,26.81,61.32,Critical
D0048,2026-01-19 21:10:00,29.61,89.02,Warning
D0093,2026-01-19 21:15:00,24.58,39.64,Critical
D0098,2026-01-19 21:20:00,22.1,73.42,Warning
D0087,2026-01-19 21:25:00,34.04,56.73,Critical
D0033,2026-01-19 21:30:00,26.4,37.65,Normal
D0051,2026-01-19 21:35:00,27.4,77.2,Normal
D0051,2026-01-19 21:40:00,25.49,39.45,Normal
D0031,2026-01-19 21:45:00,29.48,80.15,Warning
D0081,2026-01-19 21:50:00,24.79,200,Warning
D0019,2026-01-19 21:55:00,33.45,75.1,Warning
D0019,2026-01-19 22:00:00,24.69,54.27,Warning
D0066,2026-01-19 22:05:00,30.89,66.63,Normal
D0033,2026-01-19 22:10:00,33.18,36.77,Critical
D0008,2026-01-19 22:15:00,30.58,49.99,Warning
D0047,2026-01-19 22:20:00,30.46,58.85,Normal
D0005,2026-01-19 22:25:00,27.05,61.57,Warning
D0077,2026-01-19 22:30:00,26.54,65.09,Critical
D0077,2026-01-19 22:35:00,26.6,56.87,Critical
D0021,2026-01-19 22:40:00,24.09,71.98,Critical
D0025,2026-01-19 22:45:00,27.01,74.32,Warning
D0033,2026-25-01 12:00:00,29.12,78.96,Normal
D0052,2026-01-19 22:55:00,27.94,41.37,Warning
D0048,2026-01-19 23:00:00,24.18,86.89,Critical
D0071,2026-01-19 23:05:00,24.99,62.51,Critical
D0007,2026-01-19 23:10:00,31.19,55.62,Warning
D0029,2026-01-19 23:15:00,34.1,51.02,Critical
D0091,2026-01-19 23:20:00,31.98,69.57,Critical
D0064,2026-01-19 23:25:00,30.28,48.29,
D0003,2026-01-19 23:30:00,36.48,44.24,Critical
D0078,2026-01-19 23:35:00,33.22,61.65,Warning
D0100,2026-01-19 23:40:00,24.12,66.18,Warning
D0006,2026-01-19 23:45:00,27.62,,Critical
D0046,2026-01-19 23:50:00,35.99,55.44,Normal
D0016,2026-01-19 23:55:00,34.21,59.76,Critical
D0063,2026-01-20 00:00:00,36.35,46.75,Normal
D0096,2026-01-20 00:05:00,21.41,50.14,Critical
D0099,2026-01-20 00:10:00,24.91,47.37,Normal
D0091,2026-01-20 00:15:00,27.58,48.94,Warning
D0098,2026-01-20 00:20:00,25.9,41.32,Normal
D0070,2026-01-20 00:25:00,24.04,65.61,Critical
D0046,2026-01-20 00:30:00,33.18,64.57,Critical
D0079,2026-01-20 00:35:00,28.38,87.78,Critical
D0004 ,2026-01-20 00:40:00,26.09,61.67,Critical
D0022,2026-01-20 00:45:00,30.33,73.59,Warning
D0012,2026-01-20 00:50:00,29.18,74.49,Warning
,2026-01-20 00:55:00,32.9,42.92,Warning
D0067,2026-01-20 01:00:00,26.97,37.1,Critical
D0056,2026-01-20 01:05:00,28.37,52.95,Critical
D0013,2026-01-20 01:10:00,22.76,,Normal
D0030,2026-01-20 01:15:00,30.88,60.87,Warning
D0005,2026-01-20 01:20:00,27.14,83.02,Warning
D0097,2026-01-20 01:25:00,27.12,83.2,Warning
D0008,2026-01-20 01:30:00,30.29,86.06,Warning
D0049,2026-01-20 01:35:00,25.85,49.45,Normal
D0028,2026-01-20 01:40:00,26.07,74.36,Critical
D0029,2026-01-20 01:45:00,30.47,68.34,Warning
D0006,2026-01-20 01:50:00,28.68,48.11,Normal
D0015,2026-01-20 01:55:00,30.69,85.04,Normal
D0015,2026-01-20 02:00:00,18.11,73.6,Normal
D0056,2026-01-20 02:05:00,31.68,41.44,Normal
D0040,2026-01-20 02:10:00,25.2,60.34,Normal
D0018,2026-01-20 02:15:00,23.15,37.75,Normal
D0025,2026-01-20 02:20:00,29.91,85.55,Warning
device-01,2026-01-20 02:25:00,24.53,50.18,Normal
D0021,2026-01-20 02:30:00,37.47,44.66,Warning
D0005,2026-01-20 02:35:00,30.83,64.64,Warning
D0035,2026-01-20 02:40:00,31.89,68.16,Normal
D0097,2026-01-20 02:45:00,29.94,71.33,Warning
D0093,2026-01-20 02:50:00,25.52,35.62,Normal
D0064,2026-01-20 02:55:00,25.28,65.93,Critical
D0065,2026-01-20 03:00:00,25.73,83.97,Critical
D0070,2026-01-20 03:05:00,33.89,41.68,Warning
D0086,2026-01-20 03:10:00,31.24,54.54,Warning
D0037,2026-01-20 03:15:00,24.22,85.14,Warning
D0083,2026-01-20 03:20:00,34.89,55.6,Warning
D0037,2026-01-20 03:25:00,30.58,76.35,Critical
D0040,2026-01-20 03:30:00,30.61,71.08,Normal
D0097,2026-01-20 03:35:00,25.41,35.5,Warning
D0096,2026-01-20 03:40:00,37.09,73.61,Warning
D0008,2026-01-20 03:45:00,28.06,50.29,Critical
D0088,2026-01-20 03:50:00,40.75,47.58,Critical
D0020,2026-01-20 03:55:00,,72.61,Critical
D0012,2026-01-20 04:00:00,33.76,76.72,Critical
D0054,2026-01-20 04:05:00,31.29,41.17,Critical
D0007,2026-01-20 04:10:00,22.28,74.78,Critical
D0045,2026-01-20 04:15:00,29.85,86.46,Warning
D0018,2026-01-20 04:20:00,29.89,57.51,Critical
D0092,2026-01-20 04:25:00,20.32,83.87,Critical
D0066,2026-01-20 04:30:00,29.23,39.62,Critical
D0057,2026-01-20 04:35:00,24.66,81.42,Critical
D0026,2026-01-20 04:40:00,20.58,52.59,Critical
D0041,2026-01-20 04:45:00,21.44,82.61,Critical
D0085,2026-01-20 04:50:00,30.21,73.82,Normal
D0059,2026-01-20 04:55:00,23.28,55.98,Normal
D0068,2026-01-20 05:00:00,36.12,200,Normal
D0052,2026-01-20 05:05:00,24.96,62.82,Critical
D0060,2026-01-20 05:10:00,31.36,51.33,Critical
D0087,2026-01-20 05:15:00,30.19,52.56,Normal
D0061,,23.88,39.7,Normal
D0024,2026-01-20 05:25:00,31.18,35.59,Critical
D0015,2026-01-20 05:30:00,25.73,87.28,Normal
D0077,2026-01-20 05:35:00,28.17,83.36,Normal
D0007,2026-01-20 05:40:00,24.68,58.07,Normal
D0080,2026-01-20 05:45:00,34.01,41.15,Normal
D0004,2026-01-20 05:50:00,30.13,44.26,Warning
D0035,2026-01-20 05:55:00,24.14,39.85,Normal
D0050,2026-01-20 06:00:00,35.65,87.74,Critical
D0051,2026-01-20 06:05:00,24.14,64.01,Critical
D0029,2026-01-20 06:10:00,27.6,44.38,Warning
D0063,2026-01-20 06:15:00,27.38,61.26,Warning
D0079,2026-01-20 06:20:00,30.43,73.1,Warning
D0044,2026-01-20 06:25:00,29.61,51.58,Warning
D0011,2026-01-20 06:30:00,31.79,77.99,Normal
D0050,2026-01-20 06:35:00,17.93,,Normal
D0086,2026-01-20 06:40:00,25.79,85.59,Normal
D0036,2026-01-20 06:45:00,29.15,41.98,Critical
D0028,2026-01-20 06:50:00,28.71,37.55,Warning
D0033,2026-01-20 06:55:00,25.27,69.18,Critical
D0073,2026-01-20 07:00:00,31.97,75.33,Critical
D0025,2026-01-20 07:05:00,23.47,48.47,Normal
D0065,2026-01-20 07:10:00,28.52,37.08,Warning
D0077,2026-01-20 07:15:00,25.63,83.47,Warning
D0044,2026-01-20 07:20:00,35.3,-10,Normal
D0019,2026-01-20 07:25:00,31.4,44.35,Warning
D0060,2026-01-20 07:30:00,25.64,59.24,Normal
D0006,2026-01-20 07:35:00,27.89,60.58,Warning
D0057,2026-01-20 07:40:00,31.84,77.33,Warning
D0020,2026-01-20 07:45:00,21.68,78.27,Critical
D0034,2026-01-20 07:50:00,28.63,44.53,Normal
D0061,2026-01-20 07:55:00,38.6,88.25,Critical
D0046,2026-01-20 08:00:00,27.43,65.59,Normal
D0044,2026-01-20 08:05:00,27.02,67.0,Normal
D0075,2026-01-20 08:10:00,21.55,50.54,Normal
D0049,2026-01-20 08:15:00,27.52,80.41,Warning
D0033,2026-01-20 08:20:00,24.64,88.75,Warning
D0040,2026-01-20 08:25:00,24.88,87.14,Warning
D0063,2026-01-20 08:30:00,25.74,79.03,Warning
D0036,2026-01-20 08:35:00,29.96,88.72,Critical
D0069,2026-01-20 08:40:00,24.5,38.18,Warning
D0060,2026-01-20 08:45:00,37.82,44.76,Critical
D0011,,26.35,37.22,Warning
D0031,2026-01-20 08:55:00,32.86,89.47,Critical
D0001,2026-01-20 09:00:00,30.88,72.41,Normal
D0062,2026-01-20 09:05:00,34.48,80.82,Normal
D0034,2026-01-20 09:10:00,28.57,60.34,Warning
D0085,2026-01-20 09:15:00,23.22,63.88,Normal
D0010,2026-01-20 09:20:00,24.42,61.83,Critical
D0006,2026-01-20 09:25:00,27.77,67.54,Warning
D0089,2026-01-20 09:30:00,26.28,58.43,Warning
D0050,2026-01-20 09:35:00,28.96,64.71,Critical
D0079,2026-01-20 09:40:00,28.75,42.59,Warning
D0083,2026-01-20 09:45:00,31.14,43.54,Normal
D0074,2026-01-20 09:50:00,25.98,53.11,Normal
D0052,2026-01-20 09:55:00,21.42,39.1,Warning
D0053,2026-01-20 10:00:00,27.93,52.46,Critical
D0027,2026-01-20 10:05:00,30.53,53.05,Normal
D0046,2026-01-20 10:10:00,31.18,38.31,Normal
D0011,2026-01-20 10:15:00,28.67,51.71,Critical
D0024,2026-01-20 10:20:00,31.07,76.93,Normal
D0033,2026-01-20 10:25:00,28.39,47.58,Critical
D0092,2026-01-20 10:30:00,25.1,56.58,Critical
D0085,2026-01-20 10:35:00,29.97,38.66,Warning
D0056,2026-01-20 10:40:00,29.93,68.45,Critical
D0026,2026-01-20 10:45:00,27.44,72.55,Warning
D0008,2026-01-20 10:50:00,32.77,46.88,Warning
D0049,2026-01-20 10:55:00,25.43,89.46,Warning
D0046,2026-01-20 11:00:00,28.8,66.65,Normal
D0067,2026-01-20 11:05:00,30.36,62.38,Critical
D0038,2026-01-20 11:10:00,23.8,61.34,Critical
D0007,2026-01-20 11:15:00,33.57,43.94,Normal
D0004,2026-01-20 11:20:00,25.45,55.66,Warning
D0049,2026-01-20 11:25:00,27.8,87.94,Critical
D0057,2026-01-20 11:30:00,31.36,,Warning
D0010,2026-01-20 11:35:00,28.73,52.42,Warning
D0088,2026-01-20 11:40:00,31.0,71.78,Normal
D0020,2026-01-20 11:45:00,27.21,78.59,Critical
D0034,2026-01-20 11:50:00,24.77,61.52,Normal
D0088,2026-01-20 11:55:00,29.04,79.92,Warning
D0002,2026-01-20 12:00:00,28.01,78.12,Normal
D0059,2026-01-20 12:05:00,26.68,54.58,Critical
D0091,2026-01-20 12:10:00,30.94,81.99,Warning
D0030,2026-01-20 12:15:00,36.15,59.75,Warning
D0055,2026-01-20 12:20:00,17.18,50.69,Normal
D0081,2026-01-20 12:25:00,33.9,43.57,Normal
D0079,2026-01-20 12:30:00,26.09,64.68,Warning
D0088,2026-01-20 12:35:00,30.26,59.69,Critical
D0065,2026-01-20 12:40:00,28.04,48.66,Critical
D0024,2026-01-20 12:45:00,25.84,70.85,Warning
D0037,2026-01-20 12:50:00,30.09,79.84,
D0085,2026-01-20 12:55:00,34.89,47.29,Warning
D0056,2026-01-20 13:00:00,30.34,75.44,Critical
D0020,2026-01-20 13:05:00,27.98,48.71,Critical
D0068,2026-01-20 13:10:00,31.32,40.58,Warning
D0001,2026-01-20 13:15:00,31.15,39.45,Warning
D0014,2026-01-20 13:20:00,25.73,72.57,Critical
D0010,2026-01-20 13:25:00,31.0,50.9,Critical
D0027,2026-01-20 13:30:00,33.97,49.11,Critical
D0021,2026-01-20 13:35:00,20.29,35.16,Normal
D0042,2026-01-20 13:40:00,25.57,49.15,Normal
D0015,2026-01-20 13:45:00,33.03,75.32,Normal
D0022,2026-01-20 13:50:00,24.52,75.65,Warning
D0074,2026-01-20 13:55:00,25.16,68.11,Warning
D0062,2026-01-20 14:00:00,20.08,77.93,Normal
D0083,2026-01-20 14:05:00,28.85,67.47,Normal
D0082,2026-01-20 14:10:00,28.41,89.37,Normal
D0099,2026-01-20 14:15:00,30.35,62.0,Normal
D0029,2026-01-20 14:20:00,25.15,77.38,Normal
D0031,2026-01-20 14:25:00,22.51,35.03,Critical
D0068,2026-01-20 14:30:00,23.35,70.34,Critical
D0049,2026-01-20 14:35:00,26.14,55.58,Normal
D0093,2026-01-20 14:40:00,23.03,89.35,Normal
D0080,2026-01-20 14:45:00,30.35,45.26,Warning
D0038,2026-01-20 14:50:00,28.89,63.16,Warning
D0027,2026-01-20 14:55:00,27.77,63.96,Normal
D0068,2026-01-20 15:00:00,37.35,56.8,Warning
D0060,2026-01-20 15:05:00,27.62,84.16,Warning
D0034,2026-01-20 15:10:00,28.37,62.88,Normal
D0052,2026-01-20 15:15:00,25.65,80.49,Normal
D0022,2026-01-20 15:20:00,29.09,73.04,Normal
D0007,2026-01-20 15:25:00,28.81,44.27,Normal
D0063,2026-01-20 15:30:00,31.64,48.7,Critical
D0084,2026-01-20 15:35:00,25.75,48.89,Critical
D0077,2026-01-20 15:40:00,27.68,66.87,Critical
D0003,2026-01-20 15:45:00,31.03,64.54,Warning
D0085,2026-01-20 15:50:00,27.25,53.8,Warning
D0037,2026-01-20 15:55:00,28.47,75.04,Warning
D0080,2026-01-20 16:00:00,22.84,61.97,Warning
D0021,2026-01-20 16:05:00,29.21,47.52,Normal
D0050,2026-01-20 16:10:00,34.36,46.9,Critical
D0028,2026-01-20 16:15:00,36.3,78.8,Critical
D0018,2026-01-20 16:20:00,23.38,72.34,Normal
D0028,2026-01-20 16:25:00,30.01,39.05,Normal
D0060,2026-01-20 16:30:00,33.21,57.32,Critical
D0090,2026-01-20 16:35:00,33.86,52.36,Warning
D0026,2026-01-20 16:40:00,30.29,43.18,Warning
D0010,2026-01-20 16:45:00,27.61,42.06,Normal
D0003,2026-01-20 16:50:00,29.71,72.21,Normal
D0050,2026-01-20 16:55:00,33.28,65.93,Normal
D0034,2026-01-20 17:00:00,29.59,50.74,Critical
D0056,2026-01-20 17:05:00,25.96,76.49,Critical
D0095,2026-01-20 17:10:00,29.11,60.57,Normal
D0018,2026-01-20 17:15:00,25.15,49.08,Normal
D0088,2026-01-20 17:20:00,24.23,67.63,Critical
D0044,2026-01-20 17:25:00,30.99,76.17,Critical
D0088,2026-01-20 17:30:00,25.5,73.95,Critical
D0017,2026-01-20 17:35:00,25.38,56.68,Normal
D0096,2026-01-20 17:40:00,27.92,68.56,Critical
D0068,2026-01-20 17:45:00,28.08,41.4,Critical
D0058,2026-01-20 17:50:00,17.17,53.15,Normal
D0063,2026-01-20 17:55:00,30.25,87.66,Critical
D0041,2026-01-20 18:00:00,34.82,49.02,Warning
D0090,2026-01-20 18:05:00,21.94,44.24,Normal
D0086,2026-01-20 18:10:00,26.99,46.59,Normal
D0039,2026-01-20 18:15:00,24.41,51.69,Warning
D0041,2026-01-20 18:20:00,29.13,35.03,Warning
D0051,2026-01-20 18:25:00,32.32,69.65,Normal
D0037,2026-01-20 18:30:00,25.04,87.31,Critical
D0067,2026-01-20 18:35:00,29.46,41.99,Normal
D0034,2026-01-20 18:40:00,39.21,50.2,Critical
D0091,2026-01-20 18:45:00,30.21,60.04,Warning
D0036,2026-01-20 18:50:00,29.37,89.3,Warning
D0015,2026-01-20 18:55:00,23.25,65.17,warning
D0042,2026-01-20 19:00:00,31.08,,Critical
D0039,2026-01-20 19:05:00,28.63,63.46,Critical
D0041,2026-01-20 19:10:00,28.55,59.01,Critical
D0025,2026-01-20 19:15:00,29.64,37.76,Normal
D0096,2026-01-20 19:20:00,35.59,48.06,Critical
D0037,2026-01-20 19:25:00,34.84,78.89,Critical
D0062,2026-01-20 19:30:00,23.83,66.84,Warning
D0093,2026-01-20 19:35:00,28.3,73.12,Critical
D0009,2026-01-20 19:40:00,32.77,77.01,Critical
D0065,2026-01-20 19:45:00,30.55,48.81,Critical
D0057,2026-01-20 19:50:00,30.86,62.88,Critical
D0078,2026-01-20 19:55:00,20.71,44.82,Normal
D0038,2026-01-20 20:00:00,24.84,38.1,Warning
D0024,2026-01-20 20:05:00,,68.82,Normal
D0062,2026-01-20 20:10:00,32.71,65.97,Warning
D0065,2026-01-20 20:15:00,25.67,60.6,Warning
D0015,2026-01-20 20:20:00,32.11,64.04,Warning
D0100,2026-01-20 20:25:00,27.94,81.61,Normal
D0062,2026-01-20 20:30:00,23.32,87.25,Warning
D0069,2026-01-20 20:35:00,28.68,60.69,Critical
D0029,2026-01-20 20:40:00,28.65,78.91,Critical
D0087,2026-01-20 20:45:00,24.08,50.56,Normal
D0056,2026-01-20 20:50:00,29.49,54.91,Critical
D0037,2026-01-20 20:55:00,22.89,48.12,Critical
D0022,2026-01-20 21:00:00,25.02,66.98,Normal
D0098,2026-01-20 21:05:00,23.73,53.61,Normal
D0098,2026-01-20 21:10:00,28.58,49.89,Warning
D0036,2026-01-20 21:15:00,32.57,54.72,Normal
D0064,2026-01-20 21:20:00,29.62,83.75,Normal
D0068,2026-01-20 21:25:00,26.53,37.63,Warning
D0052,2026-01-20 21:30:00,29.23,49.9,Warning
D0019,2026-01-20 21:35:00,27.07,49.9,Critical
D0048,2026-01-20 21:40:00,23.39,80.92,Normal
D0053,2026-01-20 21:45:00,,65.23,Warning
D0056,2026-01-20 21:50:00,26.99,70.99,Normal
D0067,2026-01-20 21:55:00,34.07,60.77,Normal
D0056,2026-01-20 22:00:00,26.09,60.73,Critical
D0076,2026-01-20 22:05:00,30.29,41.97,Normal
D0023,2026-01-20 22:10:00,31.23,71.01,Warning
D0075,2026-01-20 22:15:00,31.78,68.93,Normal
D0017,2026-01-20 22:20:00,28.87,49.33,Warning
D0042,2026-01-20 22:25:00,24.72,78.06,Warning
D0092,2026-01-20 22:30:00,26.4,68.33,Critical
D0079,2026-01-20 22:35:00,29.52,81.74,Normal
D0020,2026-01-20 22:40:00,24.14,53.8,Warning
D0040,2026-01-20 22:45:00,36.02,68.51,Normal
D0047,2026-01-20 22:50:00,31.52,44.64,Normal
D0043,2026-01-20 22:55:00,29.08,52.92,Critical
D0074,2026-01-20 23:00:00,26.42,70.36,Critical
D0095,2026-01-20 23:05:00,29.9,51.38,Warning
D0036,2026-01-20 23:10:00,25.9,37.33,Normal
D0067,2026-01-20 23:15:00,29.42,72.8,Critical
D0067,2026-01-20 23:20:00,27.81,78.82,Critical
D0035,2026-01-20 23:25:00,24.1,82.44,Normal
D0016,2026-01-20 23:30:00,33.18,66.25,Warning
D0069,2026-01-20 23:35:00,22.72,37.78,Warning
D0019,2026-01-20 23:40:00,22.29,68.16,Normal
D0094,2026-01-20 23:45:00,25.14,35.6,Warning
D0096,2026-01-20 23:50:00,25.49,80.97,Critical
D0005,2026-01-20 23:55:00,20.45,44.58,Warning
D0004,2026-01-21 00:00:00,36.66,39.72,Critical
D0020,2026-01-21 00:05:00,30.95,56.39,Normal
D0062,2026-01-21 00:10:00,26.86,55.59,Critical
D0012,2026-01-21 00:15:00,30.53,84.13,Warning
D0089,2026-01-21 00:20:00,29.81,66.26,Critical
D0021,2026-01-21 00:25:00,34.61,56.87,Critical
D0075,2026-01-21 00:30:00,26.54,88.51,Normal
D0004,2026-01-21 00:35:00,29.46,37.21,Critical
D0078,2026-01-21 00:40:00,24.37,44.21,Warning
D0008,2026-01-21 00:45:00,28.6,38.44,Warning
D0052,2026-01-21 00:50:00,25.78,65.48,Warning
D0072,2026-01-21 00:55:00,30.18,66.3,Critical
D0084,2026-01-21 01:00:00,27.19,87.31,Warning
D0083,2026-01-21 01:05:00,31.38,45.44,Critical
D0012,2026-01-21 01:10:00,37.6,61.24,Normal
D0045,2026-01-21 01:15:00,25.11,43.69,Warning
D0054,2026-01-21 01:20:00,25.03,62.21,Normal
D0081,2026-01-21 01:25:00,29.18,78.18,Critical
D0041,2026-01-21 01:30:00,20.29,84.34,Critical
D0014,2026-01-21 01:35:00,29.94,56.16,Critical
D0070,2026-01-21 01:40:00,28.74,45.71,Critical
D0090,2026-01-21 01:45:00,27.58,83.68,Warning
D0014,2026-01-21 01:50:00,29.93,36.0,Warning
D0044,2026-01-21 01:55:00,29.63,61.98,Warning
D0083,2026-01-21 02:00:00,29.89,50.05,Normal
D0056,2026-01-21 02:05:00,28.52,80.43,Normal
D0038,2026-01-21 02:10:00,25.29,46.57,Warning
D0069,2026-01-21 02:15:00,29.38,83.94,Critical
D0013,2026-01-21 02:20:00,23.83,74.76,Critical
D0021,2026-01-21 02:25:00,31.92,50.94,Warning
D0039,2026-01-21 02:30:00,27.59,82.88,Critical
D0018,2026-01-21 02:35:00,23.95,63.16,Normal
D0095,2026-01-21 02:40:00,25.61,77.18,Normal
 D0010,2026-01-21 02:45:00,31.19,55.35,Critical
D0069,2026-01-21 02:50:00,24.52,87.25,Normal
D0020,2026-01-21 02:55:00,29.66,71.45,Normal
D0008,2026-01-21 03:00:00,26.94,76.67,Normal
D0009,2026-01-21 03:05:00,22.84,67.37,Warning
D0002,2026-01-21 03:10:00,21.18,69.96,Critical
D0082,2026-01-21 03:15:00,36.4,67.04,Critical
D0057,2026-01-21 03:20:00,32.59,86.75,Critical
D0034,2026-01-21 03:25:00,30.82,87.8,Normal
D0065,2026-01-21 03:30:00,39.2,82.2,Warning
D0012,2026-01-21 03:35:00,28.55,83.66,Warning
D0094,2026-01-21 03:40:00,22.35,61.77,Critical
D0060,2026-01-21 03:45:00,26.59,36.62,Warning
D0028,2026-01-21 03:50:00,20.64,75.03,Critical
D0023,2026-01-21 03:55:00,28.47,77.6,Critical
D0096,2026-01-21 04:00:00,25.6,44.59,Warning
D0058,2026-01-21 04:05:00,34.35,56.65,Warning
D0048,2026-01-21 04:10:00,20.03,39.42,Critical
D0024,2026-01-21 04:15:00,26.79,78.23,Critical
D0095,,27.54,86.3,Normal
D0055,2026-01-21 04:25:00,27.17,56.58,Normal
D0095,2026-01-21 04:30:00,28.5,74.56,Critical
D0074,2026-01-21 04:35:00,32.21,64.82,Normal
D0046,2026-01-21 04:40:00,30.62,84.56,Warning
D0045,2026-01-21 04:45:00,27.96,37.38,Normal
D0004,2026-01-21 04:50:00,27.12,62.74,Normal
D0082,2026-01-21 04:55:00,28.45,40.84,Critical
D0002,2026-01-21 05:00:00,28.63,79.43,Warning
D0075,2026-01-21 05:05:00,34.1,60.41,Critical
D0075,2026-01-21 05:10:00,30.81,50.07,Warning
D0084,2026-01-21 05:15:00,30.59,75.24,Normal
D0074,2026-01-21 05:20:00,23.32,69.09,Critical
D0036,2026-01-21 05:25:00,34.24,62.0,Critical
D0078,2026-01-21 05:30:00,31.46,78.94,Warning
D0074,2026-01-21 05:35:00,35.96,88.6,Warning
D0018,2026-01-21 05:40:00,21.81,41.74,Warning
D0047,2026-01-21 05:45:00,28.02,88.81,Normal
D0026,2026-01-21 05:50:00,33.34,71.0,Warning
D0032,2026-01-21 05:55:00,29.1,78.31,Critical
D0001,2026-01-21 06:00:00,37.88,54.48,Normal
D0046,2026-01-21 06:05:00,32.96,83.04,Critical
D0045,2026-01-21 06:10:00,22.47,42.06,Normal
D0005,2026-01-21 06:15:00,,60.27,Warning
D0026,2026-01-21 06:20:00,30.32,80.09,Normal
D0003,2026-01-21 06:25:00,26.82,38.57,Warning
D0076,2026-01-21 06:30:00,25.69,77.76,Critical
D0020,2026-01-21 06:35:00,32.69,38.62,Critical
D0030,2026-01-21 06:40:00,28.58,38.68,Warning
,2026-01-21 06:45:00,16.68,74.43,
D0083,2026-01-21 06:50:00,32.93,41.01,Normal
D0057,2026-01-21 06:55:00,34.27,44.81,Warning
D0028,2026-01-21 07:00:00,33.6,87.67,Critical
D0020,2026-01-21 07:05:00,29.98,44.45,Critical
D0022,2026-01-21 07:10:00,30.32,70.49,Critical
D0095,2026-01-21 07:15:00,32.24,61.55,Normal
D0004,2026-01-21 07:20:00,30.97,68.12,Normal
D0075,2026-01-21 07:25:00,31.44,70.33,Normal
D0091,2026-01-21 07:30:00,34.75,66.47,Warning
D0078,2026-01-21 07:35:00,36.39,40.83,Warning
D0074,2026-01-21 07:40:00,27.07,56.79,Warning
D0068,2026-01-21 07:45:00,30.47,47.0,Normal
D0044,2026-01-21 07:50:00,27.73,55.2,Normal
D0094,2026-01-21 07:55:00,30.69,37.32,Normal
D0020,2026-01-21 08:00:00,25.22,53.9,Critical
D0072,2026-01-21 08:05:00,32.74,65.85,Warning
D0086,2026-01-21 08:10:00,24.5,76.92,Normal
D0030,2026-01-21 08:15:00,24.99,80.47,Normal
D0064,2026-01-21 08:20:00,26.33,60.21,Normal
D0089,2026-01-21 08:25:00,28.1,44.04,Critical
D0079,2026-01-21 08:30:00,35.54,,Normal
D0063,2026-01-21 08:35:00,26.71,67.47,Critical
D0066,2026-01-21 08:40:00,41.02,49.23,Normal
D0013,2026-01-21 08:45:00,26.64,67.42,Warning
D0086,2026-01-21 08:50:00,25.24,120,Warning
D0067,2026-01-21 08:55:00,25.06,77.94,Normal
D0022,2026-01-21 09:00:00,28.55,68.72,Critical
D0025,2026-01-21 09:05:00,25.53,56.67,Warning
D0096,2026-01-21 09:10:00,27.5,56.49,Warning
D0054,2026-01-21 09:15:00,34.19,44.23,Normal
D0001,2026-01-21 09:20:00,29.37,56.87,Critical
D0065,2026-01-21 09:25:00,32.61,69.87,Critical
D0057,2026-01-21 09:30:00,28.39,72.39,Normal
D0069,2026-01-21 09:35:00,20.86,58.01,Warning
D0013,2026-01-21 09:40:00,34.82,47.13,Warning
D0055,2026-01-21 09:45:00,34.78,41.46,Normal
D0032,2026-01-21 09:50:00,29.14,88.42,Warning
D0087,2026-01-21 09:55:00,29.32,61.09,Critical
D0054,2026-01-21 10:00:00,29.62,45.23,Normal
D0032,2026-01-21 10:05:00,25.72,88.36,Warning
D0075,2026-01-21 10:10:00,28.98,60.39,Normal
D0087,2026-01-21 10:15:00,32.97,78.78,Warning
D0070,2026-01-21 10:20:00,30.86,72.34,Normal
D0010,2026-01-21 10:25:00,27.06,48.59,Critical
D0022,2026-01-21 10:30:00,36.28,48.11,Warning
D0016,2026-01-21 10:35:00,32.49,43.01,Critical
D0015,2026-01-21 10:40:00,38.34,48.82,Critical
D0035,2026-01-21 10:45:00,27.49,82.66,Critical
D0063,2026-01-21 10:50:00,27.15,74.57,Critical
D0015,2026-01-21 10:55:00,18.3,51.96,Warning
D0012,2026-01-21 11:00:00,33.64,50.16,Critical
D0073,2026-01-21 11:05:00,30.32,59.67,Critical
D0013,2026-01-21 11:10:00,26.45,65.16,Critical
D0074,2026-01-21 11:15:00,29.95,37.03,Normal
D0049,2026-01-21 11:20:00,29.99,56.96,Normal
D0086,2026-01-21 11:25:00,24.98,43.79,Critical
D0083,2026-01-21 11:30:00,28.5,71.83,Warning
D0064,2026-01-21 11:35:00,32.75,46.87,Normal
D0074,2026-01-21 11:40:00,30.78,39.89,Warning
D0041,2026-01-21 11:45:00,28.02,79.95,Critical
D0086,2026-01-21 11:50:00,29.94,43.39,Critical
D0073,2026-01-21 11:55:00,38.15,70.56,Normal
D0051,2026-01-21 12:00:00,25.6,49.45,Critical
D0099,2026-01-21 12:05:00,26.41,52.7,Warning
D0066,2026-01-21 12:10:00,33.19,52.99,Normal
D0075,2026-01-21 12:15:00,29.11,49.24,Warning
D0091,2026-01-21 12:20:00,23.55,79.88,Normal
D0073,2026-01-21 12:25:00,34.23,85.88,Normal
D0014,2026-01-21 12:30:00,35.7,75.78,Critical
D0020,2026-01-21 12:35:00,32.65,83.46,Critical
D0089,2026-01-21 12:40:00,25.89,88.02,Warning
D0010,2026-01-21 12:45:00,37.14,83.09,Critical
D0065,2026-01-21 12:50:00,30.22,37.57,Critical
D0021,2026-01-21 12:55:00,29.91,64.75,Normal
D0085,2026-01-21 13:00:00,29.63,82.27,Critical
D0075,2026-01-21 13:05:00,25.19,66.69,Warning
D0029,2026-01-21 13:10:00,22.16,59.65,Normal
D0020,2026-01-21 13:15:00,22.88,81.11,Critical
D0067,2026-01-21 13:20:00,33.94,79.26,Critical
D0033,2026-01-21 13:25:00,21.76,87.95,Warning
D0015,2026-01-21 13:30:00,34.66,35.68,Critical
D0081,2026-01-21 13:35:00,33.8,60.46,Normal
D0094,2026-01-21 13:40:00,22.43,54.24,Normal
D0081,2026-01-21 13:45:00,27.0,84.57,Critical
D0049,2026-01-21 13:50:00,26.51,45.4,Normal
D0024,2026-01-21 13:55:00,28.03,37.0,Warning
D0087,2026-01-21 14:00:00,31.38,65.95,Critical
D0028,2026-01-21 14:05:00,20.44,80.31,Warning
D0040,2026-01-21 14:10:00,27.62,59.89,Critical
D0049,2026-01-21 14:15:00,30.94,52.8,Critical
D0044,2026-01-21 14:20:00,28.53,35.92,Critical
D0067,2026-01-21 14:25:00,24.36,61.45,Critical
D0075,2026-01-21 14:30:00,30.86,61.49,Normal
D0030,2026-01-21 14:35:00,32.76,37.02,Normal
D0027,2026-01-21 14:40:00,27.8,35.13,Warning
D0089,2026-01-21 14:45:00,23.76,67.53,Warning
D0045,2026-01-21 14:50:00,33.2,56.68,Critical
D0018,2026-01-21 14:55:00,23.38,75.57,Normal
D0066,2026-01-21 15:00:00,25.76,76.51,Warning
D0038,,27.79,64.27,Warning
D0090,2026-01-21 15:10:00,28.37,,Critical
D0040,2026-01-21 15:15:00,29.45,60.8,Normal
D0080,2026-01-21 15:20:00,26.88,87.11,Critical
D0072,2026-01-21 15:25:00,27.7,63.92,Warning
D0017,2026-01-21 15:30:00,31.27,57.99,Normal
D0076,2026-01-21 15:35:00,29.84,71.01,Critical
D0001,2026-01-21 15:40:00,15.03,62.66,Warning
D0019,2026-01-21 15:45:00,25.52,55.21,Critical
D0061,2026-01-21 15:50:00,22.64,47.42,Warning
D0035,2026-01-21 15:55:00,27.25,55.19,Warning
D0076,2026-01-21 16:00:00,33.45,69.9,Critical
D0036,2026-01-21 16:05:00,35.02,65.69,Critical
D0052,2026-01-21 16:10:00,27.52,37.98,Warning
D0004 ,2026-01-21 16:15:00,24.12,54.08,Normal
D0014,2026-01-21 16:20:00,28.48,63.22,Normal
D0049,2026-01-21 16:25:00,29.51,49.02,Normal
D0096,2026-01-21 16:30:00,29.02,64.68,Normal
D0007,2026-01-21 16:35:00,29.67,59.53,Critical
D0041,2026-01-21 16:40:00,23.86,43.15,Warning
D0020,2026-01-21 16:45:00,28.87,62.08,Warning
D0007,2026-01-21 16:50:00,27.77,50.81,Normal
D0055,2026-01-21 16:55:00,29.35,51.56,Warning
D0033,2026-01-21 17:00:00,33.04,55.43,Normal
D0072,2026-01-21 17:05:00,26.3,44.55,Critical
D0044,2026-01-21 17:10:00,29.8,39.1,Normal
D0067,2026-01-21 17:15:00,28.74,51.14,Critical
D0045,2026-01-21 17:20:00,34.49,74.11,Warning
D0070,2026-01-21 17:25:00,23.2,73.45,Normal
D0090,2026-01-21 17:30:00,32.93,77.13,Critical
D0083,2026-01-21 17:35:00,21.66,41.01,Normal
D0017,2026-01-21 17:40:00,33.18,50.37,Critical
D0074,2026-01-21 17:45:00,30.99,54.53,Warning
D0096,2026-01-21 17:50:00,,83.32,Warning
D0048,2026-01-21 17:55:00,28.42,71.46,Critical
D0073,2026-01-21 18:00:00,31.69,39.65,Critical
D0032,2026-01-21 18:05:00,27.84,44.42,Warning
D0040,2026-01-21 18:10:00,38.54,49.06,Critical
D0020,2026-01-21 18:15:00,27.44,82.81,Warning
D0079,2026-01-21 18:20:00,34.91,35.56,Normal
D0080,2026-01-21 18:25:00,34.8,76.14,Normal
D0016,2026-01-21 18:30:00,26.54,62.47,Normal
D0092,2026-01-21 18:35:00,27.98,79.2,Warning
D0044,2026-01-21 18:40:00,25.6,57.46,Critical
D0037,2026-01-21 18:45:00,36.78,41.83,Critical
D0078,2026-01-21 18:50:00,33.44,49.9,Critical
D0005,2026-01-21 18:55:00,25.43,38.9,Normal
D0038,2026-01-21 19:00:00,31.51,77.96,Critical
D0042,2026-01-21 19:05:00,36.25,40.49,Warning
D0004,2026-01-21 19:10:00,28.94,49.25,Warning
D0001,2026-01-21 19:15:00,23.31,54.55,Normal
D0017,2026-01-21 19:20:00,35.85,77.34,Critical
D0077,2026-01-21 19:25:00,27.63,64.27,Warning
D0077,2026-01-21 19:30:00,32.77,85.23,Normal
D0065,2026-01-21 19:35:00,28.52,42.78,Critical
D0035,2026-01-21 19:40:00,25.07,87.43,Warning
D0007,2026-01-21 19:45:00,34.68,46.71,Normal
D0063,2026-01-21 19:50:00,25.02,70.68,Normal
D0018,2026-01-21 19:55:00,27.21,80.4,Normal
D0058,2026-01-21 20:00:00,20.32,53.69,Normal
D0015,2026-01-21 20:05:00,23.55,48.67,Normal
D0044,2026-01-21 20:10:00,25.76,86.1,Warning
D0054,2026-01-21 20:15:00,28.97,83.83,Warning
D0100,2026-01-21 20:20:00,24.25,72.63,Critical
D0062,2026-01-21 20:25:00,36.35,63.02,Critical
D0091,2026-01-21 20:30:00,19.92,78.41,Normal
D0061,2026-01-21 20:35:00,23.84,82.53,Critical
D0074,2026-01-21 20:40:00,29.04,60.46,Warning
D0033,2026-01-21 20:45:00,28.92,88.77,Normal
D0096,2026-01-21 20:50:00,27.11,82.65,Critical
D0052,2026-01-21 20:55:00,30.69,82.74,Warning
D0028,2026-01-21 21:00:00,30.98,55.79,Warning
D0038,2026-01-21 21:05:00,27.14,79.89,Critical
D0035,2026-01-21 21:10:00,37.62,61.84,Critical
D0071,2026-01-21 21:15:00,32.7,87.82,Warning
D0062,2026-01-21 21:20:00,29.24,59.71,Normal
D0025,2026-01-21 21:25:00,30.55,59.62,Critical
D0048,2026-01-21 21:30:00,34.25,83.38,Warning
D0019,2026-01-21 21:35:00,25.55,61.18,Critical
D0027,2026-01-21 21:40:00,32.27,,Critical
D0095,2026-01-21 21:45:00,23.93,78.74,Critical
D0070,2026-01-21 21:50:00,29.19,48.98,Critical
,2026-01-21 21:55:00,33.64,89.35,Warning
D0048,2026-01-21 22:00:00,31.77,57.63,Warning
D0099,2026-01-21 22:05:00,30.76,73.46,Normal
D0017,2026-01-21 22:10:00,29.45,71.8,Normal
D0030,2026-01-21 22:15:00,34.92,88.68,Warning
D0068,2026-01-21 22:20:00,27.15,39.16,Normal
D0031,2026-01-21 22:25:00,27.93,71.33,Critical
D0054,2026-01-21 22:30:00,29.17,38.23,Warning
D0015,2026-01-21 22:35:00,32.72,73.04,Warning
D0010,2026-01-21 22:40:00,27.28,46.35,Normal
D0064,2026-01-21 22:45:00,32.42,64.08,Normal
D0011,2026-01-21 22:50:00,30.79,80.6,Normal
D0096,2026-01-21 22:55:00,30.44,60.33,Warning
D0025,2026-01-21 23:00:00,29.06,81.29,Warning
D0002,2026-01-21 23:05:00,28.89,60.64,Critical
D0003,2026-01-21 23:10:00,26.16,46.4,Normal
D0025,2026-01-21 23:15:00,26.36,81.63,Normal
D0063,2026-01-21 23:20:00,22.79,55.67,
D0047,2026-01-21 23:25:00,29.21,67.5,Critical
D0089,2026-01-21 23:30:00,35.21,71.37,Warning
D0089,2026-01-21 23:35:00,26.41,42.52,Normal
D0007,2026-01-21 23:40:00,28.25,60.23,Normal
D0077,2026-01-21 23:45:00,26.53,61.4,Warning
D0083,2026-01-21 23:50:00,26.27,67.93,Critical
D0005,2026-01-21 23:55:00,25.12,88.75,Critical
D0047,2026-01-22 00:00:00,22.83,68.8,Warning
D0099,2026-01-22 00:05:00,30.32,59.33,Critical
D0017,2026-01-22 00:10:00,26.57,75.8,Warning
D0071,2026-01-22 00:15:00,28.67,61.11,Warning
D0078,2026-01-22 00:20:00,33.01,73.82,Normal
D0100,2026-01-22 00:25:00,34.14,52.38,Critical
D0004,2026-01-22 00:30:00,24.96,88.68,Normal
D0021,2026-01-22 00:35:00,high,72.02,Normal
D0059,2026-01-22 00:40:00,36.22,53.49,Critical
D0011,2026-01-22 00:45:00,28.94,64.46,Warning
D0040,2026-01-22 00:50:00,25.84,44.69,Warning
D0031,2026-01-22 00:55:00,30.21,68.49,Critical
D0029,2026-01-22 01:00:00,29.47,71.41,Critical
D0051,2026-01-22 01:05:00,36.26,86.26,Critical
D0002,2026-01-22 01:10:00,32.49,81.99,Critical
D0013,2026-01-22 01:15:00,33.65,55.72,Normal
D0015,2026-01-22 01:20:00,32.29,66.36,Critical
D0001,2026-01-22 01:25:00,22.88,49.71,Normal
D0078,2026-01-22 01:30:00,28.76,45.93,Warning
D0057,2026-01-22 01:35:00,30.02,45.63,Normal
D0019,2026-01-22 01:40:00,30.52,66.81,Warning
D0016,2026-01-22 01:45:00,31.89,60.52,Critical
D0045,2026-01-22 01:50:00,30.42,67.01,Critical
D0015,2026-01-22 01:55:00,31.2,74.16,Normal
D0086,2026-01-22 02:00:00,29.75,60.74,Warning
D0059,2026-01-22 02:05:00,22.34,53.57,Normal
D0084,2026-01-22 02:10:00,18.55,73.1,Critical
D0088,2026-01-22 02:15:00,31.19,52.81,Warning
D0018,2026-01-22 02:20:00,36.98,60.17,Normal
D0027,2026-01-22 02:25:00,31.95,35.44,Critical
D0072,2026-01-22 02:30:00,34.84,44.31,Warning
D0059,2026-01-22 02:35:00,27.15,35.92,Critical
D0066,2026-01-22 02:40:00,33.49,59.07,Warning
D0063,2026-01-22 02:45:00,27.58,70.25,Critical
D0012,2026-01-22 02:50:00,22.15,73.63,Warning
D0074,2026-01-22 02:55:00,29.63,36.7,Critical
D0099,2026-01-22 03:00:00,32.67,80.73,Warning
D0046,2026-01-22 03:05:00,27.23,58.64,Warning
D0070,2026-01-22 03:10:00,30.66,77.61,Critical
D0059,2026-01-22 03:15:00,31.09,52.46,Warning
D0052,2026-01-22 03:20:00,25.93,36.31,Critical
D0049,2026-01-22 03:25:00,27.12,87.73,Normal
D0068,2026-01-22 03:30:00,34.32,87.37,Warning
D0039,2026-01-22 03:35:00,28.8,62.61,Warning
D0036,2026-01-22 03:40:00,33.38,85.31,Critical
D0052,2026-01-22 03:45:00,24.22,-10,Normal
D0065,2026-01-22 03:50:00,34.89,64.58,Warning
D0091,2026-01-22 03:55:00,30.21,87.69,Warning
D0033,2026-01-22 04:00:00,28.02,59.91,Normal
D0053,2026-01-22 04:05:00,25.3,49.3,Critical
D0015,2026-01-22 04:10:00,26.73,65.21,Normal
D0022,2026-01-22 04:15:00,32.32,70.32,Critical
D0002,2026-01-22 04:20:00,32.34,39.53,Critical
D0058,2026-01-22 04:25:00,23.12,49.06,Normal
D0074,2026-01-22 04:30:00,27.55,41.62,Warning
D0019,2026-01-22 04:35:00,34.16,87.72,Critical
D0089,2026-01-22 04:40:00,24.16,48.96,Warning
D0027,2026-01-22 04:45:00,28.61,41.51,Critical
D0045,2026-01-22 04:50:00,24.75,62.82,Normal
D0043,2026-01-22 04:55:00,27.92,55.9,Warning
D0010,2026-01-22 05:00:00,24.35,55.84,Normal
D0051,2026-01-22 05:05:00,25.04,78.31,Normal
D0093,2026-01-22 05:10:00,25.91,59.43,Normal
D0084,2026-01-22 05:15:00,30.02,44.35,Warning
D0008,2026-01-22 05:20:00,28.95,86.63,Critical
D0018,2026-01-22 05:25:00,24.89,47.56,Warning
D0042,2026-01-22 05:30:00,26.95,76.98,Warning
D0016,2026-01-22 05:35:00,28.8,38.73,Warning
D0013,2026-01-22 05:40:00,28.76,42.67,Warning
D0072,2026-01-22 05:45:00,32.31,71.59,Critical
D0031,2026-01-22 05:50:00,,50.76,Normal
D0005,,29.77,48.71,Critical
D0008,2026-01-22 06:00:00,31.68,89.56,Normal
D0078,2026-01-22 06:05:00,31.49,36.11,Critical
D0038,2026-01-22 06:10:00,23.94,44.02,Normal
D0061,2026-01-22 06:15:00,31.14,47.76,Warning
D0088,2026-01-22 06:20:00,34.36,50.44,Warning
D0056,2026-01-22 06:25:00,28.15,89.64,Warning
D0021,2026-01-22 06:30:00,30.23,67.81,Critical
D0019,2026-01-22 06:35:00,28.56,57.84,Normal
D0024,2026-01-22 06:40:00,27.27,73.5,Warning
D0014,2026-01-22 06:45:00,26.32,81.28,Critical
D0044,2026-01-22 06:50:00,28.52,49.7,Warning
D0060,2026-01-22 06:55:00,29.01,84.22,Critical
D0040,2026-01-22 07:00:00,32.04,72.93,Warning
D0062,2026-01-22 07:05:00,29.51,77.85,Normal
D0065,2026-01-22 07:10:00,23.07,67.32,Normal
D0026,2026-01-22 07:15:00,33.19,50.96,Warning
D0064,2026-01-22 07:20:00,20.99,38.92,Critical
D0064,2026-01-22 07:25:00,21.3,62.0,Warning
D0054,2026-01-22 07:30:00,24.71,86.93,Warning
D0082,2026-01-22 07:35:00,24.14,51.11,Normal
D0043,2026-01-22 07:40:00,,71.65,Critical
D0062,2026-01-22 07:45:00,26.8,51.51,Warning
D0039,2026-01-22 07:50:00,29.85,69.14,Critical
D0025,2026-01-22 07:55:00,27.42,54.65,Warning
D0031,2026-01-22 08:00:00,33.83,38.77,Warning
D0080,2026-01-22 08:05:00,27.22,85.57,Critical
D0052,2026-01-22 08:10:00,21.85,63.76,Critical
D0026,2026-01-22 08:15:00,23.99,69.42,Critical
D0013,2026-01-22 08:20:00,26.87,59.51,Normal
D0072,2026-01-22 08:25:00,27.75,75.71,Normal
D0035,2026-01-22 08:30:00,unknown,46.82,Warning
D0029,2026-01-22 08:35:00,27.01,68.86,Normal
D0001,2026-01-22 08:40:00,22.75,70.56,Normal
D0037,2026-01-22 08:45:00,24.63,72.47,Normal
D0032,2026-01-22 08:50:00,31.4,70.15,Warning
D0068,2026-01-22 08:55:00,32.65,41.83,Critical
D0052,2026-01-22 09:00:00,27.19,62.49,Critical
D0001,2026-01-22 09:05:00,28.26,70.77,Warning
D0002,2026-01-22 09:10:00,33.5,57.99,Warning
D0052,2026-01-22 09:15:00,30.76,65.94,Warning
D0068,2026-01-22 09:20:00,26.49,42.34,Normal
D0072,2026-01-22 09:25:00,30.15,40.39,Normal
D0058,2026-01-22 09:30:00,31.24,74.36,Warning
D0015,2026-01-22 09:35:00,unknown,76.2,Critical
D0021,2026-01-22 09:40:00,34.6,50.56,Warning
D0001,2026-01-22 09:45:00,26.22,39.17,Critical
D0020,2026-01-22 09:50:00,30.12,89.0,Critical
D0017,2026-01-22 09:55:00,32.29,89.86,Normal
D0056,2026-01-22 10:00:00,30.45,37.28,Normal
D0013,2026-01-22 10:05:00,33.57,59.37,Critical
D0096,2026-01-22 10:10:00,27.09,76.82,Normal
D0041,2026-01-22 10:15:00,24.61,52.87,Warning
D0097,2026-01-22 10:20:00,37.04,77.01,Normal
D0029,2026-01-22 10:25:00,24.32,56.26,Normal
D0013,2026-01-22 10:30:00,30.64,82.59,Warning
D0088,2026-01-22 10:35:00,35.83,53.05,Critical
D0005,2026-01-22 10:40:00,25.12,44.13,Normal
D0067,2026-01-22 10:45:00,37.88,77.65,Warning
D0075,2026-01-22 10:50:00,24.89,56.11,Critical
D0065,2026-01-22 10:55:00,33.15,63.17,Warning
D0064,2026-01-22 11:00:00,30.96,69.36,Normal
D0066,2026-01-22 11:05:00,27.34,88.94,Warning
D0006,2026-01-22 11:10:00,27.5,45.31,Critical
D0038,2026-01-22 11:15:00,20.45,49.38,Warning
D0008,2026-01-22 11:20:00,20.6,82.19,Critical
D0024,2026-01-22 11:25:00,23.71,42.38,Normal
D0009,2026-01-22 11:30:00,30.68,60.67,Warning
D0012,2026-01-22 11:35:00,30.69,65.04,
D0031,2026-01-22 11:40:00,27.07,36.71,Critical
D0076,2026-01-22 11:45:00,38.75,72.8,Normal
D0055,2026-01-22 11:50:00,28.67,35.67,Normal
D0090,2026-01-22 11:55:00,32.23,57.1,Normal
D0002,2026-01-22 12:00:00,-999,38.6,Normal
D0080,2026-01-22 12:05:00,27.19,39.48,Warning
D0092,2026-01-22 12:10:00,34.36,68.8,Normal
D0086,2026-01-22 12:15:00,31.09,37.57,Critical
D0044,2026-01-22 12:20:00,28.15,51.78,Normal
D0031,2026-01-22 12:25:00,24.39,51.41,Critical
D0032,2026-01-22 12:30:00,34.29,,Critical
D0015,2026-01-22 12:35:00,28.76,51.33,Normal
D0044,2026-01-22 12:40:00,34.38,42.69,Warning
D0027,2026-01-22 12:45:00,20.58,81.66,Critical
D0057,2026-01-22 12:50:00,27.91,68.7,Warning
D0034,2026-01-22 12:55:00,25.54,76.56,Warning
D0055,2026-01-22 13:00:00,32.24,69.73,Critical
D0016,2026-01-22 13:05:00,24.39,38.23,Normal
D0043,2026-01-22 13:10:00,24.38,59.64,Normal
D0038,2026-01-22 13:15:00,28.1,67.06,Warning
D0099,2026-01-22 13:20:00,33.83,83.31,Critical
D0021,2026-01-22 13:25:00,23.55,41.9,Normal
D0058,2026-01-22 13:30:00,37.59,61.41,Normal
D0072,2026-01-22 13:35:00,32.12,40.86,Critical
D0005,2026-01-22 13:40:00,33.08,54.98,Normal
D0055,2026-01-22 13:45:00,27.36,82.82,Critical
D0026,2026-01-22 13:50:00,29.02,81.96,Critical
D0007,2026-01-22 13:55:00,30.22,76.02,Warning
D0031,2026-01-22 14:00:00,23.89,39.9,Critical
D0083,2026-01-22 14:05:00,24.26,86.66,Warning
D0087,2026-01-22 14:10:00,36.84,85.4,Warning
D0040,2026-01-22 14:15:00,30.35,38.36,Warning
D0081,2026-01-22 14:20:00,29.28,37.53,Critical
D0012,2026-01-22 14:25:00,29.61,76.09,Warning
D0076,2026-01-22 14:30:00,32.96,59.66,Normal
D0078,2026-01-22 14:35:00,24.59,41.0,Warning
D0029,2026-01-22 14:40:00,28.19,41.17,Warning
D0078,2026-01-22 14:45:00,26.2,50.04,Warning
D0004 ,2026-01-22 14:50:00,35.67,56.01,Warning
D0017,2026-01-22 14:55:00,27.18,51.54,Critical
D0073,2026-01-22 15:00:00,25.23,70.23,Normal
D0082,2026-01-22 15:05:00,31.01,62.76,Critical
D0100,2026-01-22 15:10:00,33.8,76.83,Normal
D0021,2026-01-22 15:15:00,27.16,85.19,Critical
D0043,2026-01-22 15:20:00,25.13,63.86,Normal
D0040,2026-01-22 15:25:00,33.5,69.82,Critical
D0012,2026-01-22 15:30:00,26.7,62.83,Normal
D0030,2026-01-22 15:35:00,25.71,72.82,Normal
D0055,2026-01-22 15:40:00,25.67,44.05,Warning
D0044,2026-01-22 15:45:00,27.71,81.86,Normal
D0048,2026-01-22 15:50:00,23.59,60.04,Warning
D0048,2026-01-22 15:55:00,29.5,38.3,Normal
D0030,2026-01-22 16:00:00,26.85,48.63,Critical
D0073,2026-01-22 16:05:00,35.93,38.48,Normal
D0015,2026-01-22 16:10:00,31.67,48.86,Normal
D0058,2026-01-22 16:15:00,29.7,47.07,Critical
D0036,2026-01-22 16:20:00,29.76,42.02,Warning
D0042,2026-01-22 16:25:00,28.91,76.31,Warning
D0010,2026-01-22 16:30:00,25.22,40.85,Critical
D0034,2026-01-22 16:35:00,28.45,59.04,Warning
D0027,2026-01-22 16:40:00,29.98,60.6,Normal
D0082,2026-01-22 16:45:00,37.48,71.26,Critical
D0053,2026-01-22 16:50:00,27.34,46.76,Warning
D0048,2026-01-22 16:55:00,29.36,48.27,Normal
D0081,2026-01-22 17:00:00,27.53,52.25,Critical
device-01,2026-01-22 17:05:00,37.42,76.64,Critical
D0002,2026-01-22 17:10:00,30.61,65.73,Normal
D0099,2026-01-22 17:15:00,27.06,47.57,Critical
D0003,2026-01-22 17:20:00,29.17,72.32,Normal
D0100,2026-01-22 17:25:00,24.81,47.35,Warning
D0066,2026-01-22 17:30:00,29.09,65.78,Critical
D0080,2026-01-22 17:35:00,25.39,81.57,Warning
D0088,2026-01-22 17:40:00,23.16,71.19,Critical
D0013,2026-01-22 17:45:00,28.46,47.98,Critical
D0022,2026-01-22 17:50:00,31.34,64.8,Normal
D0030,2026-01-22 17:55:00,27.28,47.32,Warning
D0011,2026-01-22 18:00:00,32.58,52.43,Normal
D0086,2026-01-22 18:05:00,26.51,50.64,Critical
D0083,2026-01-22 18:10:00,30.9,81.16,Critical
D0007,2026-01-22 18:15:00,30.15,52.46,Critical
D0045,2026-01-22 18:20:00,23.15,74.24,Critical
D0059,2026-01-22 18:25:00,28.43,81.98,Warning
D0065,2026-01-22 18:30:00,29.48,45.5,Normal
D0077,2026-01-22 18:35:00,30.86,42.67,Critical
D0056,2026-01-22 18:40:00,30.05,70.77,Normal
D0099,2026-01-22 18:45:00,28.02,66.19,Critical
D0018,2026-01-22 18:50:00,28.43,88.33,Warning
D0088,2026-01-22 18:55:00,27.22,82.27,Warning
D0008,2026-01-22 19:00:00,29.98,36.45,Warning
D0056,2026-01-22 19:05:00,29.34,62.42,Critical
D0021,2026-01-22 19:10:00,28.0,86.88,Warning
D0038,2026-01-22 19:15:00,29.06,84.18,Critical
D0027,2026-01-22 19:20:00,22.7,74.69,Warning
D0032,2026-01-22 19:25:00,29.88,51.86,Normal
D0041,2026-01-22 19:30:00,30.12,83.66,Normal
D0088,2026-01-22 19:35:00,26.62,75.92,Warning
D0042,2026-01-22 19:40:00,30.86,56.6,Critical
D0072,2026-01-22 19:45:00,25.0,77.14,Normal
D0012,2026-01-22 19:50:00,32.4,69.37,Warning
D0099,2026-01-22 19:55:00,27.58,57.83,Normal
D0055,2026-01-22 20:00:00,31.44,46.93,Critical
D0007,2026-01-22 20:05:00,28.0,73.84,Warning
D0080,2026-01-22 20:10:00,31.5,52.26,Normal
D0095,2026-01-22 20:15:00,28.11,37.05,Normal
D0050,2026-01-22 20:20:00,29.53,46.19,Critical
D0002,2026-01-22 20:25:00,25.77,46.64,Normal
D0083,2026-01-22 20:30:00,31.28,40.78,Critical
D0061,2026-01-22 20:35:00,23.11,80.39,Critical
D0046,2026-01-22 20:40:00,28.64,70.67,Warning
D0086,2026-01-22 20:45:00,28.01,78.12,Warning
D0047,2026-01-22 20:50:00,18.98,88.41,Warning
D0016,2026-01-22 20:55:00,28.32,58.8,Normal
D0012,2026-01-22 21:00:00,30.69,63.34,Normal
D0086,2026-01-22 21:05:00,37.8,39.1,Normal
D0085,2026-01-22 21:10:00,26.66,72.43,
D0044,2026-01-22 21:15:00,27.53,64.3,Critical
D0098,2026-01-22 21:20:00,33.94,87.17,Warning
D0048,2026-01-22 21:25:00,28.45,54.63,Warning
D0033,2026-01-22 21:30:00,31.57,46.89,Normal
D0094,2026-01-22 21:35:00,34.88,65.1,Normal
D0022,2026-01-22 21:40:00,36.36,40.99,Critical
D0039,2026-01-22 21:45:00,34.32,68.63,Warning
D0085,2026-01-22 21:50:00,32.14,86.34,Normal
D0045,2026-01-22 21:55:00,17.83,42.9,Normal
D0014,2026-01-22 22:00:00,24.6,63.75,Normal
D0077,2026-01-22 22:05:00,31.48,51.82,Normal
D0069,2026-01-22 22:10:00,26.18,70.56,Critical
D0084,2026-01-22 22:15:00,31.57,75.53,Warning
D0082,2026-01-22 22:20:00,33.54,80.28,Warning
D0065,2026-01-22 22:25:00,29.51,75.84,Normal
D0034,2026-01-22 22:30:00,28.99,68.54,Normal
D0061,2026-01-22 22:35:00,30.56,71.44,Critical
D0004 ,2026-01-22 22:40:00,27.31,86.47,Warning
D0030,2026-01-22 22:45:00,21.47,37.39,Critical
D0057,2026-01-22 22:50:00,30.54,55.57,Normal
D0098,2026-01-22 22:55:00,25.98,49.2,Critical
D0069,2026-01-22 23:00:00,34.79,53.08,Warning
D0031,2026-01-22 23:05:00,31.14,75.43,Critical
D0086,2026-01-22 23:10:00,27.56,89.29,Warning
D0026,2026-01-22 23:15:00,26.62,85.7,Warning
D0032,2026-01-22 23:20:00,38.61,52.73,Normal
D0019,2026-01-22 23:25:00,23.71,86.97,Normal
D0031,2026-01-22 23:30:00,29.68,35.61,Warning
D0098,2026-01-22 23:35:00,29.6,46.66,Normal
D0032,2026-01-22 23:40:00,31.47,68.9,Critical
D0002,2026-01-22 23:45:00,26.18,43.35,Normal
D0020,2026-01-22 23:50:00,18.9,67.69,Critical
D0087,2026-01-22 23:55:00,24.49,78.74,Normal
D0050,2026-01-23 00:00:00,25.85,66.04,Critical
D0023,2026-01-23 00:05:00,28.76,74.59,Normal
D0030,2026-01-23 00:10:00,29.51,80.48,Critical
D0039,2026-01-23 00:15:00,28.31,76.29,Normal
D0042,2026-01-23 00:20:00,23.83,80.49,Critical
D0099,2026-01-23 00:25:00,27.26,73.56,Warning
D0093,2026-01-23 00:30:00,21.43,56.7,Critical
D0084,2026-01-23 00:35:00,21.18,65.94,Normal
D0088,2026-01-23 00:40:00,27.62,62.24,Warning
D0058,2026-01-23 00:45:00,30.46,57.06,Critical
D0092,2026-01-23 00:50:00,27.6,61.37,Normal
D0022,2026-01-23 00:55:00,33.46,51.12,Critical
D0008,2026-01-23 01:00:00,33.0,51.26,Critical
D0087,2026-01-23 01:05:00,28.67,71.36,Normal
D0005,2026-01-23 01:10:00,32.57,59.25,Normal
,2026-01-23 01:15:00,28.48,60.83,Warning
D0001,2026-01-23 01:20:00,20.94,39.28,Warning
D0022,2026-01-23 01:25:00,22.63,49.86,Critical
D0002,2026-01-23 01:30:00,34.54,87.01,Normal
D0015,2026-01-23 01:35:00,29.01,75.07,Warning
D0024,2026-01-23 01:40:00,30.25,77.31,Critical
D0003,2026-01-23 01:45:00,31.87,60.89,Normal
D0095,2026-01-23 01:50:00,31.96,89.92,Critical
D0086,2026-01-23 01:55:00,26.35,82.65,Warning
D0057,2026-01-23 02:00:00,32.17,51.31,Warning
D0055,2026-01-23 02:05:00,29.09,41.18,Normal
D0053,2026-01-23 02:10:00,29.87,35.36,Normal
D0033,2026-01-23 02:15:00,28.62,77.61,Normal
D0005,2026-01-23 02:20:00,26.83,65.16,Warning
D0008,2026-01-23 02:25:00,27.63,47.9,Critical
D0090,2026-01-23 02:30:00,25.52,48.96,Warning
D0021,2026-01-23 02:35:00,22.08,68.03,Warning
D0066,2026-01-23 02:40:00,29.72,46.53,Normal
D0080,2026-01-23 02:45:00,28.32,39.72,Normal
D0095,2026-01-23 02:50:00,25.42,60.52,Normal
D0043,2026-01-23 02:55:00,32.37,79.91,Warning
D0002,2026-01-23 03:00:00,,66.96,Warning
D0080,2026-01-23 03:05:00,30.34,63.14,Critical
D0021,2026-01-23 03:10:00,36.61,86.13,Warning
D0054,2026-01-23 03:15:00,27.97,37.91,Critical
D0023,2026-01-23 03:20:00,33.04,N/A,Warning
D0029,2026-01-23 03:25:00,31.57,63.1,Critical
D0032,2026-01-23 03:30:00,29.93,75.83,Critical
D0028,2026-01-23 03:35:00,27.21,63.88,Normal
D0046,2026-01-23 03:40:00,31.82,86.51,Warning
D0080,2026-01-23 03:45:00,29.17,78.18,Normal
D0057,2026-01-23 03:50:00,27.85,73.04,Critical
D0091,2026-01-23 03:55:00,27.25,62.79,Critical
D0004,2026-01-23 04:00:00,26.62,78.58,Normal
D0012,2026-01-23 04:05:00,26.45,64.16,Normal
D0023,2026-01-23 04:10:00,30.62,64.39,Warning
D0092,2026-01-23 04:15:00,35.09,45.42,Critical
D0056,2026-01-23 04:20:00,24.13,82.13,Warning
D0015,2026-01-23 04:25:00,35.96,47.47,Normal
D0054,2026-01-23 04:30:00,33.48,71.49,Warning
D0091,2026-01-23 04:35:00,20.64,70.75,Normal
D0085,2026-01-23 04:40:00,28.58,60.57,Critical
D0024,2026-01-23 04:45:00,37.78,47.87,Normal
D0078,2026-01-23 04:50:00,25.51,45.59,Warning
D0013,2026-01-23 04:55:00,23.2,66.81,Normal
D0071,2026-01-23 05:00:00,,61.95,Normal
D0013,2026-01-23 05:05:00,25.07,85.83,Warning
D0003,2026-01-23 05:10:00,26.91,74.67,Normal
D0049,2026-01-23 05:15:00,27.43,44.77,Normal
D0004 ,2026-01-23 05:20:00,30.09,65.29,Normal
D0096,2026-01-23 05:25:00,27.05,52.34,Warning
D0089,2026-01-23 05:30:00,32.34,79.24,Warning
D0025,2026-01-23 05:35:00,27.88,79.8,Warning
D0055,2026-01-23 05:40:00,21.93,43.04,Critical
D0084,2026-01-23 05:45:00,26.59,63.41,Normal
D0035,2026-01-23 05:50:00,26.56,38.81,Warning
D0041,2026-01-23 05:55:00,33.12,62.0,Critical
D0093,2026-01-23 06:00:00,24.39,63.85,Warning
D0041,2026-01-23 06:05:00,32.85,85.05,Warning
D0023,2026-01-23 06:10:00,29.72,36.48,Warning
D0050,2026-01-23 06:15:00,33.99,61.07,Warning
D0009,2026-01-23 06:20:00,29.13,42.72,Warning
D0084,2026-01-23 06:25:00,22.96,55.84,Critical
D0042,2026-01-23 06:30:00,25.69,79.19,Normal
D0093,2026-01-23 06:35:00,31.44,79.88,Normal
D0091,2026-01-23 06:40:00,33.81,66.24,Warning
D0067,2026-01-23 06:45:00,23.55,69.75,Critical
D0100,2026-01-23 06:50:00,,71.37,Normal
D0004,2026-01-23 06:55:00,23.44,43.93,Normal
D0019,2026-01-23 07:00:00,32.67,67.01,Critical
D0015,2026-01-23 07:05:00,34.94,67.62,Warning
D0060,2026-01-23 07:10:00,37.26,57.71,Warning
D0055,2026-01-23 07:15:00,26.26,52.96,Warning
D0024,2026-01-23 07:20:00,29.63,39.44,Warning
 D0010,2026-01-23 07:25:00,31.85,47.37,Normal
D0002,2026-01-23 07:30:00,30.97,39.92,Normal
D0001,2026-01-23 07:35:00,31.39,69.67,Normal
D0079,2026-01-23 07:40:00,34.09,60.97,Normal
D0022,2026-01-23 07:45:00,29.65,81.31,Normal
D0018,2026-01-23 07:50:00,25.17,60.3,Warning
D0001,2026-01-23 07:55:00,28.13,56.52,Warning
D0076,2026-01-23 08:00:00,25.59,81.86,Warning
D0011,2026-01-23 08:05:00,35.69,60.03,Critical
D0068,2026-01-23 08:10:00,31.94,69.58,Normal
D0055,2026-01-23 08:15:00,30.51,37.5,Warning
D0012,2026-01-23 08:20:00,30.84,67.34,Critical
D0038,2026-01-23 08:25:00,24.72,42.92,Normal
D0055,2026-01-23 08:30:00,27.23,68.49,Normal
D0093,2026-01-23 08:35:00,26.89,75.94,Critical
D0079,2026-01-23 08:40:00,27.87,53.73,Warning
D0013,2026-01-23 08:45:00,32.96,63.5,Normal
D0088,2026-01-23 08:50:00,24.7,45.86,Normal
D0035,2026-01-23 08:55:00,29.4,39.2,Normal
D0039,2026-01-23 09:00:00,34.7,49.07,Normal
D0052,2026-01-23 09:05:00,24.96,81.11,Warning
D0070,2026-01-23 09:10:00,33.95,79.62,Critical
D0019,2026-01-23 09:15:00,25.94,73.64,Warning
D0058,2026-01-23 09:20:00,28.9,58.83,Warning
D0092,2026-01-23 09:25:00,30.32,56.14,Critical
D0036,2026-01-23 09:30:00,22.69,38.06,Critical
D0093,2026-01-23 09:35:00,22.71,85.46,Normal
D0051,2026-01-23 09:40:00,19.49,63.03,Warning
D0019,2026-01-23 09:45:00,31.91,43.79,Warning
D0037,2026-01-23 09:50:00,29.94,72.33,Warning
D0093,2026-01-23 09:55:00,27.01,66.43,Critical
D0079,2026-01-23 10:00:00,31.34,60.5,Normal
D0017,2026-01-23 10:05:00,16.47,77.58,Normal
D0003,2026-01-23 10:10:00,25.13,85.06,Normal
D0093,2026-01-23 10:15:00,24.75,57.51,Warning
D0051,2026-01-23 10:20:00,32.11,66.29,Normal
D0088,2026-01-23 10:25:00,23.73,83.76,Critical
D0013,2026-01-23 10:30:00,30.5,48.73,Critical
D0031,2026-01-23 10:35:00,33.8,54.76,Normal
d0004,2026-01-23 10:40:00,23.75,62.65,Warning
D0071,2026-01-23 10:45:00,31.07,86.35,Normal
D0086,2026-01-23 10:50:00,30.41,88.18,Critical
D0094,2026-01-23 10:55:00,31.09,85.28,Critical
D0025,2026-01-23 11:00:00,27.29,38.55,Normal
D0080,2026-01-23 11:05:00,30.41,77.67,Normal
D0030,2026-01-23 11:10:00,29.35,57.44,Warning
D0058,2026-01-23 11:15:00,27.52,83.03,Warning
D0028,2026-01-23 11:20:00,28.94,65.97,Critical
D0063,2026-01-23 11:25:00,27.51,76.36,Critical
D0085,2026-01-23 11:30:00,27.76,54.69,Normal
D0058,2026-01-23 11:35:00,33.85,41.09,Normal
D0037,2026-01-23 11:40:00,26.31,74.85,Critical
D0058,2026-01-23 11:45:00,26.14,88.11,Critical
D0028,2026-01-23 11:50:00,29.23,63.88,Critical
D0099,2026-01-23 11:55:00,36.78,52.0,Critical
D0054,2026-01-23 12:00:00,32.57,44.94,Critical
D0055,2026-01-23 12:05:00,28.7,36.49,Critical
D0004,2026-01-23 12:10:00,30.93,,Normal
D0077,2026-01-23 12:15:00,36.82,56.63,Warning
D0094,2026-01-23 12:20:00,26.03,55.62,Normal
D0054,2026-01-23 12:25:00,33.92,70.37,Critical
D0028,2026-01-23 12:30:00,28.25,49.39,Warning
D0003,2026-01-23 12:35:00,34.28,78.9,Normal
D0009,2026-01-23 12:40:00,26.11,66.86,Normal
D0097,2026-01-23 12:45:00,29.78,50.81,Normal
D0077,2026-01-23 12:50:00,,37.95,Warning
D0013,2026-01-23 12:55:00,20.85,87.96,Warning
D0010,2026-01-23 13:00:00,23.34,73.39,Warning
D0024,2026-01-23 13:05:00,unknown,36.35,Critical
D0028,2026-01-23 13:10:00,29.45,83.48,Critical
D0056,2026-01-23 13:15:00,24.76,63.68,Warning
D0069,2026-01-23 13:20:00,26.81,85.51,Normal
D0050,2026-01-23 13:25:00,34.69,37.65,Normal
D0084,2026-01-23 13:30:00,32.13,74.42,Critical
D0082,2026-01-23 13:35:00,29.42,54.7,Warning
D0100,2026-01-23 13:40:00,29.45,71.99,Critical
D0062,2026-01-23 13:45:00,30.23,41.51,Normal
D0060,2026-01-23 13:50:00,23.06,81.56,Normal
D0047,2026-01-23 13:55:00,35.97,38.29,Warning
D0014,2026-01-23 14:00:00,31.23,36.19,Critical
D0011,2026-01-23 14:05:00,29.53,86.47,Normal
D0058,2026-01-23 14:10:00,31.19,36.12,Critical
D0008,2026-01-23 14:15:00,29.46,77.2,Normal
D0100,2026-01-23 14:20:00,31.22,68.95,Critical
D0007,2026-01-23 14:25:00,33.93,70.67,Warning
,2026-01-23 14:30:00,28.34,63.38,Normal
D0058,2026-01-23 14:35:00,28.98,84.77,Critical
D0084,2026-01-23 14:40:00,21.97,75.32,Critical
D0094,2026-01-23 14:45:00,35.73,75.47,Warning
D0039,2026-01-23 14:50:00,22.9,43.19,Normal
D0088,2026-01-23 14:55:00,25.95,63.86,Warning
D0032,2026-01-23 15:00:00,31.18,200,Normal
D0034,2026-01-23 15:05:00,27.06,82.41,Normal
D0060,2026-01-23 15:10:00,27.09,36.31,Normal
D0009,2026-01-23 15:15:00,23.39,76.44,Warning
D0035,2026-01-23 15:20:00,27.8,57.53,
D0040,2026-01-23 15:25:00,31.68,49.05,Warning
D0049,2026-01-23 15:30:00,30.2,87.66,Critical
D0031,2026-01-23 15:35:00,29.3,68.27,Critical
D0088,2026-01-23 15:40:00,32.6,64.17,Critical
D0051,2026-01-23 15:45:00,27.29,89.09,Warning
D0021,2026-01-23 15:50:00,32.7,35.6,Normal
D0003,2026-01-23 15:55:00,34.72,56.04,Critical
D0034,2026-01-23 16:00:00,34.28,85.1,Warning
D0064,2026-01-23 16:05:00,29.59,81.73,Normal
D0007,2026-01-23 16:10:00,25.08,83.72,Critical
D0049,2026-01-23 16:15:00,29.03,89.7,Normal
D0062,2026-01-23 16:20:00,25.69,44.61,Normal
D0004,2026-01-23 16:25:00,28.31,84.41,Normal
,2026-01-23 16:30:00,26.47,44.26,Normal
D0015,2026-01-23 16:35:00,28.0,35.76,Critical
D0035,2026-01-23 16:40:00,39.43,38.5,Warning
D0052,2026-01-23 16:45:00,30.22,71.89,Critical
D0044,2026-01-23 16:50:00,21.68,85.87,Warning
D0001,2026-01-23 16:55:00,28.27,39.39,Critical
D0071,2026-01-23 17:00:00,32.01,77.29,Normal
D0044,2026-01-23 17:05:00,16.7,56.99,Warning
D0038,2026-01-23 17:10:00,28.22,37.84,Warning
D0092,2026-01-23 17:15:00,28.53,79.93,Warning
D0010,2026-01-23 17:20:00,30.68,82.99,Warning
D0017,2026-01-23 17:25:00,31.01,72.09,Warning
D0024,2026-01-23 17:30:00,20.88,85.92,Normal
D0035,2026-01-23 17:35:00,35.57,61.66,Normal
D0003,2026-01-23 17:40:00,31.17,65.32,Critical
D0088,2026-01-23 17:45:00,36.4,71.66,Warning
D0016,2026-01-23 17:50:00,37.89,87.25,Normal
D0048,2026-01-23 17:55:00,31.5,73.36,Critical
D0074,2026-01-23 18:00:00,31.97,54.64,Critical
D0008,2026-01-23 18:05:00,25.2,71.46,Warning
D0052,2026-01-23 18:10:00,29.68,39.24,Warning
D0056,2026-01-23 18:15:00,28.95,77.7,Normal
D0036,2026-01-23 18:20:00,28.41,62.03,Critical
D0086,2026-01-23 18:25:00,27.3,63.58,Normal
D0055,2026-01-23 18:30:00,31.39,83.53,Critical
D0007,2026-01-23 18:35:00,26.63,53.12,Critical
D0035,2026-01-23 18:40:00,34.88,72.76,Critical
D0027,2026-01-23 18:45:00,30.22,45.07,Critical
D0060,2026-01-23 18:50:00,30.41,63.01,Warning
D0096,2026-01-23 18:55:00,27.33,74.81,Critical
D0023,2026-01-23 19:00:00,26.22,62.56,Critical
D0089,2026-01-23 19:05:00,26.93,52.23,Critical
D0041,2026-01-23 19:10:00,35.18,52.9,Warning
D0033,not a timestamp,150,69.83,Critical
D0034,2026-01-23 19:20:00,N/A,86.64,Warning
D0004,2026-01-23 19:25:00,26.02,61.88,Critical
D0092,2026-01-23 19:30:00,25.55,72.69,Critical
D0001,,,74.56,Critical 
D0031,2026-01-23 19:40:00,29.78,71.67,Normal
D0065,2026-01-23 19:45:00,35.55,46.1,Critical
D0043,2026-01-23 19:50:00,33.42,48.8,Critical
D0080,2026-01-23 19:55:00,23.17,42.32,Critical
D0089,2026-01-23 20:00:00,26.53,52.99,Warning
D0039,2026-01-23 20:05:00,29.5,82.56,Warning
D0009,2026-01-23 20:10:00,31.92,40.39,Warning
D0031,2026-01-23 20:15:00,20.51,36.4,Normal
D0036,2026-01-23 20:20:00,27.23,61.0,Normal
D0089,2026-01-23 20:25:00,29.58,58.99,Normal
D0100,2026-01-23 20:30:00,27.12,71.61,Warning
D0039,2026-01-23 20:35:00,24.47,68.19,Warning
D0031,2026-01-23 20:40:00,34.29,120,Critical
D0004,2026-01-23 20:45:00,37.9,53.49,Normal
D0092,2026-01-23 20:50:00,30.57,68.66,Critical
D0079,2026-01-23 20:55:00,23.71,48.21,Normal
D0093,2026-01-23 21:00:00,34.23,85.97,Critical
D0096,2026-01-23 21:05:00,27.89,62.74,Critical
D0060,2026-01-23 21:10:00,24.25,53.85,Critical
D0056,2026-01-23 21:15:00,25.32,58.92,Warning
D0044,2026-01-23 21:20:00,31.17,51.24,Warning
D0013,2026-01-23 21:25:00,23.54,85.5,Normal
D0065,2026-01-23 21:30:00,33.88,36.2,Critical
D0031,2026-01-23 21:35:00,30.74,59.81,Critical
D0018,2026-01-23 21:40:00,30.53,76.92,Warning
D0075,2026-01-23 21:45:00,29.88,48.98,Warning
D0034,2026-01-23 21:50:00,33.08,41.74,Critical
D0060,2026-01-23 21:55:00,31.2,79.44,Critical
D0097,2026-01-23 22:00:00,25.83,56.17,Normal
D0099,2026-01-23 22:05:00,28.24,43.57,Critical
D0053,2026-01-23 22:10:00,24.57,68.93,Warning
D0084,2026-01-23 22:15:00,27.44,53.84,Warning
D0074,2026-01-23 22:20:00,24.22,38.63,Critical
D0050,2026-01-23 22:25:00,25.33,49.82,Critical
D0045,2026-01-23 22:30:00,24.14,75.16,Normal
D0058,2026-01-23 22:35:00,22.1,68.54,Critical
D0061,2026-01-23 22:40:00,28.85,61.67,Warning
D0058,2026-01-23 22:45:00,32.34,60.38,Normal
D0066,2026-01-23 22:50:00,24.81,66.13,Normal
D0072,2026-01-23 22:55:00,29.14,66.97,Critical
D0066,2026-01-23 23:00:00,27.49,82.71,Normal
D0020,2026-01-23 23:05:00,31.22,37.3,Warning
D0023,2026-01-23 23:10:00,24.68,69.32,Normal
D0014,2026-01-23 23:15:00,24.43,48.56,Critical
D0044,2026-01-23 23:20:00,24.08,87.39,Normal
D0082,2026-01-23 23:25:00,26.77,47.57,Normal
D0080,2026-01-23 23:30:00,25.91,69.48,
D0087,2026-01-23 23:35:00,31.24,37.38,Normal
D0093,2026-01-23 23:40:00,25.09,86.91,Critical
D0004,2026-01-23 23:45:00,30.11,82.04,Normal
D0010,2026-01-23 23:50:00,32.36,60.15,Warning
D0075,2026-01-23 23:55:00,29.5,67.32,Warning
D0009,2026-01-24 00:00:00,25.57,40.86,Warning
D0002,2026-01-24 00:05:00,32.86,49.66,Warning
D0039,2026-01-24 00:10:00,27.27,82.93,Warning
D0090,2026-01-24 00:15:00,26.71,47.5,Normal
D0059,2026-01-24 00:20:00,32.09,67.68,Critical
D0017,2026-01-24 00:25:00,26.18,84.1,Warning
D0084,2026-01-24 00:30:00,26.87,58.62,Critical
D0099,2026-01-24 00:35:00,31.26,81.81,Warning
D0028,2026-01-24 00:40:00,38.68,82.84,Critical
D0053,2026-01-24 00:45:00,28.59,72.73,Critical
D0092,2026-01-24 00:50:00,27.48,75.06,
D0020,2026-01-24 00:55:00,30.76,46.2,Normal
D0027,2026-01-24 01:00:00,29.21,73.07,Normal
D0063,2026-01-24 01:05:00,22.15,78.02,Warning
D0012,2026-01-24 01:10:00,27.85,59.27,Normal
D0042,2026-01-24 01:15:00,28.08,81.76,Critical
D0081,2026-01-24 01:20:00,26.98,46.24,Normal
D0084,2026-01-24 01:25:00,31.25,51.77,Normal
D0080,2026-01-24 01:30:00,24.13,84.36,Normal
D0007,2026-01-24 01:35:00,33.94,60.06,Normal
D0003,2026-01-24 01:40:00,28.07,88.64,Normal
D0043,2026-01-24 01:45:00,32.26,89.02,Normal
D0064,2026-01-24 01:50:00,30.83,77.28,Warning
,2026-01-24 01:55:00,29.39,82.48,Normal
D0091,2026-01-24 02:00:00,30.47,45.26,Warning
D0070,2026-01-24 02:05:00,26.21,86.16,Warning
D0052,2026-01-24 02:10:00,31.9,71.9,Normal
D0031,2026-01-24 02:15:00,33.58,62.84,Critical
D0084,2026-01-24 02:20:00,29.24,46.29,Warning
D0068,2026-01-24 02:25:00,23.97,56.12,Critical
D0073,2026-01-24 02:30:00,24.6,57.41,Warning
D0012,2026-01-24 02:35:00,24.2,59.31,Critical
D0038,2026-01-24 02:40:00,25.8,59.74,Critical
D0033,2026-01-24 02:45:00,28.71,41.23,Normal
D0078,2026-01-24 02:50:00,22.72,63.78,Normal
D0005,2026-01-24 02:55:00,28.8,35.88,Critical
D0100,2026-01-24 03:00:00,23.44,70.35,Normal
D0032,2026-01-24 03:05:00,24.69,45.87,Normal
D0005,2026-01-24 03:10:00,25.91,52.25,Critical
D0086,2026-01-24 03:15:00,30.52,35.72,Normal
D0085,2026-01-24 03:20:00,38.37,47.91,Warning
D0023,2026-01-24 03:25:00,19.08,43.03,Warning
D0090,2026-01-24 03:30:00,29.47,44.77,Normal
D0066,2026-01-24 03:35:00,30.01,73.21,Critical
D0020,2026-01-24 03:40:00,25.22,63.65,Warning
D0043,2026-01-24 03:45:00,24.69,52.12,Warning
D0016,2026-01-24 03:50:00,25.77,76.27,Warning
D0055,2026-01-24 03:55:00,34.4,47.46,Critical
D0093,2026-01-24 04:00:00,35.89,72.57,Normal
D0068,2026-01-24 04:05:00,27.29,43.84,Normal
D0013,2026-01-24 04:10:00,30.95,51.56,Critical
D0028,2026-01-24 04:15:00,21.1,86.78,Critical
D0054,2026-01-24 04:20:00,26.16,38.45,Warning
D0015,2026-01-24 04:25:00,34.46,74.72,Normal
D0025,2026-01-24 04:30:00,24.29,74.92,Normal
D0005,2026-01-24 04:35:00,20.26,66.16,Normal
D0002,2026-01-24 04:40:00,35.68,36.39,Critical
D0084,2026-01-24 04:45:00,25.9,82.42,Warning
D0094,2026-01-24 04:50:00,26.07,63.33,Normal
D0061,2026-01-24 04:55:00,32.33,81.88,Critical
D0012,2026-01-24 05:00:00,33.33,80.79,Warning
D0092,2026-01-24 05:05:00,35.97,48.7,Normal
D0051,2026-01-24 05:10:00,28.49,36.79,Warning
D0022,2026-01-24 05:15:00,29.02,61.49,Warning
D0010,2026-01-24 05:20:00,34.22,69.64,Warning
D0026,2026-01-24 05:25:00,26.15,56.64,Critical
D0068,2026-01-24 05:30:00,29.98,77.57,Normal
D0064,2026-01-24 05:35:00,31.31,74.99,Normal
D0006,2026-01-24 05:40:00,29.08,54.98,Warning
D0095,2026-01-24 05:45:00,31.12,84.06,Normal
D0064,2026-01-24 05:50:00,30.54,40.37,Warning
D0003,2026-01-24 05:55:00,34.07,47.07,Warning
D0075,2026-01-24 06:00:00,32.95,79.47,Critical
D0026,2026-01-24 06:05:00,26.32,43.74,Critical
D0001,2026-01-24 06:10:00,31.0,72.0,Critical
D0088,2026-01-24 06:15:00,29.09,73.6,Critical
D0032,2026-01-24 06:20:00,31.6,38.07,Critical
D0021,2026-01-24 06:25:00,26.83,49.19,Critical
D0093,2026-01-24 06:30:00,28.79,35.85,Normal
D0051,2026-01-24 06:35:00,32.31,86.6,Normal
D0083,2026-01-24 06:40:00,28.12,47.67,Critical
D0020,2026-01-24 06:45:00,26.92,43.78,Warning
D0092,2026-01-24 06:50:00,29.13,64.59,Warning
D0053,2026-01-24 06:55:00,27.61,53.51,Critical
D0014,2026-01-24 07:00:00,29.71,75.19,Warning
D0074,2026-01-24 07:05:00,25.12,86.61,Critical
D0013,2026-01-24 07:10:00,36.71,85.59,Critical
D0006,2026-01-24 07:15:00,27.63,58.04,Critical
D0059,2026-01-24 07:20:00,27.3,65.3,Normal
D0007,2026-01-24 07:25:00,30.73,63.33,Critical
D0026,2026-01-24 07:30:00,27.49,83.55,Warning
D0012,2026-01-24 07:35:00,23.79,79.71,Normal
D0047,2026-01-24 07:40:00,25.99,84.52,Critical
D0037,2026-01-24 07:45:00,30.46,62.09,Normal
D0004,2026-01-24 07:50:00,36.77,44.26,Critical
D0002,2026-01-24 07:55:00,24.97,71.4,Normal
D0074,2026-01-24 08:00:00,26.4,58.53,Warning
D0081,2026-01-24 08:05:00,33.9,41.63,Normal
D0093,2026-01-24 08:10:00,29.67,49.79,Normal
D0020,2026-01-24 08:15:00,21.66,54.11,Normal
D0015,2026-01-24 08:20:00,33.06,77.41,Warning
D0085,2026-01-24 08:25:00,32.04,55.75,Warning
D0099,2026-01-24 08:30:00,25.79,78.34,Normal
D0037,2026-01-24 08:35:00,high,52.7,Normal
D0051,2026-01-24 08:40:00,27.4,50.49,Warning
D0098,2026-01-24 08:45:00,25.15,83.99,Normal
D0025,2026-01-24 08:50:00,30.07,84.7,Warning
D0039,2026-01-24 08:55:00,36.12,73.23,Normal
D0092,2026-01-24 09:00:00,36.12,45.08,Warning
D0024,2026-01-24 09:05:00,25.87,81.98,Warning
D0093,2026-01-24 09:10:00,26.23,80.86,Critical
D0001,2026-01-24 09:15:00,27.68,56.51,Warning
D0041,2026-01-24 09:20:00,26.53,47.67,Warning
D0084,2026-01-24 09:25:00,24.5,63.84,Critical
D0073,2026-01-24 09:30:00,29.82,52.98,Normal
D0091,2026-01-24 09:35:00,35.75,83.46,Normal
D0083,2026-01-24 09:40:00,24.72,40.43,Critical
D0014,2026-01-24 09:45:00,23.19,59.16,Normal
D0095,2026-01-24 09:50:00,25.73,68.11,Critical
D0029,2026-01-24 09:55:00,27.88,57.23,Warning
D0014,2026-01-24 10:00:00,32.52,35.69,Normal
D0086,2026-01-24 10:05:00,17.82,56.98,Warning
D0067,2026-01-24 10:10:00,35.44,89.62,Warning
D0024,2026-01-24 10:15:00,33.4,89.93,Warning
D0076,2026-01-24 10:20:00,32.15,64.1,Critical
D0004,2026-01-24 10:25:00,27.27,78.65,Warning
D0085,2026-01-24 10:30:00,25.38,85.17,Critical
D0064,2026-01-24 10:35:00,30.87,57.84,Warning
D0039,2026-01-24 10:40:00,27.75,39.94,Critical
D0072,2026-01-24 10:45:00,26.7,65.54,Critical
D0078,2026-01-24 10:50:00,29.48,87.09,Critical
D0062,2026-01-24 10:55:00,26.95,89.16,Normal
D0100,2026-01-24 11:00:00,22.98,45.23,Normal
D0049,2026-01-24 11:05:00,27.08,70.06,Normal
D0058,2026-01-24 11:10:00,20.12,55.2,Warning
D0099,2026-01-24 11:15:00,26.69,68.06,Normal
D0020,2026-01-24 11:20:00,29.91,66.28,Warning
D0080,2026-01-24 11:25:00,28.11,54.81,Normal
D0041,2026-01-24 11:30:00,24.88,86.31,Normal
D0002,2026-01-24 11:35:00,26.39,58.51,Normal
D0052,2026-01-24 11:40:00,38.1,77.66,Warning
D0055,2026-01-24 11:45:00,27.95,70.85,Normal
D0034,2026-01-24 11:50:00,23.98,45.05,Normal
D0022,2026-01-24 11:55:00,33.8,67.25,Critical
D0093,2026-01-24 12:00:00,24.07,47.02,Normal
D0059,2026-01-24 12:05:00,27.55,47.78,Warning
D0086,2026-01-24 12:10:00,26.8,46.51,Critical
D0068,2026-01-24 12:15:00,33.52,74.33,Warning
D0085,2026-01-24 12:20:00,25.53,53.77,Normal
D0084,2026-01-24 12:25:00,28.9,51.57,Normal
D0002,2026-01-24 12:30:00,27.17,54.07,Normal
D0027,2026-01-24 12:35:00,34.24,87.39,Warning
D0071,2026-01-24 12:40:00,37.56,83.12,warning
D0042,2026-01-24 12:45:00,25.2,39.98,Normal
D0026,2026-01-24 12:50:00,29.36,46.99,Critical
D0085,2026-01-24 12:55:00,29.62,40.78,Normal
D0077,2026-01-24 13:00:00,28.14,49.73,Normal
D0019,2026-01-24 13:05:00,21.58,56.4,Warning
D0082,2026-01-24 13:10:00,26.32,85.4,Normal
D0028,2026-01-24 13:15:00,27.62,40.23,Warning
D0031,2026-01-24 13:20:00,unknown,56.44,Normal
D0063,2026-01-24 13:25:00,31.24,88.84,Warning
D0073,2026-01-24 13:30:00,24.77,67.48,Warning
D0059,2026-01-24 13:35:00,21.51,44.02,Warning
D0043,2026-01-24 13:40:00,26.85,87.94,Critical
D0042,2026-01-24 13:45:00,31.14,58.16,Critical
D0090,2026-01-24 13:50:00,26.51,40.37,Normal
D0038,2026-01-24 13:55:00,25.55,49.03,Normal
D0009,2026-01-24 14:00:00,23.77,71.19,Warning
D0024,2026-01-24 14:05:00,24.26,56.01,Normal
D0024,2026-01-24 14:10:00,26.88,84.02,Normal
D0100,2026-01-24 14:15:00,34.22,78.86,Warning
D0087,2026-01-24 14:20:00,27.91,50.05,Warning
D0057,2026-01-24 14:25:00,28.1,53.35,Critical
D0080,2026-01-24 14:30:00,24.26,67.96,Warning
D0044,2026-01-24 14:35:00,32.51,67.35,Warning
D0007,2026-01-24 14:40:00,30.35,41.11,Critical
D0100,2026-01-24 14:45:00,27.32,89.02,Warning
D0077,2026-01-24 14:50:00,32.85,45.8,Normal
D0067,2026-01-24 14:55:00,25.75,54.02,Critical
D0071,2026-01-24 15:00:00,24.6,88.2,Critical
D0018,2026-01-24 15:05:00,30.69,64.51,Warning
D0044,2026-01-24 15:10:00,26.24,39.1,Warning
D0069,2026-01-24 15:15:00,26.49,59.94,Normal
D0030,2026-01-24 15:20:00,29.74,53.44,Normal
D0051,2026-01-24 15:25:00,32.09,41.85,Normal
D0010,2026-01-24 15:30:00,23.62,45.16,Warning
D0061,2026-01-24 15:35:00,32.38,59.18,Critical
D0001,2026-01-24 15:40:00,23.8,89.99,Normal
D0057,2026-01-24 15:45:00,33.23,62.59,normal
D0070,2026-01-24 15:50:00,32.42,40.43,Warning
D0051,2026-01-24 15:55:00,26.25,65.25,Normal
D0089,2026-01-24 16:00:00,25.62,66.17,Normal
D0008,2026-01-24 16:05:00,27.65,72.19,Normal
D0007,2026-01-24 16:10:00,28.59,76.95,Warning
D0053,2026-01-24 16:15:00,23.41,49.23,Normal
D0035,2026-01-24 16:20:00,29.13,50.89,Normal
D0052,2026-01-24 16:25:00,29.32,44.07,Normal
D0081,2026-01-24 16:30:00,27.3,78.46,Critical
D0017,2026-01-24 16:35:00,35.22,40.65,Normal
D0073,2026-01-24 16:40:00,25.44,73.26,Critical
D0026,2026-01-24 16:45:00,26.04,37.33,Warning
D0057,2026-01-24 16:50:00,24.61,65.54,Normal
D0038,2026-01-24 16:55:00,21.92,89.51,Critical
D0079,2026-01-24 17:00:00,29.18,76.98,Warning
D0094,2026-01-24 17:05:00,36.12,73.65,Critical
D0040,2026-01-24 17:10:00,27.77,70.23,Warning
D0076,2026-01-24 17:15:00,36.02,49.3,Warning
D0035,2026-01-24 17:20:00,23.11,51.0,Critical
D0071,2026-01-24 17:25:00,28.81,75.22,Warning
D0073,2026-01-24 17:30:00,29.58,80.9,Normal
D0019,2026-01-24 17:35:00,31.57,47.28,Critical
D0016,2026-01-24 17:40:00,30.7,37.26,Normal
D0096,2026-01-24 17:45:00,27.16,85.55,Warning
D0083,2026-01-24 17:50:00,27.72,38.29,Warning
D0019,2026-01-24 17:55:00,30.29,67.32,Critical
D0073,2026-01-24 18:00:00,32.25,69.72,Normal
D0035,2026-01-24 18:05:00,26.31,45.01,Critical
D0065,2026-01-24 18:10:00,32.73,45.2,Normal
D0089,2026-01-24 18:15:00,30.89,37.03,Critical
D0010,2026-01-24 18:20:00,34.85,69.9,Warning
D0039,2026-01-24 18:25:00,33.31,42.97,Critical
D0010,2026-01-24 18:30:00,24.06,86.55,Normal
D0100,2026-01-24 18:35:00,29.39,48.95,Critical
D0016,2026-01-24 18:40:00,35.33,55.93,Warning
D0030,2026-01-24 18:45:00,30.02,75.89,Normal
D0057,2026-01-24 18:50:00,35.81,57.74,Critical
D0015,2026-01-24 18:55:00,unknown,77.8,Warning
D0032,2026-01-24 19:00:00,23.36,37.36,Normal
D0026,2026-01-24 19:05:00,24.76,88.36,Warning
D0056,2026-01-24 19:10:00,29.73,56.56,Critical
D0058,2026-01-24 19:15:00,22.83,62.05,Normal
D0025,2026-01-24 19:20:00,21.97,74.41,Critical
D0007,2026-01-24 19:25:00,33.27,61.28,Warning
D0027,2026-01-24 19:30:00,27.58,63.73,Warning
D0071,2026-01-24 19:35:00,29.94,57.04,Warning
D0043,2026-01-24 19:40:00,26.69,57.91,Critical
D0098,2026-01-24 19:45:00,32.22,52.05,Critical
D0021,2026-01-24 19:50:00,27.43,200,Warning
D0066,2026-01-24 19:55:00,20.37,67.07,Critical
D0096,2026-01-24 20:00:00,28.25,55.71,Normal
D0099,2026-01-24 20:05:00,27.9,39.37,Warning
D0100,2026-01-24 20:10:00,34.53,73.72,Warning
D0056,2026-01-24 20:15:00,34.96,46.28,Critical
D0071,2026-01-24 20:20:00,26.84,45.24,Warning
D0052,2026-01-24 20:25:00,33.62,52.23,Warning
D0004,2026-01-24 20:30:00,27.56,77.94,Warning
D0033,2026-01-24 20:35:00,21.28,66.88,Normal
D0083,2026-01-24 20:40:00,26.97,76.63,Critical
D0065,2026-01-24 20:45:00,26.09,87.05,Critical
D0041,2026-01-24 20:50:00,25.48,52.2,Warning
D0080,2026-01-24 20:55:00,28.72,85.66,Critical
D0057,2026-01-24 21:00:00,36.01,76.58,Warning
D0073,2026-01-24 21:05:00,24.87,47.68,Warning
D0095,2026-01-24 21:10:00,30.8,72.62,Warning
D0006,2026-01-24 21:15:00,34.16,52.04,Critical
D0043,2026-01-24 21:20:00,29.97,84.64,Normal
D0043,2026-01-24 21:25:00,28.4,79.99,Critical
D0041,2026-01-24 21:30:00,28.08,62.74,Critical
D0003,2026-01-24 21:35:00,28.65,85.06,Critical
D0094,2026-01-24 21:40:00,38.17,37.42,Warning
D0086,2026-01-24 21:45:00,28.06,42.33,Critical
D0052,2026-01-24 21:50:00,28.17,64.85,Critical
D0096,2026-01-24 21:55:00,30.9,54.56,Warning
D0039,2026-01-24 22:00:00,33.3,43.99,Warning
D0043,2026-01-24 22:05:00,34.11,57.25,Critical
D0041,2026-01-24 22:10:00,27.31,55.93,Warning
D0026,2026-01-24 22:15:00,25.91,44.88,Warning
D0042,2026-01-24 22:20:00,32.28,73.82,Normal
D0014,2026-01-24 22:25:00,28.81,73.51,Warning
D0042,2026-01-24 22:30:00,29.44,37.46,Warning
D0076,2026-01-24 22:35:00,33.33,49.6,Critical
D0032,2026-01-24 22:40:00,31.02,57.45,Warning
D0068,2026-01-24 22:45:00,31.58,67.04,Critical
D0019,2026-01-24 22:50:00,25.78,38.01,Warning
D0096,2026-01-24 22:55:00,33.78,,Critical
D0050,2026-01-24 23:00:00,21.07,49.68,Normal
D0093,2026-01-24 23:05:00,29.57,89.1,
D0070,2026-01-24 23:10:00,29.61,70.38,Normal
D0085,2026-01-24 23:15:00,32.13,69.17,Normal
D0085,2026-01-24 23:20:00,31.41,38.67,Normal
D0043,2026-01-24 23:25:00,30.59,54.47,Critical
D0043,2026-01-24 23:30:00,28.75,37.91,Warning
D0036,2026-01-24 23:35:00,32.02,56.51,Normal
D0053,2026-01-24 23:40:00,20.39,38.33,Critical
D0004,2026-01-24 23:45:00,29.26,63.96,Normal
D0048,2026-01-24 23:50:00,28.02,45.53,Normal
D0041,2026-01-24 23:55:00,29.91,59.67,Critical
D0010,2026-01-25 00:00:00,30.54,89.1,Critical
D0094,2026-01-25 00:05:00,34.67,86.39,Warning
D0016,2026-01-25 00:10:00,32.22,44.54,Normal
D0010,2026-01-25 00:15:00,25.76,38.19,Critical
D0066,2026-01-25 00:20:00,31.37,77.22,Warning
D0036,2026-01-25 00:25:00,27.68,80.49,Normal
D0086,2026-01-25 00:30:00,30.84,46.59,Critical
D0078,2026-01-25 00:35:00,30.95,61.89,Warning
D0051,2026-01-25 00:40:00,31.11,80.76,Critical
D0070,2026-01-25 00:45:00,33.12,52.22,Normal
D0083,2026-01-25 00:50:00,32.17,86.66,Critical
D0097,2026-01-25 00:55:00,30.45,40.93,Critical
D0087,2026-01-25 01:00:00,36.31,76.57,Critical
D0091,2026-01-25 01:05:00,32.73,56.99,Normal
D0009,2026-01-25 01:10:00,24.03,35.36,Critical
D0093,2026-01-25 01:15:00,24.1,74.89,Critical
D0048,2026-01-25 01:20:00,20.72,73.1,Warning
D0043,2026-01-25 01:25:00,28.25,58.82,Warning
D0043,2026-01-25 01:30:00,27.05,44.36,Warning
D0027,2026-01-25 01:35:00,20.76,45.24,Critical
D0094,2026-01-25 01:40:00,27.98,55.13,Normal
D0055,2026-01-25 01:45:00,31.74,73.14,Critical
D0077,2026-01-25 01:50:00,33.09,40.64,Normal
D0032,2026-01-25 01:55:00,25.29,54.35,Warning
D0003,2026-01-25 02:00:00,33.11,41.29,Normal
D0072,2026-01-25 02:05:00,24.61,55.63,Warning
D0080,2026-01-25 02:10:00,31.8,84.79,Warning
D0070,2026-01-25 02:15:00,26.03,84.96,Critical
D0002,2026-01-25 02:20:00,26.89,80.97,Normal
D0039,2026-01-25 02:25:00,33.45,46.62,Critical
D0030,2026-01-25 02:30:00,32.69,69.33,Critical
D0042,2026-01-25 02:35:00,30.14,75.93,Critical
D0030,2026-01-25 02:40:00,150,81.28,Critical
D0030,2026-01-25 02:45:00,30.83,85.4,Warning
D0099,2026-01-25 02:50:00,29.19,59.34,Normal
D0001,2026-01-25 02:55:00,25.31,53.3,Normal
D0042,2026-01-25 03:00:00,22.9,61.27,Warning
D0059,,34.91,55.52,Warning
D0072,2026-01-25 03:10:00,24.12,87.71,Warning
D0091,2026-01-25 03:15:00,28.35,76.83,Normal
D0006,2026-01-25 03:20:00,25.07,53.67,Warning
D0045,2026-01-25 03:25:00,28.34,62.69,Critical
D0012,2026-01-25 03:30:00,27.6,77.68,Warning
D0001,2026-01-25 03:35:00,26.22,71.64,Warning
D0028,2026-01-25 03:40:00,29.75,81.99,Warning
D0003,2026-01-25 03:45:00,34.47,40.47,Normal
D0035,2026-01-25 03:50:00,33.68,47.2,Warning
D0067,2026-01-25 03:55:00,27.27,55.77,Warning
D0044,2026-01-25 04:00:00,34.07,65.87,Critical
D0037,2026-01-25 04:05:00,30.28,39.49,Warning
D0094,2026-01-25 04:10:00,30.76,88.97,Normal
D0056,2026-01-25 04:15:00,40.08,81.97,Warning
D0009,2026-01-25 04:20:00,30.99,69.14,Critical
D0099,2026-01-25 04:25:00,27.1,65.65,Normal
D0090,2026-01-25 04:30:00,35.28,53.95,Warning
D0043,2026-01-25 04:35:00,28.8,79.67,Warning
D0085,2026-01-25 04:40:00,25.52,58.04,Critical
D0046,2026-01-25 04:45:00,27.3,85.94,Normal
D0029,2026-01-25 04:50:00,29.87,53.03,Warning
D0027,2026-01-25 04:55:00,30.15,82.67,Critical
D0065,2026-01-25 05:00:00,33.82,77.56,Normal
D0054,2026-01-25 05:05:00,34.19,74.62,Critical
D0081,2026-01-25 05:10:00,25.93,73.83,Normal
D0031,2026-01-25 05:15:00,23.52,53.55,Normal
D0035,2026-01-25 05:20:00,26.34,60.64,Critical
D0047,2026-01-25 05:25:00,31.03,87.41,Warning
D0069,2026-01-25 05:30:00,31.28,82.72,Critical
D0089,2026-01-25 05:35:00,29.47,88.13,Warning
D0026,2026-01-25 05:40:00,30.26,60.74,Warning
D0018,2026-01-25 05:45:00,33.53,43.4,Normal
D0099,2026-01-25 05:50:00,19.71,69.03,Normal
D0067,2026-01-25 05:55:00,31.1,49.42,Warning
D0091,2026-01-25 06:00:00,30.63,48.44,Warning
D0032,2026-01-25 06:05:00,31.06,72.86,Warning
D0089,2026-01-25 06:10:00,29.43,eighty,Warning
D0071,2026-01-25 06:15:00,25.09,88.21,Critical
D0090,2026-01-25 06:20:00,31.39,82.32,Normal
D0042,2026-01-25 06:25:00,20.7,73.51,Critical
D0003,2026-01-25 06:30:00,31.5,57.75,Critical
D0026,2026-01-25 06:35:00,26.27,75.93,Warning
D0072,2026-01-25 06:40:00,40.84,87.93,Critical
D0004,2026-01-25 06:45:00,31.22,78.08,Normal
D0034,2026-01-25 06:50:00,22.37,71.98,Warning
D0023,2026-01-25 06:55:00,36.77,56.29,Warning
D0047,2026-01-25 07:00:00,30.67,67.07,Critical
D0036,2026-01-25 07:05:00,31.14,52.16,Warning
d0004,2026-01-25 07:10:00,30.81,37.52,Normal
D0006,2026-01-25 07:15:00,26.62,81.89,Warning
D0057,2026-01-25 07:20:00,32.89,120,Warning
D0051,2026-01-25 07:25:00,26.81,52.49,Critical
D0006,2026-01-25 07:30:00,27.23,47.73,Critical
D0015,2026-01-25 07:35:00,33.4,88.69,Warning
D0014,2026-01-25 07:40:00,27.67,54.91,Warning
D0060,2026-01-25 07:45:00,28.49,36.21,Warning
,2026-01-25 07:50:00,27.11,50.48,Normal
D0005,2026-01-25 07:55:00,26.84,73.0,Critical
D0035,2026-01-25 08:00:00,26.0,65.25,Critical
D0090,2026-01-25 08:05:00,32.93,70.67,Critical
D0097,2026-01-25 08:10:00,22.52,67.52,Normal
D0003,2026-01-25 08:15:00,33.54,44.46,Critical
D0075,2026-01-25 08:20:00,24.36,74.21,Critical
D0004,2026-01-25 08:25:00,36.37,87.11,Critical
D0052,2026-01-25 08:30:00,34.58,65.38,Warning
D0030,2026-01-25 08:35:00,32.85,59.17,Warning
D0050,2026-01-25 08:40:00,27.59,64.36,Normal
D0068,2026-01-25 08:45:00,25.33,40.53,Critical
D0075,2026-01-25 08:50:00,32.43,74.97,Normal
D0090,2026-01-25 08:55:00,26.35,77.63,Normal
D0015,2026-01-25 09:00:00,30.18,47.37,Critical
D0052,2026-01-25 09:05:00,32.39,87.43,Normal
D0072,2026-01-25 09:10:00,30.21,60.11,Normal
D0025,2026-01-25 09:15:00,23.53,89.01,Critical
D0007,2026-01-25 09:20:00,30.8,37.43,Normal
D0008,2026-01-25 09:25:00,30.14,60.33,Normal
D0086,2026-01-25 09:30:00,19.76,72.04,Warning
D0020,2026-01-25 09:35:00,32.24,66.34,Normal
D0069,2026-01-25 09:40:00,26.05,67.45,Normal
D0018,2026-01-25 09:45:00,27.56,54.2,Normal
D0006,2026-01-25 09:50:00,26.7,85.74,Normal
D0054,2026-01-25 09:55:00,23.95,56.69,Normal
D0009,2026-01-25 10:00:00,34.89,66.66,Normal
D0070,2026-01-25 10:05:00,30.37,73.23,Critical
D0074,2026-01-25 10:10:00,18.05,52.85,Warning
D0021,2026-01-25 10:15:00,25.91,44.11,Warning
D0095,2026-01-25 10:20:00,32.16,60.82,Warning
D0080,2026-01-25 10:25:00,29.42,70.27,Warning
D0055,2026-01-25 10:30:00,30.52,66.92,Critical
D0055,2026-01-25 10:35:00,27.23,67.91,Critical
D0080,2026-01-25 10:40:00,29.55,55.43,Warning
D0087,2026-01-25 10:45:00,30.2,63.17,Warning
D0055,2026-01-25 10:50:00,28.49,82.5,Warning
D0085,2026-01-25 10:55:00,30.25,69.58,Critical
D0014,2026-01-25 11:00:00,32.23,50.65,Normal
D0037,2026-01-25 11:05:00,25.45,81.3,Critical
D0014,2026-01-25 11:10:00,26.3,49.37,Normal
D0099,2026-01-25 11:15:00,32.86,70.98,Normal
D0069,2026-01-25 11:20:00,30.36,57.75,Normal
D0008,2026-01-25 11:25:00,,48.08,Critical
D0044,2026-01-25 11:30:00,29.28,67.87,Normal
D0073,2026-01-25 11:35:00,150,68.54,Warning
D0074,2026-01-25 11:40:00,36.22,80.19,Normal
D0084,2026-01-25 11:45:00,29.14,48.45,Normal
D0025,2026-01-25 11:50:00,34.67,35.7,Normal
D0008,2026-01-25 11:55:00,31.08,,Warning
D0039,2026-01-25 12:00:00,31.96,81.57,Critical
D0005,2026-01-25 12:05:00,31.2,52.4,Normal
D0016,2026-01-25 12:10:00,29.29,35.3,Critical
D0078,2026-01-25 12:15:00,23.69,56.34,Normal
D0009,2026-01-25 12:20:00,30.04,47.77,Warning
D0028,2026-01-25 12:25:00,20.13,83.84,Normal
D0079,2026-01-25 12:30:00,23.02,79.87,Critical
D0074,2026-01-25 12:35:00,34.52,74.61,Critical
D0024,2026-01-25 12:40:00,28.55,37.15,Normal
D0010,2026-01-25 12:45:00,28.38,77.37,Critical
D0013,2026-01-25 12:50:00,24.17,40.47,Warning
D0019,2026-01-25 12:55:00,27.71,76.22,Critical
D0078,2026-01-25 13:00:00,32.19,56.06,Normal
D0078,2026-01-25 13:05:00,26.92,51.05,Normal
D0067,2026-01-25 13:10:00,21.8,53.05,Warning
D0037,2026-01-25 13:15:00,28.56,83.17,Warning
D0081,2026-01-25 13:20:00,26.95,59.94,Critical
D0048,2026-01-25 13:25:00,34.1,64.64,Critical
D0065,2026-01-25 13:30:00,23.01,67.01,Warning
D0018,2026-01-25 13:35:00,37.26,45.99,Warning
D0021,2026-01-25 13:40:00,27.13,,Warning
D0051,2026-01-25 13:45:00,30.09,73.39,Critical
D0007,2026-01-25 13:50:00,26.53,54.64,Critical
D0073,2026-25-01 12:00:00,32.34,82.54,Critical
D0035,2026-01-25 14:00:00,28.1,83.5,Critical
D0047,2026-01-25 14:05:00,24.45,78.98,Warning
D0002,2026-01-25 14:10:00,27.29,42.26,Normal
D0026,2026-01-25 14:15:00,27.62,45.12,Warning
D0078,01/32/2026 10:00,35.4,67.32,Critical
D0063,2026-01-25 14:25:00,23.58,40.6,Warning
D0030,2026-01-25 14:30:00,32.55,78.97,Warning
D0099,2026-01-25 14:35:00,30.81,86.2,Normal
D0042,2026-01-25 14:40:00,24.17,61.47,Normal
D0070,2026-01-25 14:45:00,20.36,41.43,Critical
D0070,2026-01-25 14:50:00,21.83,52.01,Warning
D0086,2026-01-25 14:55:00,27.92,40.57,Warning
D0021,2026-01-25 15:00:00,N/A,58.64,Critical
D0031,2026-01-25 15:05:00,20.66,44.71,Normal
D0085,2026-01-25 15:10:00,26.31,44.64,Critical
D0016,2026-01-25 15:15:00,29.4,69.95,Warning
D0022,2026-01-25 15:20:00,37.07,74.54,Normal
D0087,2026-01-25 15:25:00,28.89,51.8,Critical
D0049,2026-01-25 15:30:00,25.21,56.39,Critical
D0085,2026-01-25 15:35:00,29.6,48.46,Normal
D0069,2026-01-25 15:40:00,28.19,77.11,Warning
D0026,2026-01-25 15:45:00,23.65,74.94,Normal
D0024,2026-01-25 15:50:00,34.31,75.53,Normal
D0002,2026-01-25 15:55:00,31.35,60.5,Warning
D0036,2026-01-25 16:00:00,31.32,36.04,Normal
D0075,2026-01-25 16:05:00,29.08,67.58,Normal
D0011,2026-01-25 16:10:00,25.8,47.03,Warning
D0013,2026-01-25 16:15:00,29.46,88.16,Warning
D0051,2026-01-25 16:20:00,32.29,83.19,Critical
D0025,2026-01-25 16:25:00,28.76,48.69,Normal
D0053,2026-01-25 16:30:00,32.26,54.45,Normal
D0097,2026-01-25 16:35:00,20.2,45.41,Normal
D0098,2026-01-25 16:40:00,25.46,83.54,Warning
D0065,2026-01-25 16:45:00,27.81,81.37,Warning
D0083,2026-01-25 16:50:00,27.34,35.28,Critical
D0009,2026-01-25 16:55:00,27.6,65.31,Critical
D0018,2026-01-25 17:00:00,30.13,43.06,Normal
D0002,2026-01-25 17:05:00,32.52,46.47,Critical
D0077,2026-01-25 17:10:00,35.37,58.92,Critical
D0078,2026-01-25 17:15:00,28.73,49.54,Warning
D0059,2026-01-25 17:20:00,31.5,65.71,Critical
D0017,2026-01-25 17:25:00,27.16,64.19,Warning
D0036,2026-01-25 17:30:00,26.98,73.34,Warning
D0063,2026-01-25 17:35:00,30.41,41.77,Normal
D0082,2026-01-25 17:40:00,22.4,36.92,Normal
D0004 ,2026-01-25 17:45:00,28.81,73.87,Warning
D0092,2026-01-25 17:50:00,24.0,45.45,Normal
D0003,2026-01-25 17:55:00,18.58,77.38,Warning
D0003,2026-01-25 18:00:00,31.83,70.6,Warning
D0023,2026-01-25 18:05:00,24.44,70.02,Warning
D0094,2026-01-25 18:10:00,31.31,61.56,Normal
D0045,2026-01-25 18:15:00,37.5,42.25,Normal
D0004,2026-01-25 18:20:00,28.16,54.31,Normal
D0054,2026-01-25 18:25:00,22.93,57.84,Normal
D0056,2026-01-25 18:30:00,31.16,72.69,Normal
D0099,2026-01-25 18:35:00,32.14,38.78,Normal
D0039,2026-01-25 18:40:00,32.63,81.53,Warning
D0039,2026-01-25 18:45:00,27.28,74.37,Warning
D0022,2026-01-25 18:50:00,36.25,83.68,Normal
D0026,2026-01-25 18:55:00,32.2,59.6,Warning
D0029,2026-01-25 19:00:00,30.22,54.07,Critical
D0099,2026-01-25 19:05:00,27.73,57.65,Warning
D0024,2026-01-25 19:10:00,36.56,51.03,Critical
D0020,2026-01-25 19:15:00,32.54,47.06,Critical
D0034,2026-01-25 19:20:00,32.76,86.64,Warning
D0088,2026-01-25 19:25:00,30.79,86.78,Normal
device-01,2026-01-25 19:30:00,37.66,43.56,Critical
D0031,2026-01-25 19:35:00,26.72,56.25,Critical
D0005,2026-01-25 19:40:00,21.67,89.32,Normal
D0049,2026-01-25 19:45:00,31.85,46.75,Normal
D0048,2026-01-25 19:50:00,27.32,68.17,
D0090,2026-01-25 19:55:00,23.31,48.75,Critical
D0028,2026-01-25 20:00:00,35.23,56.91,Critical
D0034,2026-01-25 20:05:00,36.05,47.9,Warning
D0059,2026-01-25 20:10:00,19.6,62.96,Critical
D0073,2026-01-25 20:15:00,32.44,48.57,Normal
D0018,2026-01-25 20:20:00,31.32,64.22,Normal
D0074,2026-01-25 20:25:00,29.11,78.01,Warning
D0029,2026-01-25 20:30:00,28.11,55.82,Critical
D0072,2026-01-25 20:35:00,23.16,82.45,Warning
D0001,2026-01-25 20:40:00,high,40.24,Normal
D0016,2026-01-25 20:45:00,33.09,48.2,Normal
D0063,2026-01-25 20:50:00,26.71,72.81,Warning
D0071,2026-01-25 20:55:00,24.42,55.62,Critical
D0050,2026-01-25 21:00:00,29.28,75.98,Warning
D0042,2026-01-25 21:05:00,30.52,76.55,Warning
D0065,2026-01-25 21:10:00,28.69,60.59,Warning
D0080,2026-01-25 21:15:00,26.1,77.47,Warning
D0085,2026-01-25 21:20:00,23.41,63.5,Normal
D0090,2026-01-25 21:25:00,24.53,62.04,Warning
D0081,2026-01-25 21:30:00,24.03,69.92,Normal
D0099,2026-01-25 21:35:00,30.16,72.89,Normal
D0061,2026-01-25 21:40:00,35.67,67.77,Normal
D0008,2026-01-25 21:45:00,34.46,46.38,Critical
D0088,2026-01-25 21:50:00,30.16,57.95,Warning
D0077,2026-01-25 21:55:00,31.77,86.11,Normal
D0080,2026-01-25 22:00:00,27.6,75.94,Normal
D0016,2026-01-25 22:05:00,28.86,79.08,Critical
D0018,2026-01-25 22:10:00,27.02,63.07,
D0050,2026-01-25 22:15:00,35.74,59.63,Warning
D0033,2026-01-25 22:20:00,34.77,41.97,Critical
D0025,2026-01-25 22:25:00,34.67,48.65,Critical
D0073,2026-01-25 22:30:00,30.12,70.63,Critical
D0033,2026-01-25 22:35:00,25.67,69.73,Warning
D0025,2026-01-25 22:40:00,25.95,45.0,Warning
D0015,2026-01-25 22:45:00,32.53,61.99,Normal
D0087,2026-01-25 22:50:00,28.23,50.37,Critical
D0043,2026-01-25 22:55:00,32.92,84.66,Critical
D0074,2026-01-25 23:00:00,24.93,44.79,Warning
D0004,2026-01-25 23:05:00,30.36,82.02,Warning
D0080,2026-01-25 23:10:00,19.82,66.29,Warning
D0062,2026-01-25 23:15:00,21.95,71.5,Critical
D0041,2026-01-25 23:20:00,25.67,48.92,Normal
D0062,2026-01-25 23:25:00,32.75,49.51,Critical
D0008,2026-01-25 23:30:00,28.38,41.41,Critical
D0038,2026-01-25 23:35:00,22.2,62.12,Normal
D0094,2026-01-25 23:40:00,37.63,60.93,Normal
D0097,2026-01-25 23:45:00,32.48,42.09,Warning
D0023,2026-01-25 23:50:00,29.96,88.18,Critical
D0020,2026-01-25 23:55:00,31.1,61.65,Warning
D0092,2026-01-26 00:00:00,28.53,48.77,Normal
D0003,2026-01-26 00:05:00,28.46,,Warning
D0045,2026-01-26 00:10:00,29.64,87.55,Critical
D0023,2026-01-26 00:15:00,31.4,62.65,Critical
D0029,2026-01-26 00:20:00,25.86,76.92,warning
D0047,2026-01-26 00:25:00,26.8,75.73,Normal
D0019,2026-01-26 00:30:00,29.83,45.05,Warning
D0055,2026-01-26 00:35:00,26.37,86.35,
D0010,2026-01-26 00:40:00,26.45,36.87,Normal
D0027,2026-01-26 00:45:00,29.27,53.04,Warning
D0020,2026-01-26 00:50:00,37.35,36.58,Normal
D0017,2026-01-26 00:55:00,31.92,40.25,Warning
D0049,2026-01-26 01:00:00,32.01,86.2,Normal
D0078,2026-01-26 01:05:00,29.92,eighty,Critical
D0014,2026-01-26 01:10:00,25.34,61.7,Critical
D0095,2026-01-26 01:15:00,26.94,73.45,Critical
D0040,2026-01-26 01:20:00,26.73,42.92,Normal
D0056,2026-01-26 01:25:00,21.43,73.56,Critical
D0092,2026-01-26 01:30:00,27.58,45.93,Warning
D0001,2026-01-26 01:35:00,32.66,82.56,Normal
D0097,2026-01-26 01:40:00,32.11,52.14,
D0090,2026-01-26 01:45:00,26.07,88.62,Critical
D0003,2026-01-26 01:50:00,25.5,35.86,Warning
D0014,2026-01-26 01:55:00,32.35,63.76,Warning
D0051,2026-01-26 02:00:00,29.67,86.75,Normal
D0093,2026-01-26 02:05:00,24.09,49.38,Normal
D0057,2026-01-26 02:10:00,32.6,71.17,Normal
D0047,2026-01-26 02:15:00,31.16,49.12,Normal
D0059,2026-01-26 02:20:00,31.48,45.45,Warning
D0071,2026-01-26 02:25:00,26.35,63.95,Critical
D0013,2026-01-26 02:30:00,27.61,47.02,Critical
D0040,2026-01-26 02:35:00,29.19,79.35,Normal
D0025,2026-01-26 02:40:00,31.47,55.13,Critical
D0028,2026-01-26 02:45:00,27.81,81.74,Critical
D0085,2026-01-26 02:50:00,33.33,61.58,Critical
D0071,2026-01-26 02:55:00,22.99,44.78,Warning
D0078,2026-01-26 03:00:00,26.14,39.53,Warning
D0017,2026-01-26 03:05:00,26.51,81.14,Critical
D0042,2026-01-26 03:10:00,27.1,73.23,Normal
D0098,2026-01-26 03:15:00,30.23,41.27,Normal
D0052,2026-01-26 03:20:00,24.47,48.65,Warning
 D0010,2026-01-26 03:25:00,29.4,60.85,Critical
D0087,2026-01-26 03:30:00,30.53,52.94,Critical
D0022,2026-01-26 03:35:00,34.85,83.91,Critical
D0029,2026-01-26 03:40:00,30.72,66.37,Critical
D0021,2026-01-26 03:45:00,35.13,86.38,Critical
D0011,2026-01-26 03:50:00,27.15,73.16,Critical
D0033,2026-01-26 03:55:00,32.4,65.54,Normal
D0086,2026-01-26 04:00:00,25.45,66.22,Warning
D0049,2026-01-26 04:05:00,20.9,70.01,Normal
D0008,2026-01-26 04:10:00,30.78,64.21,Warning
D0019,2026-01-26 04:15:00,27.81,45.17,Warning
D0035,2026-01-26 04:20:00,23.07,60.83,Critical
D0014,2026-01-26 04:25:00,32.01,73.18,Normal
D0080,2026-01-26 04:30:00,22.21,38.12,Normal
D0097,2026-01-26 04:35:00,27.84,81.35,Critical
D0060,2026-01-26 04:40:00,31.26,78.01,Normal
D0050,2026-01-26 04:45:00,32.49,46.37,Warning
D0066,2026-01-26 04:50:00,27.56,56.34,Critical
D0098,2026-01-26 04:55:00,33.52,48.74,Normal
D0044,2026-01-26 05:00:00,,57.94,Critical
D0065,2026-01-26 05:05:00,28.31,52.55,Normal
D0082,2026-01-26 05:10:00,27.82,50.62,Warning
D0059,2026-01-26 05:15:00,28.74,38.15,Critical
D0086,2026-01-26 05:20:00,30.42,80.15,Normal
D0066,2026-01-26 05:25:00,31.79,65.84,Critical
D0040,2026-01-26 05:30:00,30.45,71.17,Warning
D0039,2026-01-26 05:35:00,25.74,52.61,Normal
D0065,2026-01-26 05:40:00,33.96,40.67,Warning
D0080,2026-01-26 05:45:00,27.84,76.62,Warning
D0016,2026-01-26 05:50:00,31.59,74.32,Normal
D0006,2026-01-26 05:55:00,32.53,57.81,Normal
D0001,2026-01-26 06:00:00,26.9,52.84,Normal
D0045,2026-01-26 06:05:00,32.78,73.02,Normal
D0070,2026-01-26 06:10:00,29.27,73.14,Warning
D0066,2026-01-26 06:15:00,31.23,78.28,Critical
D0045,2026-01-26 06:20:00,28.9,62.36,Critical
D0060,2026-01-26 06:25:00,33.17,69.16,Normal
D0086,2026-01-26 06:30:00,35.0,52.11,Normal
D0061,2026-01-26 06:35:00,25.73,74.67,Normal
D0068,2026-01-26 06:40:00,20.28,62.81,Normal
D0033,2026-01-26 06:45:00,29.4,49.32,
D0032,2026-01-26 06:50:00,24.25,36.1,Warning
D0011,2026-01-26 06:55:00,22.6,88.88,Normal
D0052,2026-01-26 07:00:00,33.37,59.59,Warning
D0074,2026-01-26 07:05:00,32.37,45.98,Critical
D0049,2026-01-26 07:10:00,37.47,63.96,Warning
D0034,2026-01-26 07:15:00,33.01,70.96,Critical
D0029,2026-01-26 07:20:00,32.32,80.76,Critical
D0042,2026-01-26 07:25:00,21.82,74.24,Critical
D0057,2026-01-26 07:30:00,33.21,47.48,Warning
D0023,2026-01-26 07:35:00,24.69,71.25,Warning
D0098,2026-01-26 07:40:00,34.6,41.24,Normal
D0087,2026-01-26 07:45:00,24.23,47.12,Critical
D0053,2026-01-26 07:50:00,unknown,59.54,Warning
D0071,2026-01-26 07:55:00,28.92,58.42,Normal
D0084,2026-01-26 08:00:00,30.48,38.91,Warning
D0080,2026-01-26 08:05:00,27.29,47.6,Normal
D0063,2026-01-26 08:10:00,29.16,63.16,Normal
D0055,2026-01-26 08:15:00,34.57,53.94,Critical
D0058,2026-01-26 08:20:00,33.85,81.39,Normal
D0080,2026-01-26 08:25:00,28.09,73.22,Normal
D0083,not a timestamp,36.26,,Critical
D0044,2026-01-26 08:35:00,22.72,87.36,Normal
D0010,2026-01-26 08:40:00,30.2,,Warning
D0049,2026-01-26 08:45:00,23.36,58.31,Warning
D0094,2026-01-26 08:50:00,31.97,47.91,Warning
D0080,2026-01-26 08:55:00,24.31,39.19,Critical
D0068,2026-01-26 09:00:00,31.11,36.13,Warning
D0092,2026-01-26 09:05:00,27.48,38.99,Warning
D0025,2026-01-26 09:10:00,32.56,49.3,Normal
D0080,2026-01-26 09:15:00,30.55,47.19,Critical
D0071,2026-01-26 09:20:00,26.47,52.99,Warning
D0082,2026-01-26 09:25:00,32.1,56.31,Critical
D0058,2026-01-26 09:30:00,36.65,44.91,Critical
D0026,2026-01-26 09:35:00,24.28,47.35,Normal
D0084,2026-01-26 09:40:00,29.51,76.46,Normal
D0097,2026-01-26 09:45:00,31.31,42.85,Critical
 D0010,2026-01-26 09:50:00,26.79,80.21,Critical
D0028,2026-01-26 09:55:00,26.27,53.91,Normal
D0064,2026-01-26 10:00:00,27.05,76.56,Warning
D0085,2026-01-26 10:05:00,37.52,79.68,Normal
D0083,2026-01-26 10:10:00,25.76,56.8,Normal
D0067,2026-01-26 10:15:00,24.12,66.27,Normal
D0060,2026-01-26 10:20:00,26.1,77.72,Warning
D0023,2026-01-26 10:25:00,29.3,42.59,Warning
D0089,2026-01-26 10:30:00,30.96,84.31,
D0096,2026-01-26 10:35:00,30.33,43.35,Warning
D0044,2026-01-26 10:40:00,23.67,89.2,Normal
D0030,2026-01-26 10:45:00,35.63,79.79,Critical
D0051,2026-01-26 10:50:00,33.31,70.61,Normal
D0093,2026-01-26 10:55:00,,-10,Normal
D0075,2026-01-26 11:00:00,34.31,52.37,Normal
D0045,2026-01-26 11:05:00,22.81,37.81,Warning
D0034,2026-01-26 11:10:00,27.56,64.97,Warning
D0090,2026-01-26 11:15:00,28.51,63.23,Critical
D0008,2026-01-26 11:20:00,32.66,60.99,Warning
D0065,2026-01-26 11:25:00,29.89,89.09,Warning
D0046,2026-01-26 11:30:00,31.22,85.93,Critical
D0021,2026-01-26 11:35:00,33.3,66.28,Warning
D0005,2026-01-26 11:40:00,23.26,74.42,Warning
D0055,,29.13,63.28,Normal
D0095,2026-01-26 11:50:00,24.49,85.94,Critical
D0023,2026-01-26 11:55:00,22.99,88.18,Warning
D0018,2026-01-26 12:00:00,26.59,83.03,Normal
D0042,2026-01-26 12:05:00,34.87,58.12,Warning
D0093,2026-01-26 12:10:00,31.78,44.17,Critical
D0017,2026-01-26 12:15:00,27.36,49.57,Normal
D0020,2026-01-26 12:20:00,24.84,55.26,Warning
D0033,2026-01-26 12:25:00,34.26,43.64,Warning
D0075,2026-01-26 12:30:00,27.03,40.47,Warning
D0090,2026-01-26 12:35:00,29.73,84.28,Warning
D0058,2026-01-26 12:40:00,27.78,42.07,Normal
D0035,2026-01-26 12:45:00,31.54,88.23,Warning
D0083,2026-01-26 12:50:00,28.39,76.04,Critical
D0021,2026-01-26 12:55:00,28.91,62.79,Normal
D0049,2026-01-26 13:00:00,23.0,87.44,Warning
D0096,2026-01-26 13:05:00,29.24,59.96,Critical
D0079,2026-01-26 13:10:00,32.5,70.71,Critical
D0019,2026-01-26 13:15:00,26.46,76.22,Critical
D0066,2026-01-26 13:20:00,33.27,87.15,Critical
D0021,2026-01-26 13:25:00,24.4,86.07,Warning
D0092,2026-01-26 13:30:00,25.51,64.39,Warning
D0047,2026-01-26 13:35:00,29.69,37.72,Warning
D0036,2026-01-26 13:40:00,29.68,41.88,Normal
D0060,2026-01-26 13:45:00,26.42,66.82,Critical
D0058,2026-01-26 13:50:00,38.99,35.35,Normal
D0077,2026-01-26 13:55:00,22.95,88.13,Critical
D0016,2026-01-26 14:00:00,26.61,71.92,Warning
D0088,2026-01-26 14:05:00,29.97,80.8,Normal
D0036,2026-01-26 14:10:00,29.28,71.66,Warning
D0026,2026-01-26 14:15:00,25.04,46.63,Warning
D0065,2026-01-26 14:20:00,35.73,,Warning
D0008,2026-01-26 14:25:00,22.31,44.5,Warning
D0065,2026-01-26 14:30:00,28.25,79.46,Normal
D0018,,25.83,50.24,Warning
D0085,2026-01-26 14:40:00,36.12,79.0,Critical
D0032,2026-01-26 14:45:00,28.94,74.28,Normal
D0038,2026-01-26 14:50:00,38.02,79.93,Critical
D0006,2026-01-26 14:55:00,29.94,39.11,Critical
D0023,2026-01-26 15:00:00,19.15,43.98,Warning
D0007,2026-01-26 15:05:00,32.29,75.83,Critical
D0099,2026-01-26 15:10:00,23.72,82.17,Normal
D0006,2026-01-26 15:15:00,30.63,37.95,Critical
D0009,2026-01-26 15:20:00,28.51,76.12,Normal
D0058,2026-01-26 15:25:00,31.93,76.11,Warning
D0035,2026-01-26 15:30:00,27.86,42.46,Warning
D0017,2026-01-26 15:35:00,23.81,85.97,Critical
D0064,2026-01-26 15:40:00,26.05,60.3,Critical
D0020,2026-01-26 15:45:00,28.55,42.38,Normal
D0091,2026-01-26 15:50:00,28.39,67.92,Critical
D0009,2026-01-26 15:55:00,30.22,59.47,Warning
D0039,2026-01-26 16:00:00,29.19,43.81,Warning
D0069,2026-01-26 16:05:00,21.72,41.11,Warning
D0019,2026-01-26 16:10:00,24.57,56.35,Critical
D0078,2026-01-26 16:15:00,34.36,76.37,Critical
D0087,2026-01-26 16:20:00,27.97,36.68,Warning
D0008,2026-01-26 16:25:00,27.13,57.96,Normal
D0062,2026-01-26 16:30:00,31.48,79.74,Critical
D0006,2026-01-26 16:35:00,35.0,70.38,Critical
D0031,2026-01-26 16:40:00,23.98,59.98,Normal
D0025,2026-01-26 16:45:00,27.18,35.15,Critical
D0032,2026-01-26 16:50:00,28.67,47.08,Warning
D0019,,24.93,87.21,Critical
D0027,2026-01-26 17:00:00,30.05,61.41,Warning
D0052,2026-01-26 17:05:00,21.61,76.33,Normal
D0049,2026-01-26 17:10:00,29.95,66.16,Warning
D0009,2026-01-26 17:15:00,36.36,78.59,Warning
D0006,2026-01-26 17:20:00,23.45,36.97,Warning
D0053,2026-01-26 17:25:00,31.77,84.25,Warning
D0009,2026-01-26 17:30:00,29.09,49.17,Critical
D0074,2026-01-26 17:35:00,29.36,47.95,Normal
D0038,2026-01-26 17:40:00,31.81,72.22,Critical
D0018,2026-01-26 17:45:00,33.86,60.81,Critical
D0014,2026-01-26 17:50:00,36.47,42.01,Warning
D0055,2026-01-26 17:55:00,32.24,41.36,Warning
D0079,2026-01-26 18:00:00,27.0,81.79,Critical
D0057,2026-01-26 18:05:00,31.71,87.88,Warning
D0032,2026-01-26 18:10:00,31.28,65.7,Critical
D0010,2026-01-26 18:15:00,29.68,59.35,Normal
D0085,2026-01-26 18:20:00,25.22,56.27,Warning
D0090,2026-01-26 18:25:00,26.27,54.57,Warning
D0022,2026-01-26 18:30:00,30.02,43.29,Normal
D0037,2026-01-26 18:35:00,25.52,69.86,Normal
D0015,2026-01-26 18:40:00,34.43,72.14,Warning
D0049,2026-01-26 18:45:00,40.86,53.22,Critical
D0036,2026-01-26 18:50:00,37.87,76.61,Critical
D0011,2026-01-26 18:55:00,28.4,56.82,Normal
D0016,2026-01-26 19:00:00,23.38,51.51,Critical
D0041,2026-01-26 19:05:00,25.49,69.05,Critical
D0092,2026-01-26 19:10:00,33.6,54.09,Critical
D0050,2026-01-26 19:15:00,28.26,51.79,Normal
D0009,2026-01-26 19:20:00,33.38,73.9,Critical
D0021,2026-01-26 19:25:00,35.52,71.55,Normal
D0076,01/32/2026 10:00,28.12,81.03,Normal
D0010,2026-01-26 19:35:00,31.75,54.36,Warning
D0018,2026-01-26 19:40:00,24.38,82.74,Normal
D0021,01/32/2026 10:00,29.43,71.64,Critical
D0053,2026-01-26 19:50:00,29.73,52.36,Warning
D0094,2026-01-26 19:55:00,25.09,67.57,Critical
D0006,2026-01-26 20:00:00,26.26,73.23,Critical
D0029,,31.17,36.43,Warning
D0051,2026-01-26 20:10:00,29.48,86.54,Warning
D0068,2026-01-26 20:15:00,24.67,,Normal
D0092,2026-01-26 20:20:00,30.11,71.77,Critical
D0052,2026-01-26 20:25:00,34.61,37.06,Normal
D0036,2026-01-26 20:30:00,30.98,36.28,Normal
D0020,2026-01-26 20:35:00,33.08,80.07,Critical
D0072,2026-01-26 20:40:00,29.57,87.31,Critical
D0080,2026-01-26 20:45:00,25.4,70.19,Warning
D0091,2026-01-26 20:50:00,31.25,46.63,Normal
D0064,2026-01-26 20:55:00,25.28,89.31,Critical
D0058,2026-01-26 21:00:00,27.97,76.73,Normal
D0005,2026-01-26 21:05:00,15.9,74.78,Critical
D0016,2026-01-26 21:10:00,30.17,52.37,Critical
D0065,2026-01-26 21:15:00,29.38,54.21,Normal
D0060,2026-01-26 21:20:00,29.47,46.03,Critical
D0061,2026-01-26 21:25:00,26.09,75.69,Normal
 D0010,2026-01-26 21:30:00,26.37,72.5,Critical
D0002,2026-01-26 21:35:00,26.85,69.69,Normal
D0020,2026-01-26 21:40:00,26.03,63.77,Normal
D0092,2026-01-26 21:45:00,27.19,52.24,Warning
D0024,2026-01-26 21:50:00,33.68,55.78,Critical
D0011,2026-01-26 21:55:00,21.94,57.6,Critical
D0088,2026-01-26 22:00:00,32.28,,Normal
D0050,2026-01-26 22:05:00,27.91,73.65,Normal
D0099,2026-01-26 22:10:00,24.54,37.51,Critical
D0073,2026-01-26 22:15:00,23.01,62.6,Critical
D0021,2026-01-26 22:20:00,38.24,87.09,Warning
D0075,2026-01-26 22:25:00,33.72,70.12,Critical
D0091,2026-01-26 22:30:00,21.79,44.6,Normal
D0064,2026-01-26 22:35:00,29.6,61.34,Warning
D0067,2026-01-26 22:40:00,25.2,48.62,Normal
D0054,2026-01-26 22:45:00,21.51,70.72,Normal
D0100,2026-01-26 22:50:00,30.13,65.97,Warning
D0027,2026-01-26 22:55:00,27.93,68.15,Normal
D0004,2026-01-26 23:00:00,31.4,58.06,Critical
D0048,2026-01-26 23:05:00,31.06,60.37,Normal
D0073,2026-01-26 23:10:00,30.16,88.14,Normal
D0053,2026-01-26 23:15:00,20.66,59.52,Normal
D0030,2026-01-26 23:20:00,23.94,47.63,Warning
D0001,2026-01-26 23:25:00,26.67,48.66,Normal
D0071,2026-01-26 23:30:00,28.84,74.07,Critical
D0073,2026-01-26 23:35:00,25.45,70.74,Warning
D0049,2026-01-26 23:40:00,25.49,78.75,Critical
D0004,2026-01-26 23:45:00,37.56,42.94,Normal
D0016,2026-01-26 23:50:00,25.88,64.58,Normal
D0069,2026-01-26 23:55:00,36.15,59.86,Normal
D0003,2026-01-27 00:00:00,30.87,72.38,Critical
D0009,2026-01-27 00:05:00,26.49,68.7,Warning
D0056,2026-01-27 00:10:00,27.76,38.66,Normal
D0028,2026-01-27 00:15:00,28.11,85.39,Normal
D0060,2026-01-27 00:20:00,25.81,44.8,Normal
D0036,2026-01-27 00:25:00,27.63,39.15,Warning
D0028,2026-01-27 00:30:00,33.64,71.78,Critical
D0094,2026-01-27 00:35:00,27.77,70.33,Critical
D0058,2026-01-27 00:40:00,20.13,,Critical
D0035,2026-01-27 00:45:00,31.77,88.74,Critical
D0071,2026-01-27 00:50:00,27.0,81.61,Critical
D0008,2026-01-27 00:55:00,26.67,77.4,Critical
D0003,2026-01-27 01:00:00,34.78,82.6,Warning
D0084,2026-01-27 01:05:00,26.98,47.23,Warning
D0028,2026-01-27 01:10:00,17.74,53.02,Warning
D0008,2026-01-27 01:15:00,27.92,68.21,Normal
D0068,2026-01-27 01:20:00,24.14,86.52,Critical
D0024,2026-01-27 01:25:00,36.43,40.0,Normal
D0071,2026-01-27 01:30:00,29.8,76.63,Normal
D0020,2026-01-27 01:35:00,34.94,37.14,Warning
D0056,2026-01-27 01:40:00,29.14,74.13,Critical
D0035,2026-01-27 01:45:00,32.1,83.74,Warning
D0035,2026-01-27 01:50:00,25.09,64.79,Warning
D0059,2026-01-27 01:55:00,25.41,89.35,Critical
D0052,2026-01-27 02:00:00,27.61,50.48,Critical
D0100,2026-01-27 02:05:00,19.59,79.98,Critical
D0045,2026-01-27 02:10:00,23.69,61.35,Critical
D0009,2026-01-27 02:15:00,30.82,74.56,Critical
D0049,2026-01-27 02:20:00,27.22,35.01,Warning
D0041,2026-01-27 02:25:00,26.57,67.3,Critical
D0003,2026-01-27 02:30:00,30.93,41.03,Warning
D0082,2026-01-27 02:35:00,29.83,56.69,Normal
D0004,2026-01-27 02:40:00,28.19,51.46,Warning
D0090,2026-01-27 02:45:00,20.21,76.56,Critical
D0060,2026-01-27 02:50:00,30.06,75.34,Warning
D0021,2026-01-27 02:55:00,31.27,77.81,Critical
D0092,2026-01-27 03:00:00,31.52,86.71,Normal
D0055,2026-01-27 03:05:00,36.45,88.46,Normal
D0010,2026-01-27 03:10:00,27.91,85.15,Critical
D0039,2026-01-27 03:15:00,32.48,88.45,Warning
D0069,2026-01-27 03:20:00,34.61,57.41,Critical
D0046,2026-01-27 03:25:00,33.97,41.77,Warning
D0066,2026-01-27 03:30:00,27.86,62.78,Warning
D0012,2026-01-27 03:35:00,29.32,66.11,Normal
D0006,2026-01-27 03:40:00,31.65,47.99,Warning
D0011,2026-01-27 03:45:00,35.62,88.17,Normal
D0067,2026-01-27 03:50:00,29.69,70.97,Warning
D0040,2026-01-27 03:55:00,30.5,76.07,Warning
D0065,2026-01-27 04:00:00,29.95,40.71,Normal
D0073,2026-01-27 04:05:00,35.51,56.86,Normal
D0023,2026-01-27 04:10:00,26.73,74.78,Warning
D0094,2026-01-27 04:15:00,28.35,83.88,Critical
D0038,2026-01-27 04:20:00,24.49,63.52,Normal
D0027,2026-01-27 04:25:00,36.55,74.52,Normal
D0076,2026-01-27 04:30:00,22.61,68.54,Normal
D0020,2026-01-27 04:35:00,21.85,61.98,Normal
D0085,2026-01-27 04:40:00,27.3,68.8,Critical
D0094,2026-01-27 04:45:00,27.14,67.89,Critical
D0047,2026-01-27 04:50:00,32.98,74.91,Normal
D0050,2026-01-27 04:55:00,29.19,57.69,Warning
D0079,2026-01-27 05:00:00,31.53,88.59,Normal
D0072,2026-01-27 05:05:00,26.68,75.87,Warning
D0100,2026-01-27 05:10:00,23.29,60.57,NORMAL
D0070,2026-01-27 05:15:00,35.53,89.54,Normal
D0004,2026-01-27 05:20:00,32.19,74.94,Normal
D0001,2026-01-27 05:25:00,28.96,87.01,Warning
D0008,2026-01-27 05:30:00,30.8,68.31,Warning
D0062,2026-01-27 05:35:00,30.21,51.42,Warning
D0069,2026-01-27 05:40:00,31.0,51.75,Warning
D0098,2026-01-27 05:45:00,34.63,64.94,Warning
D0026,2026-01-27 05:50:00,35.31,57.37,Normal
D0011,2026-01-27 05:55:00,27.6,50.64,Normal
D0024,2026-01-27 06:00:00,33.65,80.05,Normal
D0079,2026-01-27 06:05:00,21.83,68.09,Normal
D0068,2026-01-27 06:10:00,34.5,60.88,Normal
D0048,2026-01-27 06:15:00,26.33,68.33,Critical
D0051,2026-01-27 06:20:00,33.62,60.87,Critical
D0100,2026-01-27 06:25:00,35.99,85.14,Warning
D0043,2026-01-27 06:30:00,23.19,69.17,Warning
D0070,2026-01-27 06:35:00,31.95,76.76,Critical
D0014,2026-01-27 06:40:00,22.52,82.33,Critical
D0064,2026-01-27 06:45:00,26.69,53.58,Warning
D0029,2026-01-27 06:50:00,27.94,,Critical
D0029,2026-01-27 06:55:00,28.22,54.29,Critical
D0065,2026-01-27 07:00:00,30.98,42.91,Normal
D0085,2026-01-27 07:05:00,32.14,52.82,Critical
D0093,2026-01-27 07:10:00,26.37,82.05,Normal
D0038,2026-01-27 07:15:00,26.65,50.88,Warning
D0049,2026-01-27 07:20:00,26.2,76.34,Normal
D0043,2026-01-27 07:25:00,23.83,57.71,Critical
D0006,2026-01-27 07:30:00,26.6,79.1,Critical
D0004,2026-01-27 07:35:00,34.7,86.91,Normal
D0093,2026-01-27 07:40:00,31.83,53.47,Critical
D0036,2026-01-27 07:45:00,31.01,59.51,Warning
D0085,2026-01-27 07:50:00,34.46,83.12,Critical
D0004,2026-01-27 07:55:00,27.58,59.96,Normal
D0074,2026-01-27 08:00:00,34.16,87.49,Warning
D0003,2026-01-27 08:05:00,29.08,76.49,Normal
D0052,2026-01-27 08:10:00,23.63,50.16,Normal
D0013,2026-01-27 08:15:00,32.91,53.35,Critical
D0014,2026-01-27 08:20:00,33.02,75.86,Warning
D0071,2026-01-27 08:25:00,31.6,61.81,Critical
D0029,2026-01-27 08:30:00,35.98,68.62,Critical
D0012,2026-01-27 08:35:00,29.0,49.9,Critical
D0100,2026-01-27 08:40:00,24.89,85.37,Critical
D0069,2026-01-27 08:45:00,22.71,89.27,Critical
D0088,2026-01-27 08:50:00,25.21,62.59,Warning
D0036,2026-01-27 08:55:00,24.08,39.77,Normal
D0061,2026-01-27 09:00:00,30.05,76.06,Warning
D0043,2026-01-27 09:05:00,29.42,47.99,Warning
D0069,2026-01-27 09:10:00,24.44,50.01,Warning
D0047,2026-01-27 09:15:00,30.01,40.26,Normal
D0064,2026-01-27 09:20:00,33.34,79.89,Warning
D0064,2026-01-27 09:25:00,33.51,87.05,Normal
D0034,2026-01-27 09:30:00,29.67,48.8,Critical
D0032,2026-01-27 09:35:00,27.89,46.9,Normal
D0033,2026-01-27 09:40:00,32.21,82.12,Warning
D0020,2026-01-27 09:45:00,31.08,78.23,Critical
D0024,2026-01-27 09:50:00,32.34,,Normal
D0015,2026-01-27 09:55:00,32.12,84.96,Warning
D0028,2026-01-27 10:00:00,26.02,68.83,Warning
D0055,2026-01-27 10:05:00,27.6,48.29,Normal
D0052,2026-01-27 10:10:00,26.6,74.16,Normal
D0073,2026-01-27 10:15:00,29.87,86.18,Normal
D0037,2026-01-27 10:20:00,29.82,64.83,Critical
D0097,2026-01-27 10:25:00,28.39,81.64,Normal
D0087,2026-01-27 10:30:00,22.06,56.2,Warning
D0090,2026-01-27 10:35:00,28.9,71.63,Warning
D0084,2026-01-27 10:40:00,32.65,51.12,Critical
D0027,2026-01-27 10:45:00,27.7,45.4,Normal
D0050,2026-01-27 10:50:00,22.7,71.72,Warning
D0097,2026-01-27 10:55:00,32.3,81.89,Normal
D0023,2026-01-27 11:00:00,21.27,120,Warning
D0022,2026-01-27 11:05:00,31.9,79.77,Warning
D0073,2026-01-27 11:10:00,33.99,39.45,Warning
D0087,2026-01-27 11:15:00,29.27,89.83,Warning
D0049,2026-01-27 11:20:00,29.96,68.88,Critical
D0074,2026-01-27 11:25:00,20.38,84.51,Normal
D0054,2026-01-27 11:30:00,28.81,85.44,Critical
D0013,2026-01-27 11:35:00,30.56,36.48,Critical
D0019,2026-01-27 11:40:00,32.59,53.42,Critical
D0039,2026-01-27 11:45:00,23.76,55.16,Critical
D0065,2026-01-27 11:50:00,32.6,67.9,Critical
D0049,2026-01-27 11:55:00,28.66,57.05,Critical
D0049,2026-01-27 12:00:00,24.42,77.21,Normal
D0077,2026-01-27 12:05:00,29.4,120,Normal
D0063,2026-01-27 12:10:00,29.33,70.63,Critical
D0017,2026-01-27 12:15:00,34.34,75.4,Warning
D0077,2026-01-27 12:20:00,34.61,58.86,Warning
D0025,2026-01-27 12:25:00,18.94,54.43,Warning
D0036,2026-01-27 12:30:00,25.84,71.12,Normal
D0012,2026-01-27 12:35:00,29.74,86.18,Critical
D0010,2026-01-27 12:40:00,28.55,88.41,Critical
D0060,2026-01-27 12:45:00,24.16,39.8,Warning
D0051,2026-01-27 12:50:00,24.8,69.08,Critical
D0099,2026-01-27 12:55:00,28.51,83.18,Critical
D0050,2026-01-27 13:00:00,22.18,71.6,Normal
D0078,2026-01-27 13:05:00,23.59,36.15,Warning
D0035,2026-01-27 13:10:00,24.7,60.82,Critical
D0032,2026-01-27 13:15:00,31.79,59.38,Critical
D0075,2026-01-27 13:20:00,24.77,77.87,Warning
D0024,2026-01-27 13:25:00,37.73,53.76,Warning
D0045,2026-01-27 13:30:00,29.66,42.96,Normal
D0017,2026-01-27 13:35:00,30.52,40.06,Normal
D0040,2026-01-27 13:40:00,31.21,87.22,Warning
D0065,2026-01-27 13:45:00,27.66,52.95,Critical
D0074,2026-01-27 13:50:00,32.61,56.82,Critical
D0046,2026-01-27 13:55:00,32.68,68.57,Critical
D0098,2026-01-27 14:00:00,33.17,81.43,Normal
D0071,2026-01-27 14:05:00,31.7,65.04,Normal
,2026-01-27 14:10:00,high,42.48,Critical
D0066,2026-01-27 14:15:00,32.47,35.01,Critical
D0049,2026-01-27 14:20:00,23.7,36.16,Warning
D0049,2026-01-27 14:25:00,34.62,54.33,Critical
D0005,2026-01-27 14:30:00,29.19,63.72,Critical
D0006,2026-01-27 14:35:00,33.39,51.59,Normal
D0097,2026-01-27 14:40:00,30.14,61.66,Warning
D0023,2026-01-27 14:45:00,29.16,60.21,
D0039,2026-01-27 14:50:00,35.04,87.73,Critical
D0009,2026-01-27 14:55:00,24.69,61.9,Critical
D0085,2026-01-27 15:00:00,29.39,49.25,Warning
D0010,2026-01-27 15:05:00,31.05,62.02,Normal
D0034,2026-01-27 15:10:00,28.89,79.17,Normal
D0090,2026-01-27 15:15:00,33.72,51.73,Warning
D0062,2026-01-27 15:20:00,31.11,36.53,Warning
d0004,2026-01-27 15:25:00,30.11,73.87,Critical
D0066,2026-01-27 15:30:00,33.89,85.91,Warning
D0034,2026-01-27 15:35:00,31.94,81.95,Critical
D0095,2026-01-27 15:40:00,31.29,83.31,Normal
D0066,2026-01-27 15:45:00,21.63,57.97,Critical
D0043,2026-01-27 15:50:00,25.98,82.26,Critical
D0079,2026-01-27 15:55:00,26.95,49.24,Warning
D0007,2026-01-27 16:00:00,26.97,45.49,Warning
D0089,2026-01-27 16:05:00,28.05,65.94,Warning
D0059,2026-01-27 16:10:00,22.53,68.35,Warning
D0038,2026-01-27 16:15:00,28.63,79.98,Warning
D0034,2026-01-27 16:20:00,31.88,39.15,Warning
D0005,2026-01-27 16:25:00,37.88,60.97,Warning
D0001,2026-01-27 16:30:00,27.98,53.26,Warning
D0032,2026-01-27 16:35:00,30.41,49.22,Critical
D0070,2026-01-27 16:40:00,24.35,56.62,Normal
D0047,2026-01-27 16:45:00,26.47,78.41,Warning
D0013,2026-01-27 16:50:00,27.17,83.51,Critical
D0008,2026-01-27 16:55:00,30.74,55.66,Normal
D0010,2026-01-27 17:00:00,37.24,58.55,Critical
D0039,2026-01-27 17:05:00,28.42,81.69,Warning
D0005,2026-01-27 17:10:00,30.17,48.73,Warning
D0056,2026-01-27 17:15:00,29.75,69.05,Warning
D0092,2026-01-27 17:20:00,25.07,51.04,Warning
D0010,2026-01-27 17:25:00,26.44,63.1,Critical
D0089,2026-01-27 17:30:00,29.01,78.47,Warning
D0067,2026-01-27 17:35:00,26.28,52.75,Warning
D0052,2026-01-27 17:40:00,31.07,82.01,Normal
D0097,2026-01-27 17:45:00,28.31,61.43,Critical
D0034,2026-01-27 17:50:00,22.29,37.03,Normal
D0015,2026-01-27 17:55:00,31.05,43.63,Warning
D0084,2026-01-27 18:00:00,28.28,78.06,Critical
D0056,2026-01-27 18:05:00,29.3,56.42,Warning
D0003,2026-01-27 18:10:00,27.62,49.44,Normal
D0096,2026-01-27 18:15:00,31.85,75.96,Critical
D0016,2026-01-27 18:20:00,29.04,64.54,Warning
D0070,2026-01-27 18:25:00,29.26,56.22,Critical
D0023,2026-01-27 18:30:00,35.86,88.2,Critical
D0051,2026-01-27 18:35:00,32.36,74.78,Critical
D0002,2026-01-27 18:40:00,33.01,,Warning
D0066,2026-01-27 18:45:00,29.55,60.77,Critical
D0041,2026-01-27 18:50:00,26.67,44.54,Critical
D0071,2026-01-27 18:55:00,28.1,38.46,Normal
D0062,2026-01-27 19:00:00,29.69,52.53,Normal
D0010,2026-01-27 19:05:00,32.02,51.3,Critical
D0075,2026-01-27 19:10:00,29.6,42.44,Normal
D0085,2026-01-27 19:15:00,30.16,49.83,Critical
D0037,2026-01-27 19:20:00,29.15,61.79,Warning
D0064,2026-01-27 19:25:00,33.59,73.55,Normal
D0064,2026-01-27 19:30:00,25.62,50.47,Critical
 D0010,2026-01-27 19:35:00,23.66,41.05,Warning
D0021,2026-01-27 19:40:00,35.0,55.54,Warning
D0099,2026-01-27 19:45:00,30.9,58.0,Normal
D0015,2026-01-27 19:50:00,29.69,55.07,Critical
D0026,2026-01-27 19:55:00,27.56,70.88,Critical
D0038,2026-01-27 20:00:00,26.9,73.74,Critical
D0084,2026-01-27 20:05:00,30.89,78.25,Normal
D0077,2026-01-27 20:10:00,22.98,72.94,Warning
D0050,2026-01-27 20:15:00,31.34,72.45,Normal
D0012,2026-01-27 20:20:00,24.32,66.51,Normal
D0084,2026-01-27 20:25:00,30.37,81.22,Normal
D0045,2026-01-27 20:30:00,31.7,63.14,Normal
D0007,2026-01-27 20:35:00,32.07,53.42,Normal
,2026-01-27 20:40:00,27.64,75.23,Normal
D0094,2026-01-27 20:45:00,33.56,56.9,Critical
D0035,2026-01-27 20:50:00,29.82,44.75,Critical
D0054,2026-01-27 20:55:00,23.88,83.6,Critical
D0099,2026-01-27 21:00:00,26.56,48.61,Warning
D0084,2026-01-27 21:05:00,23.21,49.32,Critical
,2026-01-27 21:10:00,29.93,73.46,Critical
D0072,2026-01-27 21:15:00,22.26,35.96,Warning
D0034,2026-01-27 21:20:00,29.88,71.5,Normal
D0049,2026-01-27 21:25:00,28.11,59.98,Critical
D0092,2026-01-27 21:30:00,24.26,68.49,Warning
D0009,2026-01-27 21:35:00,27.69,59.16,Normal
D0022,2026-01-27 21:40:00,34.86,39.31,Warning
D0035,2026-01-27 21:45:00,35.41,79.37,Critical
D0010,2026-01-27 21:50:00,32.71,70.88,Critical
D0029,2026-01-27 21:55:00,28.0,68.02,Warning
D0050,2026-01-27 22:00:00,26.75,39.66,Normal
D0077,2026-01-27 22:05:00,30.9,68.49,Warning
D0078,2026-01-27 22:10:00,32.2,84.97,Warning
D0097,2026-01-27 22:15:00,27.04,56.48,Warning
D0068,2026-01-27 22:20:00,34.53,80.56,Critical
D0059,2026-01-27 22:25:00,23.19,77.99,Warning
D0001,2026-01-27 22:30:00,34.99,42.03,Warning
D0055,2026-01-27 22:35:00,23.17,71.04,Warning
D0020,2026-01-27 22:40:00,36.03,66.07,Normal
D0005,2026-01-27 22:45:00,31.51,83.76,Critical
D0069,2026-01-27 22:50:00,26.18,81.77,Critical
D0043,2026-01-27 22:55:00,21.63,51.86,Warning
D0088,2026-01-27 23:00:00,26.78,66.06,Normal
D0023,2026-01-27 23:05:00,27.85,83.98,Warning
D0077,2026-01-27 23:10:00,28.96,77.47,Warning
D0028,2026-01-27 23:15:00,32.83,62.55,Normal
D0024,2026-01-27 23:20:00,30.54,74.19,Critical
D0097,2026-01-27 23:25:00,29.77,59.93,warning
D0090,2026-01-27 23:30:00,26.6,73.35,Normal
D0054,2026-01-27 23:35:00,30.84,43.98,Critical
D0021,2026-01-27 23:40:00,26.7,70.97,Normal
D0070,2026-01-27 23:45:00,36.2,51.0,Warning
D0050,2026-01-27 23:50:00,34.82,46.33,Warning
D0076,2026-01-27 23:55:00,25.7,64.71,Critical
D0073,2026-01-28 00:00:00,28.46,86.56,Warning
D0095,2026-01-28 00:05:00,31.97,35.1,Normal
D0079,2026-01-28 00:10:00,30.78,50.48,Normal
D0032,2026-01-28 00:15:00,20.79,59.03,Critical
D0078,2026-01-28 00:20:00,29.31,66.67,Normal
D0027,2026-01-28 00:25:00,37.42,80.95,Normal
D0035,2026-01-28 00:30:00,31.48,45.9,Normal
D0069,2026-01-28 00:35:00,30.06,65.81,Warning
D0036,2026-01-28 00:40:00,35.37,40.69,Warning
D0001,2026-01-28 00:45:00,34.8,63.88,Warning
D0048,2026-01-28 00:50:00,33.37,76.74,Normal
D0015,2026-01-28 00:55:00,30.72,68.06,Normal
D0001,2026-01-28 01:00:00,34.27,48.44,Critical
D0091,2026-01-28 01:05:00,24.82,50.64,Normal
D0093,2026-01-28 01:10:00,23.7,52.04,Critical
D0095,2026-01-28 01:15:00,24.63,56.37,Critical
D0050,2026-01-28 01:20:00,30.74,38.46,Critical
D0073,2026-01-28 01:25:00,29.22,67.84,Normal
D0097,2026-01-28 01:30:00,25.88,47.19,Critical
D0064,2026-01-28 01:35:00,28.62,56.58,Normal
D0036,2026-01-28 01:40:00,28.8,38.92,Warning
D0029,2026-01-28 01:45:00,30.36,45.66,Critical
D0009,2026-01-28 01:50:00,35.04,63.69,Normal
D0078,2026-01-28 01:55:00,28.44,89.16,Normal
D0025,2026-01-28 02:00:00,30.33,88.12,Normal
D0097,2026-01-28 02:05:00,28.16,74.13,Warning
D0058,2026-01-28 02:10:00,22.12,79.67,Warning
D0084,2026-01-28 02:15:00,28.72,77.01,Normal
D0092,2026-01-28 02:20:00,32.64,43.15,Critical
D0050,2026-01-28 02:25:00,21.4,84.41,Warning
D0070,2026-01-28 02:30:00,21.22,56.7,Normal
D0087,2026-01-28 02:35:00,25.36,35.18,Warning
D0064,2026-01-28 02:40:00,26.35,43.49,Warning
D0078,2026-01-28 02:45:00,27.73,35.98,Normal
D0039,2026-01-28 02:50:00,32.55,66.53,Normal
D0092,2026-01-28 02:55:00,29.28,37.44,Normal
D0030,2026-01-28 03:00:00,28.76,43.02,Warning
D0047,2026-01-28 03:05:00,23.55,35.49,Normal
D0014,2026-01-28 03:10:00,28.15,41.55,Normal
D0067,2026-01-28 03:15:00,26.19,46.19,Critical
D0097,2026-01-28 03:20:00,28.89,69.26,Critical
D0029,2026-01-28 03:25:00,30.2,48.55,Normal
D0064,2026-01-28 03:30:00,29.24,53.2,Normal
D0023,2026-01-28 03:35:00,37.65,85.31,Critical
D0076,2026-01-28 03:40:00,29.24,48.62,Warning
D0003,2026-01-28 03:45:00,33.1,59.82,Normal
D0036,2026-01-28 03:50:00,26.19,64.48,Warning
D0064,2026-01-28 03:55:00,32.57,41.55,Warning
D0062,2026-01-28 04:00:00,29.12,63.17,Normal
D0006,2026-01-28 04:05:00,26.82,46.31,Warning
D0016,2026-01-28 04:10:00,27.24,45.19,Critical
D0070,2026-01-28 04:15:00,20.96,65.53,Normal
D0083,2026-01-28 04:20:00,29.45,71.71,Warning
D0077,2026-01-28 04:25:00,23.31,66.14,Normal
D0015,2026-01-28 04:30:00,29.52,42.4,Normal
D0047,2026-01-28 04:35:00,23.95,52.11,Critical
D0033,2026-01-28 04:40:00,33.23,86.84,Critical
D0059,2026-01-28 04:45:00,28.11,55.18,Critical
D0100,2026-01-28 04:50:00,23.83,56.36,Warning
D0056,2026-01-28 04:55:00,28.88,70.79,Normal
D0062,2026-01-28 05:00:00,26.91,87.35,Normal
D0090,2026-01-28 05:05:00,20.97,,Critical
D0085,2026-01-28 05:10:00,29.66,67.71,Critical
D0094,2026-01-28 05:15:00,31.85,86.08,Warning
D0095,2026-01-28 05:20:00,25.94,57.83,Critical
D0067,2026-01-28 05:25:00,25.31,68.86,Critical
D0089,2026-01-28 05:30:00,39.72,76.05,Warning
D0002,2026-01-28 05:35:00,36.01,45.67,Critical
D0066,2026-01-28 05:40:00,25.01,46.54,Critical 
D0024,2026-01-28 05:45:00,30.52,37.52,Warning
D0077,2026-01-28 05:50:00,25.33,46.82,Normal
D0002,2026-01-28 05:55:00,24.77,46.19,Normal
D0037,2026-01-28 06:00:00,30.09,71.94,Normal
D0064,2026-01-28 06:05:00,30.96,55.06,Normal
D0100,2026-01-28 06:10:00,33.11,51.56,Critical
D0055,2026-01-28 06:15:00,26.84,88.26,Warning
D0007,2026-01-28 06:20:00,23.47,73.57,Warning
D0029,2026-01-28 06:25:00,26.07,39.42,Warning
D0013,2026-01-28 06:30:00,33.8,40.15,Warning
D0038,2026-01-28 06:35:00,35.65,88.76,Warning
D0016,2026-01-28 06:40:00,24.93,37.38,Normal
D0046,2026-01-28 06:45:00,27.76,50.82,Normal
D0040,2026-01-28 06:50:00,25.96,54.26,Normal
D0003,2026-01-28 06:55:00,28.16,72.86,Normal
D0033,2026-01-28 07:00:00,33.43,59.18,Critical
D0100,2026-01-28 07:05:00,23.86,79.42,Normal
D0051,2026-01-28 07:10:00,28.19,57.12,Warning
D0066,2026-01-28 07:15:00,24.96,54.99,Critical
D0095,2026-01-28 07:20:00,26.94,55.69,Normal
D0038,2026-01-28 07:25:00,28.45,47.65,Normal
D0053,2026-01-28 07:30:00,28.09,39.33,Warning
D0048,2026-01-28 07:35:00,27.71,74.17,normal
D0006,2026-01-28 07:40:00,22.64,73.0,Normal
D0032,2026-01-28 07:45:00,37.28,69.27,Warning
D0060,2026-01-28 07:50:00,29.65,62.96,Normal
D0070,2026-01-28 07:55:00,26.68,55.27,Critical
D0095,2026-01-28 08:00:00,29.83,38.14,Normal
D0084,2026-01-28 08:05:00,28.24,,Warning
D0084,2026-01-28 08:10:00,21.27,42.97,Critical
D0031,2026-01-28 08:15:00,30.64,60.46,Critical
D0071,2026-01-28 08:20:00,31.08,82.15,Warning
D0049,2026-01-28 08:25:00,30.12,40.17,Critical
D0092,2026-01-28 08:30:00,31.41,89.87,Warning
D0040,2026-01-28 08:35:00,33.0,89.42,Normal
D0002,2026-01-28 08:40:00,31.19,63.37,Normal
D0095,2026-01-28 08:45:00,29.48,77.5,Warning
D0065,2026-01-28 08:50:00,24.3,72.98,Warning
D0078,2026-01-28 08:55:00,26.81,59.05,Warning
D0068,2026-01-28 09:00:00,26.02,67.73,Critical
D0087,2026-01-28 09:05:00,26.34,58.74,Critical
D0017,2026-01-28 09:10:00,25.05,67.48,Normal
D0011,2026-01-28 09:15:00,26.96,88.48,Warning
D0052,2026-01-28 09:20:00,31.14,87.34,Critical
D0073,2026-01-28 09:25:00,30.68,55.99,Normal
D0014,2026-01-28 09:30:00,29.26,43.45,Critical
D0051,2026-01-28 09:35:00,21.73,49.42,Critical
D0059,2026-01-28 09:40:00,22.53,52.07,Warning
D0084,2026-01-28 09:45:00,18.45,80.3,Normal
D0053,2026-01-28 09:50:00,32.34,38.85,Warning
D0002,2026-01-28 09:55:00,38.19,85.09,Normal
D0030,2026-01-28 10:00:00,30.04,74.03,Normal
D0048,2026-01-28 10:05:00,30.02,37.89,Critical
D0003,2026-01-28 10:10:00,32.31,65.53,Warning
D0002,2026-01-28 10:15:00,27.93,45.42,Warning
D0018,2026-01-28 10:20:00,29.78,64.18,Warning
D0091,2026-01-28 10:25:00,20.93,71.99,Normal
D0067,2026-01-28 10:30:00,29.27,73.54,Critical
D0040,2026-01-28 10:35:00,23.96,37.77,Critical
D0084,2026-01-28 10:40:00,27.18,63.58,Critical
D0058,2026-01-28 10:45:00,30.39,88.44,Warning
D0008,2026-01-28 10:50:00,29.21,57.33,Critical
D0072,2026-01-28 10:55:00,31.95,70.42,Critical
D0088,2026-01-28 11:00:00,24.86,72.7,Critical
D0062,2026-01-28 11:05:00,26.21,55.89,Normal
D0015,2026-01-28 11:10:00,25.56,73.19,Warning
D0033,2026-01-28 11:15:00,28.87,88.79,Normal
 D0010,2026-01-28 11:20:00,27.52,40.89,Warning
D0022,2026-01-28 11:25:00,23.0,64.6,Normal
D0095,2026-01-28 11:30:00,29.78,69.9,Normal
D0006,2026-01-28 11:35:00,29.19,73.68,Critical
D0052,2026-01-28 11:40:00,37.76,78.23,Warning
D0013,2026-01-28 11:45:00,28.62,58.06,Warning
D0021,2026-01-28 11:50:00,29.3,56.19,Critical
D0093,2026-01-28 11:55:00,29.98,59.7,Normal
D0027,2026-01-28 12:00:00,34.55,88.9,Warning
D0037,2026-01-28 12:05:00,24.83,65.22,Warning
D0068,2026-01-28 12:10:00,27.61,40.28,Critical
D0086,2026-01-28 12:15:00,31.51,44.0,Warning
D0005,2026-01-28 12:20:00,33.82,47.09,Normal
D0017,2026-01-28 12:25:00,37.45,53.01,Warning
D0083,2026-01-28 12:30:00,27.26,82.43,Warning
D0041,2026-01-28 12:35:00,32.75,79.44,Critical
D0049,2026-01-28 12:40:00,37.77,70.57,Warning
D0044,2026-01-28 12:45:00,24.16,66.23,Warning
D0075,2026-01-28 12:50:00,28.76,56.59,Normal
D0003,2026-01-28 12:55:00,37.99,62.69,Normal
D0076,2026-01-28 13:00:00,26.04,61.53,Warning
D0072,2026-01-28 13:05:00,27.72,87.03,Normal
D0033,2026-01-28 13:10:00,30.17,44.76,Critical
D0049,2026-01-28 13:15:00,29.32,85.82,Warning
D0019,2026-01-28 13:20:00,26.62,82.0,Warning
D0069,2026-01-28 13:25:00,27.04,74.36,Warning
D0016,2026-01-28 13:30:00,28.36,44.14,Normal
D0065,2026-01-28 13:35:00,33.16,58.14,Normal
D0006,2026-01-28 13:40:00,31.28,64.74,Warning
D0021,2026-01-28 13:45:00,28.34,43.59,Critical
D0042,2026-01-28 13:50:00,22.96,86.36,Critical
D0004,2026-01-28 13:55:00,22.68,70.41,Warning
D0045,2026-01-28 14:00:00,35.0,78.86,Warning
D0098,2026-01-28 14:05:00,43.38,63.06,Normal
D0008,2026-01-28 14:10:00,33.07,,Warning
D0054,2026-01-28 14:15:00,28.25,,Critical
D0084,2026-01-28 14:20:00,30.46,56.92,Critical
D0020,2026-01-28 14:25:00,22.68,70.09,Critical
D0028,2026-01-28 14:30:00,29.91,74.21,Warning
D0055,2026-01-28 14:35:00,29.8,58.93,Normal
D0053,2026-01-28 14:40:00,24.26,55.15,Critical
D0065,2026-01-28 14:45:00,30.46,84.18,Warning
D0010,2026-01-28 14:50:00,29.74,78.16,Critical
D0037,2026-01-28 14:55:00,26.6,42.51,Critical
D0090,2026-01-28 15:00:00,21.92,57.23,Critical
D0059,2026-01-28 15:05:00,24.49,39.71,Warning
D0027,2026-01-28 15:10:00,27.6,66.93,Normal
D0037,2026-01-28 15:15:00,31.35,83.38,Warning
D0017,2026-01-28 15:20:00,37.39,59.61,Normal
D0032,2026-01-28 15:25:00,28.23,78.22,Warning
D0011,2026-01-28 15:30:00,37.34,77.36,Normal
D0097,2026-01-28 15:35:00,31.37,35.33,Warning
D0083,2026-01-28 15:40:00,34.46,66.99,Normal
D0006,2026-01-28 15:45:00,23.05,41.49,Critical
D0031,2026-01-28 15:50:00,34.29,75.35,Warning
D0019,2026-01-28 15:55:00,31.52,41.4,Warning
D0009,2026-01-28 16:00:00,18.92,89.37,Critical
D0008,2026-01-28 16:05:00,20.26,65.36,Critical
D0051,2026-01-28 16:10:00,24.91,69.09,Warning
D0082,2026-01-28 16:15:00,27.24,62.08,Warning
D0088,2026-01-28 16:20:00,34.11,58.41,Normal
D0024,2026-01-28 16:25:00,30.59,80.07,Normal
D0028,2026-01-28 16:30:00,34.37,71.66,Critical
D0081,2026-01-28 16:35:00,-999,40.14,Critical
D0022,2026-01-28 16:40:00,31.18,76.7,Normal
D0028,2026-01-28 16:45:00,33.88,47.82,Critical
D0023,2026-01-28 16:50:00,27.03,37.3,Normal
D0073,2026-01-28 16:55:00,27.64,48.18,Critical
D0042,2026-01-28 17:00:00,34.18,61.03,Critical
D0028,2026-01-28 17:05:00,31.24,76.39,Warning
D0010,2026-01-28 17:10:00,30.18,77.36,Normal
D0096,2026-01-28 17:15:00,33.61,86.91,Warning
D0078,2026-01-28 17:20:00,26.08,56.62,Warning
D0011,2026-01-28 17:25:00,34.43,53.9,Normal
D0042,2026-01-28 17:30:00,26.94,61.75,Critical
D0007,2026-01-28 17:35:00,33.8,60.23,Warning
D0010,2026-01-28 17:40:00,26.22,61.89,Normal
D0019,2026-01-28 17:45:00,35.48,54.5,Warning
D0076,2026-01-28 17:50:00,20.84,78.05,Warning
D0068,2026-01-28 17:55:00,25.54,38.05,Normal
D0033,2026-01-28 18:00:00,29.43,44.4,Warning
D0014,2026-01-28 18:05:00,26.82,70.43,Normal
D0066,2026-01-28 18:10:00,29.98,50.77,Warning
D0005,2026-01-28 18:15:00,30.98,35.31,Normal
D0015,2026-01-28 18:20:00,26.07,76.82,Critical
D0038,2026-01-28 18:25:00,23.8,,Normal
D0048,2026-01-28 18:30:00,31.34,53.12,Critical
D0039,2026-01-28 18:35:00,32.11,87.1,Warning
D0094,2026-01-28 18:40:00,27.47,63.44,Normal
D0027,2026-01-28 18:45:00,34.01,51.32,Critical
D0063,2026-01-28 18:50:00,27.45,43.94,Critical
D0027,2026-01-28 18:55:00,30.5,54.26,Critical
D0091,2026-01-28 19:00:00,29.76,44.88,Normal
D0065,2026-01-28 19:05:00,26.23,75.5,Warning
D0058,2026-01-28 19:10:00,29.18,57.16,Warning
D0086,2026-01-28 19:15:00,34.45,84.72,Warning
D0073,2026-01-28 19:20:00,24.87,55.38,Critical
D0043,2026-01-28 19:25:00,25.91,86.28,Critical
D0022,2026-01-28 19:30:00,24.49,87.38,Normal
D0057,2026-01-28 19:35:00,31.85,89.32,Warning
D0096,2026-01-28 19:40:00,37.0,54.11,Normal
D0033,2026-01-28 19:45:00,30.56,87.78,Warning
D0048,2026-01-28 19:50:00,32.05,40.82,Warning
D0084,2026-01-28 19:55:00,32.77,49.7,Warning
D0024,2026-01-28 20:00:00,27.35,59.38,Warning
D0047,2026-01-28 20:05:00,27.44,82.15,Warning
D0051,2026-01-28 20:10:00,27.88,74.55,Critical
D0025,2026-01-28 20:15:00,33.46,49.26,Normal
D0002,2026-01-28 20:20:00,26.85,61.52,Critical
D0054,2026-01-28 20:25:00,30.34,62.72,Critical
D0090,2026-01-28 20:30:00,23.77,68.2,Normal
D0073,2026-01-28 20:35:00,34.7,35.39,Warning
D0079,2026-01-28 20:40:00,26.36,84.48,Warning
D0068,2026-01-28 20:45:00,25.83,84.14,Normal
D0006,2026-01-28 20:50:00,30.32,48.47,Warning
D0098,2026-01-28 20:55:00,26.52,77.44,Warning
D0023,2026-01-28 21:00:00,29.99,42.94,Critical
D0048,2026-01-28 21:05:00,33.02,53.8,Critical
D0036,2026-01-28 21:10:00,32.64,58.26,Warning
D0066,2026-01-28 21:15:00,31.92,64.66,Critical
,2026-01-28 21:20:00,28.25,42.07,Critical
D0085,2026-01-28 21:25:00,33.36,55.69,Normal
D0071,2026-01-28 21:30:00,27.72,63.66,Critical
D0053,2026-01-28 21:35:00,26.61,82.59,Critical
D0056,2026-01-28 21:40:00,29.56,77.84,Normal
D0064,2026-01-28 21:45:00,30.06,78.13,Warning
D0027,2026-01-28 21:50:00,27.94,39.11,Normal
D0007,2026-01-28 21:55:00,30.99,58.69,Normal
D0013,2026-01-28 22:00:00,30.89,37.45,Normal
D0052,2026-01-28 22:05:00,32.56,82.38,Normal
D0017,2026-01-28 22:10:00,26.32,86.74,Normal
D0088,2026-01-28 22:15:00,33.5,35.23,Critical
D0079,2026-01-28 22:20:00,32.34,88.78,Normal
D0044,2026-01-28 22:25:00,28.71,87.29,Normal
D0086,2026-01-28 22:30:00,30.98,87.37,Normal
D0040,2026-01-28 22:35:00,28.64,55.1,Warning
D0032,2026-01-28 22:40:00,27.26,89.65,Critical
D0068,2026-01-28 22:45:00,33.12,62.55,Warning
D0069,2026-01-28 22:50:00,27.45,53.78,Critical
D0060,2026-01-28 22:55:00,32.28,,Warning
D0003,2026-01-28 23:00:00,33.13,44.38,Normal
D0057,2026-01-28 23:05:00,27.57,43.27,Warning
D0054,2026-01-28 23:10:00,30.18,70.55,Normal
D0055,2026-01-28 23:15:00,27.97,89.62,Critical
D0089,2026-01-28 23:20:00,26.33,54.73,Normal
D0029,2026-01-28 23:25:00,33.28,53.9,Normal
D0067,2026-01-28 23:30:00,29.97,59.1,Warning
D0098,2026-01-28 23:35:00,20.79,46.42,Critical
D0054,2026-01-28 23:40:00,29.53,63.89,Critical
D0020,2026-01-28 23:45:00,27.85,66.73,Warning
D0100,2026-01-28 23:50:00,33.33,75.63,Warning
D0074,2026-01-28 23:55:00,34.43,87.33,Normal
D0045,2026-01-29 00:00:00,32.31,41.83,Normal
D0050,2026-01-29 00:05:00,26.7,72.92,Normal
D0038,2026-01-29 00:10:00,25.48,63.4,Critical
D0001,2026-01-29 00:15:00,24.65,45.74,Warning
D0071,2026-01-29 00:20:00,32.09,48.47,Normal
D0062,2026-01-29 00:25:00,26.94,41.69,Warning
D0042,2026-01-29 00:30:00,24.4,40.53,Normal
D0060,2026-01-29 00:35:00,33.65,56.94,Warning
D0080,2026-01-29 00:40:00,,65.33,Critical
D0026,2026-01-29 00:45:00,25.55,51.65,Critical
D0036,2026-01-29 00:50:00,27.13,71.62,Critical
D0006,2026-01-29 00:55:00,23.57,83.3,Normal
D0033,2026-01-29 01:00:00,26.32,47.88,Critical
D0066,2026-01-29 01:05:00,26.74,46.84,Critical
D0019,2026-01-29 01:10:00,24.0,75.29,Normal
D0072,2026-01-29 01:15:00,30.77,35.32,Critical
D0014,2026-01-29 01:20:00,30.9,53.2,Warning
D0035,2026-01-29 01:25:00,29.33,59.19,Critical
D0085,2026-01-29 01:30:00,32.27,63.65,Normal
D0076,2026-01-29 01:35:00,32.03,89.7,Warning
D0099,2026-01-29 01:40:00,34.09,78.44,Critical
D0072,,26.61,35.05,Critical
D0100,2026-01-29 01:50:00,26.64,60.15,Warning
D0042,2026-01-29 01:55:00,25.55,56.25,Warning
D0075,2026-01-29 02:00:00,31.43,61.68,Critical
D0081,2026-01-29 02:05:00,32.95,77.17,Warning
D0025,2026-01-29 02:10:00,24.37,79.03,Normal
D0011,2026-01-29 02:15:00,26.94,54.8,Normal
D0005,2026-01-29 02:20:00,24.04,60.54,Critical
D0041,2026-01-29 02:25:00,31.63,38.07,Warning
D0018,2026-01-29 02:30:00,30.2,55.42,Warning
D0005,2026-01-29 02:35:00,25.04,55.36,Critical
D0016,2026-01-29 02:40:00,34.1,66.68,Normal
D0018,2026-01-29 02:45:00,35.98,71.73,Critical
D0045,2026-01-29 02:50:00,22.27,37.93,Warning
D0011,2026-01-29 02:55:00,26.24,61.15,Normal
D0066,2026-01-29 03:00:00,33.92,74.18,Warning
D0017,2026-01-29 03:05:00,32.53,45.01,Normal
D0095,2026-01-29 03:10:00,33.19,89.75,Normal
D0037,2026-01-29 03:15:00,32.5,51.84,Critical
D0012,2026-01-29 03:20:00,27.32,70.73,Normal
D0066,2026-01-29 03:25:00,39.1,52.76,Warning
D0072,2026-01-29 03:30:00,33.65,76.1,Normal
D0001,2026-01-29 03:35:00,30.97,50.5,Critical
D0015,2026-01-29 03:40:00,29.39,67.72,Normal
d0004,2026-01-29 03:45:00,26.75,76.21,Critical
D0028,2026-01-29 03:50:00,30.48,70.18,Critical
D0048,2026-01-29 03:55:00,33.4,,Normal
D0074,2026-01-29 04:00:00,25.03,49.91,Warning
D0011,2026-01-29 04:05:00,33.37,69.33,Warning
D0054,2026-01-29 04:10:00,33.76,76.85,Warning
D0042,2026-01-29 04:15:00,20.2,63.14,Normal
D0088,2026-01-29 04:20:00,28.81,56.11,Critical
D0097,2026-01-29 04:25:00,26.07,61.08,Critical
D0014,2026-01-29 04:30:00,33.55,36.87,Normal
D0034,2026-01-29 04:35:00,25.14,45.44,Warning
D0080,2026-01-29 04:40:00,33.53,84.31,Normal
D0054,01/32/2026 10:00,27.37,48.02,Normal
D0062,2026-01-29 04:50:00,30.0,64.39,Warning
D0022,2026-01-29 04:55:00,30.29,70.6,Critical
D0028,2026-01-29 05:00:00,24.56,59.64,Normal
D0004,2026-01-29 05:05:00,24.72,78.08,Normal
D0024,2026-01-29 05:10:00,34.75,56.69,Warning
D0091,2026-01-29 05:15:00,21.13,81.74,Critical
D0017,2026-01-29 05:20:00,26.84,70.44,Critical
D0028,2026-01-29 05:25:00,28.96,77.02,Critical
D0096,2026-01-29 05:30:00,29.68,51.85,Critical
D0025,2026-01-29 05:35:00,28.66,42.35,Normal
D0078,2026-01-29 05:40:00,34.76,65.87,Warning
D0031,2026-01-29 05:45:00,26.74,56.37,Critical
D0090,2026-01-29 05:50:00,23.4,37.28,Warning
D0004,2026-01-29 05:55:00,35.82,73.11,Warning
D0067,2026-01-29 06:00:00,30.36,72.44,Warning
D0009,2026-01-29 06:05:00,30.13,87.96,Critical
D0097,2026-01-29 06:10:00,27.25,81.9,Normal
D0060,2026-01-29 06:15:00,34.17,77.92,Critical
D0002,2026-01-29 06:20:00,24.53,51.14,Critical
D0034,2026-01-29 06:25:00,27.13,69.96,Normal
D0042,2026-01-29 06:30:00,26.52,61.05,Normal
D0065,2026-01-29 06:35:00,32.52,75.87,Critical
D0023,2026-01-29 06:40:00,24.37,67.2,Normal
D0046,2026-01-29 06:45:00,33.3,42.95,Warning
D0021,2026-01-29 06:50:00,26.36,49.41,Warning
D0097,2026-01-29 06:55:00,34.34,47.75,Normal
D0035,2026-01-29 07:00:00,25.74,66.33,Normal
D0053,2026-01-29 07:05:00,22.02,67.93,Critical
D0014,2026-01-29 07:10:00,28.88,59.76,Critical
D0081,2026-01-29 07:15:00,32.01,71.83,Critical
D0092,2026-01-29 07:20:00,23.67,74.11,Warning
D0047,2026-01-29 07:25:00,33.93,44.61,Critical
D0065,2026-01-29 07:30:00,22.18,89.84,Critical
D0002,2026-01-29 07:35:00,31.34,77.92,Warning
D0015,2026-01-29 07:40:00,28.87,78.82,Warning
D0010,2026-01-29 07:45:00,30.05,85.36,Critical
D0067,2026-01-29 07:50:00,26.49,64.13,Critical
D0098,2026-01-29 07:55:00,31.7,55.23,Warning
D0076,2026-01-29 08:00:00,26.57,71.29,Critical
D0027,2026-01-29 08:05:00,26.65,66.49,Warning
D0091,not a timestamp,29.91,86.62,Critical
D0014,2026-01-29 08:15:00,26.25,,Normal
D0084,2026-01-29 08:20:00,37.4,84.13,Warning
D0054,2026-01-29 08:25:00,33.26,84.88,Normal
D0042,2026-01-29 08:30:00,24.0,75.09,Normal
D0032,2026-01-29 08:35:00,31.13,58.95,Warning
D0050,2026-01-29 08:40:00,26.03,60.79,Warning
D0018,2026-01-29 08:45:00,25.86,53.25,Critical
D0072,2026-01-29 08:50:00,28.47,78.3,Critical
D0055,2026-01-29 08:55:00,27.86,55.16,Normal
D0095,2026-01-29 09:00:00,24.74,81.35,Warning
D0093,2026-01-29 09:05:00,28.78,80.83,Warning
D0011,2026-01-29 09:10:00,29.58,69.8,Critical
D0097,2026-01-29 09:15:00,27.3,49.0,Normal
D0030,2026-01-29 09:20:00,31.17,82.1,Critical
D0030,2026-01-29 09:25:00,30.62,66.2,Critical
D0100,2026-01-29 09:30:00,27.99,65.72,Normal
D0044,2026-01-29 09:35:00,25.81,54.23,Warning
D0071,2026-01-29 09:40:00,32.83,85.23,Critical
D0011,2026-01-29 09:45:00,29.96,64.92,Normal
D0026,2026-01-29 09:50:00,23.12,88.84,Warning
D0033,2026-01-29 09:55:00,31.19,65.1,Critical
D0072,2026-01-29 10:00:00,34.98,79.97,Warning
D0096,2026-01-29 10:05:00,33.59,64.87,Critical
D0031,2026-01-29 10:10:00,32.96,59.23,Critical
D0067,2026-01-29 10:15:00,26.79,54.53,Normal
D0054,2026-01-29 10:20:00,26.04,76.07,Normal
D0085,2026-01-29 10:25:00,28.21,74.73,Normal
D0002,2026-01-29 10:30:00,31.3,66.85,Warning
D0083,2026-01-29 10:35:00,28.57,70.04,Normal
D0071,2026-01-29 10:40:00,27.88,81.1,Normal
D0092,2026-01-29 10:45:00,27.35,87.7,Normal
D0051,2026-01-29 10:50:00,29.14,76.78,Critical
D0010,2026-01-29 10:55:00,40.89,62.51,Warning
D0026,2026-01-29 11:00:00,31.71,65.63,Normal
D0088,2026-01-29 11:05:00,26.21,39.36,Warning
D0084,2026-01-29 11:10:00,32.06,74.83,Warning
D0050,2026-01-29 11:15:00,34.27,51.86,Warning
D0097,2026-01-29 11:20:00,31.12,40.11,Critical
D0078,2026-01-29 11:25:00,22.34,55.47,Normal
D0056,2026-01-29 11:30:00,31.55,59.26,Critical
D0074,2026-01-29 11:35:00,34.29,75.16,Warning
D0055,2026-01-29 11:40:00,27.11,56.74,Warning
D0010,2026-01-29 11:45:00,27.21,77.0,Critical
D0029,2026-01-29 11:50:00,24.47,60.11,Warning
D0024,2026-01-29 11:55:00,30.9,39.6,Normal
D0049,2026-01-29 12:00:00,25.46,82.21,Normal
D0022,2026-01-29 12:05:00,33.62,59.88,Critical
D0014,2026-01-29 12:10:00,19.64,66.07,Warning
D0083,2026-01-29 12:15:00,23.05,86.2,Critical
D0022,2026-01-29 12:20:00,37.34,82.45,Warning
D0100,2026-01-29 12:25:00,28.11,87.35,Warning
D0066,2026-01-29 12:30:00,29.65,52.96,Warning
D0033,2026-01-29 12:35:00,23.68,58.24,Normal
D0082,2026-01-29 12:40:00,28.76,73.46,Normal
D0027,2026-01-29 12:45:00,34.12,35.24,Warning
D0006,2026-01-29 12:50:00,33.86,35.68,Warning
D0048,2026-01-29 12:55:00,37.91,40.81,Warning
D0053,2026-01-29 13:00:00,30.3,39.4,Critical
D0048,2026-01-29 13:05:00,30.7,87.86,Warning
D0075,2026-01-29 13:10:00,high,48.69,Normal
D0063,2026-01-29 13:15:00,28.19,75.52,Critical
D0038,2026-01-29 13:20:00,28.9,36.52,Critical
D0075,2026-01-29 13:25:00,27.99,46.16,Warning
D0090,2026-01-29 13:30:00,17.7,73.36,Warning
D0054,2026-01-29 13:35:00,28.07,40.48,Normal
D0047,2026-01-29 13:40:00,27.75,77.93,Critical 
D0032,2026-01-29 13:45:00,35.24,61.19,Warning
D0030,2026-01-29 13:50:00,31.95,48.1,Normal
D0001,2026-01-29 13:55:00,,73.58,Critical
D0050,2026-01-29 14:00:00,29.73,37.62,Normal
D0036,2026-01-29 14:05:00,28.09,59.46,Normal
D0017,2026-01-29 14:10:00,27.55,62.61,Critical
D0088,2026-01-29 14:15:00,30.17,42.55,Warning
D0068,2026-01-29 14:20:00,34.75,39.58,Normal
D0035,2026-01-29 14:25:00,,55.3,Normal
D0089,2026-01-29 14:30:00,33.45,74.76,Warning
D0032,2026-01-29 14:35:00,25.91,63.43,Normal
D0081,2026-01-29 14:40:00,25.07,87.76,Normal
D0079,2026-01-29 14:45:00,34.49,47.68,Normal
D0089,2026-01-29 14:50:00,26.33,53.74,Warning
D0026,2026-01-29 14:55:00,22.43,89.99,Critical
D0055,2026-01-29 15:00:00,32.99,89.67,Critical
D0004,2026-01-29 15:05:00,26.17,81.87,Warning
D0048,2026-01-29 15:10:00,25.25,52.18,Warning
D0011,2026-01-29 15:15:00,32.08,-10,Warning
D0028,2026-01-29 15:20:00,28.01,60.4,Warning
D0071,2026-01-29 15:25:00,31.74,53.34,Normal
D0032,2026-01-29 15:30:00,29.44,37.05,Normal
D0096,2026-01-29 15:35:00,25.98,74.6,Critical
D0050,2026-01-29 15:40:00,33.73,84.47,Normal
D0036,2026-01-29 15:45:00,35.79,38.31,Critical
D0064,2026-01-29 15:50:00,33.15,36.86,Critical
D0010,2026-01-29 15:55:00,28.9,81.26,Normal
D0030,2026-01-29 16:00:00,27.24,76.48,Warning
D0081,2026-01-29 16:05:00,25.08,81.84,Normal
D0009,2026-01-29 16:10:00,24.59,66.97,Critical
D0069,2026-01-29 16:15:00,25.73,51.64,Normal
D0078,2026-01-29 16:20:00,25.63,64.1,Warning
D0019,2026-01-29 16:25:00,25.64,35.34,Normal
D0047,2026-01-29 16:30:00,30.43,40.87,Critical
D0060,2026-01-29 16:35:00,31.37,42.11,Warning
D0054,2026-01-29 16:40:00,26.43,73.99,Critical
D0014,2026-01-29 16:45:00,30.53,44.78,Warning
D0062,2026-01-29 16:50:00,29.72,40.54,Warning
D0014,2026-01-29 16:55:00,33.59,57.73,Warning
D0062,2026-01-29 17:00:00,29.11,44.74,Normal
D0083,2026-01-29 17:05:00,33.01,44.5,Warning
D0081,2026-01-29 17:10:00,33.51,52.15,Critical
D0057,2026-01-29 17:15:00,26.63,46.53,Warning
D0019,2026-01-29 17:20:00,30.22,79.64,Normal
D0081,2026-01-29 17:25:00,25.91,54.6,Warning
D0053,2026-01-29 17:30:00,29.2,53.15,Critical
D0075,2026-01-29 17:35:00,25.7,76.01,NORMAL
D0055,2026-01-29 17:40:00,30.16,54.45,Normal
D0091,2026-01-29 17:45:00,23.62,,Critical
D0010,2026-01-29 17:50:00,29.89,87.05,Critical
D0005,2026-01-29 17:55:00,31.83,60.36,Warning
D0061,2026-01-29 18:00:00,29.19,63.87,Normal
D0074,2026-01-29 18:05:00,32.32,77.22,Warning
D0033,2026-01-29 18:10:00,21.06,59.93,Critical
D0009,2026-01-29 18:15:00,27.79,77.87,Normal
D0090,2026-01-29 18:20:00,30.62,47.58,Warning
D0061,2026-01-29 18:25:00,30.62,81.97,Critical
D0055,2026-01-29 18:30:00,31.32,82.75,Normal
D0006,2026-01-29 18:35:00,35.07,65.65,Normal
D0018,2026-01-29 18:40:00,33.43,62.31,Critical
D0069,2026-01-29 18:45:00,29.26,84.4,Critical
D0059,2026-01-29 18:50:00,34.23,87.1,Warning
D0005,2026-01-29 18:55:00,24.16,52.14,Warning
D0051,2026-01-29 19:00:00,28.51,69.75,Warning
D0020,2026-01-29 19:05:00,25.87,70.3,Normal
D0046,2026-01-29 19:10:00,31.22,89.52,Critical
D0073,2026-01-29 19:15:00,33.61,59.95,Normal
D0060,2026-01-29 19:20:00,31.78,51.73,Critical
D0074,2026-01-29 19:25:00,27.24,37.57,Normal
D0062,2026-01-29 19:30:00,27.68,55.59,Warning
D0072,2026-01-29 19:35:00,31.98,57.33,Warning
D0057,2026-01-29 19:40:00,25.68,72.52,Normal
D0057,2026-01-29 19:45:00,29.27,80.14,Normal
D0043,2026-01-29 19:50:00,27.3,50.61,Warning
D0086,2026-01-29 19:55:00,22.8,77.92,Critical
D0050,2026-01-29 20:00:00,22.58,43.53,Warning
D0032,2026-01-29 20:05:00,29.3,79.6,Warning
D0085,2026-01-29 20:10:00,36.98,87.18,Warning
D0077,2026-01-29 20:15:00,27.16,40.4,Warning
D0073,2026-01-29 20:20:00,22.55,50.31,Critical
D0036,2026-01-29 20:25:00,28.21,76.15,Warning
D0014,2026-01-29 20:30:00,28.6,49.96,Normal
D0085,2026-01-29 20:35:00,33.74,41.0,Critical
D0085,2026-01-29 20:40:00,28.9,75.64,Warning
D0043,2026-01-29 20:45:00,31.17,46.05,Warning
D0060,2026-01-29 20:50:00,27.16,82.49,Normal
D0052,2026-01-29 20:55:00,34.59,,Normal
D0085,2026-01-29 21:00:00,24.8,60.78,Normal
D0069,2026-01-29 21:05:00,31.56,72.42,Critical
D0006,2026-01-29 21:10:00,28.33,82.57,Warning
D0038,2026-01-29 21:15:00,27.89,81.63,Normal
D0067,2026-01-29 21:20:00,20.1,89.77,Critical
D0057,2026-01-29 21:25:00,25.61,67.33,Warning
D0094,2026-01-29 21:30:00,30.62,36.92,Normal
D0097,2026-01-29 21:35:00,22.81,75.47,Normal
D0058,2026-01-29 21:40:00,27.63,40.88,Normal
D0060,2026-01-29 21:45:00,34.56,66.21,Normal
D0052,2026-01-29 21:50:00,31.71,89.29,Warning
D0097,2026-01-29 21:55:00,31.51,54.37,Critical
,2026-01-29 22:00:00,28.52,76.94,Warning
D0090,2026-01-29 22:05:00,31.65,79.34,Critical
D0035,2026-01-29 22:10:00,29.28,86.09,Warning
D0041,2026-01-29 22:15:00,30.1,62.73,Warning
D0083,2026-01-29 22:20:00,21.72,59.01,Warning
D0070,2026-01-29 22:25:00,34.53,78.51,Warning
D0024,2026-01-29 22:30:00,29.76,35.59,Critical
D0079,2026-01-29 22:35:00,26.15,53.14,Normal
D0008,2026-01-29 22:40:00,34.53,62.78,Critical
D0077,2026-01-29 22:45:00,26.34,57.33,Normal
D0032,2026-01-29 22:50:00,20.42,82.5,Warning
D0037,2026-01-29 22:55:00,30.18,82.89,Normal
D0083,2026-01-29 23:00:00,31.41,40.23,Critical
D0014,2026-01-29 23:05:00,27.71,56.58,Warning
D0067,2026-01-29 23:10:00,24.09,64.62,Normal
D0092,2026-01-29 23:15:00,30.01,35.52,critical
D0095,2026-01-29 23:20:00,29.18,44.58,Normal
D0055,2026-01-29 23:25:00,30.1,80.51,
D0056,2026-01-29 23:30:00,33.15,36.41,Normal
D0013,2026-01-29 23:35:00,27.86,80.15,Warning
D0067,2026-01-29 23:40:00,23.41,65.76,Normal
D0092,2026-01-29 23:45:00,19.01,68.76,Normal
D0047,2026-01-29 23:50:00,34.32,55.18,Warning
D0081,2026-01-29 23:55:00,25.22,55.43,Warning
D0043,2026-01-30 00:00:00,24.94,52.46,Warning
D0058,2026-01-30 00:05:00,29.8,72.98,Normal
D0080,2026-01-30 00:10:00,39.28,71.2,Normal
D0058,2026-01-30 00:15:00,27.87,82.73,Normal
D0069,2026-01-30 00:20:00,36.96,46.55,Normal
D0096,2026-01-30 00:25:00,27.1,40.65,Warning
D0063,2026-01-30 00:30:00,31.43,76.09,Normal
D0032,2026-01-30 00:35:00,32.92,79.01,Warning
D0004,2026-01-30 00:40:00,28.6,35.37,Normal
D0018,2026-01-30 00:45:00,34.8,37.99,Normal
D0084,2026-01-30 00:50:00,30.77,46.74,Critical
D0024,2026-01-30 00:55:00,22.86,82.34,Warning
D0010,2026-01-30 01:00:00,30.32,82.03,Warning
D0041,2026-01-30 01:05:00,32.42,45.54,Critical
D0031,2026-01-30 01:10:00,28.83,58.07,Normal
D0041,2026-01-30 01:15:00,30.17,70.52,Warning
D0035,2026-01-30 01:20:00,26.84,58.06,Critical
D0063,2026-01-30 01:25:00,33.18,41.0,Normal
D0005,2026-01-30 01:30:00,26.46,71.64,Normal
D0095,2026-01-30 01:35:00,37.33,41.01,Normal
D0023,2026-01-30 01:40:00,37.35,81.48,Warning
D0078,2026-01-30 01:45:00,22.15,45.96,Warning
D0067,2026-01-30 01:50:00,27.88,69.55,Normal
D0092,2026-01-30 01:55:00,31.28,84.03,Critical
D0030,2026-01-30 02:00:00,26.11,76.08,Critical
D0006,2026-01-30 02:05:00,33.68,70.09,Normal
D0013,2026-01-30 02:10:00,35.24,57.57,Warning
D0095,2026-01-30 02:15:00,29.48,70.29,Normal
D0034,2026-01-30 02:20:00,29.11,90.0,Warning
D0037,2026-01-30 02:25:00,29.53,55.32,Critical
D0028,2026-01-30 02:30:00,26.08,49.19,Normal
D0056,2026-01-30 02:35:00,26.76,73.28,Warning
D0037,2026-01-30 02:40:00,28.89,73.2,Normal
D0027,2026-01-30 02:45:00,28.81,85.18,Normal
D0047,2026-01-30 02:50:00,28.03,89.86,Normal
D0018,2026-01-30 02:55:00,26.49,85.97,Normal
D0099,2026-01-30 03:00:00,39.64,80.74,Critical
D0064,2026-01-30 03:05:00,31.0,42.22,Critical
D0028,2026-01-30 03:10:00,36.25,58.61,Normal
D0067,2026-01-30 03:15:00,30.42,83.67,Critical
D0008,2026-01-30 03:20:00,33.49,71.51,Critical
D0046,2026-01-30 03:25:00,27.57,40.88,Critical
D0043,2026-01-30 03:30:00,31.74,43.22,Warning
D0100,2026-01-30 03:35:00,29.3,68.7,Warning
D0004,2026-01-30 03:40:00,28.62,82.77,Critical
D0062,2026-01-30 03:45:00,30.0,55.73,Critical
D0053,2026-01-30 03:50:00,29.96,47.24,Normal
D0005,2026-01-30 03:55:00,29.85,38.33,Warning
D0067,2026-01-30 04:00:00,20.91,39.93,Warning
D0048,2026-01-30 04:05:00,27.59,67.33,Normal
D0070,2026-01-30 04:10:00,33.81,50.98,Normal
D0025,2026-01-30 04:15:00,34.89,39.7,Normal
D0061,2026-01-30 04:20:00,32.21,77.79,Critical
D0059,2026-01-30 04:25:00,37.47,51.88,Critical
D0082,2026-01-30 04:30:00,19.47,52.8,Critical
D0099,2026-01-30 04:35:00,29.83,49.63,Warning
D0027,2026-01-30 04:40:00,28.48,67.38,Critical
D0018,2026-01-30 04:45:00,33.25,37.85,Critical
D0036,2026-01-30 04:50:00,28.86,52.17,Normal
D0050,2026-01-30 04:55:00,34.18,88.96,Normal
D0072,2026-01-30 05:00:00,23.27,61.44,Normal
D0021,2026-01-30 05:05:00,28.63,79.96,Critical
D0097,2026-01-30 05:10:00,24.83,40.61,Warning
D0090,2026-01-30 05:15:00,34.5,49.05,Critical
D0075,2026-01-30 05:20:00,33.91,87.82,Warning
D0013,2026-01-30 05:25:00,32.61,85.24,Critical
D0080,2026-01-30 05:30:00,21.19,38.14,Critical
D0097,2026-01-30 05:35:00,19.63,49.99,Warning
D0002,2026-01-30 05:40:00,33.54,43.88,Critical
D0089,2026-01-30 05:45:00,28.03,75.45,Critical
D0029,2026-01-30 05:50:00,24.79,62.1,Critical
D0086,2026-01-30 05:55:00,26.98,40.83,Warning
D0086,2026-01-30 06:00:00,23.9,62.14,Warning
D0076,2026-01-30 06:05:00,28.74,73.67,Normal
D0040,2026-01-30 06:10:00,32.17,49.47,Warning
D0087,2026-01-30 06:15:00,31.94,73.7,Warning
D0073,2026-01-30 06:20:00,26.2,77.65,Critical
D0100,2026-01-30 06:25:00,29.02,78.48,Normal
D0074,2026-01-30 06:30:00,25.87,72.71,Normal
D0076,2026-01-30 06:35:00,28.29,80.46,Warning
D0018,2026-01-30 06:40:00,25.69,82.35,Critical
D0001,2026-01-30 06:45:00,31.13,49.71,Normal
D0003,2026-01-30 06:50:00,27.14,86.19,Normal
D0047,2026-01-30 06:55:00,33.17,41.72,Normal
D0075,2026-01-30 07:00:00,30.32,84.82,Warning
D0094,2026-01-30 07:05:00,32.37,80.91,Critical
D0085,2026-01-30 07:10:00,32.73,69.92,Warning
D0056,2026-01-30 07:15:00,27.06,76.63,Warning
D0036,2026-01-30 07:20:00,32.2,56.96,Critical
D0023,2026-01-30 07:25:00,24.48,68.52,critical
D0093,2026-01-30 07:30:00,28.82,78.83,Normal
D0055,2026-01-30 07:35:00,36.07,36.62,Warning
D0092,2026-01-30 07:40:00,36.66,58.68,Normal
D0020,2026-01-30 07:45:00,26.61,57.48,Normal
D0085,2026-01-30 07:50:00,18.97,63.4,Normal
D0016,2026-01-30 07:55:00,28.24,38.17,Warning
D0082,2026-01-30 08:00:00,31.11,89.2,Critical
D0002,2026-01-30 08:05:00,28.8,36.97,Critical
D0081,2026-01-30 08:10:00,35.15,64.5,Normal
D0060,2026-01-30 08:15:00,28.88,59.72,Normal
D0086,2026-01-30 08:20:00,31.61,43.75,Critical
D0089,2026-01-30 08:25:00,29.72,74.76,Warning
D0068,2026-01-30 08:30:00,30.02,58.75,Critical
D0063,2026-01-30 08:35:00,24.28,70.87,Normal
D0006,2026-01-30 08:40:00,29.23,64.04,Normal
D0097,2026-01-30 08:45:00,26.26,72.42,Critical
D0092,2026-01-30 08:50:00,35.95,59.41,Normal
D0089,2026-01-30 08:55:00,25.87,46.72,Normal
D0005,2026-01-30 09:00:00,31.54,59.53,Critical
D0093,2026-01-30 09:05:00,22.95,48.01,Normal
D0024,2026-01-30 09:10:00,23.21,45.74,Normal
D0051,2026-01-30 09:15:00,32.87,46.32,Warning
D0032,2026-01-30 09:20:00,31.37,43.35,Critical
D0092,2026-01-30 09:25:00,36.05,84.18,Critical
D0057,2026-01-30 09:30:00,30.43,64.33,Warning
D0070,2026-01-30 09:35:00,25.9,56.65,Warning
D0004,2026-01-30 09:40:00,28.4,67.48,Warning
D0030,2026-01-30 09:45:00,36.77,74.55,Warning
D0039,2026-01-30 09:50:00,27.54,44.51,Warning
D0029,2026-01-30 09:55:00,34.22,54.71,Critical
D0094,2026-01-30 10:00:00,23.75,36.02,Normal
D0002,2026-01-30 10:05:00,28.85,70.43,Critical
D0095,2026-01-30 10:10:00,29.39,53.18,Critical
D0036,2026-01-30 10:15:00,31.03,52.39,Critical
D0083,2026-01-30 10:20:00,26.24,79.18,Critical
D0062,2026-01-30 10:25:00,27.76,67.99,Normal
D0031,2026-01-30 10:30:00,30.64,62.98,Normal
D0013,2026-01-30 10:35:00,28.45,50.43,Warning
D0069,2026-01-30 10:40:00,27.67,67.32,Critical
D0007,2026-01-30 10:45:00,35.36,,Normal
D0034,2026-01-30 10:50:00,33.02,55.17,Normal
D0090,2026-01-30 10:55:00,26.84,49.89,Critical
D0011,2026-01-30 11:00:00,31.17,89.58,Critical
D0070,2026-01-30 11:05:00,24.56,38.24,Warning
D0055,2026-01-30 11:10:00,21.85,63.07,Critical
D0071,2026-01-30 11:15:00,30.72,82.82,Warning
D0069,2026-01-30 11:20:00,31.27,75.05,Normal
D0046,2026-01-30 11:25:00,24.68,77.86,Normal
D0044,2026-01-30 11:30:00,31.21,41.78,Critical
D0015,2026-01-30 11:35:00,28.16,77.42,Critical
D0059,2026-01-30 11:40:00,29.82,38.58,Warning
D0074,2026-01-30 11:45:00,21.25,87.23,Normal
D0010,2026-01-30 11:50:00,34.22,53.09,Normal
D0097,2026-01-30 11:55:00,26.02,67.09,Warning
D0053,2026-01-30 12:00:00,33.47,82.81,Normal
D0017,2026-01-30 12:05:00,29.01,62.37,Normal
D0047,2026-01-30 12:10:00,30.41,81.42,Warning
D0028,2026-01-30 12:15:00,23.77,65.49,Normal
D0024,2026-01-30 12:20:00,27.95,39.36,Critical
D0077,2026-01-30 12:25:00,21.75,59.48,Warning
D0070,2026-01-30 12:30:00,23.64,88.28,Warning
D0061,2026-01-30 12:35:00,24.37,51.67,Normal
D0016,2026-01-30 12:40:00,21.24,38.64,Normal
D0008,2026-01-30 12:45:00,24.63,80.47,Normal
D0068,2026-01-30 12:50:00,34.31,78.93,Warning
D0042,2026-25-01 12:00:00,30.54,38.41,Warning
D0083,2026-01-30 13:00:00,25.56,41.49,Normal
D0027,2026-01-30 13:05:00,28.75,39.76,Critical
D0072,2026-01-30 13:10:00,26.62,59.88,Critical
D0002,2026-01-30 13:15:00,37.67,62.58,Critical
D0059,2026-01-30 13:20:00,27.85,55.41,Warning
D0015,2026-01-30 13:25:00,21.66,62.91,Normal
D0010,2026-01-30 13:30:00,24.65,40.6,Critical
D0078,2026-01-30 13:35:00,34.66,58.42,Warning
D0065,2026-01-30 13:40:00,33.06,70.0,Normal
D0065,2026-01-30 13:45:00,32.04,57.34,Critical
D0054,2026-01-30 13:50:00,24.84,89.66,Normal
D0038,2026-01-30 13:55:00,29.37,42.58,Normal
D0043,2026-01-30 14:00:00,34.7,51.49,Critical
D0058,2026-01-30 14:05:00,23.57,73.11,Critical
D0058,2026-01-30 14:10:00,28.1,46.88,Warning
D0057,2026-01-30 14:15:00,27.16,50.54,Critical
D0004,2026-01-30 14:20:00,32.88,74.1,Critical
D0045,2026-01-30 14:25:00,25.93,44.78,Normal
D0036,2026-01-30 14:30:00,32.46,41.8,Critical
D0086,2026-01-30 14:35:00,24.06,37.35,Warning
D0018,2026-01-30 14:40:00,28.45,38.2,Warning
D0051,2026-01-30 14:45:00,22.18,59.01,Critical
D0074,2026-01-30 14:50:00,23.27,35.39,Normal
D0082,2026-01-30 14:55:00,31.07,62.84,Warning
D0083,2026-01-30 15:00:00,34.62,88.43,Critical
D0003,2026-01-30 15:05:00,30.11,73.89,Warning
D0048,2026-01-30 15:10:00,32.77,80.81,Normal
D0030,2026-01-30 15:15:00,30.11,53.54,Critical
D0068,2026-01-30 15:20:00,31.01,70.2,Normal
D0037,2026-01-30 15:25:00,31.51,61.37,Critical
D0098,not a timestamp,14.37,41.34,Critical
D0094,2026-01-30 15:35:00,33.74,83.73,Critical
D0032,2026-01-30 15:40:00,27.21,41.07,Critical
D0096,2026-01-30 15:45:00,28.91,87.86,Critical
D0062,2026-01-30 15:50:00,19.97,80.6,Critical
D0069,2026-01-30 15:55:00,34.27,40.41,Warning
D0034,2026-01-30 16:00:00,33.99,35.18,Critical
D0033,2026-01-30 16:05:00,31.17,66.18,Normal
D0097,2026-01-30 16:10:00,31.09,74.97,Critical
D0041,2026-01-30 16:15:00,29.15,85.34,Critical
D0014,2026-01-30 16:20:00,30.72,60.91,Warning
D0024,2026-01-30 16:25:00,22.69,56.77,Critical
D0087,2026-01-30 16:30:00,34.73,83.37,Warning
D0027,2026-01-30 16:35:00,27.49,51.43,Critical
D0075,2026-01-30 16:40:00,29.48,71.79,Warning
D0004,2026-01-30 16:45:00,29.72,77.05,Critical
D0083,2026-01-30 16:50:00,26.2,63.89,Normal
D0002,2026-01-30 16:55:00,28.96,64.15,Critical
D0099,2026-01-30 17:00:00,26.39,84.81,Warning
D0039,2026-01-30 17:05:00,24.15,89.64,Warning
D0100,2026-01-30 17:10:00,28.32,70.38,Warning
D0074,2026-01-30 17:15:00,34.3,45.44,Normal
D0064,2026-01-30 17:20:00,25.39,48.46,Critical
D0048,2026-01-30 17:25:00,31.33,49.63,Normal
D0072,2026-01-30 17:30:00,28.86,77.37,Critical
D0035,2026-01-30 17:35:00,26.54,54.77,Normal
D0063,2026-01-30 17:40:00,30.09,47.98,Warning
D0087,2026-01-30 17:45:00,32.19,83.01,Warning
D0097,2026-01-30 17:50:00,25.8,62.83,Warning
D0018,2026-01-30 17:55:00,28.58,47.04,Normal
D0097,2026-01-30 18:00:00,28.38,55.28,Warning
D0056,2026-01-30 18:05:00,34.75,53.37,Critical
D0075,2026-01-30 18:10:00,35.04,39.24,Critical
D0063,2026-01-30 18:15:00,28.53,73.25,Critical
D0042,2026-01-30 18:20:00,30.31,41.71,Normal
D0005,2026-01-30 18:25:00,20.42,61.7,Normal
D0041,2026-01-30 18:30:00,34.61,,Warning
D0099,2026-01-30 18:35:00,27.26,67.0,Normal
D0056,2026-01-30 18:40:00,29.0,45.96,Critical
D0082,2026-01-30 18:45:00,27.2,67.63,Normal
D0076,2026-01-30 18:50:00,31.06,68.71,Normal
d0004,2026-01-30 18:55:00,28.33,82.66,Normal
D0066,2026-01-30 19:00:00,27.61,77.57,Normal
D0038,2026-01-30 19:05:00,26.22,57.47,Warning
D0075,2026-01-30 19:10:00,25.63,83.61,Warning
D0013,2026-01-30 19:15:00,29.1,74.08,Warning
D0078,2026-01-30 19:20:00,26.93,47.6,Critical
D0035,2026-01-30 19:25:00,29.56,55.93,Critical
D0007,2026-01-30 19:30:00,27.41,54.55,Critical
D0004,2026-01-30 19:35:00,32.0,89.9,Critical
D0097,2026-01-30 19:40:00,24.43,75.78,Warning
D0037,2026-01-30 19:45:00,27.02,64.69,
D0019,2026-01-30 19:50:00,23.78,71.2,Normal
D0058,2026-01-30 19:55:00,27.37,-10,Normal
D0051,2026-01-30 20:00:00,29.75,42.04,Critical
D0021,2026-01-30 20:05:00,25.24,75.81,Warning
D0093,2026-01-30 20:10:00,28.89,39.17,Critical
D0012,2026-01-30 20:15:00,28.67,66.25,Normal
D0055,2026-01-30 20:20:00,28.2,58.75,Critical
D0032,2026-01-30 20:25:00,36.84,43.76,Normal
D0050,2026-01-30 20:30:00,18.93,50.08,Critical
D0094,2026-01-30 20:35:00,28.51,79.87,Critical
D0071,2026-01-30 20:40:00,31.96,54.94,Warning
D0052,2026-01-30 20:45:00,24.46,88.82,Warning
D0031,2026-01-30 20:50:00,23.45,85.66,Warning
D0009,2026-01-30 20:55:00,22.96,73.68,Normal
D0028,2026-01-30 21:00:00,28.69,79.05,Normal
D0012,2026-01-30 21:05:00,32.03,43.02,Normal
D0039,2026-01-30 21:10:00,32.32,58.95,Normal
D0098,2026-01-30 21:15:00,30.79,52.79,Critical
D0043,2026-01-30 21:20:00,23.03,54.32,Warning
,2026-01-30 21:25:00,32.6,62.56,Critical
D0088,2026-01-30 21:30:00,26.13,73.96,Critical
D0009,2026-01-30 21:35:00,,54.77,Warning
D0061,2026-01-30 21:40:00,37.8,54.67,Normal
D0058,2026-01-30 21:45:00,25.52,86.31,Normal
D0075,2026-01-30 21:50:00,31.7,56.36,Critical
D0001,2026-01-30 21:55:00,30.21,83.44,Critical
D0086,2026-01-30 22:00:00,28.88,55.85,Warning
D0071,2026-01-30 22:05:00,30.34,66.45,Warning
D0072,2026-01-30 22:10:00,28.76,83.64,Warning
D0028,2026-01-30 22:15:00,27.59,42.98,Warning
D0075,2026-01-30 22:20:00,31.34,77.41,Normal
D0001,2026-01-30 22:25:00,28.05,63.38,Critical
D0084,2026-01-30 22:30:00,30.5,73.04,Critical
device-01,2026-01-30 22:35:00,24.85,73.18,Critical
D0013,2026-01-30 22:40:00,24.74,69.95,Critical
D0090,2026-01-30 22:45:00,24.28,64.34,Warning
D0010,2026-01-30 22:50:00,25.0,39.07,Warning
D0013,2026-01-30 22:55:00,34.88,36.13,Warning
D0051,2026-01-30 23:00:00,30.85,68.14,Critical
D0065,2026-01-30 23:05:00,31.32,,Normal
D0064,2026-01-30 23:10:00,33.48,55.06,Critical
D0058,2026-01-30 23:15:00,26.56,58.04,Critical
D0001,2026-01-30 23:20:00,26.34,67.03,Normal
D0038,2026-01-30 23:25:00,27.26,80.96,Warning
D0006,2026-01-30 23:30:00,21.9,64.06,Normal
D0003,2026-01-30 23:35:00,23.37,55.34,Normal
D0061,2026-01-30 23:40:00,29.58,61.4,Warning
D0071,2026-01-30 23:45:00,22.18,52.52,Critical
D0082,2026-01-30 23:50:00,23.79,86.16,Normal
D0063,2026-01-30 23:55:00,24.71,60.47,Normal
D0010,2026-01-31 00:00:00,34.12,62.17,Warning
D0070,2026-01-31 00:05:00,30.46,78.98,Warning
D0037,2026-01-31 00:10:00,25.29,77.46,Critical
D0039,2026-01-31 00:15:00,26.89,66.76,Critical
D0050,2026-01-31 00:20:00,24.82,74.5,Normal
D0035,2026-01-31 00:25:00,28.67,84.31,Critical
D0006,2026-01-31 00:30:00,32.77,52.1,Critical
D0089,2026-01-31 00:35:00,26.76,72.44,Normal
D0082,2026-01-31 00:40:00,31.97,42.7,Warning
D0089,2026-01-31 00:45:00,28.87,37.86,Critical
D0023,2026-01-31 00:50:00,31.5,54.95,Warning
D0003,2026-01-31 00:55:00,30.35,38.1,Normal
D0064,2026-01-31 01:00:00,27.6,88.1,Normal
D0075,2026-01-31 01:05:00,25.47,40.56,Warning
D0001,2026-01-31 01:10:00,37.48,64.23,Critical
D0027,2026-01-31 01:15:00,29.68,44.59,Warning
D0006,2026-01-31 01:20:00,33.42,51.62,Normal
D0094,2026-01-31 01:25:00,28.53,89.71,Normal
D0058,2026-01-31 01:30:00,29.44,78.89,Critical
D0010,2026-01-31 01:35:00,29.46,84.28,Normal
D0020,2026-01-31 01:40:00,26.66,69.62,Critical
D0043,2026-01-31 01:45:00,29.63,37.46,Warning
D0036,2026-01-31 01:50:00,27.78,42.42,Warning
D0087,2026-01-31 01:55:00,31.87,71.9,Critical
D0002,2026-01-31 02:00:00,34.41,68.28,Critical
D0029,2026-01-31 02:05:00,25.37,39.07,Warning
D0074,2026-01-31 02:10:00,32.5,35.74,Warning
D0088,2026-01-31 02:15:00,28.85,48.19,Warning
D0015,2026-01-31 02:20:00,35.15,77.0,Normal
d0004,2026-01-31 02:25:00,22.95,82.64,Normal
D0026,2026-01-31 02:30:00,29.29,55.83,Critical
D0054,2026-01-31 02:35:00,26.58,53.44,Normal
D0053,2026-01-31 02:40:00,22.64,83.07,Warning
D0027,2026-01-31 02:45:00,27.18,37.1,Warning
D0042,2026-01-31 02:50:00,34.16,84.68,Critical
D0009,2026-01-31 02:55:00,25.24,66.57,Normal
D0072,2026-01-31 03:00:00,30.55,49.53,Warning
D0026,2026-01-31 03:05:00,30.42,37.33,Warning
D0037,2026-01-31 03:10:00,33.05,56.19,Warning
D0074,2026-01-31 03:15:00,32.21,44.15,Normal
D0057,2026-01-31 03:20:00,28.05,52.91,Warning
D0017,2026-01-31 03:25:00,27.31,45.96,Normal
D0020,2026-01-31 03:30:00,23.23,79.54,Normal
D0091,2026-01-31 03:35:00,34.4,68.92,Normal
D0087,2026-01-31 03:40:00,26.52,66.55,Normal
D0094,2026-01-31 03:45:00,21.08,39.69,Normal
D0080,2026-01-31 03:50:00,26.51,49.72,Warning
D0091,2026-01-31 03:55:00,23.33,43.43,Critical
D0017,2026-01-31 04:00:00,37.46,51.17,
D0029,2026-01-31 04:05:00,27.38,68.3,Warning
D0055,2026-01-31 04:10:00,27.09,65.99,Critical
D0079,2026-01-31 04:15:00,28.25,55.41,Warning
D0031,2026-01-31 04:20:00,31.44,eighty,Normal
D0041,2026-01-31 04:25:00,18.73,67.79,Critical
D0024,2026-01-31 04:30:00,29.85,36.18,Warning
D0043,2026-01-31 04:35:00,35.76,52.99,Warning
D0067,2026-01-31 04:40:00,26.75,46.47,Critical
D0078,2026-01-31 04:45:00,23.7,37.1,Warning
D0005,2026-01-31 04:50:00,20.54,63.28,Critical
D0068,2026-01-31 04:55:00,28.1,60.34,Critical
D0087,2026-01-31 05:00:00,36.69,66.14,Critical
D0071,2026-01-31 05:05:00,27.33,56.61,Warning
D0097,2026-01-31 05:10:00,33.83,53.09,Critical
D0025,2026-01-31 05:15:00,32.82,61.16,Normal
D0069,2026-01-31 05:20:00,30.35,45.15,Normal
D0096,2026-01-31 05:25:00,32.05,36.32,
D0004,2026-01-31 05:30:00,31.31,77.82,Warning
D0052,2026-01-31 05:35:00,27.02,46.32,Warning
D0009,2026-01-31 05:40:00,23.74,55.79,Critical
D0031,2026-01-31 05:45:00,26.28,71.12,Critical
D0002,2026-01-31 05:50:00,26.56,58.81,Warning
D0063,2026-01-31 05:55:00,33.52,39.58,Normal
D0060,2026-01-31 06:00:00,30.22,55.1,Critical
D0046,2026-01-31 06:05:00,39.19,47.23,Warning
D0086,2026-01-31 06:10:00,31.42,63.36,Warning
D0077,2026-01-31 06:15:00,23.89,59.28,Normal
D0003,2026-01-31 06:20:00,21.28,56.1,Warning
D0075,2026-01-31 06:25:00,30.74,51.69,Critical
D0002,2026-01-31 06:30:00,26.12,42.33,Critical
D0056,2026-01-31 06:35:00,23.25,36.77,Warning
D0078,2026-01-31 06:40:00,36.92,53.81,Critical
D0061,2026-01-31 06:45:00,29.19,72.54,Normal
D0030,2026-01-31 06:50:00,23.07,59.11,Critical
D0014,2026-01-31 06:55:00,35.33,70.91,Critical
D0082,2026-01-31 07:00:00,31.48,68.2,Normal
D0078,2026-01-31 07:05:00,20.73,,Normal
D0079,2026-01-31 07:10:00,26.22,55.22,Warning
D0066,2026-01-31 07:15:00,34.62,81.54,Warning
D0066,2026-01-31 07:20:00,31.96,54.57,Critical
D0002,2026-01-31 07:25:00,34.66,61.97,Warning
D0050,2026-01-31 07:30:00,29.81,74.29,Normal
D0032,2026-01-31 07:35:00,30.74,78.33,Critical
D0060,2026-01-31 07:40:00,32.52,71.8,Warning
D0028,2026-01-31 07:45:00,26.58,72.37,Normal
D0050,2026-01-31 07:50:00,31.46,85.84,Warning
D0016,2026-01-31 07:55:00,31.51,40.5,Critical
D0097,2026-01-31 08:00:00,31.33,68.11,Warning
D0100,2026-01-31 08:05:00,22.38,35.4,Normal
D0010,2026-01-31 08:10:00,29.94,72.53,Critical
D0081,2026-01-31 08:15:00,21.63,43.34,Warning
D0027,2026-01-31 08:20:00,25.01,55.33,Warning
D0055,2026-01-31 08:25:00,17.36,85.5,Critical
D0088,2026-01-31 08:30:00,28.32,87.17,Warning
D0005,2026-01-31 08:35:00,28.48,82.75,Critical
D0045,2026-01-31 08:40:00,31.24,43.33,Warning
D0033,2026-01-31 08:45:00,38.19,82.34,Warning
D0034,2026-01-31 08:50:00,32.29,44.45,Warning
D0080,2026-01-31 08:55:00,26.95,64.74,Warning
D0076,2026-01-31 09:00:00,23.32,67.23,Warning
D0040,2026-01-31 09:05:00,31.87,77.67,Critical
D0064,2026-01-31 09:10:00,27.68,69.81,Warning
D0035,2026-01-31 09:15:00,27.21,55.45,Normal
D0042,2026-01-31 09:20:00,27.84,52.82,Warning
D0034,2026-01-31 09:25:00,21.49,65.87,Critical
D0051,2026-01-31 09:30:00,28.9,64.77,Warning
D0060,2026-01-31 09:35:00,23.33,40.05,Warning
D0046,2026-01-31 09:40:00,28.34,77.48,Normal
D0007,2026-01-31 09:45:00,29.99,82.69,Critical
D0010,2026-01-31 09:50:00,34.31,42.38,Normal
D0074,2026-01-31 09:55:00,29.38,61.02,Warning
D0058,2026-01-31 10:00:00,23.65,69.66,Critical
D0045,2026-01-31 10:05:00,34.9,67.08,Normal
D0050,2026-01-31 10:10:00,23.5,47.02,Critical
D0007,2026-01-31 10:15:00,30.38,77.54,
D0032,2026-01-31 10:20:00,21.48,70.61,Critical
D0020,2026-01-31 10:25:00,22.81,41.77,Critical
D0072,2026-01-31 10:30:00,26.92,44.49,Warning
D0057,2026-01-31 10:35:00,29.48,51.34,Normal
D0085,2026-01-31 10:40:00,27.04,46.91,Normal
D0074,2026-01-31 10:45:00,24.88,53.42,Warning
D0029,2026-01-31 10:50:00,26.29,62.56,Warning
D0031,2026-01-31 10:55:00,27.24,88.41,Critical
D0062,2026-01-31 11:00:00,28.25,78.85,Warning
D0015,2026-01-31 11:05:00,32.94,41.65,Critical
D0058,2026-01-31 11:10:00,24.39,89.94,Critical
D0053,2026-01-31 11:15:00,27.29,63.65,Warning
D0011,2026-01-31 11:20:00,28.93,42.74,Warning
D0054,2026-01-31 11:25:00,22.21,47.03,Normal
D0042,2026-01-31 11:30:00,29.56,46.85,Critical
D0079,2026-01-31 11:35:00,25.05,52.3,Normal
D0060,2026-01-31 11:40:00,28.5,49.43,Normal
D0047,2026-01-31 11:45:00,30.3,61.82,Normal
D0087,2026-01-31 11:50:00,29.35,52.44,Critical
D0033,2026-01-31 11:55:00,31.6,79.89,Critical
D0099,2026-01-31 12:00:00,29.86,55.29,Normal
D0098,2026-01-31 12:05:00,25.13,50.35,Normal
D0082,2026-01-31 12:10:00,33.08,70.7,Normal
D0074,2026-01-31 12:15:00,23.15,57.41,Normal
D0024,2026-01-31 12:20:00,24.51,36.11,Critical
D0044,2026-01-31 12:25:00,34.66,83.87,Warning
D0042,2026-01-31 12:30:00,26.27,60.29,Critical
D0034,2026-01-31 12:35:00,39.67,48.42,Warning
D0081,2026-01-31 12:40:00,33.33,57.48,Normal
D0026,2026-01-31 12:45:00,25.83,71.7,Warning
D0100,2026-01-31 12:50:00,23.91,66.71,Critical
D0047,2026-01-31 12:55:00,32.41,35.03,Critical
D0099,2026-01-31 13:00:00,29.72,73.53,Critical
D0019,2026-01-31 13:05:00,27.7,81.65,Warning
D0015,2026-01-31 13:10:00,28.11,79.63,Normal
D0073,2026-01-31 13:15:00,26.26,58.82,Critical
D0024,2026-01-31 13:20:00,23.96,73.66,Warning
D0095,2026-01-31 13:25:00,25.74,73.83,Warning
D0033,2026-01-31 13:30:00,32.68,53.34,Critical
D0089,2026-01-31 13:35:00,31.2,69.56,Critical
D0088,2026-01-31 13:40:00,22.65,87.74,Normal
D0083,2026-01-31 13:45:00,31.74,79.69,Warning
D0027,2026-01-31 13:50:00,34.33,89.29,Normal
D0013,2026-01-31 13:55:00,36.6,76.91,Normal
D0010,2026-01-31 14:00:00,27.4,64.25,Warning
D0061,2026-01-31 14:05:00,33.8,57.14,Normal
D0056,2026-01-31 14:10:00,22.99,83.51,Normal
D0028,2026-01-31 14:15:00,27.08,46.61,Critical
D0017,2026-01-31 14:20:00,31.69,35.39,Critical
D0098,2026-01-31 14:25:00,30.71,52.48,Critical
D0053,2026-01-31 14:30:00,22.39,72.96,Warning
D0063,2026-01-31 14:35:00,27.16,45.74,Critical
D0060,2026-01-31 14:40:00,26.84,85.67,Warning
D0050,2026-01-31 14:45:00,30.74,52.85,Critical
D0061,2026-01-31 14:50:00,22.8,86.42,Warning
D0019,2026-01-31 14:55:00,29.9,81.11,Critical
D0027,2026-01-31 15:00:00,28.7,68.63,Normal
D0083,2026-01-31 15:05:00,29.86,44.84,Warning
D0054,2026-01-31 15:10:00,31.35,84.41,Critical
D0049,2026-01-31 15:15:00,,75.02,Critical
D0087,2026-01-31 15:20:00,28.78,76.94,Normal
D0044,2026-01-31 15:25:00,31.74,57.98,Warning
D0069,2026-01-31 15:30:00,31.84,77.87,Critical
D0028,2026-01-31 15:35:00,29.55,35.35,Warning
D0066,2026-01-31 15:40:00,26.23,84.54,Critical
D0066,2026-01-31 15:45:00,29.78,46.4,Normal
D0068,2026-01-31 15:50:00,30.51,36.02,Warning
D0024,2026-01-31 15:55:00,29.6,66.56,Normal
D0058,2026-01-31 16:00:00,32.69,75.03,Critical
D0010,2026-01-31 16:05:00,27.52,76.64,Normal
D0035,2026-01-31 16:10:00,30.87,41.69,Critical
D0009,2026-01-31 16:15:00,30.4,77.05,Warning
D0088,2026-01-31 16:20:00,N/A,62.03,Normal
D0051,2026-01-31 16:25:00,32.33,84.71,Normal
D0068,2026-01-31 16:30:00,32.63,68.44,Normal
D0090,2026-01-31 16:35:00,27.01,38.89,Critical
D0035,2026-01-31 16:40:00,35.05,64.26,Normal
D0007,2026-01-31 16:45:00,30.14,61.46,Normal
D0007,2026-01-31 16:50:00,28.77,44.96,Normal
D0092,2026-01-31 16:55:00,26.5,69.43,Warning
D0026,2026-01-31 17:00:00,26.07,77.17,Normal
D0052,2026-01-31 17:05:00,29.68,68.65,Normal
D0019,2026-01-31 17:10:00,24.75,43.02,Warning
D0064,2026-01-31 17:15:00,19.49,55.51,Critical
D0076,2026-01-31 17:20:00,31.83,84.0,Warning
D0018,2026-01-31 17:25:00,29.67,52.72,Warning
D0007,2026-01-31 17:30:00,35.1,64.77,Normal
D0052,2026-01-31 17:35:00,,48.19,Normal
D0073,2026-01-31 17:40:00,26.8,89.77,Critical
D0035,2026-01-31 17:45:00,28.36,43.47,Normal
D0046,2026-01-31 17:50:00,27.13,81.3,Warning
D0093,2026-01-31 17:55:00,26.78,50.14,Warning
D0064,2026-01-31 18:00:00,32.38,47.59,Critical
D0035,2026-01-31 18:05:00,33.63,79.56,Critical
D0051,2026-01-31 18:10:00,31.27,38.01,Warning
D0023,2026-01-31 18:15:00,29.26,61.99,Warning
D0047,2026-01-31 18:20:00,28.51,64.77,Normal
D0078,2026-01-31 18:25:00,33.06,76.11,Normal
D0019,2026-01-31 18:30:00,25.2,55.02,Critical
D0018,2026-01-31 18:35:00,,57.8,Critical
D0032,2026-01-31 18:40:00,28.9,65.06,Warning
D0097,2026-01-31 18:45:00,39.31,58.3,Critical
D0087,2026-01-31 18:50:00,30.63,81.3,Critical
D0085,2026-01-31 18:55:00,28.44,80.87,Warning
D0014,2026-01-31 19:00:00,27.93,88.58,Normal
D0087,2026-01-31 19:05:00,27.18,55.03,Normal
D0039,2026-01-31 19:10:00,25.44,60.02,Critical
D0033,2026-01-31 19:15:00,23.29,39.72,Warning
D0043,2026-01-31 19:20:00,30.31,55.71,Normal
D0060,2026-01-31 19:25:00,27.06,47.66,Warning
D0086,2026-01-31 19:30:00,26.91,80.4,Warning
D0010,2026-01-31 19:35:00,33.21,45.96,Normal
D0068,2026-01-31 19:40:00,28.54,72.11,Warning
D0062,2026-01-31 19:45:00,29.04,35.91,Critical
D0037,2026-01-31 19:50:00,32.8,52.77,Normal
D0069,2026-01-31 19:55:00,33.12,87.14,Warning
D0068,2026-01-31 20:00:00,29.63,50.85,Warning
D0035,2026-01-31 20:05:00,29.63,75.06,Normal
D0012,2026-01-31 20:10:00,26.24,39.84,Warning
D0002,2026-01-31 20:15:00,25.63,45.73,Normal
D0073,2026-01-31 20:20:00,26.42,71.62,Critical
D0039,2026-01-31 20:25:00,24.83,42.62,Normal
D0058,2026-01-31 20:30:00,27.3,52.3,Warning
D0007,2026-01-31 20:35:00,35.8,58.86,Normal
D0086,2026-01-31 20:40:00,35.07,56.43,Warning
D0067,2026-01-31 20:45:00,18.73,62.56,Critical
D0038,2026-01-31 20:50:00,30.41,49.37,Critical
D0048,2026-01-31 20:55:00,27.76,54.22,Critical
D0013,2026-01-31 21:00:00,24.94,62.74,Normal
D0089,2026-01-31 21:05:00,31.79,84.33,Warning
D0017,2026-01-31 21:10:00,34.38,54.84,Critical
D0090,2026-01-31 21:15:00,24.88,75.6,Normal
D0009,2026-01-31 21:20:00,25.81,86.72,Normal
D0100,2026-01-31 21:25:00,31.19,81.03,Normal
D0013,2026-01-31 21:30:00,27.48,80.34,Normal
D0090,2026-01-31 21:35:00,21.75,61.1,Warning
D0021,2026-01-31 21:40:00,38.61,88.62,Warning
D0090,2026-01-31 21:45:00,20.08,52.44,Normal
,2026-01-31 21:50:00,27.54,84.62,Warning
D0099,2026-01-31 21:55:00,25.81,,Warning
D0063,2026-01-31 22:00:00,29.32,46.57,Critical
D0076,2026-01-31 22:05:00,26.05,73.63,Normal
D0019,2026-01-31 22:10:00,27.62,56.86,Normal
D0071,2026-01-31 22:15:00,23.08,49.27,Warning
D0070,2026-01-31 22:20:00,27.22,84.11,Warning
D0084,2026-01-31 22:25:00,26.68,43.87,Normal
D0029,2026-01-31 22:30:00,34.57,60.44,Warning
D0018,2026-01-31 22:35:00,29.62,39.33,Normal
D0012,2026-01-31 22:40:00,29.64,69.11,Critical
D0061,2026-01-31 22:45:00,25.75,46.74,Warning
D0043,2026-01-31 22:50:00,29.46,66.27,Warning
D0060,2026-01-31 22:55:00,31.18,65.48,Critical
D0022,2026-01-31 23:00:00,28.93,38.57,Critical
D0007,2026-01-31 23:05:00,23.29,76.66,Normal
D0082,2026-01-31 23:10:00,27.74,56.86,Critical
D0073,2026-01-31 23:15:00,25.49,50.42,Normal
D0096,2026-01-31 23:20:00,34.62,37.31,Critical
D0015,2026-01-31 23:25:00,30.75,87.88,Normal
D0004,2026-01-31 23:30:00,27.92,52.83,Normal
D0078,2026-01-31 23:35:00,28.57,60.19,Warning
D0030,2026-01-31 23:40:00,32.02,71.54,Critical
D0013,2026-01-31 23:45:00,26.85,66.02,Critical
D0055,2026-01-31 23:50:00,21.73,79.02,Critical
D0001,2026-01-31 23:55:00,31.01,66.23,Warning
D0038,2026-02-01 00:00:00,31.67,44.85,Critical
D0039,2026-02-01 00:05:00,28.47,86.51,Critical
D0082,2026-02-01 00:10:00,16.78,46.09,Critical
D0087,2026-02-01 00:15:00,27.78,59.14,Normal
D0080,2026-02-01 00:20:00,27.52,75.86,Warning
D0043,2026-02-01 00:25:00,27.34,42.1,Critical
D0011,2026-02-01 00:30:00,30.58,45.71,Normal
D0057,2026-02-01 00:35:00,28.35,78.24,Warning
D0098,2026-02-01 00:40:00,36.61,88.24,Critical
D0078,2026-02-01 00:45:00,23.54,71.63,Warning
D0004 ,2026-02-01 00:50:00,21.61,82.22,Warning
D0051,2026-02-01 00:55:00,29.71,77.19,Critical
D0073,2026-02-01 01:00:00,29.57,89.15,Critical
D0028,2026-02-01 01:05:00,25.13,82.03,Normal
D0029,2026-02-01 01:10:00,26.44,57.84,Normal
D0095,2026-02-01 01:15:00,26.3,66.3,Normal
D0058,2026-02-01 01:20:00,31.04,86.46,Critical
D0079,2026-02-01 01:25:00,38.17,50.0,Critical
D0060,2026-02-01 01:30:00,20.75,63.72,Critical
D0028,2026-02-01 01:35:00,28.0,89.86,Warning
D0009,2026-02-01 01:40:00,26.32,44.59,Warning
D0026,2026-02-01 01:45:00,26.15,82.71,
D0017,2026-02-01 01:50:00,32.97,65.02,Normal
D0012,2026-02-01 01:55:00,32.55,61.56,Critical
D0063,2026-02-01 02:00:00,27.12,82.21,Normal
D0019,2026-02-01 02:05:00,31.45,75.54,Critical
D0061,2026-02-01 02:10:00,30.89,50.37,Warning
D0018,2026-02-01 02:15:00,31.93,45.81,Warning
D0075,2026-02-01 02:20:00,24.25,86.76,Critical
D0004,2026-02-01 02:25:00,29.41,76.07,Warning
D0017,2026-02-01 02:30:00,21.19,45.89,Normal
D0030,2026-02-01 02:35:00,31.64,64.2,Warning
D0090,2026-02-01 02:40:00,29.63,52.97,Warning
D0100,2026-02-01 02:45:00,24.65,62.87,Critical
D0089,2026-02-01 02:50:00,30.62,64.95,normal
D0028,2026-02-01 02:55:00,30.08,80.6,Critical
D0064,2026-02-01 03:00:00,31.71,42.18,Warning
D0015,2026-02-01 03:05:00,29.56,70.74,Warning
D0030,2026-02-01 03:10:00,34.53,44.87,Critical
D0100,2026-02-01 03:15:00,29.8,43.36,Normal
D0058,2026-02-01 03:20:00,25.84,43.04,Normal
D0059,2026-02-01 03:25:00,24.38,81.04,Warning
D0001,2026-02-01 03:30:00,24.35,52.09,Warning
D0035,2026-02-01 03:35:00,31.57,44.63,Warning
D0064,2026-02-01 03:40:00,27.8,35.08,Warning
D0020,2026-02-01 03:45:00,30.53,57.81,Normal
D0013,2026-02-01 03:50:00,34.1,82.88,Warning
D0070,2026-02-01 03:55:00,24.51,36.19,Critical
D0004 ,2026-02-01 04:00:00,25.06,78.58,Warning
D0068,2026-02-01 04:05:00,21.63,60.69,Critical
D0090,2026-02-01 04:10:00,28.57,38.8,Warning
D0016,2026-02-01 04:15:00,27.72,80.95,Warning
D0044,2026-02-01 04:20:00,33.61,86.42,Critical 
D0077,2026-02-01 04:25:00,29.38,73.14,Normal
D0047,2026-02-01 04:30:00,30.72,88.74,Normal
D0006,2026-02-01 04:35:00,29.2,83.35,Critical
D0027,2026-02-01 04:40:00,27.52,81.73,Warning
D0084,2026-02-01 04:45:00,25.57,87.14,Warning
D0048,2026-02-01 04:50:00,25.36,83.93,Warning
D0089,2026-02-01 04:55:00,25.55,73.16,Normal
D0012,2026-02-01 05:00:00,29.66,52.56,Warning
d0004,2026-02-01 05:05:00,38.53,54.43,Critical
D0002,2026-02-01 05:10:00,31.59,48.05,Warning
D0060,2026-02-01 05:15:00,27.13,70.25,Critical
D0062,2026-02-01 05:20:00,33.58,66.31,Normal
D0095,2026-02-01 05:25:00,27.27,88.75,Critical
D0068,2026-02-01 05:30:00,33.82,58.67,Normal
D0037,2026-02-01 05:35:00,25.69,39.74,Critical
D0007,2026-02-01 05:40:00,35.41,71.47,Critical
D0089,2026-02-01 05:45:00,29.31,73.45,Warning
D0009,2026-02-01 05:50:00,30.98,52.36,Critical
D0100,2026-02-01 05:55:00,26.44,78.47,Critical
D0047,2026-02-01 06:00:00,21.51,72.65,Warning
D0001,2026-02-01 06:05:00,22.99,43.17,Critical
D0045,2026-02-01 06:10:00,35.41,71.48,Normal
D0013,2026-02-01 06:15:00,40.06,70.08,Warning
D0080,2026-02-01 06:20:00,25.78,41.19,Critical
D0080,2026-02-01 06:25:00,28.95,51.57,Warning
D0091,2026-02-01 06:30:00,24.65,74.15,Normal
D0046,2026-02-01 06:35:00,28.43,50.38,Warning
D0014,2026-02-01 06:40:00,26.8,89.89,Critical
D0072,2026-02-01 06:45:00,29.72,76.24,Warning
D0086,2026-02-01 06:50:00,31.39,84.52,Critical
D0048,2026-02-01 06:55:00,31.38,43.82,Warning
D0087,2026-02-01 07:00:00,29.5,,Critical
D0048,2026-02-01 07:05:00,26.4,84.14,Warning
D0069,2026-02-01 07:10:00,29.91,52.5,Normal
D0014,2026-02-01 07:15:00,22.81,66.73,Normal
D0081,2026-02-01 07:20:00,28.9,45.78,Critical
D0002,2026-02-01 07:25:00,31.39,51.38,Warning
D0061,2026-02-01 07:30:00,25.25,41.5,Normal
D0041,2026-02-01 07:35:00,26.24,44.26,Warning
,2026-02-01 07:40:00,22.4,74.14,Critical
D0088,2026-02-01 07:45:00,25.76,68.12,Warning
D0019,2026-02-01 07:50:00,32.1,49.29,Critical
D0062,2026-02-01 07:55:00,41.05,70.29,Warning
D0080,2026-02-01 08:00:00,28.19,46.05,Critical
D0087,2026-02-01 08:05:00,29.79,85.41,Warning
,2026-02-01 08:10:00,25.01,46.92,Critical
D0090,2026-02-01 08:15:00,24.23,43.15,Normal
D0011,2026-02-01 08:20:00,34.89,85.46,Warning
D0030,2026-02-01 08:25:00,25.2,86.43,Warning
D0018,2026-02-01 08:30:00,28.89,36.97,Critical
D0098,2026-02-01 08:35:00,26.96,,Critical
D0083,2026-02-01 08:40:00,,66.37,Warning
D0084,2026-02-01 08:45:00,27.44,79.05,Normal
D0032,2026-02-01 08:50:00,22.74,86.47,Warning
D0059,2026-02-01 08:55:00,32.29,48.57,Normal
D0035,2026-02-01 09:00:00,24.99,43.69,Critical
D0097,2026-02-01 09:05:00,27.15,70.37,Warning
D0032,2026-02-01 09:10:00,24.13,48.47,Normal
D0007,2026-02-01 09:15:00,25.75,82.68,Warning
D0063,2026-02-01 09:20:00,29.53,35.51,Warning
D0079,2026-02-01 09:25:00,34.28,42.57,Warning
D0032,2026-02-01 09:30:00,26.06,59.48,Warning
D0082,2026-02-01 09:35:00,23.75,70.87,Warning
D0016,2026-02-01 09:40:00,34.91,38.47,Normal
D0094,2026-02-01 09:45:00,29.89,61.66,Normal
D0089,2026-02-01 09:50:00,29.31,88.81,Critical
D0028,2026-02-01 09:55:00,38.15,39.9,Critical
D0028,2026-02-01 10:00:00,26.25,63.8,Critical
D0095,2026-02-01 10:05:00,36.05,79.83,Normal
D0078,2026-02-01 10:10:00,28.4,69.54,Warning
D0037,2026-02-01 10:15:00,30.11,66.06,Normal
D0070,2026-02-01 10:20:00,29.79,78.89,Normal
D0024,2026-02-01 10:25:00,34.44,61.58,Normal
D0060,2026-02-01 10:30:00,28.68,57.95,Normal
D0044,2026-02-01 10:35:00,26.12,38.89,Normal
D0081,2026-02-01 10:40:00,36.2,53.7,Warning
D0059,2026-02-01 10:45:00,31.36,89.74,Normal
D0030,2026-02-01 10:50:00,25.27,40.8,Normal
D0039,2026-02-01 10:55:00,24.56,81.01,Normal
D0094,2026-02-01 11:00:00,23.32,78.97,Warning
D0043,,32.88,54.07,Critical
D0004,2026-02-01 11:10:00,31.3,41.77,Warning
D0042,2026-02-01 11:15:00,30.63,39.86,Normal
D0056,2026-02-01 11:20:00,26.3,57.63,Warning
D0023,2026-02-01 11:25:00,26.89,60.74,Critical
D0074,2026-02-01 11:30:00,32.4,66.84,Critical
D0088,2026-02-01 11:35:00,35.5,44.05,Warning
D0100,2026-02-01 11:40:00,29.96,66.0,Normal
D0001,2026-02-01 11:45:00,27.35,82.19,Normal
D0033,2026-02-01 11:50:00,27.59,46.63,Normal
D0072,2026-02-01 11:55:00,24.66,48.87,Warning
D0036,2026-02-01 12:00:00,21.52,71.32,Warning
D0060,2026-02-01 12:05:00,26.25,39.44,Warning
D0028,2026-02-01 12:10:00,24.14,48.02,Critical
D0007,2026-02-01 12:15:00,28.82,55.59,Critical
D0070,2026-02-01 12:20:00,27.69,66.0,Normal
D0018,2026-02-01 12:25:00,27.42,54.03,Normal
D0019,2026-02-01 12:30:00,31.51,87.07,Normal
D0053,2026-02-01 12:35:00,32.86,35.85,Normal
D0073,2026-02-01 12:40:00,29.98,38.73,Normal
D0074,2026-02-01 12:45:00,27.13,89.36,Critical
D0096,2026-02-01 12:50:00,29.8,58.81,Normal
D0055,2026-02-01 12:55:00,33.07,66.39,Critical
D0076,2026-02-01 13:00:00,28.13,69.11,Warning
D0012,2026-02-01 13:05:00,22.18,82.35,Normal
D0018,2026-02-01 13:10:00,32.17,,Normal
D0095,2026-02-01 13:15:00,-999,47.97,Critical
D0025,2026-02-01 13:20:00,28.85,37.51,Warning
D0071,2026-02-01 13:25:00,27.57,42.11,Normal
D0058,2026-02-01 13:30:00,28.5,50.22,Normal
D0020,2026-02-01 13:35:00,27.48,37.23,Warning
D0011,2026-02-01 13:40:00,28.94,41.14,Normal
D0075,2026-02-01 13:45:00,28.46,85.79,Normal
D0091,2026-02-01 13:50:00,30.97,57.45,Critical
D0009,2026-02-01 13:55:00,29.23,74.21,Normal
D0075,2026-02-01 14:00:00,26.19,60.24,Critical
D0074,2026-02-01 14:05:00,20.46,69.12,Critical
D0039,2026-02-01 14:10:00,26.8,58.01,Warning
D0036,2026-02-01 14:15:00,26.02,47.81,Warning
D0073,2026-02-01 14:20:00,34.19,70.08,Warning
D0049,2026-02-01 14:25:00,26.52,67.01,Warning
D0052,2026-02-01 14:30:00,29.56,41.09,Normal
D0011,2026-02-01 14:35:00,30.46,64.06,Critical
D0071,2026-02-01 14:40:00,26.75,52.03,Critical
D0044,2026-02-01 14:45:00,26.05,38.54,Critical
D0098,2026-02-01 14:50:00,26.17,72.44,Normal
D0032,2026-02-01 14:55:00,28.92,44.64,Warning
D0029,2026-02-01 15:00:00,28.7,58.91,Normal
D0086,2026-02-01 15:05:00,28.51,88.86,Warning
D0040,2026-02-01 15:10:00,27.75,37.78,Critical
D0018,2026-02-01 15:15:00,27.5,42.28,Warning
D0010,2026-02-01 15:20:00,26.58,49.81,Critical
D0065,2026-02-01 15:25:00,30.39,69.58,Normal
D0071,2026-02-01 15:30:00,27.06,42.63,Critical
D0076,2026-02-01 15:35:00,36.15,50.55,Critical
D0070,2026-02-01 15:40:00,24.35,78.08,Normal
D0099,2026-02-01 15:45:00,33.54,40.84,Normal
D0008,2026-02-01 15:50:00,25.84,63.19,Critical
D0038,2026-02-01 15:55:00,32.93,58.22,Critical
D0024,2026-02-01 16:00:00,28.13,48.67,Critical
D0085,2026-02-01 16:05:00,22.44,71.86,Critical
D0009,2026-02-01 16:10:00,26.33,40.48,Critical
D0070,2026-02-01 16:15:00,28.38,60.28,Warning
D0011,2026-02-01 16:20:00,26.85,83.29,Critical
D0096,2026-02-01 16:25:00,35.36,74.6,Normal
D0058,2026-02-01 16:30:00,27.72,57.21,Warning
D0019,2026-02-01 16:35:00,34.96,63.84,Normal
D0005,2026-02-01 16:40:00,22.3,38.63,Critical
D0041,2026-02-01 16:45:00,27.16,50.6,Warning
D0016,2026-02-01 16:50:00,28.37,63.09,Critical
D0076,2026-02-01 16:55:00,21.01,86.58,Critical
D0010,2026-02-01 17:00:00,,73.36,Warning
D0019,2026-02-01 17:05:00,28.62,84.05,Critical
D0051,2026-02-01 17:10:00,26.86,69.81,Normal
D0091,2026-02-01 17:15:00,29.46,82.25,Warning
D0010,2026-02-01 17:20:00,27.29,56.78,Critical
D0086,2026-02-01 17:25:00,26.89,58.05,Normal
D0018,2026-02-01 17:30:00,28.12,69.06,Normal
D0036,2026-02-01 17:35:00,26.11,41.52,Warning
D0067,2026-02-01 17:40:00,30.17,73.76,Warning
D0024,2026-02-01 17:45:00,28.51,36.15,Critical
D0004,2026-02-01 17:50:00,21.86,38.56,Warning
D0009,2026-02-01 17:55:00,26.19,72.64,Warning
D0097,2026-02-01 18:00:00,32.91,39.09,Warning
D0025,2026-02-01 18:05:00,27.6,54.41,Critical
D0073,2026-02-01 18:10:00,25.33,82.72,Normal
D0011,2026-02-01 18:15:00,30.8,82.84,Warning
D0098,2026-02-01 18:20:00,34.61,83.58,Critical
,2026-02-01 18:25:00,22.61,79.58,Warning
D0054,2026-02-01 18:30:00,26.46,79.57,Warning
D0036,2026-02-01 18:35:00,24.8,84.82,Normal
D0052,2026-02-01 18:40:00,23.5,64.48,Critical
D0056,2026-02-01 18:45:00,28.35,55.7,Normal
D0052,2026-02-01 18:50:00,25.31,77.74,Critical
D0001,2026-02-01 18:55:00,28.61,46.63,Normal
D0087,2026-02-01 19:00:00,25.21,45.69,Normal
D0032,2026-02-01 19:05:00,28.34,43.51,Normal
D0029,2026-02-01 19:10:00,,37.25,Warning
D0045,2026-02-01 19:15:00,33.73,71.77,Warning
D0043,2026-02-01 19:20:00,24.6,39.62,Warning
D0037,2026-02-01 19:25:00,31.27,74.66,Warning
D0015,2026-02-01 19:30:00,30.21,56.62,Warning
D0083,2026-02-01 19:35:00,24.89,43.57,Warning
D0005,2026-02-01 19:40:00,30.87,65.93,Critical
D0079,2026-02-01 19:45:00,30.71,62.17,Critical
D0048,2026-02-01 19:50:00,27.58,35.27,Warning
D0069,2026-02-01 19:55:00,32.44,43.12,Critical
D0041,2026-02-01 20:00:00,29.9,79.52,Normal
D0018,2026-02-01 20:05:00,24.43,75.94,Warning
D0073,2026-02-01 20:10:00,24.02,45.28,Warning
D0041,2026-02-01 20:15:00,30.14,82.61,Critical
D0006,2026-02-01 20:20:00,35.74,43.73,Warning
D0080,2026-02-01 20:25:00,40.39,64.35,Warning
D0022,2026-02-01 20:30:00,32.97,61.83,Warning
D0059,2026-02-01 20:35:00,21.56,58.39,Critical
D0093,2026-02-01 20:40:00,29.42,52.27,Critical
D0012,2026-02-01 20:45:00,29.31,47.26,Normal
D0004,2026-02-01 20:50:00,31.02,68.43,Warning
D0079,2026-02-01 20:55:00,,44.63,Normal
D0068,2026-02-01 21:00:00,22.69,50.39,Warning
D0002,2026-02-01 21:05:00,27.51,57.16,Warning
D0012,2026-02-01 21:10:00,33.14,51.35,Warning
D0039,2026-02-01 21:15:00,26.33,38.84,Critical
D0007,2026-02-01 21:20:00,29.06,69.01,Critical
D0007,2026-02-01 21:25:00,29.53,77.98,Critical
D0015,2026-02-01 21:30:00,24.78,75.72,Normal
D0053,2026-02-01 21:35:00,21.02,79.43,Warning
D0045,2026-02-01 21:40:00,32.64,70.91,Normal
D0039,2026-02-01 21:45:00,28.76,37.46,Critical
D0097,2026-02-01 21:50:00,25.99,74.79,Normal
D0061,2026-02-01 21:55:00,29.44,60.74,Warning
D0071,2026-02-01 22:00:00,26.9,71.5,Normal
D0001,2026-02-01 22:05:00,32.78,62.12,Warning
D0079,2026-02-01 22:10:00,32.98,71.29,Critical
D0027,2026-02-01 22:15:00,26.92,44.65,Normal
D0041,2026-02-01 22:20:00,33.68,85.15,Warning
D0023,2026-02-01 22:25:00,28.58,82.32,Normal
D0085,2026-02-01 22:30:00,30.08,81.1,Normal
D0093,2026-02-01 22:35:00,28.76,38.04,normal
D0052,2026-02-01 22:40:00,37.79,57.32,Normal
D0061,2026-02-01 22:45:00,33.28,81.38,Normal
D0064,2026-02-01 22:50:00,32.88,60.71,Warning
D0080,2026-02-01 22:55:00,33.3,35.54,Normal
D0060,2026-02-01 23:00:00,26.26,71.69,Critical
D0049,2026-02-01 23:05:00,29.98,47.34,Normal
D0093,2026-02-01 23:10:00,25.1,88.59,Critical
D0002,2026-02-01 23:15:00,31.58,36.47,Warning
D0088,2026-02-01 23:20:00,30.03,42.02,Normal
D0071,2026-02-01 23:25:00,31.01,72.38,Normal
D0021,2026-02-01 23:30:00,26.04,68.55,Warning
D0085,2026-02-01 23:35:00,30.2,53.51,Normal
D0055,2026-02-01 23:40:00,30.37,63.99,Warning
D0084,2026-02-01 23:45:00,27.32,51.83,Critical
D0013,2026-02-01 23:50:00,27.91,37.29,Normal
D0078,2026-02-01 23:55:00,32.3,84.82,Warning
D0064,2026-02-02 00:00:00,32.76,73.65,Warning
D0059,2026-02-02 00:05:00,25.05,68.56,Critical
D0076,2026-02-02 00:10:00,27.58,43.13,Normal
D0067,2026-02-02 00:15:00,32.06,35.32,Warning
D0064,2026-02-02 00:20:00,33.41,75.75,Normal
D0032,2026-02-02 00:25:00,30.37,55.33,Critical
D0069,2026-02-02 00:30:00,30.4,46.39,Critical
,2026-02-02 00:35:00,20.79,70.68,Warning
D0091,2026-02-02 00:40:00,29.44,82.74,Warning
D0052,2026-02-02 00:45:00,24.28,46.43,Critical
D0033,2026-02-02 00:50:00,25.03,79.06,Warning
D0055,2026-02-02 00:55:00,30.75,83.09,Critical
D0026,2026-02-02 01:00:00,31.66,66.56,Critical
D0100,2026-02-02 01:05:00,35.08,40.95,Normal
D0049,2026-02-02 01:10:00,33.17,72.75,Critical
D0098,2026-02-02 01:15:00,25.11,47.4,Warning
D0023,2026-02-02 01:20:00,23.14,48.43,Critical
D0085,2026-02-02 01:25:00,27.3,58.74,Warning
D0086,2026-02-02 01:30:00,25.86,84.96,Critical
D0033,2026-02-02 01:35:00,23.59,53.81,Normal
D0032,2026-02-02 01:40:00,31.56,86.53,Normal
D0067,2026-02-02 01:45:00,33.64,55.63,Warning
D0057,2026-02-02 01:50:00,,83.77,Normal
D0019,2026-02-02 01:55:00,30.06,52.73,Warning
D0015,2026-02-02 02:00:00,28.36,75.74,Critical
D0019,2026-02-02 02:05:00,24.72,52.74,Warning
D0059,2026-02-02 02:10:00,28.24,80.08,Warning
D0014,2026-02-02 02:15:00,30.65,58.43,Critical
D0032,2026-02-02 02:20:00,29.24,46.55,Warning
D0051,2026-02-02 02:25:00,27.88,79.98,Warning
D0096,2026-02-02 02:30:00,31.02,66.26,Critical
D0073,2026-02-02 02:35:00,30.7,86.26,Critical
D0073,2026-02-02 02:40:00,34.29,54.8,Critical
D0010,2026-02-02 02:45:00,31.91,69.37,Critical
D0038,2026-02-02 02:50:00,29.7,59.08,Critical
D0009,2026-02-02 02:55:00,27.04,49.55,Warning
D0085,2026-02-02 03:00:00,26.81,56.18,Normal
D0060,2026-02-02 03:05:00,32.2,83.35,Normal
D0005,2026-02-02 03:10:00,33.93,58.85,Normal
D0021,2026-02-02 03:15:00,26.7,64.21,Warning
D0058,2026-02-02 03:20:00,25.16,65.29,Critical
D0030,2026-02-02 03:25:00,28.57,58.28,Critical
D0050,2026-02-02 03:30:00,37.81,38.36,Critical
D0085,2026-02-02 03:35:00,29.0,43.7,Normal
D0042,2026-02-02 03:40:00,34.26,75.36,Critical
D0056,2026-02-02 03:45:00,28.25,72.9,Critical
D0100,2026-02-02 03:50:00,27.74,84.15,Critical
D0031,2026-02-02 03:55:00,31.5,87.97,Critical
D0007,2026-02-02 04:00:00,27.75,55.65,Critical
D0061,2026-02-02 04:05:00,29.7,47.02,Warning
D0081,2026-02-02 04:10:00,26.15,63.27,Critical
D0007,2026-02-02 04:15:00,30.74,52.94,Critical
D0096,2026-02-02 04:20:00,29.35,60.71,Normal
D0049,2026-02-02 04:25:00,31.93,59.06,Critical
D0052,2026-02-02 04:30:00,31.23,37.72,Critical
D0091,2026-02-02 04:35:00,32.63,83.12,Critical
D0040,2026-02-02 04:40:00,19.92,52.19,Critical
D0073,2026-02-02 04:45:00,23.32,82.21,Warning
D0039,2026-02-02 04:50:00,19.35,72.52,Warning
D0053,2026-02-02 04:55:00,33.5,75.81,warning
D0034,2026-02-02 05:00:00,32.5,57.86,Warning
D0076,2026-02-02 05:05:00,31.57,80.85,Critical
D0044,2026-02-02 05:10:00,30.83,42.03,Warning
D0070,2026-02-02 05:15:00,30.74,87.84,Critical
D0015,2026-02-02 05:20:00,26.76,44.98,
D0041,2026-02-02 05:25:00,29.4,56.66,Critical
D0035,2026-02-02 05:30:00,24.63,64.95,Normal
D0071,2026-02-02 05:35:00,21.17,61.68,Normal
D0046,2026-02-02 05:40:00,34.62,63.78,Warning
D0016,2026-02-02 05:45:00,32.78,60.02,Warning
D0017,2026-02-02 05:50:00,28.64,69.79,Normal
D0058,2026-02-02 05:55:00,25.21,66.98,Critical
D0090,2026-02-02 06:00:00,28.88,52.39,Normal
D0053,2026-02-02 06:05:00,21.73,36.0,Normal
D0060,2026-02-02 06:10:00,30.53,82.06,Normal
D0012,2026-02-02 06:15:00,28.08,40.92,Critical
D0068,2026-02-02 06:20:00,26.83,88.97,Normal
D0055,2026-02-02 06:25:00,29.53,81.58,Warning
D0062,2026-02-02 06:30:00,29.6,41.98,Normal
D0005,2026-02-02 06:35:00,28.56,56.59,Critical
D0021,2026-02-02 06:40:00,29.81,37.92,Warning
D0084,2026-02-02 06:45:00,30.94,39.31,Warning
D0094,2026-02-02 06:50:00,27.11,67.78,Normal
D0067,2026-02-02 06:55:00,30.1,62.69,Critical
D0022,2026-02-02 07:00:00,21.65,53.9,Warning
D0098,2026-02-02 07:05:00,37.23,71.7,Critical
D0027,2026-02-02 07:10:00,26.2,65.02,Normal
D0063,2026-02-02 07:15:00,24.55,60.09,Critical
D0041,2026-02-02 07:20:00,34.32,69.34,Critical
D0054,2026-02-02 07:25:00,150,53.11,Warning
D0081,2026-02-02 07:30:00,29.69,48.14,Normal
D0013,2026-02-02 07:35:00,26.48,39.54,Critical
D0092,2026-02-02 07:40:00,34.6,58.83,Warning
D0016,2026-02-02 07:45:00,26.19,39.41,Warning
D0074,2026-02-02 07:50:00,30.8,43.79,Critical
D0013,2026-02-02 07:55:00,22.87,71.51,Warning
D0098,2026-02-02 08:00:00,31.67,62.98,Critical
D0026,2026-02-02 08:05:00,28.78,53.55,Critical
D0057,2026-02-02 08:10:00,26.64,77.78,Warning
D0059,2026-02-02 08:15:00,25.62,43.69,Normal
D0065,2026-02-02 08:20:00,23.41,62.06,critical
D0023,2026-02-02 08:25:00,38.9,79.0,Warning
D0069,2026-02-02 08:30:00,29.83,,Normal
D0040,2026-02-02 08:35:00,33.88,64.54,Critical
D0011,2026-02-02 08:40:00,28.24,72.51,Normal
D0031,2026-02-02 08:45:00,28.96,35.66,Warning
D0100,2026-02-02 08:50:00,32.72,80.72,Normal
D0049,2026-02-02 08:55:00,27.13,eighty,Normal
D0031,2026-02-02 09:00:00,24.1,65.88,Normal
D0023,2026-02-02 09:05:00,34.01,46.52,Critical
D0094,2026-02-02 09:10:00,31.77,42.69,Normal
D0017,2026-02-02 09:15:00,26.9,49.69,Critical
D0033,2026-02-02 09:20:00,25.15,35.36,Warning
D0081,2026-02-02 09:25:00,36.36,71.3,Warning
D0044,2026-02-02 09:30:00,33.78,40.94,Warning
D0044,2026-02-02 09:35:00,23.82,49.46,Warning
D0086,2026-02-02 09:40:00,33.79,37.38,Critical
D0069,2026-02-02 09:45:00,34.91,46.8,Normal
D0075,2026-02-02 09:50:00,28.67,60.36,Critical
D0079,2026-02-02 09:55:00,32.59,37.75,Normal
D0067,2026-02-02 10:00:00,27.18,40.89,Critical
D0043,2026-02-02 10:05:00,37.49,63.95,Warning
D0094,2026-02-02 10:10:00,33.92,53.16,Critical
D0083,2026-02-02 10:15:00,31.01,52.7,Warning
D0049,2026-02-02 10:20:00,28.81,83.54,Normal
D0089,2026-02-02 10:25:00,N/A,50.7,Warning
D0047,2026-02-02 10:30:00,27.78,63.22,Normal
D0096,2026-02-02 10:35:00,21.91,70.29,Warning
D0075,2026-02-02 10:40:00,27.99,38.78,Critical
D0064,2026-02-02 10:45:00,30.23,82.61,Critical
D0048,2026-02-02 10:50:00,34.31,88.62,Critical
D0089,2026-02-02 10:55:00,30.11,51.78,Normal
D0068,2026-02-02 11:00:00,35.45,50.83,Warning
D0059,2026-02-02 11:05:00,24.2,80.79,Warning
D0018,2026-02-02 11:10:00,25.39,37.65,Normal
D0085,2026-02-02 11:15:00,33.79,75.29,Warning
D0024,2026-02-02 11:20:00,28.21,47.86,Warning
D0027,2026-02-02 11:25:00,37.27,70.37,Critical
D0093,2026-02-02 11:30:00,31.95,77.38,Critical
D0009,2026-25-01 12:00:00,30.57,44.83,Warning
D0086,2026-02-02 11:40:00,31.93,83.33,Critical
D0026,2026-02-02 11:45:00,34.49,82.66,Warning
D0088,2026-02-02 11:50:00,24.3,46.33,Warning
D0080,2026-02-02 11:55:00,N/A,79.57,Warning
D0094,2026-02-02 12:00:00,24.44,59.48,Critical
D0084,2026-02-02 12:05:00,21.51,78.93,Warning
D0075,2026-02-02 12:10:00,34.45,39.17,Critical
D0059,2026-02-02 12:15:00,27.16,36.85,Critical
D0021,2026-02-02 12:20:00,32.34,56.84,Critical
D0037,2026-02-02 12:25:00,33.97,44.95,Critical
D0058,2026-02-02 12:30:00,29.05,47.14,Critical
D0060,2026-02-02 12:35:00,24.03,84.7,Warning
D0008,2026-02-02 12:40:00,32.82,43.64,Warning
D0039,2026-02-02 12:45:00,25.94,83.74,Critical
D0046,2026-02-02 12:50:00,31.57,40.35,Warning
D0016,2026-02-02 12:55:00,24.44,77.32,Warning
D0003,2026-02-02 13:00:00,24.57,eighty,Warning
D0008,2026-02-02 13:05:00,26.09,43.81,Warning
D0090,2026-02-02 13:10:00,29.86,61.27,Normal
D0049,2026-02-02 13:15:00,23.84,72.63,Critical
D0055,2026-02-02 13:20:00,26.32,49.71,Normal
D0053,2026-02-02 13:25:00,23.96,79.8,Warning
D0054,2026-02-02 13:30:00,27.41,77.43,Critical
D0028,2026-02-02 13:35:00,27.81,37.04,Critical
D0071,2026-02-02 13:40:00,27.54,54.93,Warning
D0096,2026-02-02 13:45:00,30.47,73.02,Warning
D0077,2026-02-02 13:50:00,30.92,61.85,Critical
D0074,2026-02-02 13:55:00,30.38,66.12,Normal
D0082,2026-02-02 14:00:00,40.56,80.82,Critical
D0097,2026-02-02 14:05:00,24.03,62.71,Critical
D0097,2026-02-02 14:10:00,24.36,60.81,Normal
D0013,2026-02-02 14:15:00,30.83,46.02,Warning
D0035,2026-02-02 14:20:00,23.28,58.72,Normal
D0093,2026-02-02 14:25:00,28.39,63.35,Critical
D0048,2026-02-02 14:30:00,34.85,41.2,Critical
D0056,2026-02-02 14:35:00,29.7,69.52,Normal
D0078,2026-02-02 14:40:00,29.97,75.07,Normal
D0015,2026-02-02 14:45:00,24.07,41.91,Normal
D0005,2026-02-02 14:50:00,33.73,35.47,Normal
D0099,2026-02-02 14:55:00,37.18,40.64,Critical
D0046,2026-02-02 15:00:00,29.36,38.86,Warning
D0049,2026-02-02 15:05:00,34.71,71.9,Critical
D0094,2026-02-02 15:10:00,31.88,71.12,Normal
D0054,2026-02-02 15:15:00,31.07,41.8,Normal
D0030,2026-02-02 15:20:00,27.59,49.54,Normal
D0016,2026-02-02 15:25:00,28.26,80.09,Normal
D0001,2026-02-02 15:30:00,24.87,60.98,Normal
D0014,2026-02-02 15:35:00,33.51,63.33,Warning
D0097,2026-02-02 15:40:00,27.03,68.38,Warning
D0022,2026-02-02 15:45:00,31.79,85.72,Warning
D0017,2026-02-02 15:50:00,39.83,69.33,Normal
D0017,2026-02-02 15:55:00,33.12,71.46,Critical
D0077,2026-02-02 16:00:00,32.21,55.91,Critical
D0025,2026-02-02 16:05:00,36.42,61.37,Normal
D0033,2026-02-02 16:10:00,27.38,63.07,Normal
D0073,2026-02-02 16:15:00,29.86,39.83,Critical
D0026,2026-02-02 16:20:00,30.69,72.72,Critical
D0012,2026-02-02 16:25:00,23.74,75.37,Normal
D0021,2026-02-02 16:30:00,27.12,71.93,Critical
D0022,2026-02-02 16:35:00,24.26,83.73,Warning
D0096,2026-02-02 16:40:00,29.27,81.24,Normal
D0028,2026-02-02 16:45:00,26.73,79.77,Warning
D0006,2026-02-02 16:50:00,26.83,65.26,Critical
D0034,2026-02-02 16:55:00,24.91,65.72,Critical
D0029,2026-02-02 17:00:00,29.14,54.56,Critical
D0093,2026-02-02 17:05:00,35.73,60.38,Normal
D0049,2026-02-02 17:10:00,34.83,70.79,Normal
D0027,2026-02-02 17:15:00,29.87,84.58,Warning
D0086,2026-02-02 17:20:00,30.73,84.29,Normal
D0041,2026-02-02 17:25:00,33.41,82.41,Normal
D0084,2026-02-02 17:30:00,24.86,55.54,Critical
D0027,2026-02-02 17:35:00,30.16,42.83,Normal
D0056,2026-02-02 17:40:00,26.95,57.17,Warning
D0052,2026-02-02 17:45:00,30.3,43.17,Warning
D0027,2026-02-02 17:50:00,32.05,41.4,Critical
D0045,2026-02-02 17:55:00,23.85,36.18,Warning
D0037,2026-02-02 18:00:00,27.52,74.19,Critical
D0018,2026-02-02 18:05:00,25.03,78.75,Critical
D0031,2026-02-02 18:10:00,27.68,87.91,Warning
D0033,2026-02-02 18:15:00,33.32,84.25,Critical
D0011,2026-02-02 18:20:00,26.6,39.24,Critical
D0009,2026-02-02 18:25:00,28.7,41.35,Warning
D0047,2026-02-02 18:30:00,30.86,79.02,Critical
D0048,2026-02-02 18:35:00,34.34,43.35,Warning
D0046,2026-02-02 18:40:00,22.76,55.33,Critical
D0038,2026-02-02 18:45:00,25.23,37.6,Critical
D0075,2026-02-02 18:50:00,24.79,43.71,Warning
D0071,2026-02-02 18:55:00,29.06,82.6,Critical
D0012,2026-02-02 19:00:00,33.65,43.41,Warning
D0062,2026-02-02 19:05:00,31.02,79.69,Normal
D0072,2026-02-02 19:10:00,26.88,35.04,Critical
D0010,2026-02-02 19:15:00,30.06,39.26,Critical
D0005,2026-02-02 19:20:00,27.65,51.3,Critical
D0096,2026-02-02 19:25:00,24.77,40.5,Critical
D0075,2026-02-02 19:30:00,23.84,83.38,Normal
D0077,2026-02-02 19:35:00,37.18,60.28,Normal
D0059,2026-02-02 19:40:00,25.96,49.35,Normal
D0015,2026-02-02 19:45:00,28.3,81.89,Critical
D0066,2026-02-02 19:50:00,30.62,55.35,Warning
D0083,2026-02-02 19:55:00,33.67,51.45,Normal
D0022,2026-02-02 20:00:00,33.56,47.08,Normal
D0067,2026-02-02 20:05:00,29.43,41.69,Normal
D0025,2026-02-02 20:10:00,30.29,67.47,Critical
D0014,2026-02-02 20:15:00,N/A,35.11,Normal
D0068,2026-02-02 20:20:00,25.08,85.88,Normal
D0071,2026-02-02 20:25:00,21.05,42.89,Normal
D0020,2026-02-02 20:30:00,30.2,46.38,Normal
D0063,2026-02-02 20:35:00,32.91,64.44,Normal
D0099,2026-02-02 20:40:00,29.99,88.32,Warning
D0025,2026-02-02 20:45:00,34.1,49.7,Critical
D0026,2026-02-02 20:50:00,27.66,82.23,Critical
D0034,2026-02-02 20:55:00,32.82,48.01,Warning
D0091,2026-02-02 21:00:00,33.13,52.12,Critical
D0013,2026-02-02 21:05:00,29.08,83.52,Normal
D0001,2026-02-02 21:10:00,28.78,68.3,Critical
D0057,2026-02-02 21:15:00,33.22,47.44,Normal
D0093,2026-02-02 21:20:00,28.23,77.14,Warning
D0025,2026-02-02 21:25:00,24.83,60.73,Normal
D0028,2026-02-02 21:30:00,29.94,38.21,Warning
D0060,2026-02-02 21:35:00,30.94,74.84,Normal
D0073,2026-02-02 21:40:00,29.7,83.92,Critical
D0097,2026-02-02 21:45:00,32.73,54.17,Warning
D0087,2026-02-02 21:50:00,29.26,48.91,Critical
D0098,2026-02-02 21:55:00,29.7,63.87,Normal
D0024,2026-02-02 22:00:00,28.91,77.63,Warning
D0036,2026-02-02 22:05:00,29.72,41.86,Critical
D0048,2026-02-02 22:10:00,26.2,88.74,Warning
D0086,2026-02-02 22:15:00,27.69,38.14,Critical
D0044,2026-02-02 22:20:00,31.25,47.72,Normal
D0035,2026-02-02 22:25:00,26.17,82.79,Critical
D0043,2026-02-02 22:30:00,39.2,39.69,Normal
D0082,2026-02-02 22:35:00,29.52,82.0,Critical
D0018,2026-02-02 22:40:00,29.14,,Critical
D0039,2026-02-02 22:45:00,26.98,42.83,Critical
D0054,2026-02-02 22:50:00,27.02,72.6,Warning
D0047,2026-02-02 22:55:00,28.53,59.12,Warning
D0006,2026-02-02 23:00:00,34.58,66.11,Critical
D0017,2026-02-02 23:05:00,28.73,48.99,Critical
D0049,2026-02-02 23:10:00,30.55,40.29,Warning
D0023,2026-02-02 23:15:00,36.0,48.35,Normal
D0069,2026-02-02 23:20:00,26.85,72.88,Critical
D0002,2026-02-02 23:25:00,28.61,87.34,Warning
D0008,2026-02-02 23:30:00,29.68,37.61,Critical
D0007,2026-02-02 23:35:00,25.93,55.5,Critical
D0017,2026-02-02 23:40:00,26.01,46.8,Normal
D0077,2026-02-02 23:45:00,26.16,64.61,Critical
D0080,2026-02-02 23:50:00,31.25,64.62,Normal
D0061,2026-02-02 23:55:00,28.22,45.33,Normal
D0055,2026-02-03 00:00:00,29.88,37.05,Warning
D0016,2026-02-03 00:05:00,30.34,88.07,Warning
D0025,2026-02-03 00:10:00,28.82,51.52,Critical
D0077,2026-02-03 00:15:00,31.31,36.86,Warning
D0083,2026-02-03 00:20:00,30.25,42.64,Normal
 D0010,2026-02-03 00:25:00,29.6,42.28,Normal
D0056,2026-02-03 00:30:00,31.79,49.54,Warning
D0067,2026-02-03 00:35:00,27.44,85.97,Warning
D0002,2026-02-03 00:40:00,28.0,46.49,Normal
D0086,2026-02-03 00:45:00,25.09,69.54,Warning
D0071,2026-02-03 00:50:00,28.09,89.6,Critical
D0015,2026-02-03 00:55:00,25.98,36.67,Warning
D0086,2026-02-03 01:00:00,24.82,41.34,Warning
D0045,2026-02-03 01:05:00,20.4,69.27,Normal
D0079,2026-02-03 01:10:00,28.69,87.2,Critical
D0011,2026-02-03 01:15:00,29.57,62.0,Normal
D0088,2026-02-03 01:20:00,26.24,40.61,Normal
D0070,2026-02-03 01:25:00,34.51,86.61,Warning
D0013,2026-02-03 01:30:00,38.26,,Warning
D0001,2026-02-03 01:35:00,28.12,69.98,Normal
D0008,2026-02-03 01:40:00,29.64,38.82,Warning
D0094,2026-02-03 01:45:00,30.72,57.83,Normal
D0001,2026-02-03 01:50:00,32.19,67.95,Critical
D0078,2026-02-03 01:55:00,27.55,,Normal
D0013,2026-02-03 02:00:00,29.99,86.04,Normal
D0073,2026-02-03 02:05:00,30.83,73.99,Normal
D0072,2026-02-03 02:10:00,25.58,64.48,Critical
device-01,2026-02-03 02:15:00,26.77,87.22,Normal
D0050,2026-02-03 02:20:00,32.28,45.2,Critical
D0006,2026-02-03 02:25:00,29.03,64.62,Warning
D0015,2026-02-03 02:30:00,26.13,36.7,Warning
,2026-02-03 02:35:00,32.09,41.42,Warning
D0043,2026-02-03 02:40:00,22.75,77.28,Normal
D0001,2026-02-03 02:45:00,37.06,64.6,Warning
D0023,2026-02-03 02:50:00,33.41,37.23,Normal
D0099,2026-02-03 02:55:00,18.08,75.69,Warning
D0079,2026-02-03 03:00:00,19.82,59.78,Warning
D0036,2026-02-03 03:05:00,20.72,76.01,Warning
D0038,2026-02-03 03:10:00,30.77,73.2,Warning
D0068,2026-02-03 03:15:00,34.45,82.46,Critical
D0078,2026-02-03 03:20:00,27.65,50.33,Normal
D0033,2026-02-03 03:25:00,36.93,68.91,Critical
D0076,2026-02-03 03:30:00,26.49,86.44,Warning
D0060,2026-02-03 03:35:00,29.95,75.73,normal
D0078,2026-02-03 03:40:00,29.72,72.02,Warning
D0059,2026-02-03 03:45:00,24.45,80.57,Critical
D0003,2026-02-03 03:50:00,25.86,44.15,Warning
D0089,2026-02-03 03:55:00,24.01,82.36,normal
D0096,2026-02-03 04:00:00,26.64,81.65,Critical
D0013,2026-02-03 04:05:00,32.52,88.92,Critical
D0050,2026-02-03 04:10:00,32.42,52.84,Warning
D0082,2026-02-03 04:15:00,26.52,72.71,Normal
D0048,2026-02-03 04:20:00,36.56,89.17,Critical
D0009,2026-02-03 04:25:00,22.86,82.82,Normal
D0057,2026-02-03 04:30:00,27.37,36.66,Normal
D0053,2026-02-03 04:35:00,23.67,78.88,Warning
D0024,2026-02-03 04:40:00,26.84,51.23,Critical
D0001,2026-02-03 04:45:00,31.79,36.98,Normal
D0078,2026-02-03 04:50:00,30.33,53.07,Normal
D0006,2026-02-03 04:55:00,29.41,58.63,Normal
D0073,2026-02-03 05:00:00,30.5,67.93,Critical
D0041,2026-02-03 05:05:00,24.66,89.87,Warning
D0052,2026-02-03 05:10:00,30.49,68.96,Normal
D0070,2026-02-03 05:15:00,32.96,72.8,Warning
D0067,2026-02-03 05:20:00,30.86,86.97,Normal
D0039,2026-02-03 05:25:00,26.74,63.3,Critical
D0047,2026-02-03 05:30:00,26.51,64.56,Critical
,2026-02-03 05:35:00,29.62,59.92,Critical
D0065,2026-02-03 05:40:00,22.84,64.49,Normal
D0084,2026-02-03 05:45:00,30.54,52.68,Warning
D0064,2026-02-03 05:50:00,28.43,64.39,Normal
D0024,2026-02-03 05:55:00,29.71,55.9,Normal
D0023,2026-02-03 06:00:00,33.69,60.94,Critical
D0072,2026-02-03 06:05:00,26.22,39.26,Normal
D0070,2026-02-03 06:10:00,27.99,44.53,Warning
D0043,2026-02-03 06:15:00,29.76,65.45,Warning
D0053,2026-02-03 06:20:00,24.26,64.9,Normal
D0006,2026-02-03 06:25:00,28.55,64.01,Normal
D0025,2026-02-03 06:30:00,31.1,84.42,Warning
D0077,2026-02-03 06:35:00,27.9,37.68,Normal
D0021,2026-02-03 06:40:00,27.34,80.55,Critical
D0045,2026-02-03 06:45:00,27.64,40.91,Warning
D0055,2026-02-03 06:50:00,29.99,39.86,Warning
D0046,2026-02-03 06:55:00,24.42,62.15,Normal
D0005,2026-02-03 07:00:00,25.79,53.99,Warning
D0013,2026-02-03 07:05:00,29.39,59.21,Critical
D0063,2026-02-03 07:10:00,25.01,79.06,Critical
D0026,2026-02-03 07:15:00,32.22,48.56,Warning
D0092,2026-02-03 07:20:00,27.64,64.52,Warning
D0057,2026-02-03 07:25:00,33.41,77.09,Normal
D0064,2026-02-03 07:30:00,23.95,88.96,Critical
D0098,2026-02-03 07:35:00,26.7,38.49,Normal
D0031,2026-02-03 07:40:00,29.66,47.23,Normal
D0032,2026-02-03 07:45:00,32.56,87.24,Warning
D0074,2026-02-03 07:50:00,31.88,84.87,Warning
D0057,2026-02-03 07:55:00,32.4,41.57,Warning
D0097,2026-02-03 08:00:00,34.02,58.06,Normal
D0066,2026-02-03 08:05:00,32.69,61.06,Critical
D0035,2026-02-03 08:10:00,33.63,85.22,Normal
D0076,2026-02-03 08:15:00,27.44,80.7,Normal
D0012,2026-02-03 08:20:00,27.52,81.56,Critical
D0002,2026-02-03 08:25:00,25.51,52.18,Critical
D0092,2026-02-03 08:30:00,31.93,89.35,Normal
D0074,2026-02-03 08:35:00,30.28,71.37,Normal
D0004,2026-02-03 08:40:00,28.35,58.52,Normal
D0025,2026-02-03 08:45:00,30.25,36.0,Warning
D0049,2026-02-03 08:50:00,32.65,62.5,Critical
D0065,2026-02-03 08:55:00,31.43,64.37,Critical
D0050,2026-02-03 09:00:00,30.9,N/A,Critical
D0030,2026-02-03 09:05:00,32.95,66.04,Critical
D0060,2026-02-03 09:10:00,34.05,75.49,Critical
D0050,2026-02-03 09:15:00,30.7,70.32,Warning
D0093,2026-02-03 09:20:00,27.94,47.25,Normal
D0005,2026-02-03 09:25:00,31.09,58.55,Critical
D0054,2026-02-03 09:30:00,27.68,39.33,Normal
D0040,2026-02-03 09:35:00,27.32,,Critical
D0095,2026-02-03 09:40:00,29.47,62.05,Normal
D0011,2026-02-03 09:45:00,22.26,69.56,Normal
D0008,2026-02-03 09:50:00,26.76,79.59,Normal
D0059,2026-02-03 09:55:00,17.83,59.16,Critical
D0073,2026-02-03 10:00:00,27.93,51.98,Normal
D0047,2026-02-03 10:05:00,,35.07,Critical
D0048,2026-02-03 10:10:00,28.68,38.69,Normal
D0053,2026-02-03 10:15:00,25.73,53.86,Normal
D0087,2026-02-03 10:20:00,23.29,86.17,Normal
D0043,2026-02-03 10:25:00,25.38,120,Critical
D0043,2026-02-03 10:30:00,26.58,42.81,Warning
D0089,2026-02-03 10:35:00,27.75,46.9,Normal
D0049,2026-02-03 10:40:00,25.87,89.85,Warning
D0033,2026-02-03 10:45:00,30.53,77.37,Normal
D0013,2026-02-03 10:50:00,34.45,39.33,Critical
D0098,2026-02-03 10:55:00,25.04,86.98,Critical
D0035,2026-02-03 11:00:00,27.97,47.9,Normal
D0051,2026-02-03 11:05:00,27.4,80.62,Critical
D0003,2026-02-03 11:10:00,32.29,63.49,Warning
D0030,2026-02-03 11:15:00,34.26,46.83,Critical
D0054,2026-02-03 11:20:00,28.18,85.27,Critical
D0036,2026-02-03 11:25:00,27.04,54.76,Warning
D0019,2026-02-03 11:30:00,38.62,89.29,Critical
D0048,2026-02-03 11:35:00,30.67,77.93,Warning
D0005,2026-02-03 11:40:00,25.37,40.6,Normal
D0081,2026-02-03 11:45:00,38.39,70.06,Normal
D0002,2026-02-03 11:50:00,17.38,eighty,Critical
D0062,2026-02-03 11:55:00,26.27,56.84,Normal
D0086,2026-02-03 12:00:00,25.93,69.27,Normal
D0035,2026-02-03 12:05:00,29.89,67.02,Warning
D0077,2026-02-03 12:10:00,24.77,70.75,Warning
D0082,2026-02-03 12:15:00,29.78,45.12,Normal
D0032,2026-02-03 12:20:00,26.62,79.81,Critical
D0016,2026-02-03 12:25:00,32.05,56.93,Normal
D0036,2026-02-03 12:30:00,30.22,51.76,Warning
D0082,2026-02-03 12:35:00,26.7,87.64,Normal
D0046,2026-02-03 12:40:00,27.44,81.93,Normal
D0017,2026-02-03 12:45:00,19.42,87.04,Warning
D0002,2026-02-03 12:50:00,31.48,55.44,Critical
D0082,2026-02-03 12:55:00,31.6,67.04,Critical
D0064,2026-02-03 13:00:00,26.31,64.75,Critical
D0083,2026-02-03 13:05:00,23.98,76.72,Critical
D0033,2026-02-03 13:10:00,26.41,80.47,Warning
D0095,2026-02-03 13:15:00,27.23,44.2,Critical
D0100,2026-02-03 13:20:00,30.18,52.8,Warning
D0070,2026-02-03 13:25:00,28.25,56.56,Warning
D0033,2026-02-03 13:30:00,25.95,74.32,Warning
D0063,2026-02-03 13:35:00,34.42,57.53,Warning
D0071,2026-02-03 13:40:00,27.95,65.98,Warning
D0069,2026-02-03 13:45:00,25.22,66.11,Critical
D0078,2026-02-03 13:50:00,24.22,59.36,Warning
D0031,2026-02-03 13:55:00,18.15,69.4,Normal
D0037,2026-02-03 14:00:00,33.0,86.77,Critical
D0076,2026-02-03 14:05:00,24.18,35.09,Warning
D0006,2026-02-03 14:10:00,34.41,61.87,Critical
D0100,2026-02-03 14:15:00,26.38,47.17,Warning
D0061,2026-02-03 14:20:00,32.38,74.67,Critical
D0033,2026-02-03 14:25:00,26.88,52.49,Warning
D0054,2026-02-03 14:30:00,27.5,69.0,Warning
D0068,2026-02-03 14:35:00,22.06,56.57,Warning
D0071,2026-02-03 14:40:00,32.48,72.88,
D0085,2026-02-03 14:45:00,33.94,38.31,Warning
D0083,2026-02-03 14:50:00,25.95,74.11,Critical
D0022,2026-02-03 14:55:00,25.83,41.78,Warning
D0027,2026-02-03 15:00:00,25.85,58.41,Normal
D0059,2026-02-03 15:05:00,33.74,76.15,Normal
D0034,2026-02-03 15:10:00,27.5,37.39,Normal
D0069,2026-02-03 15:15:00,,,Warning
D0081,2026-02-03 15:20:00,33.65,,Critical
D0041,2026-02-03 15:25:00,34.19,68.09,Normal
D0049,2026-02-03 15:30:00,28.92,70.73,Critical
D0057,2026-02-03 15:35:00,22.44,58.79,Critical
D0046,2026-02-03 15:40:00,30.32,48.03,Warning
D0024,2026-02-03 15:45:00,26.04,85.69,Normal
D0050,2026-02-03 15:50:00,high,51.74,Critical
D0033,2026-02-03 15:55:00,27.25,70.65,Warning
D0006,2026-02-03 16:00:00,35.2,50.34,Warning
D0040,2026-02-03 16:05:00,31.78,64.71,Warning
D0052,2026-02-03 16:10:00,24.1,43.23,Warning
D0030,2026-02-03 16:15:00,23.46,89.72,Normal
D0053,2026-02-03 16:20:00,32.16,69.21,Critical
D0069,2026-02-03 16:25:00,28.29,-10,Warning
D0031,2026-02-03 16:30:00,28.32,43.26,Critical
D0033,2026-02-03 16:35:00,26.31,39.22,Critical
D0056,2026-02-03 16:40:00,30.31,73.99,Critical
D0014,2026-02-03 16:45:00,25.47,85.83,Warning
D0035,2026-02-03 16:50:00,28.23,57.2,Normal
D0058,2026-02-03 16:55:00,27.29,78.0,Normal
D0023,2026-02-03 17:00:00,30.81,60.78,Warning
D0031,2026-02-03 17:05:00,29.97,54.75,Critical
D0025,2026-02-03 17:10:00,21.95,51.39,Normal
D0016,2026-02-03 17:15:00,26.7,43.08,Normal
D0086,2026-02-03 17:20:00,32.07,78.71,Critical
D0068,2026-02-03 17:25:00,21.7,87.04,Normal
D0006,2026-02-03 17:30:00,31.91,35.55,Critical
D0010,2026-02-03 17:35:00,28.62,77.38,Critical
D0042,2026-02-03 17:40:00,33.27,75.1,Critical
D0081,2026-02-03 17:45:00,27.05,44.07,Critical
D0025,2026-02-03 17:50:00,33.86,65.96,Warning
D0043,2026-02-03 17:55:00,28.93,39.15,Warning
D0089,2026-02-03 18:00:00,26.14,50.82,Normal
D0095,2026-02-03 18:05:00,30.06,79.84,Warning
D0099,2026-02-03 18:10:00,28.52,49.8,Warning
D0024,2026-02-03 18:15:00,29.8,68.32,Warning
D0041,2026-02-03 18:20:00,34.28,56.33,Critical
D0090,2026-02-03 18:25:00,23.85,79.62,Critical
D0043,2026-02-03 18:30:00,35.5,70.19,Critical
D0098,2026-02-03 18:35:00,36.12,48.42,Critical
D0058,2026-02-03 18:40:00,,70.47,Normal
D0074,2026-02-03 18:45:00,22.18,77.11,Normal
D0025,2026-02-03 18:50:00,29.23,77.61,Normal
D0060,2026-02-03 18:55:00,29.38,55.79,Normal
D0034,2026-02-03 19:00:00,29.6,75.8,Critical
D0040,2026-02-03 19:05:00,27.91,67.18,Normal
D0094,2026-02-03 19:10:00,33.77,37.09,Normal
D0076,2026-02-03 19:15:00,28.64,62.94,Critical
D0068,2026-02-03 19:20:00,37.32,35.46,Warning
D0081,2026-02-03 19:25:00,28.13,35.09,Critical
D0016,2026-02-03 19:30:00,28.34,36.77,Warning
D0079,2026-02-03 19:35:00,24.86,39.88,Warning
D0025,2026-02-03 19:40:00,31.14,87.92,Critical
D0070,2026-02-03 19:45:00,29.37,38.37,Normal
D0016,2026-02-03 19:50:00,24.31,50.89,Warning
D0002,2026-02-03 19:55:00,25.3,73.83,Warning
D0020,2026-02-03 20:00:00,35.12,66.31,Critical
D0092,2026-02-03 20:05:00,29.75,78.49,Warning
D0076,2026-02-03 20:10:00,24.78,50.67,Critical
D0064,2026-02-03 20:15:00,24.24,50.96,Warning
D0002,2026-02-03 20:20:00,32.85,82.7,Normal
D0072,2026-02-03 20:25:00,29.0,76.09,Warning
D0023,2026-02-03 20:30:00,24.58,47.7,Warning
D0038,2026-02-03 20:35:00,27.12,58.81,Critical
D0013,2026-02-03 20:40:00,27.56,38.48,Critical
D0023,,27.41,76.52,Critical
D0034,2026-02-03 20:50:00,26.14,59.63,Warning
D0056,2026-02-03 20:55:00,26.83,38.47,Warning
D0040,2026-02-03 21:00:00,30.09,83.47,Warning
D0060,2026-02-03 21:05:00,23.85,52.68,Warning
D0061,2026-02-03 21:10:00,28.7,87.91,Warning
D0086,2026-02-03 21:15:00,31.26,54.01,Warning
D0019,2026-02-03 21:20:00,34.68,49.2,Critical
D0013,2026-02-03 21:25:00,28.34,68.04,Warning
D0097,2026-02-03 21:30:00,30.24,39.01,Warning
D0076,2026-02-03 21:35:00,26.62,35.18,Warning
D0021,2026-02-03 21:40:00,33.89,75.9,Normal
D0002,2026-02-03 21:45:00,33.23,84.1,Critical
D0010,2026-02-03 21:50:00,33.53,41.07,Warning
D0020,2026-02-03 21:55:00,33.26,36.94,Warning
D0046,2026-02-03 22:00:00,26.04,76.23,Critical
D0057,2026-02-03 22:05:00,39.14,86.8,Critical
D0011,2026-02-03 22:10:00,38.04,78.75,Critical
D0027,2026-02-03 22:15:00,16.48,,Normal
D0073,2026-02-03 22:20:00,30.84,51.72,Normal
D0084,2026-02-03 22:25:00,32.81,74.07,Warning
D0009,2026-02-03 22:30:00,39.6,72.43,Normal
D0052,2026-02-03 22:35:00,,44.97,Critical
D0031,2026-02-03 22:40:00,24.25,80.21,Warning
D0017,2026-02-03 22:45:00,28.2,44.11,Warning
D0039,2026-02-03 22:50:00,22.91,36.92,Normal
D0084,2026-02-03 22:55:00,30.79,43.67,Warning
D0079,2026-02-03 23:00:00,30.22,73.8,Critical
D0060,2026-02-03 23:05:00,27.21,64.48,Warning
D0060,2026-02-03 23:10:00,29.5,85.66,Critical
D0089,2026-02-03 23:15:00,26.32,43.93,Normal
D0026,2026-02-03 23:20:00,22.78,37.22,Critical
D0089,2026-02-03 23:25:00,33.89,82.43,Warning
D0015,2026-02-03 23:30:00,27.86,86.3,Critical
D0072,2026-02-03 23:35:00,32.39,80.03,Warning
D0066,2026-02-03 23:40:00,41.38,69.02,Critical
D0062,2026-02-03 23:45:00,22.98,63.53,Warning
D0090,2026-02-03 23:50:00,25.3,35.63,Normal
D0047,2026-02-03 23:55:00,30.8,44.55,Critical
D0039,2026-02-04 00:00:00,36.86,58.5,Normal
D0042,2026-02-04 00:05:00,27.05,79.65,Critical
D0071,2026-02-04 00:10:00,31.58,47.67,Warning
D0017,2026-02-04 00:15:00,31.32,72.32,Normal
D0084,2026-02-04 00:20:00,27.42,48.25,Normal
D0094,2026-02-04 00:25:00,29.18,80.64,Warning
D0013,2026-02-04 00:30:00,28.62,76.57,Normal
D0047,2026-02-04 00:35:00,27.05,79.47,Warning
D0049,2026-02-04 00:40:00,25.72,38.49,Normal
D0061,2026-02-04 00:45:00,26.92,43.22,Warning
D0021,2026-02-04 00:50:00,26.92,41.14,Critical
D0004,2026-02-04 00:55:00,35.53,,Warning
D0056,2026-02-04 01:00:00,32.16,51.36,Normal
D0006,2026-02-04 01:05:00,23.57,49.54,Warning
D0067,2026-02-04 01:10:00,unknown,74.44,Normal
D0064,2026-02-04 01:15:00,32.32,68.52,Critical
D0053,2026-02-04 01:20:00,41.46,52.1,Critical
D0045,2026-02-04 01:25:00,31.68,75.47,Critical
D0080,2026-02-04 01:30:00,23.68,78.89,Critical
D0053,2026-02-04 01:35:00,23.36,54.67,Normal
D0075,2026-02-04 01:40:00,22.38,62.76,Warning
D0042,2026-02-04 01:45:00,21.76,68.24,Warning
D0090,2026-02-04 01:50:00,22.81,42.53,Normal
D0077,2026-02-04 01:55:00,30.03,69.85,Critical
D0058,2026-02-04 02:00:00,33.02,84.21,Warning
D0035,2026-02-04 02:05:00,25.51,36.76,Warning
D0004,2026-02-04 02:10:00,24.99,89.66,Warning
D0076,2026-02-04 02:15:00,26.64,79.69,Warning
D0090,2026-02-04 02:20:00,29.02,85.88,Critical
D0011,2026-02-04 02:25:00,30.85,44.72,Warning
D0088,2026-02-04 02:30:00,33.31,83.36,Critical
D0015,2026-02-04 02:35:00,17.83,80.62,Normal
D0064,2026-02-04 02:40:00,29.93,82.22,Critical
D0071,2026-02-04 02:45:00,37.35,45.61,Warning
D0015,2026-02-04 02:50:00,26.31,86.36,Normal
D0073,2026-02-04 02:55:00,30.88,74.32,Warning
D0042,2026-02-04 03:00:00,29.7,38.2,Critical
D0035,2026-02-04 03:05:00,36.45,57.01,Critical
D0063,2026-02-04 03:10:00,27.92,48.9,Critical
D0039,2026-02-04 03:15:00,20.28,67.26,Critical
D0035,2026-02-04 03:20:00,26.2,64.81,Normal
D0069,2026-02-04 03:25:00,32.5,67.43,Critical
D0028,2026-02-04 03:30:00,28.89,37.52,Normal
D0032,2026-02-04 03:35:00,31.86,56.67,Critical
D0045,2026-02-04 03:40:00,34.87,61.94,Critical
D0004,2026-02-04 03:45:00,28.15,65.47,Normal
D0076,2026-02-04 03:50:00,34.87,73.99,Normal
D0080,2026-02-04 03:55:00,30.66,83.07,Normal
D0074,2026-02-04 04:00:00,33.1,72.08,Warning
D0031,2026-02-04 04:05:00,27.68,57.81,Normal
D0045,2026-02-04 04:10:00,23.14,55.24,Critical
D0064,2026-02-04 04:15:00,24.44,67.7,Warning
D0030,2026-02-04 04:20:00,28.89,55.88,Normal
D0010,2026-02-04 04:25:00,21.17,69.71,warning
D0019,2026-02-04 04:30:00,28.74,49.0,NORMAL
D0071,2026-02-04 04:35:00,32.77,75.2,Warning
D0006,2026-02-04 04:40:00,40.72,48.3,Normal
D0067,2026-02-04 04:45:00,27.36,55.77,Warning
D0034,2026-02-04 04:50:00,30.04,48.59,Critical
D0027,2026-02-04 04:55:00,32.37,57.76,Critical
D0003,2026-02-04 05:00:00,33.8,38.03,Critical
D0100,2026-02-04 05:05:00,23.97,46.01,Warning
D0084,2026-02-04 05:10:00,22.64,61.26,Normal
D0009,2026-02-04 05:15:00,27.9,79.5,Warning
D0077,2026-02-04 05:20:00,30.62,63.62,Normal
D0011,2026-02-04 05:25:00,26.11,63.41,Critical
D0055,2026-02-04 05:30:00,33.68,73.09,Normal
D0041,2026-02-04 05:35:00,26.51,85.44,Normal
D0030,2026-02-04 05:40:00,37.07,78.96,Critical
D0047,2026-02-04 05:45:00,24.81,45.6,Warning
D0037,2026-02-04 05:50:00,31.04,64.41,Critical
D0080,2026-02-04 05:55:00,33.7,86.17,Warning
D0043,2026-02-04 06:00:00,27.2,60.32,Normal
D0013,2026-02-04 06:05:00,32.84,71.43,Critical
D0069,2026-02-04 06:10:00,29.08,82.62,Normal
D0074,2026-02-04 06:15:00,25.39,53.57,Normal
D0070,2026-02-04 06:20:00,22.93,74.14,Critical
D0042,2026-02-04 06:25:00,31.26,47.25,Normal
D0030,2026-02-04 06:30:00,23.39,77.02,Normal
D0040,2026-02-04 06:35:00,25.64,62.8,Warning
D0024,2026-02-04 06:40:00,28.1,79.47,Normal
D0003,2026-02-04 06:45:00,34.37,73.44,Normal
D0009,2026-02-04 06:50:00,32.71,44.16,Normal
D0073,2026-02-04 06:55:00,27.67,70.25,Critical
D0026,2026-02-04 07:00:00,31.4,72.7,Critical
D0037,2026-02-04 07:05:00,25.21,65.16,Critical
D0040,2026-02-04 07:10:00,30.71,51.52,Normal
D0064,2026-02-04 07:15:00,31.39,68.56,Normal
D0020,2026-02-04 07:20:00,,57.85,Warning
D0060,2026-02-04 07:25:00,36.97,79.47,Normal
D0098,2026-02-04 07:30:00,23.96,62.56,Critical
D0017,2026-02-04 07:35:00,26.89,48.85,Critical
D0072,2026-02-04 07:40:00,26.22,39.36,Warning
D0052,2026-02-04 07:45:00,29.63,66.1,Warning
D0057,2026-02-04 07:50:00,38.23,36.73,Normal
D0046,2026-02-04 07:55:00,20.13,37.0,Critical
D0028,2026-02-04 08:00:00,28.2,88.85,normal
D0048,2026-02-04 08:05:00,27.03,85.8,Normal
D0061,2026-02-04 08:10:00,26.0,65.51,Normal
D0020,2026-02-04 08:15:00,31.45,80.59,Normal
D0011,2026-02-04 08:20:00,30.31,80.11,Normal
D0098,2026-02-04 08:25:00,23.19,58.56,Critical
D0098,2026-02-04 08:30:00,31.59,81.2,Critical
D0078,2026-02-04 08:35:00,24.6,87.93,Warning
D0023,2026-02-04 08:40:00,29.23,87.03,Critical
D0038,2026-02-04 08:45:00,23.95,89.16,Normal
D0042,2026-02-04 08:50:00,32.89,75.04,Normal
D0039,2026-02-04 08:55:00,27.81,39.07,Normal
D0066,2026-01-10 03:00:00,26.66,35.8,Warning
D0018,2026-01-02 20:50:00,24.89,78.28,Critical
D0067,2026-01-16 06:10:00,35.4,77.83,Warning
D0071,2026-01-27 00:50:00,27.0,81.61,Critical
D0077,2026-01-15 16:45:00,31.67,50.56,Critical
D0049,2026-01-21 14:15:00,30.94,52.8,Critical
D0016,2026-01-07 13:05:00,30.59,89.84,Warning
D0005,2026-01-05 17:20:00,27.64,41.85,Critical
D0085,2026-01-11 12:55:00,27.26,73.69,Critical
D0075,2026-02-01 02:20:00,24.25,86.76,Critical
D0085,2026-01-17 03:10:00,31.44,89.44,Normal
D0073,2026-01-29 20:20:00,22.55,50.31,Critical
D0008,2026-01-19 07:30:00,31.0,82.54,Warning
D0027,2026-01-30 04:40:00,28.48,67.38,Critical
D0089,2026-01-02 13:55:00,29.51,68.77,Normal
D0091,2026-01-01 22:00:00,20.84,62.51,Normal
D0032,2026-01-16 04:25:00,32.01,84.56,Normal
D0089,2026-02-02 10:55:00,30.11,51.78,Normal
D0054,2026-02-01 18:30:00,26.46,79.57,Warning
D0004,2026-01-29 05:55:00,35.82,73.11,Warning
D0021,2026-01-17 02:10:00,26.08,66.06,Warning
D0085,2026-02-02 11:15:00,33.79,75.29,Warning
D0036,2026-01-21 16:05:00,35.02,65.69,Critical
D0009,2026-01-30 20:55:00,22.96,73.68,Normal
D0030,2026-01-06 20:40:00,32.3,53.44,Critical
D0035,2026-01-21 15:55:00,27.25,55.19,Warning
D0074,2026-01-04 16:10:00,28.12,47.02,Critical
D0027,2026-01-31 08:20:00,25.01,55.33,Warning
D0040,2026-01-26 05:30:00,30.45,71.17,Warning
D0076,2026-01-21 16:00:00,33.45,69.9,Critical
D0073,2026-01-11 14:55:00,31.9,38.84,Critical
D0017,2026-01-27 13:35:00,30.52,40.06,Normal
D0037,2026-01-05 17:00:00,23.66,37.47,Normal
D0090,2026-01-04 00:55:00,26.07,52.32,Warning
D0005,2026-01-23 02:20:00,26.83,65.16,Warning
D0031,2026-01-14 01:05:00,26.88,45.72,Warning
D0018,2026-01-26 19:40:00,24.38,82.74,Normal
D0096,2026-01-21 09:10:00,27.5,56.49,Warning
D0063,2026-02-02 20:35:00,32.91,64.44,Normal
D0008,2026-01-25 21:45:00,34.46,46.38,Critical
D0010,2026-01-27 03:10:00,27.91,85.15,Critical
D0026,2026-01-31 02:30:00,29.29,55.83,Critical
D0054,2026-01-17 20:05:00,28.15,68.2,Normal
D0075,2026-01-12 10:50:00,28.91,56.02,Critical
D0084,2026-01-05 01:45:00,25.74,43.66,Normal
D0075,2026-01-17 22:40:00,27.62,52.61,Warning
D0024,2026-01-31 15:55:00,29.6,66.56,Normal
D0011,2026-01-21 22:50:00,30.79,80.6,Normal
D0042,2026-01-20 19:00:00,31.08,,Critical
D0007,2026-02-01 21:20:00,29.06,69.01,Critical
D0008,2026-01-02 13:05:00,23.46,50.34,Warning
D0022,2026-01-13 22:35:00,33.13,46.67,Critical
D0087,2026-01-20 05:15:00,30.19,52.56,Normal
D0038,2026-01-01 11:05:00,27.81,44.95,Normal
D0038,2026-01-14 04:45:00,27.83,80.06,Warning
D0055,2026-01-25 10:50:00,28.49,82.5,Warning
D0047,2026-01-01 22:10:00,28.42,39.55,Normal
D0033,2026-01-16 11:35:00,28.82,73.64,Critical
D0073,2026-01-24 13:30:00,24.77,67.48,Warning
D0017,2026-01-16 15:25:00,27.13,75.0,Warning
D0029,2026-01-13 01:45:00,25.48,69.43,Normal
D0070,2026-01-07 17:30:00,29.24,57.14,Critical
D0095,2026-01-13 09:35:00,26.2,39.29,Warning
D0093,2026-01-18 22:35:00,27.28,47.61,NORMAL
D0039,2026-01-04 05:30:00,27.36,37.55,Warning
D0079,2026-01-15 23:35:00,30.66,62.62,Critical
D0056,2026-01-02 00:05:00,24.88,57.34,Critical
D0018,2026-02-01 08:30:00,28.89,36.97,Critical
D0020,2026-01-21 07:05:00,29.98,44.45,Critical
D0020,2026-01-20 11:45:00,27.21,78.59,Critical
D0090,2026-02-01 08:15:00,24.23,43.15,Normal
D0059,2026-01-24 13:35:00,21.51,44.02,Warning
D0072,2026-02-01 06:45:00,29.72,76.24,Warning
D0010,2026-02-04 04:25:00,21.17,69.71,warning
D0050,2026-01-17 12:35:00,26.3,58.17,Warning
D0083,2026-01-10 20:35:00,23.17,87.69,Critical
D0063,2026-01-11 19:35:00,25.76,73.57,Warning
D0031,2026-02-03 13:55:00,18.15,69.4,Normal
D0009,2026-01-14 21:45:00,24.45,83.9,Critical
D0005,2026-01-29 02:20:00,24.04,60.54,Critical
D0058,2026-01-15 09:20:00,28.71,65.97,Critical
D0075,2026-01-05 02:45:00,31.19,71.22,Warning
D0045,2026-01-14 14:35:00,29.33,42.07,Warning
D0021,2026-01-13 08:50:00,28.61,60.6,Normal
D0025,2026-01-25 11:50:00,34.67,35.7,Normal
D0013,2026-01-23 21:25:00,23.54,85.5,Normal
D0007,2026-01-05 01:05:00,24.01,85.38,Warning
D0082,2026-01-14 23:45:00,22.18,37.74,Critical
 D0010,2026-01-11 11:45:00,32.87,50.34,Normal
D0014,2026-01-25 07:40:00,27.67,54.91,Warning
D0006,2026-01-17 15:50:00,31.34,79.98,Warning
D0005,2026-01-24 04:35:00,20.26,66.16,Normal
D0043,2026-01-07 03:10:00,26.51,62.29,Warning
D0043,2026-01-08 23:05:00,27.62,76.27,Normal
D0036,2026-01-26 18:50:00,37.87,76.61,Critical
D0054,2026-01-08 08:25:00,37.5,56.3,Warning
D0078,2026-01-02 13:35:00,27.46,52.72,Critical
D0029,2026-01-22 10:25:00,24.32,56.26,Normal
D0082,2026-01-22 15:05:00,31.01,62.76,Critical
D0062,2026-01-29 00:25:00,26.94,41.69,Warning
