order_id,order_date,customer_id,product,region,quantity,unit_price,sales_amount,channel
ORD00001,2025-08-22,CUST0882,Webcam,East,2,65000,130000,Partner
ORD00002,2026-07-29,CUST1132,Tablet,South,6,4500,27000,Partner
ORD00003,2026-03-31,CUST0456,Monitor,North,1,12500,12500,Online
ORD00004,2026-10-21,CUST0872,Headset,West,4,65000,260000,Retail
ORD00005,2025-01-29,CUST0934,Laptop,South,4,4500,18000,Retail
ORD00006,2026-04-19,CUST1222,Laptop,North,6,4500,27000,Partner
ORD00007,2026-05-02,CUST1900,Monitor,South,4,2200,8800,Partner
ORD00008,2026-10-08,CUST0076,Mouse,East,7,900,6300,Online
ORD00009,2026-03-29,CUST2165,Monitor,West,5,18000,90000,ONLINE
ORD00010,2025-12-30,CUST2035,Laptop,South,2,4500,9000,Online
ORD00011,2025-10-13,CUST0960,Monitor,West,7,3200,22400,Online
ORD00012,2026-09-09,CUST2244,Printer,South,8,12500,100000,Partner
ORD00013,2026-05-14,CUST1335,Tablet,South,8,65000,520000,Online
ORD00014,2026-09-09,CUST1680,Keyboard,North,6,18000,108000,Partner
ORD00015,2026-11-13,CUST0643,Keyboard,East,7,4500,31500,Online
ORD00016,2026-03-16,CUST1590,Headset,North,8,65000,520000,Retail
ORD00017,2026-03-25,CUST1259,Keyboard,East,4,2200,8800,Retail
ORD00018,2025-07-22,CUST2154,Headset,South,6,18000,108000,Online
ORD00019,2025-08-03,CUST2549,Monitor,South,8,28000,224000,Partner
ORD00020,2026-05-11,CUST1493,Tablet,South,2,900,1800,Partner
ORD00021,2026-06-05,CUST0048,Printer,West,1,12500,12500,Partner
ORD00022,2026-05-10,CUST0773,Mouse,South,6,18000,108000,Partner
ORD00023,2026-07-24,CUST0969,Mouse,West,2,65000,130000,Retail
ORD00024,2026-03-22,CUST2804,Monitor,South,7,3200,22400,Online
ORD00025,2026-12-15,CUST2370,Printer,West,5,28000,140000,Online
ORD00026,2026-06-04,CUST2725,Webcam,South,7,12500,87500,Online
ORD00027,2025-07-11,CUST2318,Monitor,West,7,28000,196000,Online
ORD00028,2025-02-18,CUST1172,Headset,South,1,12500,12500,Partner
ORD00029,2025-01-08,CUST1249,Printer,East,1,2200,2200,Partner
ORD00030,2026-04-01,CUST2434,Keyboard,West,1,900,900,Retail
ORD00031,2025-03-10,CUST0827,Keyboard,North,5,3200,16000,Retail
ORD00032,2026-02-01,CUST2231,Webcam,North,10,3200,32000,Retail
ORD00033,2025-01-26,CUST0750,Monitor,South,7,65000,455000,Retail
ORD00034,2025-10-12,CUST0494,Monitor,West,1,12500,12500,Retail
ORD00035,2025-04-14,CUST1568,Laptop,South,8,18000,144000,Online
ORD00036,2026-11-01,CUST2837,Printer,West,7,3200,22400,Online
ORD00037,2026-09-20,CUST1941,Headset,East,3,18000,54000,Partner
ORD00038,2025-03-19,CUST2819,Printer,South,9,65000,585000,Partner
ORD00039,2025-09-09,CUST0309,Keyboard,West,2,3200,6400,Retail
ORD00040,2026-02-27,CUST0090,Webcam,North,6,2200,13200,Online
ORD00041,2025-12-26,CUST1031,Headset,North,7,900,6300,Retail
ORD00042,2026-03-26,CUST0150,Tablet,South,9,4500,40500,Online
ORD00043,2026-08-30,CUST0369,Laptop,East,2,18000,36000,Retail
ORD00044,2026-03-11,CUST1690,Monitor,South,4,3200,12800,Partner
ORD00045,2026-04-13,CUST2335,Headset,West,10,28000,280000,Partner
ORD00046,2025-05-01,CUST1409,Headset,East,7,4500,31500,Retail
ORD00047,2025-12-19,CUST1989,Printer,West,2,2200,4400,Online
ORD00048,2025-11-11,CUST2458,Tablet,East,4,2200,8800,ONLINE
ORD00049,2026-10-04,CUST0741,Tablet,West,2,18000,36000,Online
ORD00050,2026-10-09,CUST1710,Keyboard,North,6,900,5400,Retail
ORD00051,2025-12-31,CUST2252,Keyboard,East,2,900,1800,Online
ORD00052,2025-05-27,CUST0533,Mouse,North,9,3200,28800,Partner
ORD00053,2026-11-12,CUST1321,Tablet,South,7,65000,455000,Retail
ORD00054,2026-09-02,CUST1542,Tablet,South,3,28000,84000,Retail
ORD00055,2025-02-19,CUST2505,Laptop,North,2,12500,error,Online
ORD00056,2025-04-03,CUST0215,Laptop,North,10,12500,125000,Online
ORD00057,2025-02-17,CUST0285,Tablet,East,8,2200,17600,Retail
ORD00058,2026-02-13,CUST0088,Headset,South,9,28000,252000,Partner
ORD00059,2026-11-24,CUST1250,Keyboard,South,7,65000,455000,Retail
ORD00060,2026-02-16,CUST2746,Laptop,South,4,65000,260000,Partner
ORD00061,2025-12-02,CUST1806,Webcam,South,8,900,7200,Retail
ORD00062,2025-07-11,CUST1588,Keyboard,East,10,12500,125000,Retail
ORD00063,2026-07-30,CUST1421,Headset,West,7,3200,22400,Retail
ORD00064,2026-04-23,CUST2877,Headset,North,8,3200,25600,Online
ORD00065,2026-06-19,CUST2910,Keyboard,South,4,900,3600,Partner
ORD00066,2026-08-02,CUST2458,Keyboard, north,4,65000,260000,Online
ORD00067,2026-02-27,CUST2026,Keyboard,South,1,900,900,Retail
ORD00068,2025-11-28,CUST2725,Laptop,North,7,28000,196000,
ORD00069,2025-05-04,CUST2991,Webcam,East,5,4500,22500,Online
ORD00070,2025-05-23,CUST0972,Keyboard,East,4,65000,260000,Online
ORD00071,2026-01-17,CUST1193,Monitor,West,7,900,6300,Partner
ORD00072,2025-01-15,CUST2704,Webcam,South,2,18000,36000,Partner
ORD00073,2025-09-14,CUST1200,Printer,North,8,12500,100000,Retail
ORD00074,2026-12-26,CUST0906,Webcam,East,3,900,2700,Partner
ORD00075,2025-03-09,CUST2610,Mouse,East,4,3200,12800,Retail
ORD00076,2025-11-09,CUST2006,Mouse,North,2,28000,56000,Retail
ORD00077,2025-11-07,CUST1859,Mouse,North,8,12500,100000,Retail
ORD00078,2025-05-08,CUST0127,Webcam,West,10,3200,32000,Online
ORD00079,2025-10-21,CUST0517,Webcam,South,10,12500,125000,Retail
ORD00080,2025-10-05,CUST2967,Monitor,North,4,4500,18000,Online
ORD00081,2025-01-04,CUST1095,Headset,West,2,28000,56000,Online
ORD00082,2026-08-12,CUST1922,Keyboard,North,4,4500,18000,Partner
ORD00083,2026-01-25,CUST0290,Keyboard,West,1,65000,65000,Partner
ORD00084,2026-10-03,CUST2387,Laptop,North,8,900,7200,Retail
ORD00085,2026-04-21,CUST2634,Webcam,East,8,28000,224000,Retail
ORD00086,2026-09-12,CUST2547,Printer,South,8,18000,144000,Partner
ORD00087,2025-11-28,CUST2320,Webcam,South,2,12500,25000,Partner
ORD00088,2026-07-03,CUST1910,Headset,South,9,900,8100,Retail
ORD00089,2025-05-06,CUST1321,Monitor,North,7,2200,15400,Online
ORD00090,2025-01-01,CUST0830,Printer,EAST,5,4500,22500,Partner
ORD00091,2025-05-16,CUST0388,Printer,South,3,2200,6600,Retail
ORD00092,2026-06-28,CUST1587,Webcam,West,5,18000,90000,Online
ORD00093,2026-06-22,CUST0304,Webcam,East,5,900,4500,Retail
ORD00094,2026-05-25,CUST0635,Headset,West,8,900,7200,Partner
ORD00095,2025-10-28,CUST2951,Keyboard,South,5,12500,62500,Retail
ORD00096,2026-12-14,CUST1498,Keyboard,West,9,12500,112500,Online
ORD00097,2025-01-18,CUST0209,Headset,North,2,900,1800,Online
ORD00098,2026-04-17,CUST0422,Laptop,South,10,3200,32000,Online
ORD00099,2025-09-12,CUST0363,Headset,South,9,4500,40500,Retail
ORD00100,2025-07-05,CUST2515,Laptop,East,4,4500,18000,Online
ORD00101,2026-07-03,CUST2412,Webcam,East,4,3200,12800,Online
ORD00102,2025-10-16,CUST0524,Mouse,West,7,65000,455000,Retail
ORD00103,2025-07-29,CUST0078,Headset,South,8,,520000,Online
ORD00104,2025-11-19,CUST2381,Monitor,North,1,2200,2200,Retail
ORD00105,2025-11-30,CUST2774,Laptop,South,4,900,3600,Online
ORD00106,2025-03-26,CUST1819,Tablet,East,2,12500,25000,Online
ORD00107,2025-11-20,CUST2927,Webcam,West,2,2200,4400,Retail
ORD00108,2025-09-09,CUST2364,Tablet,North,6,65000,390000,Partner
ORD00109,2026-10-16,CUST1491,Printer,South,7,18000,126000,Online
ORD00110,2025-11-09,CUST1428,Tablet,South,9,18000,162000,Partner
ORD00111,2025-12-22,CUST2632,Webcam,South,1,12500,12500,Online
ORD00112,2025-01-25,CUST2773,Monitor,East,5,65000,325000,Retail
ORD00113,2026-11-14,CUST1585,Keyboard,West,3,18000,54000,Partner
ORD00114,2025-12-21,CUST0213,Monitor,North,7,4500,31500,Partner
ORD00115,2026-07-31,,Tablet,South,7,18000,126000,Partner
ORD00116,2026-08-16,CUST0332,Mouse,North,2,900,1800,Online
ORD00117,2026-12-17,CUST0614,Printer,East,10,2200,22000,Online
ORD00118,2026-08-17,CUST2239,Webcam,North,2,12500,25000,Online
ORD00119,2026-05-30,CUST0104,Monitor,East,10,900,9000,Retail
ORD00120,2025-12-15,CUST0137,Keyboard,East,4,12500,50000,Online
ORD00121,2025-12-29,CUST0478,Mouse,West,4,18000,72000,Retail
ORD00122,2026-11-25,CUST2283,Printer,North,2,12500,25000,Retail
ORD00123,2025-02-11,CUST2962,Laptop,West,1,3200,3200,Online
ORD00124,2025-08-02,CUST1175,Mouse,South,5,3200,16000,Online
ORD00125,2026-12-12,CUST2795,Laptop,North,6,2200,13200,Partner
ORD00126,2025-01-15,CUST2997,Keyboard,East,5,3200,16000,Online
ORD00127,2025-10-09,CUST0399,Mouse,East,3,12500,37500,Retail
ORD00128,2025-04-22,CUST1864,Headset,West,2,4500,9000,Retail
ORD00129,2025-07-02,CUST1043,Webcam,South,8,900,7200,Online
ORD00130,2025-07-08,CUST0793,Laptop,East,10,4500,45000,Online
ORD00131,2026-05-10,CUST0585,Keyboard,West,1,12500,12500,Retail
ORD00132,2025-08-11,CUST0514,Printer,North,6,3200,19200,Partner
ORD00133,2025-09-02,CUST1484,Printer,South,2,2200,4400,Retail
ORD00134,2026-07-09,CUST2980,Laptop,West,9,2200,19800,Online
ORD00135,2026-06-30,CUST2909,Webcam,South,6,18000,108000,Partner
ORD00136,2025-05-04,CUST1387,Keyboard,North,1,3200,3200,Partner
ORD00137,2026-02-13,CUST0743,Tablet,North,3,3200,9600,Retail
ORD00138,2025-03-11,CUST2084,Keyboard,West,6,18000,108000,Partner
ORD00139,2026-05-20,CUST2773,Printer,South,5,3200,16000,Online
ORD00140,2026-09-26,CUST0392,Printer,West,6,3200,19200,Partner
ORD00141,2026-10-03,CUST1981,Monitor,West,7,65000,455000,Online
ORD00142,2026-10-19,CUST0880,Printer,South,10,2200,22000,Online
ORD00143,2026-12-11,CUST0772,Printer,West,1,28000,28000,Online
ORD00144,2026-09-03,CUST0567,Printer,West,10,900,9000,Online
ORD00145,2026-06-25,CUST0999,Monitor,West,2,12500,25000,Partner
ORD00146,2025-09-20,CUST2557,Monitor,East,3,2200,6600,Online
ORD00147,2026-01-14,CUST0328,Laptop,West,5,12500,62500,Partner
ORD00148,2025-10-26,CUST2414,Monitor,East,7,28000,196000,Partner
ORD00149,2025-04-08,CUST2178,Monitor,North,9,900,8100,Partner
ORD00150,2025-04-30,CUST1492,Keyboard,East,8,2200,17600,Online
ORD00151,2025-08-08,CUST2612,Tablet,West,7,18000,126000,Partner
ORD00152,2025-02-19,CUST1315,Keyboard,South,3,65000,195000,Partner
ORD00153,2025-01-08,CUST1417,Laptop,West,7,4500,31500,Retail
ORD00154,2025-11-16,CUST2761,Mouse,West,6,3200,19200,Online
ORD00155,2025-12-11,CUST1073,Tablet,North,5,65000,325000,Partner
ORD00156,2025-12-12,CUST1120,Tablet,North,3,900,2700,Retail
ORD00157,2025-11-04,CUST1493,Monitor,South,5,3200,16000,Partner
ORD00158,2025-03-10,CUST1234,Mouse,South,5,18000,90000,Retail
ORD00159,2026-04-10,CUST0379,Tablet,West,8,18000,144000,Partner
ORD00160,2026-03-19,CUST1244,Printer,North,5,18000,90000,Online
ORD00161,2026-12-17,CUST0872,Printer,South,9,18000,162000,Retail
ORD00162,2025-11-20,CUST2556,Monitor,South,10,65000,650000,Retail
ORD00163,2025-12-29,CUST0121,Monitor,West,9,3200,28800,Retail
ORD00164,2026-01-06,CUST1028,Laptop,North,7,4500,31500,Online
ORD00165,2025-12-02,CUST1098,Keyboard,East,9,900,8100,Online
ORD00166,2026-11-08,CUST1753,Printer,South,10,65000,650000,Online
ORD00167,2025-08-23,CUST1438,Webcam,North,1,12500,12500,Online
ORD00168,2026-09-08,CUST2078,Headset,South,3,28000,84000,Retail
ORD00169,2025-10-29,CUST0993,Monitor,North,8,900,7200,Online
ORD00170,2026-08-23,CUST1307,Headset,South,2,3200,6400,Retail
ORD00171,2025-11-05,CUST0928,Mouse,East,1,12500,12500,Online
ORD00172,2025-08-08,CUST1631,Webcam,South,3,4500,13500,Online
ORD00173,2026-09-30,CUST2986,Keyboard,East,2,3200,6400,Retail
ORD00174,2025-06-05,CUST2365,Keyboard,East,3,2200,6600,Retail
ORD00175,2025-12-12,CUST0263,Monitor,South,10,28000,280000,Partner
ORD00176,2026-04-15,CUST2427,Webcam,West,3,3200,9600,Retail
ORD00177,2026-11-20,CUST0098, LAPTOP,East,7,3200,22400,Retail
ORD00178,2025-01-05,CUST1812,Webcam,South,2,2200,4400,Partner
ORD00179,2026-06-28,CUST2787,Keyboard,South,3,18000,54000,Retail
ORD00180,2026-12-22,CUST0160,Mouse,East,3,65000,195000,Partner
ORD00181,2026-03-22,CUST1658,Monitor,East,4,18000,72000,Retail
ORD00182,2026-09-24,CUST0389,Webcam,West,6,12500,75000,Online
ORD00183,2025/13/40,CUST1197,Laptop,North,1,3200,3200,Retail
ORD00184,2026-08-15,CUST0335,Tablet,East,6,28000,168000,Retail
ORD00185,2026-11-29,CUST1730,Mouse,East,1,900,900,Partner
ORD00186,2025-05-19,CUST1334,Mouse,North,5,18000,90000,Partner
ORD00187,2026-07-02,CUST1564,Headset,West,10,12500,125000,ONLINE
ORD00188,2025-08-05,CUST0394,Monitor,East,10,3200,32000,Retail
ORD00189,2026-12-23,CUST2226,Monitor,East,8,4500,36000,Online
ORD00190,2025-01-16,CUST2480,Printer,North,2,4500,9000,Retail
ORD00191,2026-04-30,CUST0240,Mouse,East,1,3200,3200,Partner
ORD00192,2025-01-23,CUST1710,Mouse,West,2,12500,25000,Retail
ORD00193,2026-01-10,CUST0807,Mouse,West,6,65000,390000,Partner
ORD00194,2026-08-03,CUST2918,Monitor,South,6,18000,108000,Partner
ORD00195,2025-05-12,CUST0368,Monitor,South,8,4500,36000,Retail
ORD00196,2025-10-23,CUST1975,Keyboard,West,7,2200,15400,Partner
ORD00197,2025-04-11,CUST0345,Keyboard,North,4,4500,18000,Online
ORD00198,2025-02-17,CUST0083,Keyboard,North,5,65000,325000,Retail
ORD00199,2025-05-06,CUST0949,Mouse,South,1,2200,2200,Retail
ORD00200,2026-06-02,CUST1039,Webcam,North,3,2200,6600,Retail
ORD00201,2025-03-29,CUST2483,Laptop,North,10,12500,125000,Retail
ORD00202,2025-03-03,,Headset,North,2,3200,6400,Online
ORD00203,2026-11-27,CUST1763,Keyboard,North,8,900,7200,Retail
ORD00204,2026-03-29,CUST2415,Headset,West,8,900,7200,Partner
ORD00205,2025-01-14,CUST0354,Mouse,South,3,12500,37500,Partner
ORD00206,2026-09-27,CUST1387,Printer,South,6,28000,168000,Partner
ORD00207,2026-11-26,CUST2839,Laptop,East,5,28000,140000,Online
ORD00208,2026-09-05,CUST0800,Mouse,West,6,3200,19200,Online
ORD00209,2026-01-30,CUST2276,Mouse,South,9,65000,585000,Retail
ORD00210,2025-01-24,CUST1089,Headset,North,4,18000,72000,Partner
ORD00211,2026-06-10,CUST2493,Laptop,North,3,65000,195000,Retail
ORD00212,2025-06-28,CUST0225,Monitor,East,6,4500,27000,Online
ORD00213,2026-05-06,CUST0053,Laptop,East,8,12500,N/A,Retail
ORD00214,2025-03-01,CUST0192,Laptop,South,6,4500,27000,Online
ORD00215,2026-02-11,CUST2864,Printer,South,6,2200,13200,Retail
ORD00216,2025-07-15,CUST0032,Printer,West,2,4500,9000,Partner
ORD00217,2026-04-16,CUST0931,Printer,West,6,18000,108000,Online
ORD00218,2025-05-31,CUST1133,Webcam,East,3,28000,84000,Partner
ORD00219,2026-06-25,CUST0845,Monitor,West,10,12500,125000,Retail
ORD00220,2026-11-24,CUST1632,Tablet,East,1,900,900,Online
ORD00221,2026-08-25,CUST1826,Webcam,West,8,65000,520000,Online
ORD00222,2025-10-01,CUST1626,Printer,North,9,2200,19800,Online
ORD00223,2026-11-24,CUST2488,Monitor,South,1,4500,4500,
ORD00224,2025-08-24,CUST0058,Mouse,East,10,65000,650000,Partner
ORD00225,2026-04-21,CUST2413,Tablet,East,3,3200,9600,Partner
ORD00226,2026-12-11,CUST1064,Monitor,East,7,65000,455000,Online
ORD00227,2025-01-23,CUST0312,Keyboard,South,2,4500,9000,Partner
ORD00228,2025-01-08,CUST2839,Mouse,East,4,4500,18000,Partner
ORD00229,2026-05-01,CUST0471,Mouse,West,6,28000,168000,Retail
ORD00230,2025-01-11,CUST0507,Monitor,North,3,12500,37500,Partner
ORD00231,2026-11-30,CUST0304,Laptop,North,5,28000,140000,Retail
ORD00232,2025-10-23,CUST0932,Printer,West,5,2200,11000,Retail
ORD00233,2026-12-19,CUST1922,Mouse,East,10,3200,32000,Online
ORD00234,2025-07-23,CUST2733,Keyboard,South,10,12500,125000,Partner
ORD00235,2026-01-27,CUST0695,Webcam,East,10,3200,32000,Retail
ORD00236,2026-05-19,CUST2616,Mouse,South,9,12500,112500,Online
ORD00237,2025-11-03,CUST1110,Monitor,West,10 units,28000,168000,Retail
ORD00238,2026-10-25,CUST2002,Webcam,East,2,900,1800,Retail
ORD00239,2026-12-15,CUST0710,Monitor,South,7,3200,22400,Partner
ORD00240,2025-05-31,CUST0113,Monitor,East,7,3200,22400,Retail
ORD00241,2025-08-30,CUST0635,Webcam,South,1,4500,4500,Partner
ORD00242,2026-06-13,CUST1320,Tablet,South,5,28000,140000,Partner
ORD00243,2026-12-09,CUST0338,Laptop,East,10,900,9000,Retail
ORD00244,2026-11-04,CUST1424,Headset,South,5,3200,16000,Partner
ORD00245,2025-12-03,CUST0410,Tablet,North,4,12500,50000,Retail
ORD00246,2026-12-29,CUST1629,Laptop,North,5,4500,22500,Online
ORD00247,2025-06-24,CUST1773,Tablet,West,6,12500,75000,Retail
ORD00248,2026-07-31,CUST0277,Laptop,East,6,12500,,Retail
ORD00249,2026-11-23,CUST2006,Keyboard,East,3,18000,54000,Retail
ORD00250,2026-05-25,CUST0971,Laptop,South,1,65000,65000,Retail
ORD00251,2025-03-10,CUST0690,Laptop,West,5,2200,11000,Online
ORD00252,2025-05-22,CUST2142,Headset,South,8,4500,36000,Online
ORD00253,2025-07-28,CUST0313,Webcam,South,6,2200,13200,Online
ORD00254,2025-08-04,CUST2202,Monitor,South,7,12500,87500,Retail
ORD00255,2025-03-04,CUST0918,Keyboard,South,4,900,3600,Retail
ORD00256,2025-02-10,CUST1532,Keyboard,East,5,12500,62500,Online
ORD00257,2025-12-27,CUST2514,Headset,East,1,18000,18000,Online
ORD00258,2026-06-25,CUST0505,Tablet,North,4,18000,72000,Online
ORD00259,2026-11-08,CUST2765,Tablet,North,1,12500,12500,Partner
ORD00260,2025-10-08,CUST1908,Monitor,South,2,4500,9000,Retail
ORD00261,2025-09-29,CUST2182,Headset,North,3,28000,84000,Retail
ORD00262,2026-11-13,CUST2519,Printer,South,10,12500,125000,Partner
ORD00263,2025-05-07,CUST1658,Monitor,East,7,3200,22400,Partner
ORD00264,2025-07-31,CUST1164,Mouse,North,10,2200,22000,Retail
ORD00265,2025-04-29,CUST0603,Printer,North,10,18000,180000,Partner
ORD00266,2026-03-20,CUST2664,Laptop,East,7,3200,22400,Retail
ORD00267,2026-03-05,CUST1166,Keyboard,North,2,18000,36000,Retail
ORD00268,2026-02-19,CUST2502,Keyboard,North,1,900,900,Partner
ORD00269,2026-09-07,CUST0603,Keyboard,South,7,18000,126000,Online
ORD00270,2026-04-12,CUST1134,Webcam,East,10,12500,125000,Retail
ORD00271,2025-03-07,CUST2205,Printer,North,1,65000,65000,Partner
ORD00272,2026-12-31,CUST1864,Laptop,East,3,18000,54000,Online
ORD00273,2025-07-07,CUST0226,Laptop,North,2,12500,25000,Partner
ORD00274,2026-10-08,CUST1060,Mouse,East,4,900,3600,Online
ORD00275,2026-09-27,CUST2155,Mouse,South,9,3200,28800,Online
ORD00276,2026-09-13,CUST1134,Monitor,East,7,2200,15400,Partner
ORD00277,2025-09-11,CUST2530,Headset,South,8,4500,36000,Online
ORD00278,2026-05-23,CUST1874,Tablet,West,8,900,7200,Partner
ORD00279,2025-10-16,CUST2285,Headset,West,8,28000,224000,Online
ORD00280,2026-04-12,CUST2561,Webcam,West,2,12500,25000,Partner
ORD00281,2026-10-04,CUST1829,Printer,North,1,2200,2200,Partner
ORD00282,2026-08-23,CUST1045,Tablet,West,4,18000,72000,Retail
ORD00283,2026-11-20,CUST0493,Laptop,East,3,4500,13500,Retail
ORD00284,2025-12-31,CUST1681,Keyboard,North,3,28000,84000,Partner
ORD00285,2025-03-11,CUST2188,Tablet,North,2,900,1800,Retail
ORD00286,2025-03-09,CUST0028,Webcam,East,5,4500,22500,Online
ORD00287,2025-10-31,CUST1739,Headset,West,9,65000,585000,Retail
ORD00288,2025-10-24,CUST1564,Mouse,West,7,3200,22400,Online
ORD00289,2025-01-25,CUST2250,Headset,South,5,2200,11000,Retail
ORD00290,2025-05-18,CUST1432,Headset,West,7,900,6300,Retail
ORD00291,2026-06-29,CUST2267,Laptop,West,8,2200,17600,Online
ORD00292,2025-06-11,CUST0609,Headset,South,10,3200,32000,Online
ORD00293,2025-01-26,CUST0813,Mouse,South,7,4500,31500,Retail
ORD00294,2026-10-06,CUST0240,Mouse,West,1,3200,3200,Partner
ORD00295,2026-11-05,CUST0017,Mouse,East,1,4500,4500,Partner
ORD00296,2026-03-28,CUST1342,Monitor,South,10,2200,22000,Retail
ORD00297,2026-09-23,CUST0892,Tablet,East,4,18000,72000,Retail
ORD00298,2025-07-07,CUST2922,Tablet,East,4,12500,50000,Partner
ORD00299,2025-10-01,CUST0693,Laptop,East,5,2200,11000,Retail
ORD00300,2025-05-04,CUST0410,Monitor,North,4,4500,18000,Retail
ORD00301,2026-10-10,CUST0279,Mouse,North,6,18000,108000,Retail
ORD00302,2026-04-16,CUST2129,Tablet,East,5,900,4500,Online
ORD00303,2025-01-03,CUST0713,Keyboard,West,4,65000,260000,Partner
ORD00304,2026-12-05,CUST2948,Monitor,North,4,2200,8800,Partner
ORD00305,2026-04-11,CUST1645,Printer,South,1,28000,28000,Retail
ORD00306,2025-08-25,CUST0412,Keyboard,South,6,18000,108000,Retail
ORD00307,2025-01-19,CUST1883,Mouse,South,3,4500,13500,Online
ORD00308,2026-02-07,CUST1865,Laptop,North,6,4500,27000,Online
ORD00309,2026-06-08,CUST0064,Mouse,South,1,900,900,Retail
ORD00310,2026-06-01,CUST0232,Mouse,West,8,12500,100000,Online
ORD00311,2025-02-17,CUST0303,Headset,East,7,28000,196000,Online
ORD00312,2025-09-18,CUST0546,Tablet,North,1,65000,65000,Retail
ORD00313,2025-03-28,CUST0228,Keyboard,North,6,28000,168000,Retail
ORD00314,2026-12-19,CUST0068,Webcam,East,9,12500,112500,Partner
ORD00315,2025-04-10,CUST2808,Mouse,West,3,4500,13500,Partner
ORD00316,2025-12-02,CUST0836,Laptop,West,7,28000,196000,Online
ORD00317,2026-07-20,CUST1441,Monitor,West,8,900,7200,Online
ORD00318,2025-08-11,CUST0427,Tablet,East,10,28000,280000,Online
ORD00319,2026-09-09,CUST1189,Headset,South,6,4500,27000,Retail
ORD00320,2026-07-30,CUST0013,Printer,West,8,2200,17600,Online
ORD00321,2025-08-24,CUST1181,Printer,North,4,28000,112000,Online
ORD00322,2025-03-19,CUST2707,Printer,South,3,900,2700,Online
ORD00323,2026-03-31,CUST0995,Mouse,West,8,28000,224000,Partner
ORD00324,2025-02-01,CUST0595,Laptop,South,2,12500,25000,Partner
ORD00325,2025-01-03,,Printer,East,5,4500,22500,Online
ORD00326,2026-02-18,CUST2627,Laptop,West,8,4500,36000,Online
ORD00327,2026-04-23,CUST1927,Printer,West,5,3200,16000,Retail
ORD00328,2025-01-04,CUST2918,Laptop,North,4,2200,8800,Retail
ORD00329,2026-06-14,CUST1989,Printer,East,6,4500,27000,Partner
ORD00330,2026-12-29,CUST2785,Headset,East,8,65000,520000,Partner
ORD00331,2026-01-21,CUST0321,Mouse,South,4,4500,18000,Retail
ORD00332,2026-06-07,CUST2210,Webcam,South,9,3200,28800,Retail
ORD00333,2025-12-20,CUST1746,Webcam,South,10,65000,650000,Partner
ORD00334,2026-02-20,CUST2923,Tablet,South,3,3200,9600,Partner
ORD00335,2025-06-20,CUST0106,Mouse,East,7,65000,455000,Retail
ORD00336,2026-02-09,CUST1403,Tablet,West,3,18000,54000,Partner
ORD00337,2025-06-20,CUST1312,Tablet,West,9,2200,19800,Online
ORD00338,2026-05-23,CUST2929,Keyboard,South,10,65000,650000,Partner
ORD00339,2026-08-31,CUST0842,Monitor,East,5,18000,90000,Partner
ORD00340,2026-10-14,CUST0057,Laptop,East,9,18000,162000,Retail
ORD00341,2026-12-06,CUST2058,Keyboard,South,7,4500,31500,Partner
ORD00342,2026-10-18,CUST1643,Tablet,West,4,18000,72000,Retail
ORD00343,2026-02-22,CUST2677,Headset,West,5,12500,62500,Partner
ORD00344,2026-12-21,CUST1375,Webcam,South,5,900,4500,Retail
ORD00345,2025-07-27,CUST0559,Laptop,North,10,4500,45000,Online
ORD00346,2026-06-22,CUST0297,Keyboard,North,5,2200,11000,Online
ORD00347,2026-04-18,CUST2928,Monitor,South,8,2200,17600,Online
ORD00348,2025-09-22,CUST1524,Monitor,West,2,3200,6400,Partner
ORD00349,2025-03-25,CUST1647,Mouse,West,8,28000,224000,Partner
ORD00350,2025-03-25,CUST2527,Monitor,East,4,2200,8800,Online
ORD00351,2026-05-17,CUST1232,Printer,East,4,2200,8800,Online
ORD00352,2026-07-25,CUST1640,Laptop,West,9,3200,28800,Online
ORD00353,2026-06-21,CUST1685,Headset,East,2,3200,6400,Partner
ORD00354,2025-10-15,CUST1697,Keyboard,West,1,65000,65000,Partner
ORD00355,2025-11-27,CUST1823,Headset,South,10,18000,180000,Partner
ORD00356,2026-03-28,CUST2691,Headset,West,5,12500,62500,Online
ORD00357,2025-07-10,CUST0874,Monitor,East,1,12500,12500,Partner
ORD00358,2026-12-29,CUST0539,Monitor,West,5,3200,16000,Partner
ORD00359,2025-10-23,CUST1812,Keyboard,,3,18000,54000,Online
ORD00360,2026-02-27,CUST0858,Laptop,West,7,2200,15400,Online
ORD00361,2025-10-20,CUST0759,Keyboard,East,8,2200,17600,Partner
ORD00362,2026-08-05,CUST1064,Mouse,West,1,4500,4500,Retail
ORD00363,2026-02-12,CUST2920,Keyboard,South,8,12500,100000,Partner
ORD00364,2026-02-06,CUST2990,Printer,West,8,18000,144000,Partner
ORD00365,2025-08-29,CUST2218,Tablet,South,8,4500,36000,Online
ORD00366,2026-09-19,CUST0926,Monitor,West,8,3200,25600,Partner
ORD00367,2025/13/40,CUST2768,Laptop,East,7,3200,22400,Retail
ORD00368,2025-12-14,CUST1778,Tablet,North,5,3200,16000,Online
ORD00369,2026-08-30,CUST1662,Monitor,East,5,65000,325000,Online
ORD00370,2026-10-28,CUST2068,Printer,South,10,65000,650000,Online
ORD00371,2025-01-04,CUST1076,Laptop,South,10,65000,650000,Partner
ORD00372,2026-03-09,CUST0881,Keyboard,South,5,2200,11000,Partner
ORD00373,2026-11-11,CUST2731,Monitor,North,5,12500,62500,Online
ORD00374,2026-05-24,CUST1126,Webcam,West,3,3200,9600,Partner
ORD00375,2026-07-06,CUST2739,Laptop,North,4,900,3600,Retail
ORD00376,2025-06-24,CUST2033,Printer,East,9,28000,252000,Online
ORD00377,2026-08-14,CUST1453,Headset,West,3,28000,84000,Online
ORD00378,2026-03-02,CUST2456,Tablet,East,9,12500,112500,Retail
ORD00379,2026-02-08,CUST0051,Monitor,South,3,4500,13500,Online
ORD00380,2025-12-14,CUST2993,Tablet,East,2,28000,56000,Retail
ORD00381,2026-09-23,CUST0549,Keyboard,North,6,65000,390000,Retail
ORD00382,2026-08-18,CUST1697,Laptop,East,10,65000,650000,Partner
ORD00383,2026-11-25,CUST2630,Mouse,South,9,3200,28800,Retail
ORD00384,2025-06-19,CUST0732,Mouse,South,7,18000,126000,Online
ORD00385,2025-09-27,CUST2762,Laptop,West,3,12500,37500,Retail
ORD00386,2026-11-06,CUST1873,Monitor,North,4,65000,260000,Retail
ORD00387,2025-10-04,CUST0496,Keyboard,West,5,900,4500,Retail
ORD00388,2026-12-07,CUST0554,Laptop,East,9,28000,252000,Retail
ORD00389,2025-10-23,CUST0866,Headset,East,8,28000,224000,Online
ORD00390,2025-05-30,CUST0664,Laptop,West,8,3200,25600,Online
ORD00391,2025-11-26,CUST2429,Mouse,North,9,900,8100,Partner
ORD00392,2025-04-15,CUST0354,Printer,West,6,2200,13200,Partner
ORD00393,2026-11-03,CUST2866,Printer,North,4,4500,18000,Retail
ORD00394,2026-08-22,CUST2600,Headset,South,10,28000,280000,Partner
ORD00395,2025-10-21,CUST0350,Webcam,East,5,65000,325000,Online
ORD00396,2025-04-01,CUST2649,Tablet,East,7,65000,455000,Online
ORD00397,2026-02-27,CUST1232,Headset,North,1,3200,3200,Online
ORD00398,2025-11-30,CUST0239,Webcam,East,8,2200,17600,Partner
ORD00399,2025-01-02,CUST2830,Headset,East,8,900,7200,Retail
ORD00400,2025-01-22,CUST0616,Keyboard,East,8,12500,100000,Partner
ORD00401,2025-10-07,CUST0975,Mouse,North,2,18000,36000,Partner
ORD00402,2025-08-11,CUST2759,Webcam,North,7,900,6300,Online
ORD00403,2025-06-26,CUST1016,Webcam,North,9,65000,585000,Partner
ORD00404,2026-05-01,CUST2913,Keyboard,East,2,,36000,Online
ORD00405,2026-12-10,CUST2981,Printer,North,6,4500,27000,Partner
ORD00406,2026-09-07,CUST1126,Headset,North,9,18000,162000,Retail
ORD00407,2025-04-03,CUST1080,Keyboard,East,1,3200,3200,Partner
ORD00408,2026-10-10,CUST2662,Keyboard,South,2,900,1800,Retail
ORD00409,2026-04-09,CUST0335,Mouse,North,4,2200,8800,Online
ORD00410,2025-03-24,CUST2553,Webcam,South,8,4500,36000,Online
ORD00411,2026-01-19,CUST2478,,North,10,4500,45000,Retail
ORD00412,2025-10-13,CUST0641,Monitor,South,7,4500,31500,Retail
ORD00413,2026-12-08,CUST0477,Laptop,North,3,18000,54000,Retail
ORD00414,2025-06-08,CUST0242,Webcam,East,6,12500,75000,Retail
ORD00415,2025-01-18,CUST0100,Tablet,North,4,18000,72000,Retail
ORD00416,2025-06-07,CUST0310,Keyboard,South,5,28000,140000,Partner
ORD00417,2025-07-11,CUST2090,Monitor,North,10,65000,650000,Partner
ORD00418,2026-02-16,CUST2868,Headset,West,6,4500,27000,Partner
ORD00419,2026-08-06,CUST0836,Headset,West,4,900,3600,Online
ORD00420,2026-03-12,CUST1058,Tablet,East,10,18000,180000,Online
ORD00421,2026-05-30,CUST1631,Monitor,North,10,2200,22000,Retail
ORD00422,2025-08-27,CUST1983,Laptop,West,1,2200,2200,Online
ORD00423,2026-06-15,CUST2846,Tablet,West,10,18000,180000,Partner
ORD00424,2026-03-20,CUST0460,Monitor,North,6,2200,13200,Partner
ORD00425,2026-01-13,CUST2238,Keyboard,South,4,4500,18000,Retail
ORD00426,2026-04-30,CUST2433,Tablet,South,1,28000,28000,Retail
ORD00427,2026-10-05,CUST1795,Printer,East,3,18000,54000,Partner
ORD00428,2025-10-31,CUST1742,Mouse,East,5,65000,325000,Retail
ORD00429,2026-05-22,CUST0429,Keyboard,South,7,900,6300,Online
ORD00430,2026-04-24,CUST1218,Printer,South,4,4500,18000,Retail
ORD00431,2026-11-18,CUST2161,Laptop,South,10 units,4500,36000,Online
ORD00432,2025-03-10,CUST1754,Webcam,South,1,18000,18000,Retail
ORD00433,2026-07-28,CUST0574,Tablet,East,9,3200,28800,Partner
ORD00434,2026-06-22,CUST2647,Printer,West,5,3200,16000,Online
ORD00435,2025-10-28,CUST1047,Printer,North,7,2200,15400,Partner
ORD00436,2025-04-11,CUST0469,Webcam,North,4,900,3600,Partner
ORD00437,2026-08-16,CUST1305,Keyboard,East,4,28000,112000,Online
ORD00438,2026-08-31,CUST1675,Webcam,North,1,3200,3200,Online
ORD00439,2026-05-13,CUST1308,Mouse,East,5,4500,22500,Online
ORD00440,2025-02-28,CUST0520,Monitor,South,6,28000,168000,Online
ORD00441,2026-03-20,CUST1667,Headset,South,9,18000,162000,Partner
ORD00442,2026-01-04,CUST0108,Printer,West,7,2200,15400,Online
ORD00443,2026-07-02,CUST1870,Headset,North,3,3200,9600,Partner
ORD00444,2026-07-28,CUST1473,Mouse,West,4,12500,50000,Retail
ORD00445,2025-08-28,CUST1361,Tablet,West,8,12500,100000,
ORD00446,2025-06-18,CUST0270,Headset,West,8,18000,144000,Online
ORD00447,2025-03-08,CUST0776,Laptop,South,9,12500,112500,Retail
ORD00448,2026-05-05,CUST1407,Mouse,North,5,65000,325000,Retail
ORD00449,2026-11-30,CUST2599,Monitor,South,1,12500,12500,Retail
ORD00450,2025-01-25,CUST2537,Laptop,East,4,28000,112000,Online
ORD00451,2025-05-03,CUST2360,Monitor,South,7,3200,22400,Online
ORD00452,2025-08-07,CUST2904,Laptop,South,8,18000,144000,Partner
ORD00453,2026-10-19,CUST1120,Laptop,North,7,3200,22400,Online
ORD00454,2025-12-22,CUST2128,Monitor,South,4,900,3600,Online
ORD00455,2025-05-16,CUST2284,Tablet,SOUTH,8,28000,224000,Retail
ORD00456,2026-01-04,CUST2515,Monitor,North,3,12500,37500,Online
ORD00457,2026-03-15,CUST2216,Webcam,South,8,3200,25600,Retail
ORD00458,2026-12-01,CUST1996,Keyboard,East,4,2200,8800,Partner
ORD00459,2025-09-07,CUST0474,Printer,West,2,2200,4400,Online
ORD00460,2025-12-29,CUST1495,Headset,East,5,12500,62500,Retail
ORD00461,2025-06-04,CUST1283,Printer,East,5,2200,11000,Partner
ORD00462,2026-02-03,CUST2369,Webcam,West,3,28000,84000,Online
ORD00463,2025-07-03,CUST1809,Mouse,North,7,65000,455000,Retail
ORD00464,2026-01-11,CUST2221,,South,2,900,1800,Partner
ORD00465,2026-06-02,CUST1315, LAPTOP,North,1,28000,28000,Retail
ORD00466,2026-01-22,CUST0376,Mouse,North,,12500,62500,Online
ORD00467,2026-01-01,CUST1969,Keyboard,North,9,3200,28800,Partner
ORD00468,2026-01-18,CUST0396,Webcam,North,2,3200,6400,Online
ORD00469,2025-06-08,CUST1867,Keyboard,East,8,3200,25600,Partner
ORD00470,2026-10-24,CUST1557,Mouse,North,5,4500,22500,Retail
ORD00471,2026-03-04,CUST2374,Monitor,South,9,28000,252000,Online
ORD00472,2025-06-12,CUST2142,Headset,West,6,18000,108000,Online
ORD00473,2026-09-24,CUST0894,Mouse,East,2,65000,130000,Retail
ORD00474,2026-09-11,CUST1368,Monitor,North,6,4500,27000,Online
ORD00475,2025-07-19,CUST0606,Tablet,South,5,900,4500,Retail
ORD00476,2026-07-03,CUST2014,Headset,South,3,900,2700,Retail
ORD00477,2026-09-19,CUST1188,Tablet,North,5,12500,62500,Partner
ORD00478,2025-10-03,CUST2317,Laptop,North,10,900,9000,Partner
ORD00479,2025-12-04,CUST0459,Headset,East,4,2200,8800,Online
ORD00480,2026-10-16,CUST0535,Printer,North,3,65000,195000,Partner
ORD00481,2025-02-01,CUST2275,Tablet,West,1,12500,12500,Retail
ORD00482,2026-03-23,CUST2988,Headset,North,7,4500,31500,Online
ORD00483,2026-05-09,CUST0767,Mouse,West,10,3200,32000,Retail
ORD00484,2026-12-27,CUST2577,Tablet,South,2,65000,130000,Retail
ORD00485,2025-02-28,CUST0223,Printer,West,10,65000,650000,Online
ORD00486,2025-10-24,CUST0093,Keyboard,South,9,4500,40500,Retail
ORD00487,2025-09-24,CUST1212,Laptop,East,10,eighteen thousand,180000,Partner
ORD00488,2025-08-19,CUST1301,Tablet,East,4,,260000,Online
ORD00489,2025-04-21,CUST0509,Laptop,North,2,28000,56000,Online
ORD00490,2026-05-20,CUST2884,Mouse,South,8,12500,100000,Retail
ORD00491,2026-03-06,CUST2227,Keyboard,South,6,28000,168000,Retail
ORD00492,2025-02-24,CUST1507,Webcam,North,1,900,900,Online
ORD00493,2026-03-20,CUST1718,Tablet,North,1,3200,3200,Online
ORD00494,2025-04-14,CUST1231,Webcam,North,8,65000,520000,Partner
ORD00495,2025-10-18,CUST2069,Laptop,North,6,65000,390000,Retail
ORD00496,2025-09-13,CUST1600,Tablet,North,10,65000,650000,Retail
ORD00497,2026-04-12,CUST0194,Monitor,North,1,900,900,Online
ORD00498,2026-09-17,CUST0243,Tablet,North,6,28000,168000,Online
ORD00499,2025-01-19,CUST1166,Headset,East,2,900,1800,Partner
ORD00500,2026-04-03,CUST1892,Monitor,West,7,4500,31500,Partner
ORD00501,2026-01-31,CUST1275,Mouse,North,1,12500,12500,Retail
ORD00502,2026-10-02,CUST2148,Printer,North,6,65000,390000,Partner
ORD00503,2026-12-01,CUST0462,Laptop,North,7,900,6300,Partner
ORD00504,2025-04-24,CUST2147,Tablet,West,9,900,8100,Partner
ORD00505,2025-08-26,CUST2577,Headset,East,3,12500,37500,Partner
ORD00506,2025-12-10,CUST1082,Printer,North,3,2200,6600,Online
ORD00507,2025-08-10,CUST2207,Mouse,South,3,900,2700,Partner
ORD00508,2026-10-07,CUST1552,Printer,North,1,65000,65000,Retail
ORD00509,2025-02-12,CUST1925,Laptop,South,1,4500,4500,Retail
ORD00510,2025-04-24,CUST1201,Mouse,North,9,900,8100,Online
ORD00511,2025-04-08,CUST0784,Headset,North,3,,54000,Online
ORD00512,2025-04-17,CUST1457,Webcam,East,3,3200,9600,Retail
ORD00513,2026-03-23,CUST2525,Laptop,West,,3200,28800,Online
ORD00514,2025-03-16,CUST1278,Mouse,West,1,18000,18000,Partner
ORD00515,2026-02-10,CUST2760,Monitor,South,10,4500,45000,Online
ORD00516,2025-08-03,CUST2208,Mouse,South,7,18000,126000,Retail
ORD00517,2026-06-27,CUST1779,Webcam,South,2,3200,6400,Partner
ORD00518,2026-09-20,CUST0028,Keyboard,East,2,3200,6400,Online
ORD00519,2025-06-28,CUST0692,Headset,South,7,12500,87500,Online
ORD00520,2025-06-28,CUST1382,Monitor,North,9,65000,585000,Online
ORD00521,2026-10-24,CUST0678,Mouse,East,4,-500,260000,Partner
ORD00522,2026-11-14,CUST0959,Mouse,North,6,4500,27000,Retail
ORD00523,2026-12-14,CUST2674,Mouse,South,5,900,4500,Online
ORD00524,2026-05-03,CUST1941,Keyboard,South,10,4500,45000,Online
ORD00525,2026-12-03,CUST1505,Mouse,EAST,7,4500,31500,Partner
ORD00526,2025-05-04,CUST2364,Headset,East,4,900,3600,Retail
ORD00527,2025-12-23,CUST2563,Monitor,West,10,2200,22000,Partner
ORD00528,2025-05-28,CUST2159,Webcam,South,3,28000,84000,Partner
ORD00529,2026-09-13,CUST1493,Headset,East,10,3200,32000,Retail
ORD00530,2025-11-27,CUST0820,Printer,South,7,900,6300,Retail
ORD00531,2026-03-20,CUST1259,Keyboard,East,6,12500,75000,Retail
ORD00532,2025-06-26,CUST0635,Tablet,North,10,900,9000,Partner
ORD00533,2026-05-04,CUST1454,Mouse,West,9,12500,112500,Partner
ORD00534,2026-03-06,CUST1805,Webcam,East,5,900,4500,Partner
ORD00535,2026-02-23,CUST2946,Printer,South,10,18000,180000,Partner
ORD00536,2026-09-30,CUST2712,Monitor,North,1,18000,18000,Retail
ORD00537,2026-12-21,CUST0675,Printer,West,4,4500,18000,Retail
ORD00538,2026-01-02,CUST2061,Monitor,South,1,900,900,Partner
ORD00539,2025-01-17,CUST2286,Printer,North,7,65000,455000,Retail
ORD00540,2026-10-21,CUST1877,Laptop,South,8,4500,36000,Online
ORD00541,2025-06-06,CUST2932,Laptop,East,9,12500,112500,Retail
ORD00542,2026-07-12,CUST2124,Monitor,East,2,4500,9000,Retail
ORD00543,2025-10-31,CUST1223,Mouse,South,6,3200,130000 INR,Retail
ORD00544,2026-07-14,CUST1859,Headset,East,4,28000,112000,Online
ORD00545,2025-06-23,CUST1184,Webcam,East,10,2200,22000,Online
ORD00546,2025-03-03,CUST0609,,East,8,28000,224000,Online
ORD00547,2026-08-27,CUST2449,Monitor,North,4,900,3600,Online
ORD00548,2026-08-17,CUST2053,Keyboard,South,7,900,6300,Retail
ORD00549,2025-11-30,CUST1545,Keyboard,North,1,2200,2200,Retail
ORD00550,2026-06-15,CUST1786,Laptop,South,8,3200,25600,Partner
ORD00551,2025-08-07,CUST2028,Webcam,North,10,28000,280000,Partner
ORD00552,2026-11-06,CUST1598,Monitor,North,8,4500,36000,Partner
ORD00553,2026-09-23,CUST1574,Tablet,West,7,2200,15400,Partner
ORD00554,2025-11-09,CUST1520,Headset,,9,3200,28800,Partner
ORD00555,2026-08-10,CUST2555,Headset,East,10,65000,650000,Retail
ORD00556,2025-02-16,CUST2827,Laptop ,East,5,2200,11000,Partner
ORD00557,2026-06-30,CUST1986,Webcam,East,,900,1800,Retail
ORD00558,2026-12-27,CUST0437,Monitor,East,6,28000,168000,Partner
ORD00559,2025-12-09,CUST0400,Printer,West,10,18000,180000,Partner
ORD00560,2025-10-10,CUST0827,Webcam,East,7,2200,15400,Online
ORD00561,2026-08-16,CUST0972,Tablet,South,9,12500,112500,Online
ORD00562,2026-06-14,CUST2307,Tablet,East,5,12500,62500,Retail
ORD00563,2026-02-19,CUST0771,Keyboard,East,2,12500,25000,Partner
ORD00564,2026-10-08,CUST2491,Laptop,South,7,12500,87500,Partner
ORD00565,2025-09-23,CUST1047,Mouse,East,5,18000,90000,Partner
ORD00566,2025-05-06,CUST0973,Mouse,North,1,2200,2200,Online
ORD00567,2026-11-06,CUST2063,Printer,North,10,65000,650000,Online
ORD00568,2025-03-19,CUST1973,Mouse,East,8,3200,25600,Online
ORD00569,2025-06-24,CUST1908,Tablet,West,9,12500,112500,Online
ORD00570,2025-05-05,CUST0293,Mouse,East,5,4500,22500,Retail
ORD00571,2025-12-04,CUST0957,Laptop,East,8,4500,36000,Online
ORD00572,2026-08-18,CUST2531,Webcam,West,8,3200,25600,Partner
ORD00573,2025-05-17,CUST2993,Monitor,East,6,65000,390000,Partner
ORD00574,2026-06-06,CUST2627,Tablet,North,3,18000,54000,Retail
ORD00575,2025-02-11,CUST0525,Laptop,West,6,18000,108000,Partner
ORD00576,2025-06-14,CUST1785,Laptop,East,10,2200,22000,Retail
ORD00577,2026-05-26,CUST0975,Monitor,South,3,65000,195000,Partner
ORD00578,2025-04-04,CUST0266,Tablet,North,7,2200,15400,Retail
ORD00579,2025-11-02,CUST0379,Headset,East,8,3200,25600,Online
ORD00580,2025-07-05,CUST1586,Webcam,West,1,2200,2200,Retail
ORD00581,2026-06-01,CUST2475,Tablet,West,2,4500,9000,Online
ORD00582,2026-05-25,CUST1338,Mouse,South,2,18000,36000,Partner
ORD00583,2025-07-02,CUST1439,Monitor,South,8,28000,224000,Partner
ORD00584,2025-11-04,CUST0962,Headset,South,6,12500,75000,Online
ORD00585,2026-01-10,CUST0651,Webcam,East,5,65000,325000,Retail
ORD00586,2026-06-17,CUST0001,Headset,West,5,900,4500,Partner
ORD00587,2026-11-22,CUST2692,Laptop,East,6,2200,13200,Partner
ORD00588,2026-07-30,CUST1830,Keyboard,West,5,4500,22500,Retail
ORD00589,2025-03-21,CUST2536,Keyboard,South,9,4500,40500,Retail
ORD00590,2025-12-03,CUST0917,Laptop,West,9,28000,252000,Partner
ORD00591,2025-01-20,CUST2301,Laptop,South,4,2200,8800,Retail
ORD00592,2025-04-28,CUST1971,Monitor,East,5,3200,16000,Online
ORD00593,2025-05-27,CUST2397,Printer,North,4,18000,72000,Online
ORD00594,2025-11-12,CUST2404,Mouse,East,3,4500,13500,Online
ORD00595,2025-12-25,CUST0260,Monitor,South,1,18000,18000,Partner
ORD00596,2025-03-11,CUST0622,Keyboard,North,5,900,4500,Online
ORD00597,2026-08-15,CUST2365,Mouse,West,9,4500,40500,Retail
ORD00598,2026-08-31,CUST2994,Keyboard,West,1,2200,2200,Online
ORD00599,2026-11-11,CUST2954,Headset,West,10,2200,22000,Retail
ORD00600,2025-05-06,CUST0168,Tablet,West,5,4500,22500,Partner
ORD00601,2025-12-02,CUST0125,Headset,South,3,3200,9600,Retail
ORD00602,2025-06-01,CUST2779,Headset,West,2,65000,130000,Retail
ORD00603,2025-12-28,CUST2755,Printer,East,5,28000,140000,Retail
ORD00604,2025-04-01,CUST1019,Webcam,South,7,28000,196000,Partner
ORD00605,2025-09-02,CUST1347,Keyboard,East,2,28000,56000,Partner
ORD00606,2026-07-10,CUST1284,Headset,East,8,900,7200,Retail
ORD00607,2025-07-20,CUST1758,Monitor,West,4,65000,260000,Partner
ORD00608,2026-06-10,CUST2108,Laptop,North,9,2200,19800,Online
ORD00609,2025-09-24,CUST1150,Keyboard,South,2,3200,6400,Partner
ORD00610,2026-02-12,CUST0357,Keyboard,North,8,4500,36000,Online
ORD00611,2025-09-11,CUST1240,Laptop,East,8,65000,520000,Partner
ORD00612,2025-11-02,CUST2174,Monitor,South,10,12500,125000,Partner
ORD00613,2026-08-30,CUST0074,Webcam,North,10,12500,125000,Retail
ORD00614,2026-03-14,CUST1950,Webcam,West,4,4500,18000,Partner
ORD00615,2026-02-23,CUST2604,Keyboard,East,4,900,3600,Retail
ORD00616,2026-08-17,CUST1967,Laptop,West,4,18000,72000,Retail
ORD00617,2025-02-15,CUST2189,Monitor,North,5,18000,90000,Online
ORD00618,2026-04-23,CUST0323,Keyboard,East,3,65000,195000,Retail
ORD00619,2026-08-28,CUST1921,Monitor,East,4,12500,50000,Online
ORD00620,2026-07-05,CUST1586,Webcam,North,1,3200,3200,Partner
ORD00621,2026-03-04,CUST2367,Monitor,South,7,2200,15400,Retail
ORD00622,2026-03-26,CUST2352,Monitor,East,9,4500,40500,Online
ORD00623,2025-11-14,CUST2709,,North,9,28000,252000,Online
ORD00624,2026-09-15,CUST1746,Laptop,West,6,28000,168000,Partner
ORD00625,2025-05-04,CUST0601,Headset,South,7,900,6300,Online
ORD00626,2025-02-26,CUST0745,Monitor,West,3,28000,84000,Partner
ORD00627,2025-08-24,CUST2586,Headset,South ,10,65000,650000,Retail
ORD00628,2026-10-11,CUST1790,Headset,West,3,65000,195000,Partner
ORD00629,2026-01-04,CUST1965,Headset,East,7,65000,455000,Retail
ORD00630,2025-01-18,CUST0340,Headset,West,2,900,1800,Partner
ORD00631,2025-09-11,CUST0669,Keyboard,West,5,4500,22500,Partner
ORD00632,2026-03-26,CUST1850,Tablet,South,3,4500,13500,Partner
ORD00633,2025-11-19,CUST0455,Webcam,West,5,12500,62500,Online
ORD00634,2025-03-16,CUST2182,Laptop,West,1,28000,28000,Partner
ORD00635,2026-08-16,CUST1207,Keyboard,East,1,28000,28000,Partner
ORD00636,2026-03-29,CUST1152,Printer,South,unknown,18000,126000,Retail
ORD00637,2026-04-14,CUST0090,Keyboard,West,2,eighteen thousand,56000,Retail
ORD00638,2026-04-18,CUST1628,Keyboard,East,10,65000,650000,Partner
ORD00639,2025-11-08,CUST1254,Keyboard,North,6,18000,108000,Online
ORD00640,2025-02-24,CUST0511,Monitor,West,10,2200,22000,Retail
ORD00641,2025-09-20,CUST2407,Printer,North,2,,25000,Partner
ORD00642,2026-07-11,CUST0877,Mouse,East,4,900,3600,Online
ORD00643,2026-03-10,CUST0091,Monitor,East,3,28000,84000,Online
ORD00644,2025-10-03,CUST2782,Laptop,South,10,3200,32000,Online
ORD00645,2025-12-03,CUST1096,Webcam,East,6,3200,19200,Retail
ORD00646,2025-02-10,CUST0532,Laptop,West,8,28000,224000,Online
ORD00647,2026-08-30,CUST0667,Mouse,East,3,12500,37500,Partner
ORD00648,2025-12-03,CUST1347,Keyboard,South,5,4500,22500,Partner
ORD00649,2025-06-22,CUST1586,Tablet,North,8,,7200,Retail
ORD00650,2025-01-16,CUST0436,Keyboard,East,9,18000,162000,Partner
ORD00651,2025-08-05,CUST2511,Webcam,North,3,65000,195000,Partner
ORD00652,2025-02-23,CUST0166,Mouse,South,2,4500,9000,Retail
ORD00653,2026-03-31,CUST2068,Webcam,West,1,28000,28000,Partner
ORD00654,2026-06-02,CUST0540,Keyboard,North,7,65000,455000,Online
ORD00655,2026-08-09,CUST1684,Mouse,South,4,18000,72000,Retail
ORD00656,2025-09-28,CUST0530,Printer,West,5,65000,325000,Online
ORD00657,2025-04-18,CUST0362,Printer,East,5,4500,22500,Retail
ORD00658,2026-08-29,CUST2560,Keyboard,West,1,18000,18000,Online
ORD00659,2025-11-15,CUST1534,Keyboard,East,8,3200,25600,Online
ORD00660,2026-05-12,CUST2454,Keyboard,West,10,4500,45000,Partner
ORD00661,2026-12-11,CUST0985,Headset,West,5,4500,22500,Partner
ORD00662,2025-08-30,CUST0105,Mouse,North,4,28000,112000,Partner
ORD00663,2025-02-22,CUST0199,Laptop,North,8,28000,224000,Partner
ORD00664,2025-10-16,CUST0829,Monitor,West,8,2200,17600,Partner
ORD00665,2026-08-10,CUST1692,Monitor,West,5,18000,90000,Retail
ORD00666,2026-02-19,CUST1709,Tablet,North,2,2200,4400,Online
ORD00667,2025-09-12,CUST1037,Webcam,South,1,3200,3200,Online
ORD00668,2025-11-23,CUST1948,Mouse,West,7,900,6300,Online
ORD00669,2025-08-15,CUST2363,Mouse,West,2,4500,9000,Online
ORD00670,2026-06-23,CUST0931,Tablet,West,1,2200,2200,Partner
ORD00671,2025-02-05,CUST2585,Laptop,South,4,4500,18000,Retail
ORD00672,2025-07-28,CUST0248,Printer,West,4,900,3600,Partner
ORD00673,2026-09-07,CUST1128,Tablet,South,8,28000,224000,Online
ORD00674,2025-05-31,CUST2522,Monitor,North,2,28000,56000,Online
ORD00675,2025-10-03,CUST1528,Printer,South,4,900,3600,Retail
ORD00676,2026-01-09,CUST2962,Mouse,North,6,4500,27000,Online
ORD00677,2026-10-05,CUST1300,Mouse,West,7,12500,87500,Retail
ORD00678,2026-07-04,CUST0447,Webcam,North,10,2200,22000,Partner
ORD00679,2026-04-28,CUST1706,Keyboard,North,3,2200,6600,Online
ORD00680,2025-12-13,CUST1952,Webcam,East,6,2200,13200,Online
ORD00681,2025-04-18,CUST1342,Mouse,West,10,28000,280000,Online
ORD00682,2025-09-29,CUST0837,Keyboard,North,8,28000,224000,Partner
ORD00683,2025-01-22,CUST1919,monitor,South,8,18000,144000,Retail
ORD00684,2026-04-02,CUST2989,Laptop,North,4,900,3600,Retail
ORD00685,2025-06-04,CUST1729,Laptop,West,4,28000,112000,Partner
ORD00686,2025-08-23,CUST1775,Keyboard,West,1,3200,3200,Partner
ORD00687,2025-06-03,CUST1904,Keyboard,East,7,18000,126000,Online
ORD00688,2026-05-03,CUST2989,Laptop,North,8,12500,100000,Online
ORD00689,2026-06-24,CUST0629,Webcam,East,5,900,4500,Partner
ORD00690,2026-05-15,CUST2965,Headset,East,10,18000,180000,Retail
ORD00691,2025-01-06,CUST0205,Printer,South,7,2200,15400,Online
ORD00692,2026-02-09,CUST0261,Monitor,South,9,28000,252000,Online
ORD00693,2026-12-14,CUST0825,Laptop,East,5,4500,22500,Retail
ORD00694,2026-04-15,CUST1536,Laptop,East,10,900,9000,Online
ORD00695,2026-06-20,CUST0056,Mouse,South,1,2200,2200,Online
ORD00696,2025-01-30,CUST2334,Laptop,East,2,3200,6400,Partner
ORD00697,2025-10-29,CUST0645,Tablet,West,6,2200,13200,Partner
ORD00698,2026-07-18,CUST2096,Tablet,East,3,2200,6600,Online
ORD00699,2025-02-24,CUST0510,Tablet,East,2,28000,56000,Online
ORD00700,2026-12-08,CUST2412,Headset,North,9,900,8100,Retail
ORD00701,2025-11-11,CUST2423,Tablet,SOUTH,1,4500,4500,Partner
ORD00702,2025-02-08,CUST2095,Laptop,South,6,12500,75000,Retail
ORD00703,2026-06-20,CUST0392,Laptop,East,3,4500,13500,Partner
ORD00704,2025-08-28,CUST2253,Keyboard,West,7,65000,455000,Online
ORD00705,2025-11-12,CUST1391,Keyboard,North,7,900,6300,Partner
ORD00706,2026-03-15,CUST2200,Tablet,East,,4500,40500,Partner
ORD00707,2026-02-03,CUST1054,Tablet,West,1,28000,28000,Retail
ORD00708,2025-03-01,CUST0406,Monitor,South,9,65000,585000,Online
ORD00709,2025-03-24,CUST1280,,East,5,4500,22500,Partner
ORD00710,2025-07-16,CUST0704,Headset,North,5,2200,11000,Retail
ORD00711,2026-01-14,CUST0574,Tablet,East,6,28000,168000,Online
ORD00712,2025-09-04,CUST1672,Monitor,South,10,900,9000,Partner
ORD00713,2026-02-12,CUST2320,Keyboard,North,9,3200,28800,Partner
ORD00714,2026-12-12,CUST0493,Laptop,,8,28000,224000,Partner
ORD00715,2025-09-24,CUST1658,Mouse,East,7,65000,455000,Online
ORD00716,2025-01-31,CUST1464,Tablet,North,10,12500,125000,Retail
ORD00717,2025-03-04,CUST0357,Laptop,North,3,18000,54000,Retail
ORD00718,2025-03-15,CUST1247,Tablet,North,2,900,1800,Online
ORD00719,31-02-2025,CUST2272,Mouse,South,1,900,900,Online
ORD00720,2026-01-19,CUST2680,Laptop,North,1,900,900,Online
ORD00721,2025-07-22,CUST0849,Webcam,South,1,,3200,Retail
ORD00722,2026-05-25,CUST0635,Monitor,East,2,12500,25000,Partner
ORD00723,2026-02-14,CUST0035,Tablet,North,8,65000,520000,Retail
ORD00724,2026-06-14,CUST0031,Mouse,North,7,28000,196000,Partner
ORD00725,2025-10-31,CUST1878,Keyboard,West,9,18000,162000,Online
ORD00726,2026-09-04,CUST1770,Keyboard,West,6,900,5400,Online
ORD00727,2026-03-25,CUST1766,Mouse,East,3,18000,54000,Partner
ORD00728,2026-08-18,CUST0183,Webcam,East,4,2200,8800,Partner
ORD00729,2025-08-16,CUST0189,Monitor,West,4,65000,260000,Partner
ORD00730,2026-10-14,CUST2248,Headset,West,4,28000,112000,Online
ORD00731,2025-03-23,CUST1767,Headset,North,3,18000,54000,Partner
ORD00732,2025-06-06,CUST2165,Tablet,South,7,12500,87500,Retail
ORD00733,2025-03-29,CUST2418,Mouse,East,3,65000,195000,Partner
ORD00734,2026-06-19,CUST1324,Monitor,East,4,900,3600,Retail
ORD00735,2026-06-15,CUST1701,Webcam,West,9,3200,28800,Partner
ORD00736,2026-04-05,CUST0561,Webcam,North,6,65000,390000,Retail
ORD00737,2025-11-28,CUST1784,Monitor,South,5,65000,325000,Retail
ORD00738,2025-05-17,CUST0822,Monitor,West,10,65000,650000,Online
ORD00739,2026-06-18,CUST2443,Printer,East,2,4500,9000,Online
ORD00740,2026-09-22,CUST1929,Headset,East,7,28000,196000,Online
ORD00741,2025-02-07,CUST0383,Webcam,North,5,65000,325000,Online
ORD00742,2026-07-09,CUST1440,Laptop,North,9,4500,40500,Retail
ORD00743,2026-01-13,CUST0607,Laptop,West,5,65000,325000,Partner
ORD00744,2026-12-12,CUST1093,Headset,South,3,3200,9600,Partner
ORD00745,2026-12-21,CUST2060,Tablet,South,6,28000,168000,Retail
ORD00746,2025-01-24,CUST0836,Webcam,West,2,65000,130000,Retail
ORD00747,2026-05-21,CUST2006,Tablet,South,4,18000,72000,Retail
ORD00748,2026-06-18,CUST2536,Tablet,South,2,12500,25000,Online
ORD00749,2026-03-21,CUST0461,Monitor,West,9,65000,585000,Online
ORD00750,2025-08-07,CUST1106,Printer,East,1,18000,18000,Online
ORD00751,2026-10-05,CUST0070,Mouse,,1,18000,18000,Partner
ORD00752,2025-01-14,CUST0648,Tablet,West,2,28000,56000,Online
ORD00753,2026-04-23,CUST1509,Tablet,North,9,28000,252000,Online
ORD00754,2025-04-19,CUST1454,Webcam,West,2,4500,9000,Retail
ORD00755,2025-03-31,CUST0840,Monitor,West,1,2200,2200,Online
ORD00756,2026-02-30,CUST1143,Monitor,North,3,900,2700,Online
ORD00757,2025-08-04,CUST2282,Webcam,South,1,900,900,
ORD00758,2026-08-14,CUST2732,Keyboard,South,1,28000,28000,Online
ORD00759,2026-11-27,CUST1672,Mouse,South,6,3200,19200,Online
ORD00760,2025-04-27,CUST1471,Monitor,West,9,eighteen thousand,19800,Online
ORD00761,2026-04-27,CUST2814,Keyboard,South,5,12500,62500,
ORD00762,2025-12-23,CUST2759,Mouse,South,6,18000,108000,Online
ORD00763,2025-07-16,CUST0123,Tablet,East,10,12500,125000,Retail
ORD00764,2025-06-12,CUST1440,Printer,East,7,3200,22400,Retail
ORD00765,2025-04-11,CUST2231,Laptop,West,4,4500,18000,Online
ORD00766,2025-07-03,CUST2723,Webcam,East,8,4500,36000,Online
ORD00767,2025-08-02,CUST0888,Tablet,North,3,18000,54000,Retail
ORD00768,2025-10-27,CUST2831,Keyboard,West,2,900,1800,Partner
ORD00769,2026-06-20,CUST1820,Keyboard,South,5,900,4500,Retail
ORD00770,2025-05-01,CUST0005,Webcam,East,8,3200,25600,Partner
ORD00771,2025-11-18,CUST0232,Keyboard,West,7,12500,87500,Retail
ORD00772,2025-06-03,,Webcam,East,9,28000,252000,Partner
ORD00773,2025-08-19,CUST0549,Monitor,North,7,18000,126000,Online
ORD00774,2026-05-15,CUST0910,Headset,West,4,900,3600,Online
ORD00775,2026-09-21,CUST1672,Laptop,East,4,12500,50000,Retail
ORD00776,2026-06-05,CUST0194,Tablet,North,10,3200,32000,Partner
ORD00777,2025-08-14,CUST0456,Headset,East,3,2200,6600,Partner
ORD00778,2025-07-28,CUST2254,Tablet,South,9,28000,252000,Retail
ORD00779,2026-03-15,CUST0782,Printer,West,7,12500,87500,Partner
ORD00780,2025-08-30,CUST0056,Mouse,West,6,28000,168000,Online
ORD00781,2026-06-09,CUST0711,Laptop,West,4,18000,72000,Online
ORD00782,2026-05-14,CUST2143,Tablet,North,10,28000,280000,Partner
ORD00783,2025-06-06,CUST0319,Headset,East,8,65000,520000,Retail
ORD00784,2025-09-09,CUST0335,Monitor,West,5,3200,16000,Partner
ORD00785,2026-01-07,CUST1982,Tablet,East,5,18000,90000,Retail
ORD00786,2025-11-11,CUST2736,Printer,South,5,900,4500,Partner
ORD00787,2026-05-04,CUST1092,Mouse,South,9,65000,585000,Online
ORD00788,2026-03-21,CUST2250,Mouse,West,1,28000,28000,Retail
ORD00789,2026-02-11,CUST1425,Printer,South,1,900,900,Retail
ORD00790,2025-12-14,CUST0420,Monitor,South,3,,9600,Retail
ORD00791,2025-10-05,CUST0083,Printer,North,6,12500,75000,Retail
ORD00792,2026-05-29,CUST1484,Laptop,West,4,28000,112000,Online
ORD00793,2025-10-22,CUST2399,Monitor,South,7,900,6300,Retail
ORD00794,2026-05-02,CUST1210,Headset,West,1,28000,28000,Online
ORD00795,2026-08-20,CUST2970,Webcam,South,3,65000,195000,Online
ORD00796,2026-11-26,CUST0554,Laptop,North,9,65000,585000,Online
ORD00797,2026-09-06,CUST2291,Laptop,East,6,900,5400,Retail
ORD00798,2025-12-01,CUST2128,Laptop,North,6,900,5400,Retail
ORD00799,2025-11-13,CUST0565,Keyboard,West,1,18000,18000,Online
ORD00800,2025-12-03,CUST1972,Mouse,North,3,12500,37500,Partner
ORD00801,2025-07-19,CUST1087,Printer,West,2,900,1800,Online
ORD00802,2026-03-28,CUST0735,Tablet,South,10,18000,180000,Retail
ORD00803,2025-04-15,CUST1850,Webcam,South,5,3200,16000,Online
ORD00804,2026-03-07,CUST0780,Tablet,East,6,2200,13200,Retail
ORD00805,2026-04-04,CUST1742,Webcam,West,8,3200,25600,Retail
ORD00806,2025-08-03,CUST1509,Laptop,South,4,3200,12800,Retail
ORD00807,2025-06-29,CUST2280,Keyboard,East,7,3200,22400,Partner
ORD00808,2026-03-12,CUST1029,Laptop,East,4,4500,18000,Online
ORD00809,2025-08-05,CUST1654,Keyboard,South,3,4500,13500,Online
ORD00810,2026-08-01,CUST2224,Printer,North,7,4500,31500,Partner
ORD00811,2026-02-04,CUST1387,Headset,North,1,2200,2200,Partner
ORD00812,2026-12-27,CUST0952,Webcam,South,10,28000,280000,Retail
ORD00813,2026-04-26,CUST0550,Webcam,South,9,2200,19800,Retail
ORD00814,2025-03-02,CUST0161,Tablet,East,4,18000,72000,Partner
ORD00815,2026-02-01,CUST2668,Keyboard,West,9,4500,40500,Partner
ORD00816,2026-12-15,CUST2141,Monitor,North,2,900,1800,Partner
ORD00817,2026-01-26,CUST2839,Mouse,West,6,12500,75000,Retail
ORD00818,2025-02-01,CUST0116,Headset,North,8,4500,36000,Partner
ORD00819,2026-07-30,CUST1307,Laptop,North,8,900,7200,Partner
ORD00820,2026-03-01,CUST1736,Webcam,West,5,28000,140000,Partner
ORD00821,2025-03-18,CUST1822,Mouse,North,7,18000,126000,Online
ORD00822,2025-01-19,CUST0820,Keyboard,North,9,12500,112500,Partner
ORD00823,2026-01-13,CUST2154,Laptop,South,10,900,9000,Partner
ORD00824,2025-12-26,CUST2565,Laptop,South,6,12500,75000,Retail
ORD00825,2025-10-18,CUST0356,Printer,East,6,18000,108000,Online
ORD00826,2025-04-21,CUST2515,Headset,South,2,18000,36000,Partner
ORD00827,2025-12-01,CUST2180,Webcam,East,7,28000,196000,Partner
ORD00828,2025-01-25,CUST2072,Keyboard,West,9,4500,40500,Retail
ORD00829,2026-03-02,CUST0094,Webcam,West,3,65000,195000,Retail
ORD00830,2025-01-28,CUST2288,Tablet,West,2,2200,4400,Retail
ORD00831,2025-05-31,CUST0223,Monitor,East,8,900,7200,Retail
ORD00832,2025-05-01,CUST1790,Headset,South,10,28000,280000,Partner
ORD00833,2025-09-11,CUST0839,Laptop,South,2,18000,36000,Partner
ORD00834,2026-01-20,CUST0821,Tablet,East,8,28000,224000,Online
ORD00835,2026-07-02,CUST0201,Keyboard,,6,18000,108000,Retail
ORD00836,2026-10-02,CUST2480,Laptop,North,5,12500,62500,Retail
ORD00837,2025-04-19,CUST1403,Headset,North,4,900,3600,Retail
ORD00838,2025-10-12,CUST2657,Webcam,North,8,28000,224000,Online
ORD00839,2025-02-04,CUST1589,Tablet,East,1,18000,18000,Online
ORD00840,2025-11-13,CUST0992,Headset,South,5,900,4500,Partner
ORD00841,2026-07-13,CUST1076,Webcam,East,10,18000,180000,Online
ORD00842,2025-03-16,CUST1054,Monitor,West,1,2200,2200,Online
ORD00843,2025-08-16,CUST1555,Tablet,West,8,18000,144000,Partner
ORD00844,2025-08-24,CUST2600,Laptop,North,8,65000,520000,Online
ORD00845,2025-06-24,CUST1945,Monitor,North,10,900,9000,Online
ORD00846,2026-07-10,CUST0190,Monitor,North,3,65000,195000,Partner
ORD00847,2026-03-06,CUST0878,Webcam,East,4,4500,18000,Partner
ORD00848,2026-08-29,CUST1447,Headset,North,2,2200,4400,Retail
ORD00849,2025-09-11,CUST0855,Tablet,South,7,4500,31500,Online
ORD00850,2025-04-29,CUST1157,Webcam,South,8,2200,17600,Retail
ORD00851,2025-06-27,CUST2196,Webcam,South,1,900,900,Retail
ORD00852,2025-07-14,CUST0510,Mouse,South,2,65000,130000,Online
ORD00853,2026-12-20,CUST1662,Keyboard,South,1,28000,28000,Online
ORD00854,2026-10-02,CUST2963,Laptop,East,6,12500,75000,Partner
ORD00855,2025-02-14,CUST2034,Laptop,West,9,900,8100,Online
ORD00856,2025-11-18,CUST2117,Keyboard,West,6,65000,390000,
ORD00857,2025-04-21,CUST1682,Webcam,South,3,65000,195000,Retail
ORD00858,2025-05-20,CUST0933,Webcam,South,1,12500,12500,Online
ORD00859,2026-09-13,CUST1487,Mouse,South,10,18000,180000,Online
ORD00860,2025-01-08,CUST0844,Printer,East,4,28000,112000,Retail
ORD00861,2026-01-02,CUST2732,Laptop,East,8,65000,520000,Online
ORD00862,2025-07-25,CUST0584,Mouse,West,9,4500,40500,Partner
ORD00863,2025-02-09,CUST1477,Monitor,North,1,28000,28000,Partner
ORD00864,2025-11-02,CUST1615,Mouse,South,3,2200,6600,Partner
ORD00865,2025-11-14,CUST0555,Mouse,West,7,2200,15400,Partner
ORD00866,2026-04-06,CUST2035,Laptop,South,2,3200,6400,Online
ORD00867,2025-03-14,CUST1903,Headset,North,3,4500,13500,Online
ORD00868,2026-12-18,CUST1865,Webcam,South,8,2200,17600,Partner
ORD00869,2026-04-23,CUST0945,Keyboard,South,10,4500,45000,Partner
ORD00870,2026-07-13,CUST1687,Tablet,East,2,65000,130000,Partner
ORD00871,2026-04-04,CUST2649,Laptop,South,5,900,4500,Partner
ORD00872,2025-03-27,CUST2146,Printer,West,4,18000,72000,Partner
ORD00873,2025-10-05,CUST2281,Tablet,South,9,3200,28800,Retail
ORD00874,2026-03-24,CUST0080,Printer,North,4,12500,50000,Retail
ORD00875,2025-12-07,CUST2580,Mouse,East,8,4500,36000,Partner
ORD00876,2026-05-21,CUST2799,Laptop,North,2,12500,25000,Retail
ORD00877,2026-10-02,CUST1181,Printer,West,9,65000,585000,Partner
ORD00878,2026-07-19,CUST2749,Tablet,East,3,3200,9600,Online
ORD00879,2025-08-26,CUST2360,Webcam,West,4,18000,72000,Retail
ORD00880,2025-05-02,CUST1521,Headset,North,3,65000,195000,Online
ORD00881,2025-04-11,CUST1528,Mouse,North,1,12500,12500,Partner
ORD00882,2026-10-03,CUST1988,Webcam,West,2,4500,9000,Retail
ORD00883,2026-10-05,CUST1550,Keyboard,East,2,65000,130000,Online
ORD00884,2026-05-16,CUST0756,Laptop,East,3,3200,9600,Retail
ORD00885,2026-08-13,CUST0954,Tablet,North,2,28000,56000,Retail
ORD00886,2026-12-08,CUST2104,Mouse,West,7,18000,126000,Partner
ORD00887,2026-11-06,CUST2713,Keyboard,West,8,18000,144000,Partner
ORD00888,2026-06-30,CUST2836,Headset,North,6,3200,19200,Online
ORD00889,2025-09-28,CUST0664,Tablet,West,5,28000,140000,Partner
ORD00890,2026-03-19,CUST0870,Laptop,West,4,18000,72000,Online
ORD00891,2026-01-01,CUST1620,Tablet,West,9,28000,252000,Retail
ORD00892,2026-02-05,CUST2151,Headset,East,8,4500,36000,Online
ORD00893,2026-12-31,CUST2592,Tablet,South,7,4500,31500,Retail
ORD00894,2026-03-12,CUST2169,Headset,South,8,18000,130000 INR,Retail
ORD00895,2026-12-10,CUST2252,Printer,East,1,18000,18000,Online
ORD00896,2025-02-05,CUST0682,Laptop,South,2,0,56000,Partner
ORD00897,2026-12-23,CUST0906,Webcam,East,10,900,9000,Partner
ORD00898,2026-04-02,CUST1796,Tablet,East,5,18000,90000,Online
ORD00899,2025-02-15,CUST2579,Monitor,South,2,900,1800,Online
ORD00900,2026-08-02,CUST0120,Webcam,South,4,4500,18000,Partner
ORD00901,2026-03-06,CUST0969,Monitor,South,3,3200,9600,Online
ORD00902,2026-02-20,CUST1404,Keyboard,East,1,4500,4500,Retail
ORD00903,2025-01-20,CUST0729,Mouse,North,2,3200,6400,Retail
ORD00904,2025-08-12,CUST0978,Mouse,North,3,28000,84000,Retail
ORD00905,2026-09-14,CUST1982,Headset,North,9,4500,40500,Retail
ORD00906,2025-05-19,CUST2496,Laptop,North,10,65000,650000,Online
ORD00907,2025-08-04,CUST1777,Keyboard,South,2,18000,36000,Partner
ORD00908,2026-02-26,CUST2937,Laptop,North,8,900,7200,Partner
ORD00909,2026-06-22,CUST2246,Laptop,North,8,3200,25600,Partner
ORD00910,2025-01-05,CUST1457,Keyboard,South,3,12500,37500,Retail
ORD00911,2026-02-23,CUST1816,Monitor,East,1,28000,28000,Partner
ORD00912,2026-01-10,CUST0505,Printer,East,8,28000,224000,Online
ORD00913,2026-04-27,CUST0779,Printer,East,6,2200,13200,Retail
ORD00914,2025-05-02,CUST2983,Webcam,South,10,28000,280000,Online
ORD00915,2026-11-15,CUST1637,Laptop,East,10,3200,32000,Retail
ORD00916,2026-01-25,CUST0632,,East,6,65000,390000,Partner
ORD00917,2025-03-17,CUST2952,Keyboard,East,4,12500,50000,Online
ORD00918,2025-01-06,CUST1128,,West,10,2200,22000,Partner
ORD00919,2025-08-28,CUST2361,Monitor,West,2,900,1800,Online
ORD00920,2026-08-28,CUST1010,Webcam,North,2,3200,6400,Partner
ORD00921,2025-02-09,CUST0254,Tablet,North,2,65000,130000,Partner
ORD00922,2025-08-22,CUST2763,Monitor,South,6,3200,19200,Online
ORD00923,2026-08-05,CUST2277,Printer,North,8,28000,224000,Partner
ORD00924,2025-09-09,CUST1945,Tablet,North,10,2200,22000,Partner
ORD00925,2026-01-20,CUST0064,Monitor,East,8,65000,520000,Retail
ORD00926,2025-04-24,CUST2757,Tablet,East,10,12500,125000,Retail
ORD00927,2026-05-08,CUST1964,Monitor,East,8,65000,520000,Partner
ORD00928,2026-10-13,CUST0029,Tablet,West,1,4500,4500,Retail
ORD00929,2025-11-30,CUST0231,Printer,West,10,900,9000,Online
ORD00930,2025-10-08,CUST2736,Monitor,West,6,900,5400,Online
ORD00931,2025-01-06,CUST2595,Mouse,North,8,4500,36000,Partner
ORD00932,2025-03-03,CUST2723,Monitor,South,6,65000,390000,Partner
ORD00933,2026-05-23,CUST0245,Laptop,West,6,2200,13200,Retail
ORD00934,2026-12-17,CUST2231,Headset,North,6,12500,75000,Online
ORD00935,2026-08-07,CUST1615,Mouse,East,4,4500,18000,Partner
ORD00936,2025-10-08,CUST1641,Laptop,East,6,18000,108000,Online
ORD00937,2025-08-24,CUST0243,Laptop,South,10,3200,32000,Retail
ORD00938,2026-01-26,CUST2029,Webcam,West,5,65000,325000,Partner
ORD00939,2025-04-04,CUST1809,Mouse,South,3,18000,54000,Partner
ORD00940,2026-11-29,CUST2545,Printer,South,7,900,6300,Retail
ORD00941,2025-01-14,CUST2829,Laptop,West,9,12500,112500,Retail
ORD00942,2026-06-15,CUST0206,Mouse,South,6,65000,390000,Partner
ORD00943,2026-08-06,CUST0005,Laptop,North,4,12500,50000,Retail
ORD00944,2026-07-26,CUST0097,Webcam,South,10,2200,22000,Retail
ORD00945,2026-01-07,CUST0795,Keyboard,East,1,4500,4500,Partner
ORD00946,2026-06-04,CUST0018,Monitor,North,10,3200,32000,Online
ORD00947,2025-12-20,CUST1475,Laptop,East,8,12500,100000,Online
ORD00948,2025-06-19,CUST0407,Tablet,East,7,3200,22400,Partner
ORD00949,2025-12-30,CUST1245,laptop,East,5,900,4500,Retail
ORD00950,2026-12-21,CUST0698,Laptop,South,4,3200,12800,Partner
ORD00951,2025-01-29,CUST2262,Printer,West,6,4500,27000,Retail
ORD00952,2025-02-12,CUST1461,Mouse, north,8,28000,224000,Online
ORD00953,2026-02-25,CUST1439,Headset,South,4,18000,72000,Online
ORD00954,2026-09-07,CUST1048,Printer,North,10,3200,32000,Partner
ORD00955,2025-10-25,CUST0146,Tablet,West,5,2200,11000,Retail
ORD00956,2025-07-04,CUST1060,Tablet,North,10,12500,125000,Online
ORD00957,2025-06-05,CUST2209,Mouse,South,5,3200,16000,Retail
ORD00958,2026-01-31,CUST1340,Printer,North,2,4500,9000,Partner
ORD00959,2025-01-21,CUST1292,Headset,East,9,2200,19800,Partner
ORD00960,2026-07-30,CUST2400,Monitor,South,1,2200,2200,Online
ORD00961,2026-12-18,CUST0815,Monitor,East,4,28000,112000,Retail
ORD00962,2026-12-02,CUST2378,Webcam,West,1,900,900,Retail
ORD00963,2026-09-05,CUST2224,Headset,West,4,18000,72000,Online
ORD00964,2025-03-25,CUST0876,Keyboard,North,2,12500,25000,Retail
ORD00965,2026-07-14,CUST2253,Laptop,North,2,12500,25000,Partner
ORD00966,2025-11-07,CUST2089,Tablet,North,10,4500,45000,Partner
ORD00967,2025-06-10,CUST0071,Tablet,South,2,28000,56000,Partner
ORD00968,2025-08-26,CUST1448,Printer,South,9,900,8100,Partner
ORD00969,2026-06-22,CUST0654,,East,4,900,3600,Online
ORD00970,2025-10-09,CUST2352,Laptop,West,3,65000,195000,Retail
ORD00971,2025-03-19,CUST2677,Keyboard,West,2,4500,9000,Online
ORD00972,2025-10-27,CUST1362,Headset,North,4,4500,18000,Retail
ORD00973,2025-09-01,CUST1060,Printer,East,6,2200,13200,Partner
ORD00974,2026-07-16,CUST0827,Webcam,East,6,900,5400,Online
ORD00975,2026-01-08,CUST0342,Keyboard,East,1,900,900,Online
ORD00976,2026-10-28,CUST1677,Webcam,South,8,18000,144000,Partner
ORD00977,2025-01-05,CUST1785,Printer,West,8,28000,224000,Partner
ORD00978,2026-11-25,CUST1521,Keyboard,South,10,4500,45000,Partner
ORD00979,2026-01-23,CUST0505,Mouse,West,10,65000,650000,Retail
ORD00980,2026-06-13,CUST0216,Printer,East,6,18000,108000,Online
ORD00981,2026-03-15,CUST0586,Laptop,South,3,18000,54000,Partner
ORD00982,2026-01-21,CUST1179,Headset,West,2,12500,25000,Retail
ORD00983,2026-03-06,CUST2187,Monitor,South,7,12500,87500,Partner
ORD00984,2026-12-20,CUST1155,Printer,East,2,2200,4400,Partner
ORD00985,2025-03-18,CUST1859,Headset,East,4,2200,8800,Partner
ORD00986,2025-04-04,CUST1203,Keyboard,North,6,2200,13200,Retail
ORD00987,2025-01-03,CUST0764,Tablet,South,4,4500,18000,
ORD00988,2026-09-19,CUST0681,Laptop,South,2,900,1800,Partner
ORD00989,2025-05-27,CUST1702,Printer,West,3,65000,195000,Retail
ORD00990,2026-09-03,CUST1021,Mouse,South,1,4500,4500,Retail
ORD00991,2026-08-22,CUST0880,Monitor,South,10,65000,650000,Online
ORD00992,2026-10-26,CUST1806,Headset,East,10,2200,22000,Online
ORD00993,2026-08-11,CUST1182,Monitor,North,9,65000,585000,Online
ORD00994,2026-06-16,CUST1135,Tablet,South,5,28000,140000,Partner
ORD00995,2025-07-28,CUST1231,Mouse,North,3,18000,54000,Online
ORD00996,2025-12-08,CUST1292,Headset,North,3,65000,195000,Online
ORD00997,2025-07-13,CUST2768,Tablet,South,3,18000,54000,Online
ORD00998,2025-12-12,CUST1740,Laptop,West,9,4500,40500,Partner
ORD00999,2025-01-26,CUST1424,Mouse,South,10,3200,32000,Online
ORD01000,2025-04-25,CUST2154,Keyboard,East,2,18000,36000,Retail
ORD01001,2026-12-06,CUST1476,,North,5,2200,11000,Retail
ORD01002,2025-07-26,CUST0314,Mouse,South,five,4500,45000,Online
ORD01003,2025-09-29,CUST0316,Printer,South,6,2200,13200,Online
ORD01004,2025-10-31,CUST2482,Printer,West,6,900,5400,Partner
ORD01005,2025-07-16,CUST0454,Headset,East,10,2200,22000,Retail
ORD01006,2026-01-15,CUST0701,Keyboard,South,5,18000,90000,Online
ORD01007,2026-09-16,CUST2394,Laptop,South,7,2200,15400,Retail
ORD01008,2025-06-24,CUST0816,Mouse,West,2,3200,,Retail
ORD01009,2026-06-20,CUST2132,Webcam,South,1,28000,28000,Retail
ORD01010,2025-07-17,CUST1031,Laptop,West,9,900,8100,Partner
ORD01011,2026-06-13,CUST2384,Webcam,North,1,900,900,Retail
ORD01012,2026-12-22,CUST2920,Printer,West,10,28000,280000,partner
ORD01013,2026-10-12,CUST0038,Webcam,North,1,4500,4500,Partner
ORD01014,2026-09-11,CUST0329,Keyboard,South,7,2200,15400,Retail
ORD01015,2025-11-29,CUST0286,Laptop,,4,65000,260000,Partner
ORD01016,2026-01-24,CUST0433,Monitor,East,4,4500,18000,
ORD01017,2026-05-11,CUST0658,Laptop,East,6,28000,168000,Online
ORD01018,2026-06-01,CUST0547,Keyboard,West,1,4500,4500,Online
ORD01019,2025-10-30,CUST2857,Headset,East,2,28000,56000,Retail
ORD01020,2026-06-23,CUST2281,Mouse,South,10,900,9000,Online
ORD01021,2025-01-04,CUST2699,Printer,West,4,12500,50000,Online
ORD01022,2025-01-02,CUST0322,Laptop,East,3,3200,9600,Online
ORD01023,2026-02-28,CUST0630,Keyboard,North,4,3200,12800,Online
ORD01024,2025-10-05,CUST0952,Tablet,East,9,28000,252000,Partner
ORD01025,2026-06-08,CUST2640,Printer,East,3,18000,54000,Partner
ORD01026,2026-10-24,CUST1127,Webcam,West,5,12500,62500,Partner
ORD01027,2025-06-14,CUST0160,Mouse,North,10,28000,280000,Partner
ORD01028,2026-12-11,CUST1125,Laptop,West,8,65000,520000,Retail
ORD01029,2026-02-11,CUST1642,Monitor,North,6,3200,19200,Online
ORD01030,2026-07-18,CUST1329,Tablet,South,2,4500,9000,Online
ORD01031,2026-05-01,CUST1271,Mouse,South,3,2200,6600,Partner
ORD01032,2025-12-23,CUST1406,Webcam,South,5,12500,62500,Online
ORD01033,2025-12-07,CUST1216,Tablet,West,7,65000,455000,Online
ORD01034,2025-05-05,CUST2789,Monitor,North,9,28000,252000,Partner
ORD01035,2025-07-14,CUST0151,Laptop,South,6,4500,27000,Retail
ORD01036,2026-09-20,CUST2078,Laptop,South,8,28000,224000,Partner
ORD01037,2025-03-30,CUST2441,Monitor,South,8,18000,144000,Partner
ORD01038,2025-01-12,CUST1518,Keyboard,North,6,18000,108000,Retail
ORD01039,2025-01-01,CUST1435,Printer,West,5,4500,22500,Retail
ORD01040,2026-07-09,CUST1303,Mouse,North,7,3200,22400,Online
ORD01041,2026-12-08,CUST2116,Webcam,South,6,3200,19200,Partner
ORD01042,2025-10-20,CUST2877,Webcam,North,9,18000,162000,Online
ORD01043,2026-11-06,CUST1618,Headset,West,4,18000,72000,Partner
ORD01044,2026-10-08,CUST1494,Mouse,West,5,900,4500,Retail
ORD01045,2026-10-19,CUST2148,Printer,South,5,12500,62500,Partner
ORD01046,2025-07-19,CUST2024,Headset,East,1,900,900,Retail
ORD01047,2025-02-06,CUST1277,Keyboard,West,10,4500,45000,Retail
ORD01048,2026-09-16,CUST1317,Monitor,North,10,900,9000,Online
ORD01049,2026-09-24,CUST0272,Printer,East,6,2200,13200,Partner
ORD01050,2026-12-30,CUST2948,Printer,East,10,2200,22000,Online
ORD01051,2026-09-27,CUST2740,Tablet,East,4,2200,8800,Online
ORD01052,2025-10-07,CUST2582,Laptop,West,1,18000,18000,Partner
ORD01053,2026-02-25,CUST1491,Keyboard,East,3,4500,13500,Partner
ORD01054,2025-01-27,CUST2842, LAPTOP,North,3,3200,9600,Partner
ORD01055,2026-12-01,CUST2648,Webcam,North,3,65000,195000,Retail
ORD01056,2025-08-27,CUST0741,Mouse,North,5,900,4500,Retail
ORD01057,2026-03-21,CUST0415,Headset,East,7,12500,87500,Retail
ORD01058,2025-08-15,CUST2473,Tablet,East,1,4500,4500,Retail
ORD01059,2026-02-20,CUST0939,Headset,East,9,12500,112500,Partner
ORD01060,2025-02-22,CUST2817,Mouse,East,4,12500,50000,Partner
ORD01061,2025-10-29,CUST1525,Headset,North,8,3200,25600,Retail
ORD01062,2025-07-10,CUST0809,Webcam,South,3,3200,9600,Online
ORD01063,2025-02-17,CUST1869,Monitor,South,9,3200,28800,Partner
ORD01064,2026-12-05,CUST0066,Keyboard,South,3,900,2700,Online
ORD01065,2026-03-04,CUST1200,Printer,North,1,28000,28000,Retail
ORD01066,2026-07-30,CUST0264,Webcam,North,10,900,9000,Partner
ORD01067,2025-02-16,CUST1902,Printer,West,8,65000,520000,Partner
ORD01068,2026-04-11,CUST0590,Webcam,West,3,12500,37500,Partner
ORD01069,2026-05-11,CUST2419,Monitor,West,1,65000,65000,Retail
ORD01070,2025-10-17,CUST1427,Laptop,South,2,65000,130000,Retail
ORD01071,2026-03-13,CUST1013,Keyboard,South,10,2200,22000,Online
ORD01072,2025-11-26,CUST0085,Tablet,East,4,2200,8800,Retail
ORD01073,2025-12-06,CUST0101,Laptop,East,7,3200,22400,Partner
ORD01074,2025-06-06,CUST2883,Laptop,West,-1,2200,4400,Online
ORD01075,2025-04-28,CUST0967,Mouse,East,5,28000,140000,Online
ORD01076,2026-02-23,CUST2247,Laptop,East,5,12500,62500,Retail
ORD01077,2026-09-11,CUST0730,Laptop,West,3,3200,9600,Partner
ORD01078,2025-03-12,CUST1710,Mouse,South,9,18000,162000,Retail
ORD01079,2025-03-16,CUST0402,Monitor,East,2,2200,4400,Retail
ORD01080,2026-05-26,CUST0691,Monitor,North,4,28000,112000,Online
ORD01081,2025-08-11,CUST0044,Webcam,West,9,900,8100,Partner
ORD01082,2026-08-31,CUST2118,Keyboard,North,8,18000,144000,Partner
ORD01083,2025-01-14,CUST2353,Printer,North,5,12500,62500,Retail
ORD01084,2026-12-13,CUST2466,Laptop,East,2,3200,6400,Partner
ORD01085,2025-01-19,CUST0385,Headset,West,6,65000,390000,Online
ORD01086,2025-02-08,CUST2349,Laptop,South,10,12500,125000,Online
ORD01087,2026-06-25,CUST2148,Tablet,East,2,18000,36000,Retail
ORD01088,2025-10-24,CUST0083,Headset,West,2,900,1800,Partner
ORD01089,2026-09-26,CUST2340,,South,7,3200,22400,Partner
ORD01090,2025-06-17,CUST0479,Webcam,West,9,65000,585000,Retail
ORD01091,2026-11-25,CUST1852,Tablet,South,9,900,8100,Partner
ORD01092,2025-07-29,CUST2180,Laptop,East,-1,12500,100000,Retail
ORD01093,2025-01-02,CUST0262,Keyboard,West,1,4500,4500,Retail
ORD01094,2025-06-28,CUST0358,Keyboard,East,8,3200,25600,Partner
ORD01095,2026-01-14,CUST1548,Laptop,South,6,900,5400,Online
ORD01096,2025-04-10,CUST0476,Keyboard,East,3,4500,13500,Online
ORD01097,2026-04-03,CUST1737,Webcam,North,10,65000,650000,Retail
ORD01098,2025-03-30,CUST2165,Tablet,West,4,18000,72000,Partner
ORD01099,2025-01-05,CUST2521,Printer,North,7,4500,31500,Online
ORD01100,2026-09-02,CUST2474,Webcam,West,2,18000,36000,Partner
ORD01101,2026-10-01,CUST2126,Monitor,East,3,28000,84000,Retail
ORD01102,01/31/2025,CUST0226,Tablet,West,7,18000,126000,Partner
ORD01103,2025-07-31,CUST2649,Laptop,East,6,3200,19200,Online
ORD01104,2025-05-06,CUST0785,Monitor,West,3,900,2700,Partner
ORD01105,2025-06-23,CUST1276,Keyboard,West,10,28000,280000,Partner
ORD01106,2026-07-04,CUST1342,Keyboard,West,7,2200,15400,Online
ORD01107,2026-11-04,CUST1882,Keyboard,North,3,18000,54000,Online
ORD01108,2026-08-07,CUST2930,Tablet,West,7,900,6300,Retail
ORD01109,2026-04-13,CUST2269,Printer,South,4,3200,12800,Retail
ORD01110,2026-11-06,CUST0629,Mouse,East,9,3200,28800,Online
ORD01111,2025-09-04,CUST0888,Headset,South,6,2200,13200,Partner
ORD01112,2025-06-08,CUST0980,Webcam,North,8,65000,520000,Partner
ORD01113,2025-12-08,CUST0756,Webcam,South,4,3200,12800,Retail
ORD01114,2026-10-31,CUST1700,Tablet,East,8,28000,224000,Online
ORD01115,2025-02-18,CUST0790,Keyboard,South,6,65000,390000,Online
ORD01116,2026-12-11,CUST0447,Webcam,East,5,900,4500,Online
ORD01117,2025-07-20,CUST0209,Tablet,East,5,2200,11000,Online
ORD01118,2026-04-15,CUST2002,Webcam,South,8,900,7200,Online
ORD01119,2026-06-25,CUST0530,Monitor,South,6,28000,168000,Partner
ORD01120,2025/13/40,CUST2625,Keyboard,North,2,900,1800,Retail
ORD01121,2025-02-06,CUST2293,Tablet,North,10,28000,280000,Online
ORD01122,2025-04-26,,Keyboard,West,3,18000,54000,Partner
ORD01123,2025-12-07,CUST2147,Webcam,East,7,900,6300,Partner
ORD01124,2025-05-27,CUST1529,Headset,West,5,28000,140000,Partner
ORD01125,2026-04-10,CUST0797,Keyboard,East,2,65000,130000,Retail
ORD01126,2026-03-03,CUST2849,Printer,South,3,2200,6600,Partner
ORD01127,2026-11-28,CUST2367,Tablet,East,2,2200,4400,Online
ORD01128,2025-11-14,CUST1537,Mouse,East,2,3200,6400,Online
ORD01129,2026-02-03,CUST0602,Printer,North,4,4500,18000,Online
ORD01130,2026-06-15,CUST0830,Headset,East,2,12500,25000,Online
ORD01131,2025-02-12,CUST0198,Headset,West,1,18000,18000,Online
ORD01132,2026-10-22,CUST2511,Laptop,South,3,18000,54000,Retail
ORD01133,2026-10-22,CUST2584,Monitor,South,4,4500,18000,Partner
ORD01134,2025-02-05,CUST0922,Keyboard,East,4,28000,112000,Partner
ORD01135,2026-03-31,CUST1402,Webcam,West,3,28000,84000,Retail
ORD01136,2026-07-09,CUST2718,Webcam,East,1,2200,2200,Partner
ORD01137,2025-02-23,CUST1038,Mouse,North,4,3200,12800,Online
ORD01138,2025-09-07,CUST0882,Headset,West,8,900,7200,Online
ORD01139,2025-11-28,CUST1195,Laptop,North,9,12500,112500,Online
ORD01140,2026-02-13,CUST2618,Headset,West,2,3200,6400,Online
ORD01141,2025-04-18,CUST1518,Mouse,East,10,3200,32000,Retail
ORD01142,2026-02-04,CUST1415,Laptop,North,4,12500,50000,Retail
ORD01143,2026-10-11,CUST1442,Keyboard,South,10,3200,32000,Partner
ORD01144,2026-11-14,CUST0617,Mouse,North,7,4500,31500,Partner
ORD01145,2025-04-09,CUST1655,Monitor,North,6,900,5400,Partner
ORD01146,2026-04-03,CUST0961,Printer,South,3,900,2700,Online
ORD01147,2026-03-31,CUST0138,Webcam,South,2,4500,9000,Partner
ORD01148,2026-02-15,CUST2860,Tablet,South,10,12500,125000,Retail
ORD01149,2026-07-24,CUST2521,Webcam,West,7,900,6300,Online
ORD01150,2026-07-17,CUST1426,Mouse,North,7,3200,22400,Partner
ORD01151,2025-08-24,CUST2248,Webcam,South,8,28000,224000,Partner
ORD01152,2026-04-10,CUST1022,Headset,East,6,4500,27000,Retail
ORD01153,2025-10-06,CUST1846,Laptop,West,7,12500,87500,Retail
ORD01154,2025-10-22,CUST1931,Headset,West,3,28000,84000,Retail
ORD01155,2026-03-31,CUST0085,Headset,South,4,65000,260000,Partner
ORD01156,2026-10-13,CUST2859,Laptop,East,3,28000,84000,Partner
ORD01157,2025-08-01,CUST0484,Laptop,West,9,2200,19800,Online
ORD01158,2026-04-29,CUST1455,Mouse,East,3,28000,84000,Partner
ORD01159,2026-11-12,CUST1878,Keyboard,South,3,3200,9600,Retail
ORD01160,2026-10-03,CUST2365,Webcam,West,8,4500,36000,Retail
ORD01161,2025-11-21,CUST0313,Laptop,West,2,18000,36000,Online
ORD01162,2026-05-28,CUST2962,Mouse,South,3,2200,6600,Retail
ORD01163,2025-05-27,CUST0065,Mouse,South,10,4500,45000,Partner
ORD01164,2026-04-25,CUST0397,Monitor,West,8,18000,144000,Online
ORD01165,2026-01-26,CUST1759,Keyboard,West,10,3200,32000,Online
ORD01166,2026-12-21,CUST1359,Monitor,North,1,12500,12500,Online
ORD01167,2026-11-18,CUST0134,Laptop,West,10,28000,280000,Partner
ORD01168,2026-10-12,CUST0946,Headset,East,5,28000,140000,Online
ORD01169,2025-02-28,CUST0428,Keyboard,West,10,28000,280000,Online
ORD01170,2026-11-04,CUST2482,Tablet,North,4,2200,8800,Retail
ORD01171,2025-08-06,CUST2469,Mouse,West,3,900,2700,Retail
ORD01172,2025-04-22,CUST2257,Laptop,East,7,900,6300,Partner
ORD01173,2026-09-15,CUST0379,Laptop,West,2,12500,25000,Partner
ORD01174,2025-10-25,CUST0327,Mouse,North,9,3200,28800,Retail
ORD01175,2025-03-16,CUST0151,Printer,South,9,2200,19800,Partner
ORD01176,2025-10-13,CUST1309,Webcam,West,6,900,5400,Partner
ORD01177,2026-04-07,CUST0266,Laptop,East,1,12500,12500,Retail
ORD01178,2025-10-07,CUST2887,Keyboard,North,2,12500,25000,Retail
ORD01179,2025-01-24,CUST1025,Headset,East,6,28000,168000,Partner
ORD01180,2025-12-28,CUST2915,Printer,South,10,12500,125000,Partner
ORD01181,2025-10-10,CUST0065,Laptop,West,7,65000,455000,Partner
ORD01182,2026-06-12,CUST1101,Keyboard,North,10,3200,32000,Online
ORD01183,2025-09-06,CUST0709,Headset,East,7,900,6300,Online
ORD01184,2026-10-24,CUST1315,Laptop,East,9,12500,112500,Partner
ORD01185,2025-06-17,CUST1201,Mouse,West,4,18000,72000,Partner
ORD01186,2026-09-07,CUST1188,Tablet,West,7,900,6300,Partner
ORD01187,2025-05-19,CUST2373,Webcam,West,1,28000,28000,Online
ORD01188,2025-06-26,CUST1175,,West,1,12500,12500,Online
ORD01189,2026-05-22,CUST0317,Webcam,South,5,2200,11000,Online
ORD01190,2025-01-02,CUST0004,Headset,West,2,18000,36000,Partner
ORD01191,2026-08-06,CUST0692,Keyboard,East,5,12500,62500,Retail
ORD01192,2025-04-08,CUST1752,Laptop,North,4,12500,50000,Partner
ORD01193,2026-07-30,CUST0430,Headset,North,8,4500,36000,Partner
ORD01194,2026-05-14,CUST1126,Monitor,South,1,900,900,Online
ORD01195,2026-12-10,CUST2435,Webcam,South,1,4500,4500,Retail
ORD01196,2026-07-06,CUST0670,Headset,West,9,28000,252000,Online
ORD01197,2025-05-09,CUST1599,Printer,South,6,65000,390000,Retail
ORD01198,2025-10-12,CUST0781,Mouse,East,6,28000,168000,Partner
ORD01199,2026-09-01,CUST0988,Mouse,North,3,900,N/A,Retail
ORD01200,2025-09-26,CUST2501,Laptop,East,5,3200,16000,Partner
ORD01201,2026-09-25,CUST0976,Webcam,South,2,65000,130000,Partner
ORD01202,2025-12-10,CUST1764,Laptop,North,6,65000,390000,Partner
ORD01203,2026-03-16,CUST2422,Tablet,South,4,3200,12800,Retail
ORD01204,2025-12-09,CUST0958,Webcam,East,6,12500,75000,Partner
ORD01205,2026-06-11,CUST0613,Laptop,East,5,18000,90000,Online
ORD01206,2026-12-22,CUST1734,Mouse,East,6,3200,19200,Online
ORD01207,2025-09-30,CUST0943,,East,6,28000,168000,Online
ORD01208,2025-05-31,CUST1996,Tablet,West,6,4500,27000,Retail
ORD01209,2025-11-24,CUST2794,Monitor,EAST,5,12500,62500,Retail
ORD01210,2026-08-26,CUST1002,Headset,,1,28000,28000,Online
ORD01211,2026-03-16,CUST1738,Tablet,West,9,18000,162000,Partner
ORD01212,2026-09-09,CUST1967,Laptop,West,10,3200,32000,Retail
ORD01213,2025-06-15,CUST0503,Printer,East,7,18000,126000,Partner
ORD01214,2025-11-17,CUST1899,Monitor,West,2,4500,9000,Online
ORD01215,2026-12-05,CUST2897,Monitor,North,9,900,8100,Partner
ORD01216,2025-03-21,CUST2069,Mouse,West,5,4500,22500,Partner
ORD01217,2025-05-25,CUST0590,Tablet,South,9,28000,252000,Partner
ORD01218,2025-06-28,CUST0865,Headset,East,8,3200,25600,Online
ORD01219,2026-01-18,CUST2409,Keyboard,East,6,3200,19200,Online
ORD01220,2026-01-18,CUST2986,Mouse,West,9,65000,585000,Online
ORD01221,2025-01-08,CUST2458,Mouse,North,3,900,2700,Partner
ORD01222,2026-05-31,CUST2892,Printer,North,5,12500,62500,Retail
ORD01223,2025-08-12,CUST2552,Mouse,West,3,65000,195000,Online
ORD01224,2025-02-09,CUST1660,Laptop,West,1,65000,65000,Retail
ORD01225,2025-01-20,CUST1590,Keyboard,East,6,2200,13200,Partner
ORD01226,2025-12-13,CUST2209,Webcam,North,3,2200,6600,Retail
ORD01227,2026-09-18,CUST1728,Mouse,East,10,28000,280000,Retail
ORD01228,2026-02-04,CUST0066,Keyboard,North,1,12500,12500,Partner
ORD01229,2025-01-22,CUST1217,Tablet,South,2,65000,130000,Retail
ORD01230,2026-12-17,CUST2387,Tablet,East,4,4500,18000,Retail
ORD01231,2025-07-01,CUST0236,Mouse,North,5,12500,62500,Partner
ORD01232,2026-01-08,CUST0693,Printer,North,3,4500,13500,Retail
ORD01233,2026-07-06,CUST1283,Printer,North,9,12500,112500,Online
ORD01234,2025-05-12,CUST2544,Webcam,South,5,4500,22500,Online
ORD01235,2025-11-13,CUST2358,Monitor,East,1,12500,12500,Retail
ORD01236,2025-04-07,CUST2200,Printer,North,8,900,7200,Online
ORD01237,2026-09-04,CUST1092,Monitor,South,9,3200,28800,Partner
ORD01238,2025-10-17,CUST2451,Mouse,South,4,900,3600,Online
ORD01239,2025-01-06,CUST1241,Keyboard,West,3,4500,13500,Online
ORD01240,2025-08-24,CUST1581,Headset,South,7,900,6300,Partner
ORD01241,2025-12-19,CUST0989,Keyboard,North,3,900,2700,Partner
ORD01242,2026-02-12,CUST0354,Webcam,East,9,900,8100,Partner
ORD01243,2025-09-14,CUST1611,Webcam,North,4,4500,18000,Retail
ORD01244,2026-06-06,CUST0695,Monitor,West,7,900,6300,Online
ORD01245,2026-12-16,CUST0677,Keyboard,North,9,900,8100,Online
ORD01246,2026-07-23,CUST1628,Webcam,South,7,4500,31500,Partner
ORD01247,2026-07-01,CUST1707,Printer,North,10,65000,650000,Retail
ORD01248,2025-12-24,CUST1276,Laptop,North,6,3200,19200,Partner
ORD01249,2026-01-10,CUST2072,Monitor,East,7,900,6300,Online
ORD01250,2025-07-01,CUST1331,Keyboard,East,10,12500,125000,Partner
ORD01251,2025-10-17,CUST1783,Printer,North,4,65000,260000,Retail
ORD01252,2025-02-26,CUST1312,Laptop,East,6,18000,108000,Retail
ORD01253,2025-06-14,CUST0187,Mouse,,9,28000,252000,Online
ORD01254,2026-02-08,CUST0720,Mouse,North,2,900,1800,Partner
ORD01255,2026-11-20,CUST0657,Laptop,West,2,900,1800,Retail
ORD01256,2026-04-10,CUST1122,Keyboard,East,4,18000,72000,Partner
ORD01257,2026-02-17,CUST1388,Tablet,South,2,18000,36000,Online
ORD01258,2026-01-25,CUST2432,Monitor,South,4,28000,112000,Retail
ORD01259,2025-02-26,CUST2794,Laptop,North,2,18000,36000,Online
ORD01260,2025-11-27,CUST1417,Headset,West,9,12500,112500,Online
ORD01261,2025-01-01,CUST1371,Webcam,South,5,12500,62500,Retail
ORD01262,2025-08-05,CUST0978,Mouse,North,10,12500,125000,Partner
ORD01263,2025-05-13,CUST0616,Mouse,South,2,3200,6400,Online
ORD01264,2025-10-11,CUST1561,Laptop,East,5,18000,90000,Online
ORD01265,2026-02-08,CUST2350,Monitor,South,9,2200,19800,Online
ORD01266,2025-04-17,CUST0152,Webcam,North,6,3200,19200,Online
ORD01267,2026-08-14,CUST0631,Headset,East,4,2200,8800,Partner
ORD01268,2026-06-05,CUST2893,Keyboard,East,7,2200,15400,Partner
ORD01269,2026-05-07,CUST0418,Keyboard,South,9,4500,40500,Retail
ORD01270,2025-08-27,CUST1642,Printer,West,4,3200,12800,Retail
ORD01271,2025-12-09,CUST0160,Keyboard,South,5,65000,325000,Partner
ORD01272,2025-06-21,CUST1535,Tablet,South,4,3200,12800,Retail
ORD01273,2026-05-21,CUST0773,Keyboard,West,2,3200,6400,Retail
ORD01274,2026-10-22,CUST2936,Mouse,East,4,18000,72000,Partner
ORD01275,2026-05-26,CUST0415,Laptop,South,1,28000,28000,Online
ORD01276,2025-11-07,CUST2037, LAPTOP,South,9,4500,40500,Partner
ORD01277,2025-08-08,CUST0190,Monitor,South,8,900,7200,Online
ORD01278,2025-08-09,CUST1727,Laptop,East,6,65000,390000,Partner
ORD01279,2026-05-27,CUST1183,Headset,South,5,900,4500,Partner
ORD01280,2025-08-05,CUST2988,Keyboard,South,6,18000,108000,Partner
ORD01281,2025-08-17,CUST0160,Printer,East,9,65000,585000,Retail
ORD01282,2026-11-06,CUST0751,Printer,South,8,4500,36000,Online
ORD01283,2025-11-21,CUST2814,Monitor,South,10,2200,22000,Retail
ORD01284,2025-10-07,CUST0436,Monitor,North,3,28000,84000,Retail
ORD01285,2026-10-21,CUST0765,Webcam,East,1,18000,18000,Online
ORD01286,2026-09-04,CUST0842,Laptop,East,3,4500,13500,Online
ORD01287,2025-07-07,,Printer,South,1,65000,65000,Online
ORD01288,2026-10-02,CUST2700,Monitor,South,5,4500,22500,Retail
ORD01289,2025-06-26,CUST0370,Laptop,East,3,65000,195000,Online
ORD01290,2025-10-16,CUST0957,Monitor,North,2,28000,56000,Online
ORD01291,2025-02-14,CUST0212,Tablet,West,7,900,6300,Partner
ORD01292,2025-01-31,CUST0127,Mouse,South,10,2200,22000,Online
ORD01293,2025-05-31,CUST0745,Mouse,North,7,12500,87500,Online
ORD01294,2025-08-13,CUST2722,Headset,North,5,4500,22500,Retail
ORD01295,2026-12-26,CUST2955,Monitor,East,5,2200,11000,Online
ORD01296,2025-10-07,CUST2877,Tablet,East,9,3200,28800,Retail
ORD01297,2026-01-23,CUST0330,Printer,West,4,12500,50000,Online
ORD01298,2026-12-13,CUST2304,Headset,West,2,65000,130000,Retail
ORD01299,2025-01-12,CUST1221,Printer,South,8,3200,25600,Online
ORD01300,2026-12-17,CUST2405,Headset,North,1,2200,2200,Partner
ORD01301,2025-08-26,CUST2165,Laptop,West,7,3200,22400,Partner
ORD01302,2026-09-30,CUST2969,Headset,North,9,65000,585000,Partner
ORD01303,2025-07-29,CUST2803,Headset,East,9,28000,252000,Partner
ORD01304,2026-12-05,CUST0018,Mouse,North,4,18000,72000,Partner
ORD01305,2026-04-17,CUST2139,Laptop,West,5,28000,140000,Retail
ORD01306,2026-05-11,CUST2987,Webcam,West,3,900,2700,Online
ORD01307,2026-11-25,CUST1487,Keyboard,East,3,12500,37500,Partner
ORD01308,2025-12-17,CUST2196,Tablet,East,5,4500,22500,Partner
ORD01309,2026-03-09,CUST2755,Tablet,South,8,28000,224000,Online
ORD01310,2025-10-25,CUST2829,Tablet,East,2,4500,9000,Partner
ORD01311,2025-08-14,CUST2670,Printer,EAST,10,18000,180000,Retail
ORD01312,2025-08-13,CUST2477,Webcam,West,10,2200,22000,Retail
ORD01313,2026-03-02,CUST1712,Monitor,South,3,3200,9600,Online
ORD01314,2025-01-01,CUST0364,Printer,East,4,4500,18000,Retail
ORD01315,2025-11-15,CUST2717,Monitor,South,2,12500,25000,Online
ORD01316,2025-08-02,CUST0651,Webcam,North,7,3200,22400,Online
ORD01317,2025-10-19,CUST1763,Keyboard,North,7,2200,15400,Online
ORD01318,2026-06-17,CUST0821,Mouse,North,5,2200,11000,Retail
ORD01319,2026-11-30,CUST2035,Webcam,South,8,3200,25600,Partner
ORD01320,2026-05-09,CUST1438,Tablet,West,3,12500,37500,Partner
ORD01321,2026-10-24,CUST0098,Tablet,West,9,4500,40500,Partner
ORD01322,2026-01-22,CUST1718,Tablet,West,9,18000,162000,Partner
ORD01323,2025-03-11,CUST1147,Keyboard,West,1,900,900,Online
ORD01324,2026-01-01,CUST0642,Webcam,West,3,2200,6600,Retail
ORD01325,2025-05-29,CUST0416,Tablet,East,1,12500,12500,Online
ORD01326,2025-01-26,CUST2488,Printer,North,8,2200,17600,Retail
ORD01327,2026-09-25,CUST1511,Keyboard,East,3,4500,13500,Online
ORD01328,2025-02-23,CUST0157,Webcam,West,9,28000,252000,Partner
ORD01329,2025-01-03,CUST2600,Webcam,South,6,900,5400,Online
ORD01330,2025-11-08,CUST2255,Webcam,South,2,65000,130000,Partner
ORD01331,2026-09-13,CUST2973,Keyboard,North,1,2200,2200,Retail
ORD01332,2025-11-13,CUST0457,Monitor,South,5,3200,16000,Partner
ORD01333,2026-02-22,CUST1068,Mouse,South,1,65000,65000,Online
ORD01334,2025-08-23,CUST1213,Printer,North,7,18000,126000,Partner
ORD01335,2026-12-30,CUST0971,Keyboard,West,10,3200,32000,Retail
ORD01336,2026-01-25,CUST1394,Laptop,West,2,4500,9000,Retail
ORD01337,2026-06-16,CUST0256,Tablet,West,10,28000,280000,Partner
ORD01338,2026-04-15,CUST2582,Webcam,East,4,2200,8800,Retail
ORD01339,2026-06-09,CUST0869,Headset,East,4,3200,12800,Retail
ORD01340,2026-06-16,CUST2143,Webcam,South,4,65000,260000,Online
ORD01341,2025-02-19,CUST0819,Webcam,South,10,18000,180000,Online
ORD01342,2025-07-05,CUST0512,Tablet,West,1,12500,12500,Retail
ORD01343,2025-05-17,CUST0345,Headset,West,7,18000,126000,Partner
ORD01344,2026-08-03,CUST2341,Headset,East,7,18000,126000,Partner
ORD01345,2026-10-19,CUST2764,Laptop,East,8,65000,520000,Retail
ORD01346,2025-07-22,CUST0679,Keyboard,West,8,18000,144000,Online
ORD01347,2026-10-31,CUST1886,Webcam,North,10,12500,125000,Retail
ORD01348,2026-03-25,CUST2364,Headset,East,9,12500,112500,Retail
ORD01349,2025-08-27,CUST2564,Monitor,South,8,65000,520000,Online
ORD01350,2025-06-05,CUST2533,Keyboard,West,8,3200,25600,Retail
ORD01351,2026-02-07,CUST2596,Webcam,West,4,3200,12800,Online
ORD01352,2026-06-09,CUST1940,Laptop,North,6,28000,168000,Online
ORD01353,2025-07-17,CUST0567,Mouse,North,4,12500,50000,Retail
ORD01354,2025-02-24,CUST0596,Webcam,East,2,18000,36000,Online
ORD01355,2026-12-22,CUST0629,Laptop,South,2,2200,4400,Online
ORD01356,2025-06-25,CUST2624,Printer,EAST,8,4500,36000,Online
ORD01357,2025-05-14,CUST1832,Printer,North,2,18000,36000,Online
ORD01358,2026-02-05,CUST2046,Headset,South,8,2200,17600,Online
ORD01359,2026-11-19,CUST0984,Laptop,West,5,900,4500,Online
ORD01360,2025-11-05,CUST2621,Headset,South,3,900,2700,Online
ORD01361,2025-01-05,CUST1837,Laptop,North,2,4500,9000,Online
ORD01362,2025-12-19,CUST1192,Monitor,North,5,900,4500,Partner
ORD01363,2025-10-08,CUST2355,Monitor,East,2,12500,25000,Partner
ORD01364,2025-03-22,CUST1723,Monitor,West,10,28000,280000,Online
ORD01365,2025-05-09,CUST1385,Laptop,South,5,900,4500,Retail
ORD01366,2025-11-13,CUST1161,Printer,West,8,12500,100000,online
ORD01367,2025-09-09,CUST2089,Keyboard,North,1,65000,65000,Partner
ORD01368,2026-11-16,CUST0290,Mouse,East,2,4500,9000,Online
ORD01369,2026-08-23,CUST2057,Mouse,East,5,3200,16000,Retail
ORD01370,2025-03-03,CUST1860,Monitor,East,4,12500,50000,Partner
ORD01371,2026-01-27,CUST2952,Webcam,North,6,28000,168000,Online
ORD01372,2025-11-28,CUST2083,Tablet,North,1,18000,18000,Online
ORD01373,2025-06-14,CUST2242,Printer,North,4,28000,112000,Online
ORD01374,2026-10-02,CUST2262,Headset,East,1,900,900,Partner
ORD01375,2026-03-15,CUST1616,Monitor,North,3,,84000,Online
ORD01376,2026-04-01,CUST2194,Mouse,West,1,12500,12500,Online
ORD01377,2026-09-05,CUST1033,Laptop,East,8,12500,100000,Retail
ORD01378,2025-09-08,CUST0394,Mouse,East,0,18000,90000,Partner
ORD01379,2026-02-16,CUST1940,Tablet,West,6,28000,168000,Partner
ORD01380,2025-08-02,CUST0050,Mouse,South,6,4500,27000,Online
ORD01381,2025-11-03,CUST1126,Headset,West,5,3200,16000,Online
ORD01382,2025-01-16,CUST1271,Monitor,East,7,2200,15400,Partner
ORD01383,2025-12-14,CUST0806,Tablet,South,9,900,8100,Partner
ORD01384,2026-11-17,CUST0117,Keyboard,West,4,3200,12800,Online
ORD01385,2026-09-17,CUST1964,Laptop,,1,18000,18000,Retail
ORD01386,2026-05-31,CUST1070,Monitor,North,6,65000,390000,Online
ORD01387,2025-08-22,CUST0025,Printer,North,1,12500,12500,Partner
ORD01388,2025-11-22,CUST1120,Laptop,North,1,2200,2200,Online
ORD01389,2026-10-21,CUST1756,Keyboard,South,8,18000,144000,Online
ORD01390,2025-09-03,CUST2179,Webcam,West,3,28000,84000,Retail
ORD01391,2025-02-13,CUST1710,Webcam,South,3,65000,195000,Retail
ORD01392,2025-09-18,CUST2446,Webcam,East,9,28000,252000,Online
ORD01393,31-02-2025,CUST0926,Mouse,South,3,65000,195000,Retail
ORD01394,2025-10-26,CUST1582,Headset,East,5,4500,22500,Online
ORD01395,2026-12-16,CUST2893,Mouse,South,6,18000,108000,Online
ORD01396,2025-05-04,CUST1186,Keyboard,North,4,,12800,Partner
ORD01397,2025-12-08,CUST0748,Headset,East,5,12500,62500,Retail
ORD01398,2025-02-19,CUST1490,Mouse,West,7,65000,455000,Partner
ORD01399,2026-09-20,CUST0750,Keyboard,South,7,900,6300,Online
ORD01400,2026-02-22,CUST0214,Headset,North,2,65000,130000,Retail
ORD01401,2025-10-17,CUST1276,Monitor,North,8,3200,25600,Retail
ORD01402,2025-05-27,CUST2210,Webcam,West,2,65000,130000,Partner
ORD01403,2026-07-16,CUST2964,Webcam,West,10,4500,45000,Online
ORD01404,2025-09-08,CUST1422,Mouse,South,5,18000,90000,Retail
ORD01405,2025-09-13,CUST0943,Mouse,West,8,28000,224000,Retail
ORD01406,2025-03-21,CUST2406,Mouse,South,7,28000,196000,Online
ORD01407,2026-02-05,CUST0308,Printer,West,1,28000,28000,Online
ORD01408,2025-02-06,CUST0475,Monitor,West,2,900,1800,Partner
ORD01409,2026-11-07,CUST2153,Tablet,North,8,2200,17600,Retail
ORD01410,2026-08-02,CUST1054,Tablet,North,6,12500,75000,Partner
ORD01411,2026-12-01,CUST2968,Laptop,West,7,900,6300,Retail
ORD01412,2026-06-24,CUST2341,Printer,East,9,900,8100,Partner
ORD01413,2025-10-21,CUST0966,Webcam,North,7,3200,22400,Online
ORD01414,2025-07-07,CUST2890,Laptop,South,1,900,900,Partner
ORD01415,2026-01-14,CUST1607,Headset,West,9,18000,162000,Online
ORD01416,2026-03-23,CUST2407,Webcam,North,9,28000,252000,Online
ORD01417,2026-04-05,CUST2778,Printer,East,2,65000,130000,Partner
ORD01418,2026-02-04,CUST0585,Monitor,South,2,900,1800,Partner
ORD01419,2026-08-22,CUST2081,Printer,East,2,900,1800,Partner
ORD01420,2025-04-04,CUST1361,Laptop,South,6,28000,168000,Retail
ORD01421,2026-01-16,CUST2696,Mouse,South,6,65000,390000,Partner
ORD01422,2026-07-05,CUST2926,Monitor,South,10,2200,22000,Online
ORD01423,2025-09-30,CUST0682,Mouse,South,4,65000,260000,Retail
ORD01424,2026-02-23,CUST1941,Printer,South,4,28000,112000,Online
ORD01425,2025-12-28,CUST1427,Mouse,East,8,18000,144000,Retail
ORD01426,2026-12-10,CUST0421,Headset,West,8,65000,520000,Online
ORD01427,2026-10-08,CUST1981,Mouse,South,8,4500,36000,Partner
ORD01428,2025-03-28,CUST2039,Printer,East,10,900,9000,Partner
ORD01429,2025-03-13,CUST0879,Printer,South,8,,25600,Online
ORD01430,2026-12-24,CUST2863,Webcam,South,8,18000,144000,Partner
ORD01431,2026-09-27,CUST2134,Tablet,South,7,4500,31500,Partner
ORD01432,2025-08-18,CUST1839,Mouse,East,4,28000,112000,Partner
ORD01433,2025-12-02,CUST2363,Monitor,South,8,28000,224000,Online
ORD01434,2026-07-19,CUST2878,Monitor,,10,900,9000,Retail
ORD01435,2026-12-27,CUST2865,Tablet,North,10,4500,45000,Partner
ORD01436,2025-10-03,CUST0883,Monitor,East,7,900,6300,Online
ORD01437,2026-09-15,CUST2568,Webcam,West,7,65000,455000,Partner
ORD01438,2025-07-26,CUST1611,Monitor,West,10,65000,650000,Online
ORD01439,2025-11-07,CUST2221,Headset,West,6,4500,27000,Online
ORD01440,2025-06-26,CUST2568,Monitor,West,3,28000,84000,Partner
ORD01441,2026-01-28,CUST1258,Headset,North,7,12500,87500,Retail
ORD01442,2025-01-07,CUST1156,Monitor,,7,65000,455000,Retail
ORD01443,2025-08-17,CUST2362,Mouse,West,1,2200,2200,Partner
ORD01444,2026-02-08,CUST1973,Monitor,East,7,18000,126000,Retail
ORD01445,2025-03-03,CUST1327,Tablet,South,3,28000,84000,Online
ORD01446,2025-01-14,CUST1564,Printer,North,4,900,3600,Online
ORD01447,2026-08-16,CUST1764,Printer,West,10,28000,280000,Retail
ORD01448,2026-03-12,CUST1368,Printer,East,7,12500,87500,Retail
ORD01449,2026-02-24,CUST2204,Headset,East,9,3200,28800,Retail
ORD01450,2025-09-17,CUST2834,Monitor,West,5,65000,325000,Partner
ORD01451,2025-06-30,CUST0566,Laptop,East,9,2200,19800,
ORD01452,2025-10-16,CUST0949,Printer,South,9,12500,112500,Retail
ORD01453,2025-08-24,CUST2484,Headset,,8,65000,520000,Online
ORD01454,2026-09-26,CUST2290,Laptop,North,7,65000,455000,Retail
ORD01455,2025-05-20,CUST2258,Headset,South,,3200,25600,Online
ORD01456,2026-06-13,CUST2127,Monitor,South,1,3200,3200,Retail
ORD01457,2026-03-23,CUST2824,Keyboard,East,8,3200,25600,Partner
ORD01458,2026-03-01,CUST1861,Mouse,West,6,2200,13200,Partner
ORD01459,2026-06-14,CUST0942,Mouse,West,10,900,9000,Retail
ORD01460,2025-09-10,CUST1623,Mouse,West,7,2200,15400,Partner
ORD01461,2026-07-30,CUST1577,Tablet,East,6,12500,75000,Online
ORD01462,2026-12-01,CUST2223,Tablet,West,4,28000,112000,Retail
ORD01463,2025-04-07,CUST1002,Monitor,North,7,28000,196000,Online
ORD01464,2025-02-10,CUST0504,Mouse,West,1,2200,2200,Online
ORD01465,2025-03-14,CUST0991,Printer,West,6,28000,168000,Retail
ORD01466,2025-09-01,CUST1106,Printer,South,10,18000,180000,Online
ORD01467,2025-07-30,CUST1409,Keyboard,North,10,65000,650000,Partner
ORD01468,2026-08-20,CUST2024,Printer,West,9,28000,252000,Online
ORD01469,2026-01-18,CUST2115,,South ,10,2200,22000,Partner
ORD01470,2025-07-26,CUST0919,Headset,West,6,12500,75000,Retail
ORD01471,2025-07-10,CUST2748,Webcam,North,6,18000,108000,Online
ORD01472,2026-12-26,CUST1620,Printer,North,,900,1800,Online
ORD01473,2025-11-22,CUST1194,Webcam,East,2,900,1800,Retail
ORD01474,2026-04-25,CUST0756,Monitor,East,5,4500,22500,Online
ORD01475,2025-07-26,CUST1569,Tablet,East,3,4500,13500,Partner
ORD01476,2026-09-20,CUST1291,Webcam,East,5,2200,11000,Partner
ORD01477,2026-09-27,CUST1850,Tablet,South,5,65000,325000,Retail
ORD01478,2026-07-30,CUST1724,Keyboard,North,10,18000,180000,Partner
ORD01479,2026-02-08,CUST1196,Headset,South,9,3200,28800,Partner
ORD01480,2026-12-24,CUST0779,Tablet,East,8,28000,224000,Retail
ORD01481,2025-04-07,CUST0879,Mouse,West,6,28000,168000,Online
ORD01482,2025-06-25,CUST0064,Tablet,South,5,12500,62500,Partner
ORD01483,2027-01-01,CUST0510,Mouse,South,8,4500,36000,Partner
ORD01484,2025-11-10,CUST0869,Monitor,South,9,2200,19800,Partner
ORD01485,2026-03-17,CUST0832,Headset,West,7,65000,455000,Retail
ORD01486,2026-10-23,CUST1123,Keyboard,North,6,18000,108000,Retail
ORD01487,2026-11-30,CUST1873,Keyboard,North,10,3200,32000,Retail
ORD01488,2026-08-06,CUST2163,Mouse,North,6,3200,19200,Online
ORD01489,2025-11-16,CUST0008,Printer,North,3,18000,54000,
ORD01490,2025-10-21,CUST1707,Printer,West,10,65000,650000,Online
ORD01491,2026-04-04,CUST0991,Headset,West,3,65000,195000,Retail
ORD01492,2025-08-08,CUST2133,Printer,North,3,900,2700,Retail
ORD01493,2026-07-14,CUST0287,Webcam,West,1,2200,2200,Partner
ORD01494,2026-12-23,CUST2663,Keyboard,West,2,12500,25000,Partner
ORD01495,2025-06-29,CUST2413,Webcam,South,3,12500,37500,Partner
ORD01496,2025-10-21,CUST1623,Webcam,South,2,65000,130000,Online
ORD01497,2026-01-29,CUST0819,Headset,East,5,4500,22500,Retail
ORD01498,2026-07-14,CUST2915,Headset,West,3,4500,13500,Online
ORD01499,2026-06-17,CUST2672,Webcam,South,1,2200,2200,Online
ORD01500,2026-05-04,CUST0313,Keyboard,West,1,900,900,Partner
ORD01501,2026-08-07,CUST2982,Mouse,West,10,4500,45000,Retail
ORD01502,2025-09-16,CUST1908,Mouse,East,5,18000,90000,Partner
ORD01503,2026-12-31,CUST0015,Headset,South,10,3200,32000,Partner
ORD01504,2025-10-22,CUST1499,Printer,West,2,18000,36000,Partner
ORD01505,2025-04-30,CUST0473,Webcam,North,3,3200,9600,Retail
ORD01506,2025-11-01,CUST0897,Monitor,West,8,65000,520000,Online
ORD01507,2026-09-27,CUST2836,Printer,East,4,4500,18000,Partner
ORD01508,2026-06-05,CUST0808,Tablet,South,3,65000,195000,Retail
ORD01509,2025-11-01,CUST0780,Tablet,North,8,2200,17600,Retail
ORD01510,2025-05-03,CUST0061,Headset,South,4,18000,72000,Partner
ORD01511,2025-02-05,CUST1050,Monitor,West,6,18000,108000,Retail
ORD01512,2026-12-05,CUST2880,Tablet,South,10,65000,650000,Partner
ORD01513,2025-06-01,CUST1916,Headset,East,3,65000,195000,Retail
ORD01514,2026-06-09,CUST2946,Monitor,North,1,900,900,Retail
ORD01515,2026-05-03,CUST2657,Keyboard,East,10,3200,32000,Online
ORD01516,2026-06-19,CUST1277,Mouse,South,8,65000,520000,Partner
ORD01517,2026-07-15,CUST1746,Webcam,North,5,65000,325000,Online
ORD01518,2025-09-11,CUST1206,Keyboard,South,10,4500,45000,Retail
ORD01519,2026-09-28,CUST0148,Mouse,North,9,65000,585000,Online
ORD01520,2026-08-02,CUST1728,Webcam,East,9,12500,112500,Partner
ORD01521,2026-05-20,CUST1797,Webcam,South,4,4500,18000,Retail
ORD01522,2025-02-06,CUST0665,Headset,North,9,3200,28800,Retail
ORD01523,2025-06-20,CUST1946,Tablet,South,4,28000,112000,Retail
ORD01524,2026-02-03,CUST2948,Printer,South,7,65000,455000,Retail
ORD01525,2026-03-18,CUST1011,,East,2,4500,9000,Online
ORD01526,2026-04-08,CUST2557,Webcam,West,3,28000,84000,Retail
ORD01527,2026-05-09,CUST0958,Keyboard,East,1,3200,3200,Retail
ORD01528,2026-07-28,CUST1952,Mouse,West,7,900,6300,Online
ORD01529,2025-11-12,CUST2790,Printer,East,9,900,8100,Retail
ORD01530,2026-10-17,CUST1340,Laptop,North,1,4500,4500,Partner
ORD01531,2026-06-12,CUST2515,Mouse,North,5,3200,16000,Partner
ORD01532,2026-02-16,CUST0741,Printer,East,10,4500,45000,ONLINE
ORD01533,2026-09-27,CUST2991,Headset,North,5,900,4500,Retail
ORD01534,2025-03-28,CUST2666,Headset,South,6,18000,108000,Partner
ORD01535,2026-06-01,CUST2169,Laptop,West,1,900,900,Partner
ORD01536,2026-03-27,CUST0907,Printer,North,6,65000,390000,Online
ORD01537,2025-10-14,CUST2692,Tablet,South,2,18000,36000,Partner
ORD01538,2026-11-25,CUST1270,Keyboard,North,4,28000,112000,Partner
ORD01539,2026-05-20,CUST1012,Printer,East,6,2200,13200,Retail
ORD01540,2025-05-22,CUST1115,Tablet,East,9,12500,112500,Online
ORD01541,2026-06-05,CUST2826,Laptop,East,7,900,6300,Partner
ORD01542,2026-03-20,CUST2619,Tablet,East,10,4500,45000,Retail
ORD01543,2025-02-28,CUST1056,Monitor,North,8,28000,224000,Online
ORD01544,2026-04-30,CUST0885,Laptop,South,7,12500,87500,Partner
ORD01545,2026-03-14,CUST1343,Tablet,North,2,4500,9000,Partner
ORD01546,2026-08-18,CUST2575,Printer,South,1,65000,65000,Online
ORD01547,2025-01-28,CUST2146,Mouse,South,8,28000,224000,Partner
ORD01548,2026-06-26,CUST1456,Laptop,South,8,18000,144000,Partner
ORD01549,2026-09-14,CUST0222,Laptop,South,4,18000,72000,Retail
ORD01550,2026-01-13,CUST1709,Monitor,East,7,2200,15400,Partner
ORD01551,2025-07-04,CUST2819,Webcam,North,9,65000,585000,Online
ORD01552,2026-06-09,CUST1659,Keyboard,North,7,65000,455000,Partner
ORD01553,2026-09-29,CUST0497,Headset,West,9,18000,162000,Online
ORD01554,2026-06-04,CUST2569,Headset,East,4,12500,50000,Online
ORD01555,2026-12-24,CUST0911,Laptop,North,7,12500,87500,Retail
ORD01556,2025-08-08,CUST0412,Laptop,East,7,2200,15400,Online
ORD01557,2026-02-26,CUST2377,Printer,West,6,900,5400,Partner
ORD01558,2025-10-02,CUST1242,Tablet,West,10,2200,22000,Retail
ORD01559,2025-07-22,CUST1450,Printer,South,6,4500,27000,ONLINE
ORD01560,2026-07-22,CUST1829,Keyboard,North,9,28000,252000,Online
ORD01561,2025-04-14,CUST1780,Keyboard,North,3,2200,6600,Online
ORD01562,2025-06-09,CUST1219,Keyboard,North,6,900,5400,Partner
ORD01563,2025-03-03,CUST2429,Mouse,East,8,28000,224000,Partner
ORD01564,2026-12-09,CUST0212,Mouse,East,10,900,9000,Partner
ORD01565,2026-03-21,CUST1596,Printer,South,6,18000,108000,Retail
ORD01566,2026-11-13,CUST0608,Mouse,West,4,4500,18000,Partner
ORD01567,2025-09-30,CUST0292,Laptop,North,8,3200,25600,Partner
ORD01568,2026-07-08,CUST1494,Webcam,West,4,900,3600,Online
ORD01569,2026-01-10,CUST1102,Printer,West,7,65000,455000,Partner
ORD01570,2025-04-29,CUST2697,Headset,North,9,12500,112500,Retail
ORD01571,2026-12-16,CUST0784,Tablet,South,9,65000,585000,Retail
ORD01572,2026-06-07,CUST2789,Monitor,West,1,65000,65000,Retail
ORD01573,2026-10-05,CUST1642,Monitor,North,9,28000,252000,Retail
ORD01574,2025-11-08,CUST2020,Laptop,East,8,12500,100000,Online
ORD01575,2026-07-11,CUST2428,Keyboard,West,7,3200,22400,Retail
ORD01576,2025-07-17,CUST1989,Keyboard,East,5,3200,16000,Partner
ORD01577,2026-07-28,CUST1888,Printer,East,8,28000,224000,Partner
ORD01578,2026-08-08,CUST0413,Mouse,North,2,4500,9000,Online
ORD01579,2025-11-10,CUST2035,Monitor,North,8,900,7200,Retail
ORD01580,2026-01-25,CUST2867,Monitor,South,6,2200,13200,Online
ORD01581,2025-12-04,CUST1033,Headset,South,8,N/A,25600,Partner
ORD01582,2025-04-02,CUST2834,Laptop,West,2,900,1800,Partner
ORD01583,2026-01-18,CUST1841,Laptop,East,2,18000,36000,Retail
ORD01584,2025-09-24,CUST1374,Monitor,South,1,3200,3200,Retail
ORD01585,2025-08-09,CUST2838,Laptop,East,10,18000,180000,Partner
ORD01586,2026-10-10,CUST2114,Printer,North,6,900,5400,Retail
ORD01587,2026-11-15,CUST1085,Mouse,West,2,4500,9000,Partner
ORD01588,2026-11-28,CUST2453,Printer,East,9,4500,40500,Online
ORD01589,2026-01-07,CUST2031,Monitor,North,9,3200,28800,Retail
ORD01590,2025-05-21,CUST2593,Tablet,East,4,65000,260000,Partner
ORD01591,2026-10-01,CUST0489,Mouse,North,1,12500,12500,Partner
ORD01592,2025-10-13,CUST2360,Mouse,North,4,2200,8800,Partner
ORD01593,2025-03-11,CUST0410,Webcam,West,10,900,9000,Retail
ORD01594,2026-09-24,CUST0481,Keyboard,East,8,4500,36000,Online
ORD01595,2025-12-02,CUST0659,Monitor,East,5,18000,90000,Online
ORD01596,2026-05-08,CUST1988,Monitor,South,9,900,8100,Partner
ORD01597,2025-04-10,CUST0151,Monitor,East,2,12500,25000,Retail
ORD01598,2025-07-13,CUST0788,Mouse,North,7,18000,126000,Retail
ORD01599,2026-12-27,CUST0268,Tablet,North,9,28000,252000,Retail
ORD01600,2025-12-25,CUST0329,Tablet,South,4,12500,50000,Online
ORD01601,2025-12-03,CUST2561,Printer,East,1,900,900,Online
ORD01602,2026-04-02,CUST1261,Headset,South,1,28000,28000,Online
ORD01603,2026-05-23,CUST0612,Tablet,North,3,12500,37500,Retail
ORD01604,2026-10-23,CUST0134,Keyboard,East,6,2200,13200,Retail
ORD01605,2025-08-21,CUST1059,Laptop,East,1,28000,28000,Retail
ORD01606,2026-11-07,CUST1400,Mouse,South,6,65000,390000,Online
ORD01607,2025-01-28,CUST2701,Keyboard,North,8,4500,36000,Partner
ORD01608,2026-04-29,CUST1342,Keyboard,South,3,2200,6600,Retail
ORD01609,2026-05-03,CUST0951,Webcam,East,9,12500,112500,Partner
ORD01610,2026-07-23,CUST1646,Mouse,North,9,12500,112500,Retail
ORD01611,2026-05-24,CUST2272,Mouse,South,8,3200,25600,Online
ORD01612,2026-11-03,CUST1036,Tablet,West,10,2200,22000,Online
ORD01613,2026-02-04,CUST1288,Headset,North,6,28000,168000,Online
ORD01614,2026-10-06,CUST0501,Mouse,West,7,65000,455000,Partner
ORD01615,2026-08-13,CUST0648,Monitor,South,6,65000,390000,Partner
ORD01616,2025-05-12,CUST1078,Mouse,West,5,900,4500,Retail
ORD01617,2026-10-05,CUST2791,Printer,,8,28000,224000,Online
ORD01618,2026-04-18,CUST0921,Webcam,East,10,65000,650000,Partner
ORD01619,2026-01-21,CUST0903,Monitor,West,1,3200,3200,Online
ORD01620,2026-03-11,CUST2351,Tablet,West,3,900,2700,Partner
ORD01621,2026-11-25,CUST0313,Printer,South,4,65000,260000,Retail
ORD01622,2025-09-17,CUST1330,Headset,South,5,3200,16000,Online
ORD01623,2026-09-28,CUST1675,Laptop,South,10,900,9000,Online
ORD01624,2026-05-18,CUST2703,Monitor,South,7,2200,15400,Online
ORD01625,2026-08-14,CUST1185,Keyboard,North,4,3200,12800,Retail
ORD01626,2025-11-21,CUST2879,Webcam,East,2,28000,56000,Partner
ORD01627,2026-01-09,CUST0137,Monitor,East,5,3200,16000,Online
ORD01628,2026-02-21,CUST0159,Mouse,West,6,12500,75000,Partner
ORD01629,2026-07-13,CUST2712,Tablet,West,4,12500,50000,Retail
ORD01630,2026-10-05,CUST0149,Monitor,South,8,3200,25600,Partner
ORD01631,2025-03-04,CUST2857,Keyboard,South,10,4500,45000,Online
ORD01632,2026-07-06,CUST1697,Tablet,North,8,18000,144000,Retail
ORD01633,2026-11-16,CUST1208,Webcam,East,1,65000,65000,Partner
ORD01634,2025-12-22,CUST2843,Keyboard,West,9,18000,162000,Online
ORD01635,2026-05-17,CUST1816,Tablet,East,1,65000,65000,Partner
ORD01636,2025-12-19,CUST0184,Printer,South,1,900,900,Online
ORD01637,2026-11-19,CUST0951,Headset,East,9,4500,40500,Partner
ORD01638,2025-04-11,CUST1489,Monitor,East,4,2200,8800,Partner
ORD01639,2026-12-10,CUST2512,Tablet,North,3,4500,13500,Retail
ORD01640,2026-08-31,CUST2503,Keyboard,West,1,3200,3200,Online
ORD01641,2026-07-22,CUST0546,Webcam,South,2,65000,130000,Partner
ORD01642,2025-05-08,CUST1707,Laptop,South,1,900,900,Retail
ORD01643,2025-10-07,CUST0908,Mouse,South,6,65000,390000,Retail
ORD01644,2025-10-11,CUST1200,Printer,South,10,4500,45000,Retail
ORD01645,2025-10-25,CUST2981,Mouse,,2,2200,4400,Partner
ORD01646,2026-06-20,CUST0335,Printer,South,2,18000,36000,Online
ORD01647,2025-05-02,CUST1208,Mouse,South,8,28000,224000,Retail
ORD01648,2025-11-05,CUST0741,Mouse,North,1,3200,3200,Retail
ORD01649,2026-04-22,CUST1887,Mouse,South,6,4500,27000,Partner
ORD01650,2026-12-17,CUST2715,Printer,West,7,3200,22400,Online
ORD01651,2026-09-19,CUST2647,Webcam,East,7,12500,87500,Online
ORD01652,2026-01-21,CUST0542,Monitor,West,8,900,7200,Online
ORD01653,2026-12-21,CUST1316,Tablet,North,3,3200,9600,Retail
ORD01654,2025-01-09,CUST0953,Webcam,West,1,N/A,3200,Online
ORD01655,2026-02-24,CUST0334,Tablet,North,1,900,900,Online
ORD01656,2026-05-02,CUST0398,Webcam,North,4,65000,260000,Partner
ORD01657,2026-04-05,CUST1345,Mouse,East,6,3200,19200,Online
ORD01658,2026-07-15,CUST0859,Headset,North,3,12500,37500,Retail
ORD01659,2025-12-16,CUST2751, LAPTOP,North,7,3200,22400,Online
ORD01660,2025-12-29,CUST0518,Laptop,East,3,2200,6600,Retail
ORD01661,2026-01-10,CUST2306,Tablet,North,5,900,4500,Partner
ORD01662,2025-11-16,CUST1221,Webcam,West,5,4500,22500,Partner
ORD01663,2025-04-27,CUST0764,Laptop ,West,3,12500,37500,Retail
ORD01664,2025-07-03,CUST1640,Mouse,North,6,3200,19200,Online
ORD01665,2026-03-31,CUST1318,Printer,East,6,28000,168000,Online
ORD01666,2025-09-07,CUST1143,Mouse,West,3,3200,9600,Partner
ORD01667,2026-12-26,CUST0463,Webcam,South,9,4500,40500,Partner
ORD01668,2025-10-05,CUST1291,Headset,West,5,4500,22500,Online
ORD01669,2025-05-30,CUST2771,Webcam,West,3,900,2700,Retail
ORD01670,2025-01-02,CUST2835,Tablet,South,1,4500,4500,Online
ORD01671,2025-11-03,,Tablet,West,4,3200,12800,Partner
ORD01672,2026-08-12,CUST0672,Laptop,West,6,2200,13200,Retail
ORD01673,2025-05-22,CUST1106,Tablet,North,10,2200,22000,Partner
ORD01674,2026-10-19,CUST1656,Keyboard,West,7,4500,31500,Partner
ORD01675,2025-04-18,CUST0285,Laptop,West,2,900,1800,Retail
ORD01676,2025-09-29,CUST1531,Laptop,West,9,2200,19800,ONLINE
ORD01677,2026-12-19,CUST0269,Mouse,West,5,900,4500,Retail
ORD01678,2025-08-10,CUST2073,Printer,South,10,28000,280000,Retail
ORD01679,2026-09-06,CUST0164,,East,2,900,1800,Retail
ORD01680,2026-10-06,CUST2717,Laptop,East,8,3200,25600,Retail
ORD01681,2025-09-20,CUST1266,Keyboard,North,6,3200,19200,Online
ORD01682,2026-12-31,CUST2504,Mouse,East,3,28000,84000,Online
ORD01683,2025-04-15,CUST0693,Monitor,South,9,18000,162000,Online
ORD01684,2026-03-22,CUST2364,Laptop,North,10,900,9000,Online
ORD01685,2025-08-25,CUST1138,Laptop,South,4,3200,12800,Online
ORD01686,2026-02-26,CUST1137,Monitor,,1,12500,12500,Online
ORD01687,2025-12-28,CUST2720,Headset,North,7,12500,87500,Retail
ORD01688,2025-07-17,CUST1770,Mouse,East,3,3200,9600,Online
ORD01689,2025-07-23,CUST1279,Mouse,North,1,18000,18000,Retail
ORD01690,2025-05-10,CUST1476,Keyboard,West,7,18000,126000,Partner
ORD01691,2025-11-06,CUST1743,Tablet,West,9,28000,252000,Online
ORD01692,2026-08-25,CUST1463,Monitor,West,6,65000,390000,Retail
ORD01693,2025-06-05,CUST0314,Printer,North,10,12500,125000,Retail
ORD01694,2025-04-26,CUST1496,Laptop,West,6,4500,27000,Online
ORD01695,2026-04-27,CUST0875,Keyboard,South,8,28000,224000,Retail
ORD01696,2025-09-23,CUST1145,Tablet,North,5,12500,62500,Online
ORD01697,2026-08-27,CUST2140,Laptop,West,3,3200,9600,Retail
ORD01698,2025-07-12,CUST1628,Tablet,West,10,18000,180000,Partner
ORD01699,2026-08-15,CUST2431,Monitor,East,5,12500,62500,Retail
ORD01700,2026-02-06,CUST0507,Monitor,East,10,12500,125000,Partner
ORD01701,2025-10-10,CUST0491,Monitor,South,5,4500,22500,Partner
ORD01702,2025-08-08,CUST1415,Mouse,North,3,900,2700,Retail
ORD01703,2026-12-12,CUST2588,Monitor,South,6,65000,390000,Partner
ORD01704,2026-02-19,CUST0099,Mouse,North,3,12500,37500,partner
ORD01705,2025-06-21,CUST1386,Webcam,West,2,28000,56000,Partner
ORD01706,2025-04-19,CUST2023,Monitor,South,8,3200,25600,Partner
ORD01707,2026-11-06,CUST2734,Webcam,West,4,65000,260000,Partner
ORD01708,2025-09-14,CUST1970,Headset,West,4,28000,112000,Partner
ORD01709,2025-02-28,CUST2819,Laptop,West,8,65000,520000,Online
ORD01710,2025-05-02,CUST2141,Webcam,North,3,900,2700,Online
ORD01711,2025-08-08,CUST2722,Monitor,South,10,3200,32000,Retail
ORD01712,2026-10-01,CUST1828,Monitor,West,9,18000,162000,Partner
ORD01713,2025-08-10,CUST2937,Mouse,South,4,4500,18000,Partner
ORD01714,2026-11-24,CUST2568,Keyboard,West,4,3200,12800,Retail
ORD01715,2025-04-19,CUST1438,Keyboard,West,6,18000,108000,Partner
ORD01716,2026-06-08,CUST2256,Mouse,West,2,3200,6400,Partner
ORD01717,2025-04-04,CUST1058,Monitor,South,2,3200,6400,Online
ORD01718,2026-03-02,CUST1420,Webcam,West,10,900,9000,Online
ORD01719,2026-01-03,CUST2497,Headset,East,2,12500,25000,Partner
ORD01720,2025-04-18,CUST1664,Monitor,North,10,900,9000,
ORD01721,2026-06-30,CUST2761,Webcam,East,7,4500,31500,Retail
ORD01722,2026-02-26,CUST0013,Laptop,North,5,28000,140000,Partner
ORD01723,2025-10-14,CUST2570,Printer,West,4,65000,260000,Retail
ORD01724,2025-09-26,CUST1161,Laptop,East,4,2200,8800,Partner
ORD01725,2026-04-09,CUST0014,Tablet,North,3,65000,195000,Partner
ORD01726,2025-09-12,CUST1579,Keyboard,North,10,900,9000,Online
ORD01727,2026-08-02,CUST2243,Monitor,East,5,18000,90000,Partner
ORD01728,2026-04-15,CUST2255,Keyboard,North,2,65000,130000,Partner
ORD01729,2025-07-26,CUST1650,Tablet,South,8,28000,224000,Online
ORD01730,2025-12-03,CUST0037,Keyboard,North,4,28000,112000,Online
ORD01731,2025-01-08,CUST1056,Webcam,North,1,28000,28000,Partner
ORD01732,2025-01-19,CUST0684,,East,10,4500,45000,Partner
ORD01733,2025-07-19,CUST2146,Mouse,East,1,12500,12500,Online
ORD01734,2025-02-28,CUST1066,Tablet,North,6,4500,27000,Retail
ORD01735,2025-09-04,CUST2126,Webcam,North,5,18000,90000,Retail
ORD01736,2026-06-17,CUST1892,Laptop,East,4,65000,260000,Partner
ORD01737,2025-03-23,CUST1178,Laptop,West,10,3200,32000,Partner
ORD01738,2026-06-21,CUST0990,Printer,South,9,28000,252000,Retail
ORD01739,2025-01-17,CUST2894,Mouse,South,2,18000,36000,Partner
ORD01740,2025-08-28,CUST1837,Tablet,West,1,900,900,Online
ORD01741,2026-08-04,CUST1832,Monitor,West,10,3200,32000,Online
ORD01742,2025-07-14,CUST1122,Laptop,South,9,3200,28800,Online
ORD01743,2026-07-11,CUST0392,Webcam,East,7,65000,455000,Online
ORD01744,2025-06-25,CUST0801,Mouse,North,10,3200,32000,Online
ORD01745,2026-10-29,CUST0425,Webcam,South,5,12500,62500,Online
ORD01746,2026-08-02,CUST0786,Keyboard,East,8,4500,36000,Retail
ORD01747,2026-08-23,CUST0196,Monitor,South,4,65000,260000,Partner
ORD01748,2025-06-15,CUST0258,Monitor,North,4,18000,72000,Partner
ORD01749,2026-05-01,CUST0845,Monitor,East,6,65000,390000,Partner
ORD01750,2026-07-23,CUST2645,Printer,West,6,18000,108000,Online
ORD01751,2025-11-25,CUST0051,Keyboard,South,8,65000,520000,Retail
ORD01752,2025-08-13,CUST2434,Printer,East,5,18000,90000,Partner
ORD01753,2026-12-23,CUST0111,Printer,East,10,4500,45000,Online
ORD01754,2025-08-12,CUST0192,Printer,East,8,2200,17600,Online
ORD01755,2025-08-07,CUST1712,Tablet,West,3,12500,37500,Online
ORD01756,2025-02-12,CUST2929,Laptop,East,10,900,9000,Online
ORD01757,2026-10-10,CUST2148,Keyboard,East,8,900,7200,Partner
ORD01758,2026-02-21,CUST0141,Laptop,East,4,12500,50000,Partner
ORD01759,2026-02-26,CUST1274,Mouse,East,2,2200,4400,Online
ORD01760,2025-08-01,CUST1025,Tablet,West,4,65000,260000,Online
ORD01761,2025-05-30,CUST1559,Headset,North,5,4500,22500,Online
ORD01762,2026-06-06,CUST0851,Monitor,South,1,3200,3200,Retail
ORD01763,2025-03-02,CUST2210,Laptop,South,2,28000,56000,Partner
ORD01764,2025-01-21,CUST2784,Webcam,North,5,4500,22500,Partner
ORD01765,2025-07-07,CUST1740,Webcam,South,7,12500,87500,Partner
ORD01766,2026-02-05,CUST0697,Laptop,South,2,18000,36000,Retail
ORD01767,2025-12-02,CUST1263,Tablet,East,2,900,1800,Partner
ORD01768,2025-03-30,CUST1898,Webcam,East,6,900,5400,Online
ORD01769,2025-11-04,CUST0605,Tablet,South,8,65000,520000,Partner
ORD01770,2026-06-05,CUST0502,Headset,North,8,900,7200,Partner
ORD01771,2025-11-11,CUST0968,Mouse,North,9,3200,130000 INR,Retail
ORD01772,2026-08-28,CUST0509,Monitor,East,2,2200,4400,Retail
ORD01773,2025-09-02,CUST0795,Laptop,North,4,28000,112000,Partner
ORD01774,2025-03-02,CUST0698,Mouse,East,1,28000,28000,Retail
ORD01775,2026-08-13,CUST1924,Tablet,East,10,4500,45000,Online
ORD01776,2026-09-08,CUST1636,Monitor,South,4,2200,8800,Retail
ORD01777,2026-07-06,CUST0687,Mouse,South,4,28000,112000,Retail
ORD01778,2026-07-17,CUST1180,Keyboard,East,10,3200,32000,Retail
ORD01779,2025-09-04,CUST0450,Webcam,West,6,3200,19200,Retail
ORD01780,2026-06-03,CUST0798,Webcam,North,8,12500,100000,Partner
ORD01781,2026-05-26,CUST0525,Laptop,South,8,65000,520000,Partner
ORD01782,2026-04-21,CUST2261,,North,,2200,19800,Partner
ORD01783,2025-03-10,CUST1106,Webcam,North,8,900,7200,Online
ORD01784,2025-05-22,CUST0158,Monitor,East,6,18000,108000,Retail
ORD01785,2026-03-16,CUST1008,Printer,South,6,4500,27000,Partner
ORD01786,2026-12-12,CUST0024,Printer,East,7,12500,87500,Partner
ORD01787,2026-12-03,CUST1201,Laptop,South,4,65000,260000,Partner
ORD01788,2025-09-16,CUST0004,Webcam,West,8,3200,25600,Online
ORD01789,2026-04-27,CUST0381,Webcam,West,8,3200,25600,Retail
ORD01790,2026-02-06,CUST2365,Keyboard,West,8,12500,100000,Retail
ORD01791,2025-05-21,CUST0396,Headset,North,6,12500,75000,Partner
ORD01792,2026-09-19,CUST0058,Monitor,South,3,3200,9600,Partner
ORD01793,2025-10-26,CUST1560,Printer,North,1,65000,65000,Online
ORD01794,2026-06-29,CUST2449,Laptop,North,6,4500,27000,Online
ORD01795,2025-08-03,CUST0412,Headset,South,3,28000,84000,Retail
ORD01796,2026-08-31,CUST1930,Keyboard,North,2,4500,9000,Retail
ORD01797,2026-06-26,CUST1830,Monitor,West,2,28000,56000,Partner
ORD01798,2025-08-08,CUST1049,Headset,North,6,3200,19200,Retail
ORD01799,2026-01-23,CUST2166,Mouse,East,8,900,7200,Online
ORD01800,2025-10-27,CUST0830,Keyboard,North,7,900,6300,Online
ORD01801,2026-09-21,CUST1056,Webcam,West,7,18000,126000,Partner
ORD01802,2026-06-09,CUST1413,Tablet,North,7,65000,455000,Retail
ORD01803,2026-05-17,CUST2770,Keyboard,South,2,2200,4400,Partner
ORD01804,2025-02-25,CUST1444,Webcam,North,4,28000,112000,Online
ORD01805,2026-04-27,CUST0608,Webcam,East,1,3200,3200,Retail
ORD01806,2026-07-18,CUST0751,Laptop,North,5,900,4500,Retail
ORD01807,2025-01-14,CUST0299,Mouse,South,10,12500,125000,Partner
ORD01808,2026-02-18,CUST0919,Monitor,West,4,-500,18000,Retail
ORD01809,2025-12-11,CUST2366,Headset,West,9,3200,28800,Retail
ORD01810,2026-06-18,CUST2452,Printer,West,7,28000,196000,Online
ORD01811,2026-08-06,CUST0105,Headset,East,3,900,2700,Retail
ORD01812,2025-08-18,CUST0779,Laptop,South,4,4500,18000,Online
ORD01813,2025-05-29,CUST0846,Keyboard,South,6,900,5400,Online
ORD01814,2026-09-03,CUST0418,Mouse,East,10,2200,22000,Online
ORD01815,2026-08-24,CUST2620,Laptop,East,6,12500,75000,Retail
ORD01816,2025-01-22,CUST0416,Keyboard,South,5,4500,22500,Retail
ORD01817,2025-01-02,CUST0999,Headset,West,1,2200,2200,Partner
ORD01818,2025-02-28,CUST1486,Tablet,North,2,12500,25000,Retail
ORD01819,2026-04-05,CUST0709,Tablet,West,2,3200,6400,Online
ORD01820,2025-01-27,CUST1096,Laptop,North,3,3200,9600,Retail
ORD01821,2026-12-10,CUST1511,Mouse,West,2,18000,36000,Retail
ORD01822,2026-07-20,CUST1705,Keyboard,North,1,4500,4500,Retail
ORD01823,2026-01-22,CUST0546,Mouse,North,4,2200,8800,Partner
ORD01824,2026-04-07,CUST1457,Mouse,South,1,2200,2200,Online
ORD01825,2026-05-15,CUST0239,Webcam,North,1,12500,12500,Partner
ORD01826,2025-05-24,CUST1508,Tablet,East,5,28000,140000,Partner
ORD01827,2025-06-12,CUST1376,Tablet,East,10,12500,125000,Retail
ORD01828,2026-03-04,CUST0078,Headset,North,5,2200,11000,Retail
ORD01829,2026-11-08,CUST2269,Headset,South,10,900,9000,Partner
ORD01830,2025-12-24,CUST1015,Laptop,South,6,2200,13200,Partner
ORD01831,2025-03-19,CUST0732,Printer,South,6,900,5400,Partner
ORD01832,2026-09-18,CUST2388,Mouse,South,2,4500,9000,Retail
ORD01833,2026-11-24,CUST2436,Printer,North,6,900,5400,Online
ORD01834,2025-01-12,CUST1391,Monitor,South,9,65000,585000,Partner
ORD01835,2025-05-03,CUST2873,Mouse,North,10,3200,32000,Retail 
ORD01836,2025-06-09,CUST1856,Headset,North,9,2200,19800,Online
ORD01837,2025-07-31,CUST1326,Keyboard,East,5,4500,22500,Retail
ORD01838,2026-05-29,CUST1252,Laptop,East,4,65000,260000,Online
ORD01839,2026-06-18,CUST2954,Laptop,North,8,3200,25600,Retail
ORD01840,2025-06-14,CUST0519,Headset,West,4,28000,112000,Online
ORD01841,2025-06-20,CUST0828,Webcam,North,3,2200,6600,Online
ORD01842,2025-10-01,CUST2241,Keyboard,North,5,65000,325000,Online
ORD01843,2026-07-16,CUST2279,Laptop,East,8,65000,520000,Online
ORD01844,2026-10-25,CUST0208,Monitor,East,7,12500,87500,Retail
ORD01845,2026-05-31,CUST1264,Tablet,West,5,12500,62500,Retail
ORD01846,2026-12-14,CUST2230,Webcam,East,8,4500,36000,Partner
ORD01847,2025-02-01,CUST0457,Headset,North,1,3200,3200,Online
ORD01848,2026-11-24,CUST2059,Tablet,East,1,900,900,Online
ORD01849,2026-10-07,CUST0477,Tablet,East,10,18000,180000,Online
ORD01850,2026-11-11,CUST2917,Tablet,West,4,4500,18000,Retail
ORD01851,2026-06-24,CUST0675,Mouse,West,4,12500,50000,Online
ORD01852,2026-05-30,CUST2115,Mouse,West,7,18000,126000,Retail
ORD01853,2026-01-09,CUST2155,Mouse,North,9,900,8100,Online
ORD01854,2025-12-09,CUST2321,Laptop,North,7,900,6300,Partner
ORD01855,2025-07-10,CUST2896,Headset,South,10,12500,125000,Online
ORD01856,2026-04-02,CUST0478,Mouse,West,1,4500,4500,Retail
ORD01857,2026-05-11,CUST0888,Tablet,South,7,28000,196000,Partner
ORD01858,2026-02-27,CUST1518,Headset,West,9,18000,162000,Partner
ORD01859,2026-06-03,CUST2924,Tablet,West,1,3200,3200,Retail
ORD01860,2026-08-31,CUST1455,Keyboard,East,6,18000,108000,Retail
ORD01861,2026-08-21,CUST2093,Laptop,East,3,4500,13500,Online
ORD01862,2025-09-16,CUST2834,Monitor,West,6,3200,19200,Partner
ORD01863,2025-05-07,CUST0219,Tablet,South,8,18000,144000,Retail
ORD01864,2025-10-26,CUST2208,Mouse,South,7,28000,196000,Retail
ORD01865,2025-04-10,CUST2121,Keyboard,North,10,900,9000,Online
ORD01866,2025-11-22,CUST1295,Printer,East,7,28000,196000,Partner
ORD01867,2026-06-29,CUST0985,Webcam,East,5,4500,22500,Retail
ORD01868,2025-06-20,CUST0016,Keyboard,West,7,28000,196000,Retail
ORD01869,2025-04-21,CUST2980,Mouse,South,6,900,5400,Retail
ORD01870,2025-08-04,CUST0684,Laptop,East,6,900,5400,Partner
ORD01871,2026-07-29,CUST1633,Mouse,East,6,4500,27000,Partner
ORD01872,2025-07-21,CUST1912,Laptop,East,5,,62500,Retail
ORD01873,2025-04-29,CUST0521,Tablet,West,5,28000,140000,Retail
ORD01874,2026-06-01,CUST2558,Laptop,West,8,3200,25600,Partner
ORD01875,2026-04-01,CUST1669,Laptop,West,2,28000,56000,Retail
ORD01876,2026-03-09,CUST1200,Webcam,SOUTH,2,3200,6400,Partner
ORD01877,2026-06-19,CUST0941,Tablet,East,10,900,9000,Online
ORD01878,2026-11-18,CUST1412,Headset,South,10,900,9000,Partner
ORD01879,2025-02-02,CUST1908,Tablet,East,3,3200,9600,ONLINE
ORD01880,2025-09-12,CUST1487,Webcam,West,5,4500,22500,Online
ORD01881,2026-03-20,CUST0518,Laptop,West,7,4500,31500,Online
ORD01882,2025-04-15,CUST1488,Webcam,North,1,900,900,Partner
ORD01883,2025-10-08,CUST2168,Mouse,West,1,900,900,Retail
ORD01884,2026-06-04,CUST2553,Printer,East,10,4500,45000,Retail
ORD01885,2026-10-22,CUST2951,Laptop,North,10,18000,180000,Partner
ORD01886,2025-09-18,CUST1710,Laptop,East,10,12500,125000,Online
ORD01887,2025-05-27,CUST0900,Monitor,North,10,2200,22000,Partner
ORD01888,2026-07-27,CUST0725,Keyboard,North,6,3200,19200,Partner
ORD01889,2026-06-07,CUST1931,Mouse,South,4,12500,50000,Partner
ORD01890,2025-06-11,CUST1382,Keyboard,South,4,2200,8800,Partner
ORD01891,2025-03-12,CUST1539,Printer,West,5,3200,16000,Partner
ORD01892,2026-04-16,CUST2067,Printer,North,9,12500,112500,Partner
ORD01893,2025-09-21,CUST2865,Keyboard,West,7,28000,196000,Online
ORD01894,2025-10-26,CUST2660,Laptop,South,1,3200,3200,Retail
ORD01895,2025-07-14,CUST2536,Webcam,East,8,18000,144000,Partner
ORD01896,2026-11-06,CUST2126,Mouse,South,1,65000,65000,Partner
ORD01897,2026-03-07,CUST0373,Webcam,East,6,28000,168000,Partner
ORD01898,2026-05-18,CUST1533,Keyboard,West,7,3200,22400,Online
ORD01899,2025-10-01,CUST1806,Keyboard,West,9,2200,19800,Partner
ORD01900,2025-11-26,CUST2359,Headset,West,1,4500,4500,Retail
ORD01901,2026-10-29,CUST1288,Laptop,West,8,4500,36000,Partner
ORD01902,2026-06-16,,Printer,West,9,12500,112500,Partner
ORD01903,2025-04-27,CUST0655,Monitor,East,10,28000,280000,Online
ORD01904,2026-04-04,CUST0523,Printer,West,10,4500,45000,Online
ORD01905,2026-11-23,CUST0188,Tablet,North,4,12500,50000,Partner
ORD01906,2026-10-13,CUST0975,Keyboard,West,9,2200,19800,Partner
ORD01907,2026-10-22,CUST0870,Mouse,North,4,900,3600,Partner
ORD01908,2026-07-12,CUST0626,Webcam,East,1,3200,error,Retail
ORD01909,2026-02-21,CUST1380,Printer,South,7,2200,15400,Partner
ORD01910,2026-07-23,CUST2801,Tablet,West,3,2200,6600,Retail
ORD01911,2026-03-26,CUST0056,Mouse,North,7,65000,455000,Retail
ORD01912,2026-03-11,CUST0639,Headset,East,2,4500,9000,Partner
ORD01913,2025-12-15,CUST1782,Laptop,East,6,2200,13200,Partner
ORD01914,2026-12-07,CUST1544,Monitor,South,1,12500,12500,Retail
ORD01915,2025-04-29,CUST0721,Printer,West,2,900,1800,Partner
ORD01916,2025-05-30,CUST1977,Monitor,West,9,18000,162000,Retail
ORD01917,2026-07-18,CUST1858,Mouse,East,10,28000,280000,Partner
ORD01918,2025-06-22,CUST2454,Webcam,East,8,900,7200,Partner
ORD01919,2026-04-21,CUST0774,Mouse,North,10,12500,125000,Online
ORD01920,2025-09-12,CUST0506,Laptop,West,2,18000,36000,Online
ORD01921,2026-10-31,CUST2641,Headset,South,5,4500,22500,Partner
ORD01922,2026-08-24,CUST0016,Webcam,North,2,3200,6400,Partner
ORD01923,2025-01-18,CUST0915,Webcam,East,8,28000,224000,Retail
ORD01924,2026-10-07,CUST1355,Webcam,South,10,4500,45000,Online
ORD01925,2025-01-01,CUST1553,Webcam,West,5,28000,140000,Online
ORD01926,2025-01-24,CUST0815,Mouse,East,4,4500,18000,Partner
ORD01927,2026-08-28,CUST2855,Webcam,East,5,18000,90000,Retail
ORD01928,2025-08-07,CUST1786,Printer,North,5,2200,11000,Online
ORD01929,2026-07-11,CUST1856,Keyboard,West,2,65000,130000,Retail
ORD01930,2026-02-10,CUST0063,Headset,East,3,3200,9600,Retail
ORD01931,2025-10-11,CUST2878,Mouse,West,4,18000,72000,Retail
ORD01932,2026-06-09,CUST0369,Headset,East,8,18000,144000,Partner
ORD01933,2026-10-10,CUST2811,Monitor,South,9,12500,112500,Partner
ORD01934,2026-10-09,CUST0187,Monitor,South,8,18000,144000,Online
ORD01935,2026-02-14,CUST0602,Mouse,West,8,18000,144000,Partner
ORD01936,2026-04-18,CUST2243,Webcam,South,9,28000,252000,partner
ORD01937,2026-04-06,CUST2822,Tablet,West,3,900,2700,Retail
ORD01938,2026-11-03,CUST2201,Printer,North,7,65000,455000,Retail
ORD01939,2026-12-17,CUST2777,Tablet,south,7,65000,455000,Partner
ORD01940,2025-06-13,CUST0638,Laptop,South,8,2200,17600,Online
ORD01941,2025-01-03,CUST2065,Monitor,East,10 units,2200,6600,Partner
ORD01942,2025-01-31,CUST0942,Printer,East,10,900,9000,Retail
ORD01943,2026-12-16,CUST1917,Keyboard,East,1,4500,4500,Partner
ORD01944,2026-12-10,CUST1094,Printer,West,10,2200,22000,Retail
ORD01945,2026-10-07,CUST2186,Headset,West,2,12500,25000,Retail
ORD01946,2025-04-04,CUST0988,Headset,West,3,18000,54000,Retail
ORD01947,2026-11-03,CUST2993,Keyboard,North,9,4500,40500,Partner
ORD01948,2026-10-17,CUST2060,Headset,South,5,900,4500,Partner
ORD01949,2026-02-14,CUST1769,Mouse,South,9,65000,585000,Online
ORD01950,2026-03-13,CUST0193,Printer,West,8,18000,144000,Partner
ORD01951,2026-09-22,CUST2430,Webcam,East,6,28000,168000,Online
ORD01952,2025-02-25,CUST2674,Mouse,West,10,12500,125000,Retail
ORD01953,2026-02-11,CUST1363,Laptop,North,7,18000,126000,Partner
ORD01954,2026-02-06,CUST2424,Printer,North,10,65000,650000,Retail
ORD01955,2025-08-23,CUST2141,Laptop,South,9,3200,28800,Retail
ORD01956,2026-01-27,CUST1513,Headset,East,3,4500,13500,Partner
ORD01957,2025-09-07,CUST0847,Monitor,North,,4500,9000,Online
ORD01958,2026-08-16,CUST0394,Tablet,south,8,3200,25600,Partner
ORD01959,2026-05-20,CUST1537,Monitor,West,5,12500,62500,Partner
ORD01960,2026-01-08,CUST1739,Webcam,South,5,12500,62500,Online
ORD01961,2025-01-03,CUST2386,Mouse,West,5,12500,62500,
ORD01962,2025-05-02,CUST0952,Laptop,East,7,2200,15400,Retail
ORD01963,2026-01-05,CUST1714,Laptop,North,5,65000,325000,Partner
ORD01964,2026-05-03,CUST0030,Monitor,North,5,18000,90000,Partner
ORD01965,2025-03-13,CUST1690,Printer,North,3,65000,195000,Online
ORD01966,2026-10-19,CUST0794,Tablet,South,2,12500,25000,Online
ORD01967,2026-10-21,CUST2601,Laptop,East,2,900,1800,Retail
ORD01968,2025-12-28,CUST2044,Printer,West,7,65000,455000,Partner
ORD01969,2025-03-17,CUST0813,Tablet,East,8,12500,100000,Partner
ORD01970,2025-11-05,CUST1987,Printer,East,1,4500,4500,Retail
ORD01971,2026-04-06,CUST0265,Tablet,South,6,3200,19200,Online
ORD01972,2025-08-24,CUST1944,Mouse,South,8,900,7200,Online
ORD01973,2025-07-30,CUST2127,Mouse,East,6,2200,13200,Retail
ORD01974,2025-06-18,CUST0165,Mouse,East,8,3200,25600,Retail
ORD01975,2025-05-15,CUST2405,Mouse,North,6,12500,75000,Retail
ORD01976,2025-01-04,CUST2586,Webcam,North,1,18000,18000,Retail
ORD01977,2025-08-13,CUST1819,Webcam,East,3,65000,195000,Partner
ORD01978,2026-01-09,CUST0924,Headset,West,2,3200,6400,Partner
ORD01979,2025-10-31,CUST2153,Monitor,East,7,4500,31500,Retail
ORD01980,2026-12-24,CUST1768,Printer,West,9,4500,40500,Retail
ORD01981,2025-05-22,CUST0559,Keyboard,West,2,65000,130000,Online
ORD01982,2026-08-09,CUST0157,Tablet,East,8,900,7200,Retail
ORD01983,2025-09-26,CUST2632,Laptop,North,8,65000,520000,Online
ORD01984,2025-12-24,CUST1958,Mouse,North,5,12500,62500,Partner
ORD01985,2026-11-29,CUST2044,Tablet,East,6,28000,168000,Partner
ORD01986,2025-08-04,CUST2279,Laptop,EAST,4,900,3600,Partner
ORD01987,2025-07-15,CUST2013,Monitor,North,2,3200,6400,Online
ORD01988,2025-05-24,CUST0277,Webcam,South,7,12500,87500,Online
ORD01989,2025-04-02,CUST0407,Laptop,South,1,4500,N/A,Partner
ORD01990,2025-11-16,CUST1052,Mouse,North,10,900,9000,Retail
ORD01991,2026-12-13,CUST0398,Webcam,East,8,65000,520000,Online
ORD01992,2025-04-01,CUST2165,Tablet,South,5,900,4500,Retail
ORD01993,2026-05-07,CUST2368,Laptop,East,7,4500,31500,Retail
ORD01994,2026-08-05,CUST2876,Mouse,North,6,2200,13200,Retail
ORD01995,2025-12-07,CUST2186,Mouse,North,9,12500,112500,Online
ORD01996,2026-07-13,CUST1336,Laptop,South,1,12500,12500,Online
ORD01997,2025-08-16,CUST1030,Webcam,West,7,65000,455000,Retail
ORD01998,2026-05-21,CUST1978,Webcam,North,7,4500,-1000,Retail
ORD01999,2026-08-06,CUST1029,Keyboard,West,10,12500,125000,Partner
ORD02000,2026-09-19,CUST0004,Tablet,South,10,65000,650000,Retail
ORD02001,2025-07-13,CUST0107,Webcam,East,4,18000,72000,Partner
ORD02002,2025-02-28,CUST1077,Keyboard,North,5,4500,22500,Retail
ORD02003,2026-07-08,CUST1154,Mouse,East,9,3200,28800,Online
ORD02004,2026-11-12,CUST2214,,South,2,3200,6400,Online
ORD02005,2026-04-26,CUST1611,Headset,South,7,3200,22400,Partner
ORD02006,2026-11-06,CUST0585,Laptop,North,6,3200,19200,Partner
ORD02007,2025-01-26,CUST0348,Keyboard,East,5,4500,22500,Retail
ORD02008,2025-07-16,CUST2503,Webcam,West,6,65000,390000,Partner
ORD02009,2026-05-13,CUST1994,Laptop,West,7,18000,126000,Partner
ORD02010,2025-08-08,CUST0931,Tablet,West,9,4500,40500,Retail
ORD02011,2026-03-10,CUST0295,Tablet,North,1,18000,18000,Online
ORD02012,2025-11-26,CUST0878,Headset,West,9,28000,252000,Retail
ORD02013,2025-11-05,CUST0872,Keyboard,North,1,18000,18000,Partner
ORD02014,2025-09-26,CUST1452,Headset,East,3,28000,84000,Online
ORD02015,2026-11-03,CUST2449,Printer,East,6,65000,390000,Online
ORD02016,2026-07-25,CUST2268,Keyboard,south,7,3200,22400,Retail
ORD02017,2025-06-08,CUST2252,Printer,East,4,4500,18000,Retail
ORD02018,2025-05-31,CUST2023,Headset,North,1,3200,3200,Retail
ORD02019,2026-04-09,CUST1949,Webcam,South,2,18000,36000,Partner
ORD02020,2026-06-22,CUST0683,Headset,East,6,28000,168000,Retail
ORD02021,2025-11-05,CUST1774,Printer,North,10,2200,22000,Partner
ORD02022,2026-09-26,CUST1159,Tablet,North,2,28000,56000,Partner
ORD02023,2026-10-19,CUST0440,Laptop,North,6,18000,108000,Online
ORD02024,2026-05-01,CUST2362,Laptop,East,2,65000,130000,Online
ORD02025,2026-05-04,CUST1363,Keyboard,East,6,18000,108000,Partner
ORD02026,2025-04-15,CUST0303,Printer,South,8,18000,144000,Partner
ORD02027,2026-01-16,CUST2899,Headset,West,7,18000,126000,Online
ORD02028,2025-08-11,CUST1826,Webcam,South,1,3200,3200,Retail
ORD02029,2026-06-06,CUST2809,Printer,North,2,2200,4400,Retail
ORD02030,2025-08-23,CUST1608,Tablet,South,6,28000,168000,Partner
ORD02031,2026-09-21,CUST1162,Headset,South,7,3200,22400,Partner
ORD02032,2025-05-26,CUST2099,Monitor,South,4,28000,112000,Retail
ORD02033,2026-12-07,CUST1922,Printer,East,5,12500,62500,Retail
ORD02034,2026-06-07,CUST1639,Keyboard,South,6,18000,108000,Online
ORD02035,2026-12-15,CUST2916,Laptop,North,3,65000,195000,Online
ORD02036,2025-07-12,,Webcam,North,3,3200,9600,Online
ORD02037,2026-05-23,CUST0767,Tablet,North,4,3200,12800,Retail
ORD02038,2026-10-15,CUST0202,Mouse, north,1,28000,28000,Online
ORD02039,2026-01-31,CUST2034,Printer,West,3,900,2700,Online
ORD02040,2026-01-27,CUST0015,Headset,West,9,65000,585000,Retail
ORD02041,2026-11-12,CUST1645,Mouse,North,4,2200,8800,Retail
ORD02042,2025-12-24,CUST0326,Laptop,SOUTH,3,28000,84000,Retail
ORD02043,2026-10-07,CUST0227,Keyboard,South,9,3200,28800,Retail
ORD02044,2026-08-06,CUST2718,Laptop,North,8,900,7200,ONLINE
ORD02045,2026-09-06,CUST2394,Mouse,East,4,18000,72000,Retail
ORD02046,2026-09-30,CUST1401,Headset,South,7,3200,22400,Retail
ORD02047,2025-08-02,CUST2928,Tablet,West,3,2200,6600,Retail
ORD02048,2026-04-05,CUST1563,Webcam,West,5,65000,325000,Retail
ORD02049,2025-11-06,CUST1115,Printer,South,4,4500,18000,Online
ORD02050,2026-02-09,CUST1616,Monitor,East,1,900,900,Retail
ORD02051,2026-11-19,CUST0864,Laptop,North,9,4500,40500,Retail
ORD02052,2026-01-17,CUST0143,Laptop,West,2,12500,25000,Partner
ORD02053,2026-03-31,CUST2239,Tablet,South,9,3200,28800,Online
ORD02054,2025-08-08,CUST0123,Tablet,East,2,2200,4400,Online
ORD02055,2025-09-09,CUST2382,,North,4,900,3600,Online
ORD02056,2026-03-13,CUST2989,Monitor,South,6,12500,75000,Online
ORD02057,2025-07-07,CUST1170,Keyboard,East,8,2200,17600,Retail
ORD02058,2026-08-12,CUST2710,Mouse,East,7,2200,15400,Partner
ORD02059,2025-07-07,CUST2961,Laptop,West,1,12500,12500,Partner
ORD02060,2025-01-31,CUST1440,Monitor,South,5,4500,22500,Retail
ORD02061,2026-11-04,CUST2771,Monitor,East,7,18000,126000,Retail
ORD02062,2025-09-14,CUST0017,Mouse,East,9,4500,40500,Online
ORD02063,2025-02-21,CUST2570,Printer,South,8,3200,25600,Online
ORD02064,2026-11-16,CUST0496,Laptop,North,6,900,5400,Partner
ORD02065,2025-12-13,CUST2467,Webcam,West,7,4500,31500,Partner
ORD02066,2026-08-11,CUST1455,Mouse,South,,900,,ONLINE
ORD02067,2025-08-18,CUST2609,Printer,South,3,3200,9600,Retail
ORD02068,2025-10-01,CUST1787,Keyboard,West,4,900,3600,Online
ORD02069,2025-06-16,CUST0055,Keyboard,North,1,3200,3200,Retail
ORD02070,2026-12-30,CUST1788,Tablet,East,6,12500,75000,Retail
ORD02071,2026-05-04,CUST2378,Printer,East,4,4500,18000,Partner
ORD02072,2026-07-25,CUST0401,Headset,North,5,18000,90000,Partner
ORD02073,2025-11-12,CUST0789,Tablet,South,3,3200,9600,Retail
ORD02074,2025-01-08,CUST2521,Headset,South,5,28000,140000,Retail
ORD02075,2025-07-23,CUST1309,Monitor,North,2,900,1800,Retail
ORD02076,2026-01-23,CUST1990,Monitor,South,7,4500,31500,Partner
ORD02077,2025-07-18,CUST2336,Printer,South,6,12500,75000,Partner
ORD02078,2025-07-24,CUST0839,Headset,West,7,28000,196000,Retail
ORD02079,2026-03-10,CUST2817,Tablet,West,2,4500,9000,Retail
ORD02080,2025-05-13,CUST2894,Keyboard,North,7,18000,126000,Retail
ORD02081,2026-09-11,CUST2162,Headset,East,1,65000,65000,Retail
ORD02082,2025-10-30,CUST2355,Laptop,East,10,2200,22000,Retail
ORD02083,2026-05-22,CUST2922,Monitor,East,10,12500,125000,Partner
ORD02084,2026-10-06,CUST0887,Tablet,East,7,12500,87500,Partner
ORD02085,2026-11-11,CUST0751,Webcam,North,6,2200,13200,Online
ORD02086,2025-02-03,CUST2127,Printer,East,5,2200,11000,Retail
ORD02087,2026-04-29,CUST2330,Keyboard,East,8,3200,25600,Online
ORD02088,2026-11-20,CUST1183,Monitor,West,2,900,1800,Partner
ORD02089,2025-01-27,CUST1828,Keyboard,West,7,18000,126000,Online
ORD02090,2026-12-23,CUST1012,Mouse,North,2,18000,36000,Online
ORD02091,2026-04-09,CUST1317,Monitor,West,9,2200,19800,Online
ORD02092,2026-09-22,CUST2845,Mouse,South,6,2200,13200,Partner
ORD02093,2025-10-05,CUST0305,Tablet,South,8,18000,144000,Retail
ORD02094,2026-12-17,CUST0253,Printer,West,5,65000,325000,Partner
ORD02095,2025-10-11,CUST0827,Mouse,North,3,2200,6600,Online
ORD02096,2025-06-29,CUST2290,Webcam,North,4,65000,260000,Retail
ORD02097,2026-07-26,CUST0184,Mouse,North,2,18000,36000,Online
ORD02098,2025-05-15,CUST2742,Headset,East,5,900,4500,Retail
ORD02099,2026-05-06,CUST2277,Printer,West,5,28000,140000,Retail
ORD02100,2025-02-11,CUST1529,Webcam,South,2,900,1800,Retail
ORD02101,2026-01-26,CUST1392,Webcam,South,3,3200,9600,Retail
ORD02102,2025-08-20,CUST1719,Tablet,North,9,18000,162000,Retail
ORD02103,2025-03-26,CUST0999,Mouse,West,,65000,455000,Online
ORD02104,2026-10-25,CUST0593,Headset,South,9,28000,252000,Partner
ORD02105,2025-07-15,CUST0128,Headset,South,2,28000,56000,Partner
ORD02106,2026-05-30,CUST1467,Printer,South,1,900,900,Retail
ORD02107,2026-05-10,CUST0809,Webcam,East,6,4500,27000,Partner
ORD02108,2025-08-14,CUST0904,Mouse,South,4,2200,8800,Online
ORD02109,2025-08-21,CUST0405,Keyboard,East,3,3200,9600,Online
ORD02110,2025-05-23,CUST0637,Monitor,West,2,65000,130000,Online
ORD02111,2025-09-15,CUST1678,Keyboard,West,10,65000,650000,Online
ORD02112,2025-12-23,CUST2038,Webcam,South,2,2200,4400,Retail
ORD02113,2025-12-21,CUST0582,Mouse,South,8,18000,144000,Online
ORD02114,2025-10-14,CUST2196,Printer,West,8,12500,100000,Online
ORD02115,2026-01-28,CUST1030,Printer,South,5,28000,140000,Retail
ORD02116,2025-06-18,CUST0413,Printer,West,-1,65000,390000,Retail
ORD02117,2025-11-30,CUST1123,Laptop,East,7,2200,15400,Online
ORD02118,2026-11-27,CUST1480,Keyboard,North,2,18000,36000,Retail
ORD02119,2025-04-17,CUST2320,Keyboard,South,1,12500,12500,Partner
ORD02120,2025-01-29,CUST0607,Headset,West,6,3200,19200,Retail
ORD02121,2025-09-06,CUST1462,Keyboard,West,5,900,4500,Retail
ORD02122,2026-12-11,CUST0441,Tablet,North,2,28000,56000,Partner
ORD02123,2025-03-07,CUST0849,Laptop,East,3,28000,84000,Partner
ORD02124,2026-10-13,CUST0394,Keyboard,North,7,4500,31500,Partner
ORD02125,2025-08-04,CUST2452,Webcam,South,6,900,5400,Online
ORD02126,2025-01-08,CUST0309,Mouse,North,9,12500,112500,Partner
ORD02127,2025-04-03,CUST2133,Tablet,North,8,18000,144000,Partner
ORD02128,2026-05-01,CUST1035,Mouse,East,1,28000,28000,Online
ORD02129,2026-10-03,CUST0239,Keyboard,East,10,3200,32000,Retail
ORD02130,2025-05-24,CUST1172,Monitor,North,8,65000,520000,Retail
ORD02131,2026-05-07,CUST1103,Webcam,South,7,4500,31500,Partner
ORD02132,2026-08-19,CUST2553,Printer,East,7,4500,31500,Partner
ORD02133,2026-01-23,CUST1971,Webcam,West,10,12500,125000,Online
ORD02134,2026-02-24,CUST1381,Mouse,North,10,18000,180000,Online
ORD02135,2026-10-02,CUST2488,Laptop,South,5,12500,62500,Retail
ORD02136,2025-03-04,CUST2295,Keyboard,South,3,65000,195000,Retail
ORD02137,2026-02-16,CUST1132,Monitor,South,2,3200,6400,Online
ORD02138,2025-08-20,CUST0848,Monitor,North,1,,18000,Online
ORD02139,2025-07-03,CUST1599,Printer,South,4,18000,72000,Partner
ORD02140,2025-01-15,CUST1311,Webcam,North,6,28000,168000,Partner
ORD02141,2026-07-28,CUST2389,Laptop,West,4,18000,72000,Retail
ORD02142,2026-11-28,CUST2985,Tablet,South,1,28000,28000,Online
ORD02143,2025-06-27,CUST1197,Laptop,East,4,18000,72000,Partner
ORD02144,2025-12-16,CUST0257,Printer,East,9,65000,585000,Partner
ORD02145,2026-04-25,CUST0454,Webcam,South,6,900,5400,Retail
ORD02146,2025-09-09,CUST1963,Printer,South,6,2200,13200,Partner
ORD02147,2026-05-02,CUST1428,Monitor,North,9,28000,252000,Partner
ORD02148,2026-02-06,CUST0443,Tablet,West,2,65000,130000,Retail
ORD02149,2026-03-22,CUST2783,Mouse,South,4,12500,50000,Partner
ORD02150,2026-01-02,CUST2846,Laptop,West,9,28000,252000,Online
ORD02151,2025-12-01,CUST1257,Laptop,East,3,900,2700,Retail
ORD02152,2025-03-30,CUST0691,laptop,East,10,-500,280000,Partner
ORD02153,2025-04-18,CUST1093,Headset,South,6,12500,75000,Retail
ORD02154,2025-02-20,CUST1703,Tablet,East,5,28000,140000,Online
ORD02155,2025-10-06,CUST0287,Headset,North,3,3200,9600,Partner
ORD02156,2026-02-28,CUST2986,Monitor,South,7,2200,15400,Partner
ORD02157,2026-05-23,CUST1863,Tablet,West,10,4500,45000,Partner
ORD02158,2026-03-21,CUST2458,Laptop,West,8,12500,100000,Online
ORD02159,2026-11-23,CUST2740,Printer,South,4,28000,112000,Partner
ORD02160,2025-02-10,CUST0687,Monitor,East,3,2200,6600,Retail
ORD02161,2026-05-01,CUST0674,Laptop,South,4,3200,12800,Partner
ORD02162,2025-07-26,CUST1167,Webcam,South,8,900,7200,Online
ORD02163,2025-11-13,CUST1504,Tablet,West,9,900,8100,Retail
ORD02164,2025-12-22,CUST1175,Tablet,West,9,65000,585000,Partner
ORD02165,2025-08-14,CUST0052,Mouse,West,9,3200,28800,Online
ORD02166,2026-02-06,CUST2741,Headset,South,4,,18000,Partner
ORD02167,2025-01-02,CUST2439,Headset,South,10,2200,22000,Partner
ORD02168,2026-07-31,,Webcam,East,6,3200,19200,Partner
ORD02169,2026-04-02,CUST1116,Laptop,West,10,12500,125000,Retail
ORD02170,2025-11-10,CUST1924,Printer,North,7,18000,126000,Partner
ORD02171,2026-04-17,CUST2835,Keyboard,East,2,28000,56000,Partner
ORD02172,2026-05-24,CUST2112,Tablet,North,8,4500,36000,Partner
ORD02173,2026-02-25,CUST2191,Laptop,West,2,4500,9000,Online
ORD02174,2026-03-08,CUST0325,Tablet,West,7,900,,Retail
ORD02175,2026-03-07,CUST1561,Tablet,West,4,18000,72000,Partner
ORD02176,2026-10-11,CUST0447,Monitor,South ,10,18000,180000,Partner
ORD02177,2025-03-13,CUST2489,Monitor,West,6,18000,108000,Partner
ORD02178,2026-02-15,CUST1380,Monitor,East,7,28000,196000,Partner
ORD02179,2025-07-09,CUST2346,Laptop,South,8,12500,100000,Online
ORD02180,2025-10-26,CUST2860,Printer,South,2,18000,36000,Partner
ORD02181,2026-11-10,CUST2666,Laptop,West,9,900,8100,Online
ORD02182,2025-04-19,CUST0092,Laptop,East,6,28000,168000,Online
ORD02183,2026-04-18,CUST1485,Printer,West,6,2200,13200,Retail
ORD02184,2025-10-28,CUST2579,Keyboard,North,9,18000,162000,Online
ORD02185,2026-03-12,CUST2372,,North,5,900,4500,Partner
ORD02186,2025-12-19,CUST2309,Headset,West,10,2200,22000,Retail
ORD02187,2025-11-28,CUST0799,Mouse,West,2,900,,Partner
ORD02188,2026-02-01,CUST2448,Laptop,North,5,900,4500,Partner
ORD02189,2026-01-13,CUST1878,Monitor,East,9,28000,252000,Online
ORD02190,2026-12-03,CUST0274,Webcam,South,9,28000,252000,Retail
ORD02191,2025-04-24,CUST0249,Laptop,West,9,2200,19800,Online
ORD02192,2026-06-12,CUST1107,Keyboard,East,5,18000,90000,Online
ORD02193,2026-07-13,CUST1521,Keyboard,West,8,12500,100000,Partner
ORD02194,2025-06-01,CUST2981,Keyboard,East,5,4500,22500,Partner
ORD02195,2026-04-09,CUST2710,Tablet,West,10,65000,650000,Retail
ORD02196,2026-08-07,CUST2527,Laptop,North,N/A,3200,16000,Partner
ORD02197,2025-01-27,CUST0277,Webcam,North,5,2200,11000,Retail
ORD02198,2025-08-29,CUST0210,Monitor,East,9,18000,162000,Retail
ORD02199,2025-10-14,CUST1188,Tablet,North,6,3200,19200,Partner
ORD02200,2026-06-27,CUST1021,Laptop,North,5,3200,16000,Online
ORD02201,2026-08-16,CUST1978,Keyboard,South,6,28000,168000,Retail
ORD02202,2025-01-22,CUST1547,Keyboard,West,8,18000,144000,Online
ORD02203,2025-06-27,CUST2798,Monitor,North,6,65000,390000,Online
ORD02204,2026-11-08,CUST2618,Laptop,West,7,18000,126000,Partner
ORD02205,2026-06-14,CUST1367,Keyboard,East,7,900,6300,Online
ORD02206,2025-09-04,CUST2021,Laptop,West,4,18000,72000,Online
ORD02207,2025-06-12,CUST0469,Printer,West,5,18000,90000,Retail
ORD02208,2025-03-05,CUST0742,Monitor,West,1,4500,4500,Online
ORD02209,2025-03-02,CUST0209,Laptop,North,5,65000,325000,Online
ORD02210,2026-04-30,CUST2433,Printer,South,2,28000,56000,Retail
ORD02211,2026-12-21,CUST2503,Mouse,East,9,900,8100,Online
ORD02212,2025-09-28,CUST2902,Printer,North,8,3200,25600,Retail
ORD02213,2026-05-15,CUST1569,,East,6,3200,19200,Online
ORD02214,2025-12-16,CUST1140,Keyboard,West,1,18000,18000,Partner
ORD02215,2025-08-08,CUST1100,Keyboard,North,4,28000,112000,Retail
ORD02216,2026-02-07,CUST1292,Mouse,South,10,65000,650000,Online
ORD02217,2026-03-08,CUST2346,Keyboard,South,7,65000,455000,Online
ORD02218,2026-07-19,CUST0797,Laptop,East,6,12500,75000,Online
ORD02219,2025-12-02,CUST2755,Monitor,South,10,4500,45000,Online
ORD02220,2025-08-10,CUST2987,Headset,North,8,,36000,Online
ORD02221,2026-03-08,CUST1345,Mouse,South,9,900,8100,Partner
ORD02222,2025-12-25,CUST2609,Monitor,South,9,18000,162000,Retail
ORD02223,2026-11-03,CUST2635,Tablet,East,6,28000,168000,Online
ORD02224,2026-03-24,CUST0806,Keyboard,East,1,3200,3200,Online
ORD02225,2025-06-21,CUST0154,Mouse,North,1,65000,65000,Retail
ORD02226,2025-11-26,CUST0542,,North,10,65000,650000,Retail
ORD02227,2025-01-12,CUST0503,Keyboard,East,5,18000,90000,Partner
ORD02228,2026-01-18,CUST0220,,West,8,3200,25600,Online
ORD02229,2026-04-25,CUST1655,Laptop,East,9,18000,162000,Retail
ORD02230,2025-03-16,CUST0873,Tablet,North,1,2200,2200,Online
ORD02231,2026-07-31,CUST2484,Keyboard,East,2,2200,4400,Online
ORD02232,2026-02-21,CUST2169,Tablet,East,10,2200,22000,Partner
ORD02233,2025-07-20,CUST1134,Headset,South,8,28000,224000,Retail
ORD02234,2026-06-19,CUST1300,Laptop,East,10,12500,125000,Partner
ORD02235,2026-08-04,CUST1115,Tablet,East,10,2200,22000,Retail
ORD02236,2026-06-15,CUST1179,Keyboard,West,4,65000,260000,Online
ORD02237,2026-06-02,CUST2408,Headset,East,5,18000,90000,Retail
ORD02238,2025-12-02,CUST0247,Printer,East,9,12500,112500,Partner
ORD02239,2025-10-30,CUST2452,Printer,,8,18000,144000,Retail
ORD02240,2026-10-05,CUST0658,Webcam,North,8,18000,144000,Online
ORD02241,2026-10-17,CUST2641,Laptop,South,2,18000,36000,Retail
ORD02242,2026-11-09,CUST1874,Mouse,West,8,900,7200,Retail
ORD02243,2025-04-15,CUST1394,Tablet,East,6,12500,75000,Retail
ORD02244,2026-04-12,CUST2149,Printer,North,5,28000,140000,Partner
ORD02245,2026-07-19,CUST1255,Printer,West,6,12500,75000,Retail
ORD02246,2026-06-21,CUST2301,Tablet,South,5,2200,11000,Partner
ORD02247,2025-12-19,CUST0691,Webcam,East,2,28000,56000,Retail
ORD02248,2025-01-07,CUST2814,Laptop,South,1,4500,4500,Online
ORD02249,2026-12-22,CUST0987,Laptop,West,6,12500,75000,Partner
ORD02250,2025-03-23,CUST1823,Webcam,North,6,4500,27000,Retail
ORD02251,2025-10-23,CUST2573,Laptop,East,10,65000,650000,Partner
ORD02252,2026-11-09,CUST1598,Mouse,West,4,3200,12800,Online
ORD02253,2026-07-15,CUST2473,Headset,,8,18000,144000,Partner
ORD02254,2025-02-24,CUST2272,Keyboard,South,8,28000,224000,Online
ORD02255,2026-02-14,CUST1328,Webcam,North,3,2200,6600,Retail
ORD02256,2026-07-15,CUST2302,Webcam,East,1,900,900,Retail
ORD02257,2025-12-03,CUST2884,Laptop,East,9,28000,252000,Partner
ORD02258,2025-09-28,CUST2555,Monitor,South ,9,65000,585000,Retail
ORD02259,2026-02-09,CUST2752,Keyboard,West,5,12500,62500,Retail
ORD02260,2026-03-27,CUST2334,Laptop,West,2,18000,36000,Partner
ORD02261,2025-08-28,CUST1138,Headset,East,3,18000,54000,Retail
ORD02262,2026-07-27,CUST1618,Printer,East,9,4500,40500,Online
ORD02263,2025-10-25,CUST2235,Monitor,South,9,900,8100,Partner
ORD02264,2026-05-03,CUST2961,Mouse,North,9,4500,40500,Retail
ORD02265,2025-01-28,CUST1288,Keyboard,South,1,eighteen thousand,12500,Online
ORD02266,2026-01-28,CUST0705,Monitor,East,8,12500,100000,Online
ORD02267,2025-05-06,CUST2747,Printer,North,2,3200,6400,Online
ORD02268,2025-02-17,CUST1966,Keyboard,North,4,3200,12800,Retail
ORD02269,2025-04-05,CUST0695,Mouse,West,3,65000,195000,Partner
ORD02270,2026-01-30,CUST1718,Mouse,North,8,2200,17600,Online
ORD02271,2026-08-16,CUST0609,Mouse,North,9,18000,162000,Online
ORD02272,2026-11-28,CUST0443,Keyboard,East,9,900,8100,Retail
ORD02273,2025-06-17,CUST1891,Laptop,South,4,2200,8800,Online
ORD02274,2025-11-23,CUST0667,Keyboard,North,10,3200,32000,Online
ORD02275,2025-10-29,CUST2684,Headset,East,7,12500,87500,Online
ORD02276,2026-03-19,CUST1504,Mouse,West,8,28000,224000,Online
ORD02277,2026-11-18,CUST0102,,East,7,900,6300,Partner
ORD02278,2025-12-25,CUST2554,Tablet,West,1,3200,3200,Partner
ORD02279,2026-12-22,CUST0823,Tablet,East,6,18000,108000,Online
ORD02280,2025-09-27,CUST0594,Laptop,West,5,4500,22500,Retail
ORD02281,2025-05-21,CUST1180,Laptop,South,2,18000,36000,Retail
ORD02282,2026-09-23,CUST0978,Keyboard,North,10,18000,180000,Online
ORD02283,2026-01-01,CUST1623,Printer,North,,,6600,Online
ORD02284,2025-08-09,CUST2744,Monitor,West,4,12500,50000,Retail
ORD02285,2026-09-08,CUST2064,Webcam,East,2,4500,9000,Partner
ORD02286,2026-08-11,CUST0890,Headset,East,3,4500,13500,Online
ORD02287,2025-09-21,CUST0198,Webcam,West,9,65000,585000,Online
ORD02288,2025-04-10,CUST1065,Mouse,East,8,900,7200,Online
ORD02289,2026-12-28,CUST1225,Keyboard,North,4,2200,8800,Online
ORD02290,2026-02-19,CUST0952,Headset,West,1,900,900,Online
ORD02291,2025-04-18,CUST1662,Tablet,South,1,2200,2200,Partner
ORD02292,2025-09-20,CUST1692,Mouse,East,4,900,3600,Retail
ORD02293,2025-11-21,CUST2085,Headset,West,5,4500,22500,Retail
ORD02294,2026-04-21,CUST0306,Keyboard,North,4,65000,260000,Partner
ORD02295,2025-10-27,CUST1803,Printer,North,5,3200,16000,Online
ORD02296,2025-01-31,CUST0114,Mouse,West,3,3200,9600,Online
ORD02297,2025-03-23,CUST1390,Mouse,East,9,2200,19800,Online
ORD02298,2026-07-19,CUST1988,Mouse,West,5,2200,11000,Retail
ORD02299,2026-01-20,CUST1551,Monitor,South,10,900,9000,Retail
ORD02300,2025-01-10,CUST0381,Headset,East,4,18000,72000,Retail
ORD02301,2025-06-22,CUST0369,Mouse,East,1,65000,65000,Retail
ORD02302,2026-04-13,CUST0672,Mouse,East,4,2200,8800,Retail
ORD02303,2025-12-01,CUST2812,Webcam,North,5,12500,62500,Online
ORD02304,2025-08-02,CUST2459,Monitor,South,4,28000,112000,Retail
ORD02305,2026-03-03,CUST0636,Tablet,East,9,4500,40500,Online
ORD02306,2026-04-28,CUST1467,Monitor,North,2,12500,25000,Partner
ORD02307,2026-07-01,CUST0723,Webcam,South,9,12500,112500,Online
ORD02308,2025-12-24,CUST2492,Webcam,West,8,900,7200,Partner
ORD02309,2025-03-02,CUST1421,Printer,East,10,2200,22000,Retail
ORD02310,2026-09-02,CUST0764,Tablet,South,10,65000,650000,Retail
ORD02311,2026-07-28,CUST2426,Printer,South,1,900,900,Online
ORD02312,2025-01-03,CUST0716,Headset,South,7,28000,196000,Partner
ORD02313,2025-09-15,CUST2695,Monitor,North,5,65000,325000,Online
ORD02314,2026-05-21,CUST1366,Headset,East,6,2200,13200,Retail
ORD02315,2025-03-06,CUST0127,Monitor,West,10,4500,45000,Retail
ORD02316,2026-07-05,CUST2444,Keyboard,West,5,2200,11000,Partner
ORD02317,2026-04-27,CUST1513,Headset,South,1,4500,4500,Retail
ORD02318,2025-01-24,CUST1730,Headset,East,4,18000,72000,Retail
ORD02319,2025-12-05,CUST2205,Printer,South,6,4500,27000,Retail
ORD02320,2026-02-06,CUST0926,Tablet,East,9,4500,40500,Online
ORD02321,2025-11-25,CUST1422,Monitor,North,7,28000,196000,Partner
ORD02322,2025-02-26,CUST1917,Printer,East,4,2200,8800,Online
ORD02323,2026-08-15,CUST0627,Monitor,North,6,65000,390000,Online
ORD02324,2025-11-24,CUST0424,Tablet,East,9,18000,162000,Online
ORD02325,2026-01-15,CUST0922,Keyboard,South,4,12500,50000,
ORD02326,2026-03-02,CUST1144,Headset,West,3,65000,195000,Online
ORD02327,2026-07-06,CUST2569,Laptop,West,5,28000,140000,Partner
ORD02328,2025-07-04,CUST2966,Laptop,South,3,2200,6600,Retail
ORD02329,2025-05-13,CUST0690,Tablet,North,9,900,8100,Partner
ORD02330,2025-09-18,CUST1944,Keyboard,West,9,4500,40500,Retail
ORD02331,2025-05-08,CUST2453,Mouse,South,4,900,3600,Online
ORD02332,2026-02-28,CUST0349,Webcam,West,2,28000,56000,Partner
ORD02333,2026-07-11,CUST2523,Laptop,South,3,18000,54000,Retail
ORD02334,2025-12-02,CUST2462,Keyboard,South,5,2200,11000,Partner
ORD02335,2025-09-13,CUST1532,Headset,East,8,18000,144000,Partner
ORD02336,2025-10-05,CUST2140,Webcam,South,7,18000,126000,Retail
ORD02337,2026-11-15,CUST2004,Webcam,East,7,4500,31500,Retail
ORD02338,2025-06-27,CUST1596,Mouse,West,5,65000,325000,Retail
ORD02339,2025-12-28,CUST2949,Webcam,West,2,4500,9000,Online
ORD02340,2025-03-24,CUST0079,Headset,West,5,65000,325000,Online
ORD02341,2026-02-10,CUST2942,Laptop,South,4,65000,260000,Online
ORD02342,2026-01-10,CUST0369,Webcam,West,7,3200,22400,Partner
ORD02343,2026-01-03,CUST1964,Monitor,East,2,4500,9000,Retail
ORD02344,2026-11-21,CUST0714,Tablet,South,5,3200,16000,Online
ORD02345,2025-12-29,CUST0239,Mouse,West,2,3200,6400,Online
ORD02346,2025-07-31,CUST0020,Monitor,South,10,3200,32000,Online
ORD02347,2025-06-30,CUST2393,Headset,East,6,900,5400,Retail
ORD02348,2025-06-13,CUST1791,Mouse,East,5,12500,62500,Retail
ORD02349,2025-08-09,CUST1188,Webcam,North,3,18000,54000,Online
ORD02350,2025-09-25,CUST1162,Webcam,North,7,65000,455000,Partner
ORD02351,2025-10-19,CUST2356,Tablet,West,9,65000,585000,Online
ORD02352,2026-01-28,CUST2083,Mouse,West,unknown,3200,6400,Retail
ORD02353,2025-12-26,CUST2194,Mouse,East,10,900,9000,Online
ORD02354,2026-07-20,CUST0706,Keyboard,East,1,12500,12500,Retail
ORD02355,2025-01-15,CUST1624,Headset,North,7,2200,15400,Online
ORD02356,2025-06-13,CUST2655,Headset,North,5,900,4500,Retail
ORD02357,2026-01-24,CUST0359,Monitor,North,8,900,7200,Partner
ORD02358,2026-03-01,CUST1292,Headset,East,4,28000,112000,Partner
ORD02359,2025-07-17,CUST1666,Laptop,East,9,28000,252000,Online
ORD02360,2026-08-17,CUST1833,Headset,East,3,3200,9600,Retail
ORD02361,2025-03-18,CUST1935,Tablet,West,7,3200,22400,Retail
ORD02362,2025-03-12,CUST2009,Tablet,East,8,28000,224000,Online
ORD02363,2025-04-20,CUST1741,Laptop,East,8,4500,36000,Partner
ORD02364,2025-07-04,CUST0333,Headset,West,5,65000,325000,Partner
ORD02365,2026-07-31,CUST1315,Keyboard,North,9,900,8100,Retail
ORD02366,2026-03-19,CUST0185,Headset,West,8,900,7200,Partner
ORD02367,2025-08-20,CUST1287,Webcam,North,4,18000,72000,Online
ORD02368,2026-08-10,CUST1174,Tablet,North,3,12500,37500,Online
ORD02369,2025-05-06,CUST0383,Laptop,South,6,4500,27000,Retail
ORD02370,2025-02-20,CUST2815,Keyboard,North,unknown,2200,22000,Retail
ORD02371,2025-01-10,CUST2000,Printer,West,1,900,900,Partner
ORD02372,2025-10-04,CUST0932,Webcam,South,7,18000,126000,Retail
ORD02373,2026-08-01,CUST0354,Laptop,South,9,900,8100,Partner
ORD02374,2026-09-15,CUST1381,Mouse,East,5,3200,16000,Retail
ORD02375,2026-11-19,CUST2508,Headset,West,10,2200,22000,Partner
ORD02376,2025-06-16,CUST2502,Headset,North,3,2200,6600,Retail
ORD02377,2025-12-25,CUST0572,Mouse,West,3,28000,84000,Retail
ORD02378,2025-08-28,CUST2446,Tablet,East,9,65000,585000,Partner
ORD02379,2025-11-19,CUST1287,Webcam,North,8,3200,25600,Partner
ORD02380,2026-10-09,CUST1954,Laptop,East,7,3200,22400,Online
ORD02381,2026-05-27,CUST2724,Webcam,East,4,65000,260000,Retail
ORD02382,2025-08-01,CUST1954,Headset,South,9,2200,19800,Retail
ORD02383,2026-09-03,CUST2450,Laptop,North,4,2200,8800,Online
ORD02384,2025-04-21,CUST2575,Monitor,West,1,2200,2200,Retail
ORD02385,2025-02-06,CUST1057,Laptop,South,7,12500,87500,Partner
ORD02386,2026-10-06,CUST0685,Laptop,North,2,2200,4400,Retail
ORD02387,2025-07-10,CUST1790,Webcam,West,10,4500,45000,Partner
ORD02388,2025-10-27,CUST0474,Keyboard,South,1,65000,65000,Retail
ORD02389,2025-09-20,CUST2539,Laptop,East,9,18000,162000,Retail
ORD02390,2025-09-25,CUST1677,Laptop,West,4,3200,12800,Online
ORD02391,2025-04-16,CUST0199,Headset,West,10,900,9000,Online
ORD02392,2025-12-25,CUST0698,Webcam,North,2,2200,4400,
ORD02393,2025-08-22,CUST0883,Keyboard,North,10,900,9000,Partner
ORD02394,2025-03-15,CUST1100,Keyboard,East,6,900,5400,Retail
ORD02395,2026-11-29,CUST2316,Webcam,North,6,12500,75000,Online
ORD02396,2025-05-12,CUST2596,Headset,West,10,2200,22000,Partner
ORD02397,2026-10-07,CUST1679,Webcam,North,7,2200,15400,Online
ORD02398,2025-10-22,CUST0503,Mouse,East,3,18000,54000,Partner
ORD02399,2026-10-31,CUST2883,Printer,West,1,12500,12500,Partner
ORD02400,2026-08-14,CUST2973,Tablet,East,1,4500,4500,Partner
ORD02401,2025-03-01,CUST0282,Keyboard,North,2,4500,9000,Partner
ORD02402,2026-02-25,CUST0422,Tablet,West,1,4500,4500,Retail
ORD02403,2025-11-29,CUST2274,Headset,South,8,3200,25600,Partner
ORD02404,2026-06-21,CUST2774,Printer,East,5,4500,22500,Retail
ORD02405,2025-06-22,CUST2972,Printer,South,4,28000,112000,Partner
ORD02406,2025-04-16,CUST0262,Keyboard,South,8,18000,144000,Partner
ORD02407,2026-01-14,CUST0691,Laptop,North,7,2200,15400,Online
ORD02408,not a date,CUST0886,Printer,North,5,3200,16000,Retail
ORD02409,2025-03-11,CUST2415,Monitor,West,6,18000,108000,Partner
ORD02410,2026-06-01,CUST0206,Tablet,East,5,4500,22500,Online
ORD02411,2026-01-31,CUST0430,Mouse,West,4,2200,8800,Partner
ORD02412,2025-01-24,CUST0176,Keyboard,North,3,28000,84000,Retail
ORD02413,2025-06-10,CUST1130,Tablet,South,7,65000,455000,Retail
ORD02414,2025-07-03,CUST1710,Webcam,South,2,28000,56000,Partner
ORD02415,2026-01-17,CUST0060,Headset,East,7,4500,31500,Partner
ORD02416,2026-10-06,CUST2378,Webcam,East,1,65000,65000,Partner
ORD02417,2026-04-25,CUST2754,Printer,East,10,2200,22000,Retail
ORD02418,2025-04-01,CUST0775,Webcam,East,7,4500,31500,Online
ORD02419,2026-01-22,CUST1011,Mouse,West,5,2200,11000,Online
ORD02420,2025-07-13,CUST1795,Webcam,South,2,18000,36000,Retail
ORD02421,2026-05-23,CUST1252,,South,7,28000,196000,Partner
ORD02422,2025-10-13,CUST0335,Monitor,South,8,65000,520000,Retail
ORD02423,2025-12-01,CUST2256,Mouse,West,2,18000,36000,Online
ORD02424,2025-01-16,CUST0600,Keyboard,East,1,4500,4500,Partner
ORD02425,2026-11-09,CUST1633,Webcam,East,10,18000,180000,Partner
ORD02426,2025-04-01,CUST2426,Laptop,South,9,28000,252000,Retail
ORD02427,2025-12-15,CUST0105,Laptop,North,8,4500,36000,Partner
ORD02428,2026-12-16,CUST1360,Webcam,East,7,900,6300,Partner
ORD02429,2025-01-12,CUST2851,Monitor,West,8,3200,25600,Retail
ORD02430,2026-06-12,CUST2978,Webcam,North,3,2200,6600,Online
ORD02431,2026-12-05,CUST1554,Keyboard,South,8,65000,520000,Online
ORD02432,2026-08-28,CUST2187,Laptop,East,10,4500,45000,Online
ORD02433,2026-04-30,CUST2079,Tablet,North,9,65000,585000,Online
ORD02434,2026-09-13,,Keyboard,South,4,12500,50000,Online
ORD02435,2025-07-13,CUST0718,Laptop,South,3,65000,195000,Partner
ORD02436,2026-11-17,CUST1805,Tablet,East,2,4500,9000,Partner
ORD02437,2026-06-09,CUST2298,Printer,North,4,28000,112000,Retail
ORD02438,2026-06-03,CUST0341,Keyboard,East,9,28000,252000,Retail
ORD02439,2026-06-24,CUST2929,Headset,West,1,4500,4500,Online
ORD02440,2025-12-10,CUST0317,Mouse,South,5,65000,325000,Retail
ORD02441,2026-09-02,CUST1719,Headset,West,9,900,8100,Retail
ORD02442,2026-12-27,CUST0132,Printer,West,5,900,4500,Online
ORD02443,2025-10-01,CUST0934,Tablet,North,8,4500,36000,Partner
ORD02444,2025-12-14,CUST2244,Headset,South,2,4500,9000,Online
ORD02445,2026-09-14,CUST0171,Keyboard,North,2,4500,9000,Partner
ORD02446,2025-07-31,CUST1907,Webcam,West,1,18000,18000,Retail
ORD02447,2025-07-25,CUST2431,Monitor,West,6,18000,108000,Partner
ORD02448,2025-06-22,CUST0022,Mouse,South,6,18000,108000,Partner
ORD02449,2025-01-20,CUST0718,Tablet,North,9,18000,162000,Partner
ORD02450,2026-10-04,CUST1459,Mouse,North,7,2200,15400,Partner
ORD02451,2025-10-14,CUST0192,Laptop,West,10,4500,45000,Partner
ORD02452,2026-08-29,CUST1563,Headset,,4,65000,260000,Online
ORD02453,2026-04-13,CUST0714,Webcam,East,6,3200,19200,Retail
ORD02454,2025-06-14,CUST2330,Webcam,West,10,4500,45000,Partner
ORD02455,2025-04-06,CUST1764,Webcam,West,7,2200,15400,Retail
ORD02456,2025-09-30,CUST1120,Mouse,South,1,4500,4500,Retail
ORD02457,2025-12-23,,Headset,West,6,2200,13200,Online
ORD02458,2026-03-24,CUST2776,Keyboard,East,1,28000,28000,Partner
ORD02459,2026-09-26,CUST1159,Headset,South,4,4500,18000,Partner
ORD02460,2026-02-21,CUST1994,Laptop,North,1,65000,65000,Partner
ORD02461,2025-09-21,CUST1343,Printer,North,1,28000,28000,Online
ORD02462,2026-01-08,CUST0970,Monitor,East,3,4500,13500,Online
ORD02463,2025-10-12,CUST2084,Headset,South,1,28000,28000,Retail
ORD02464,2025-09-11,CUST2729,Mouse,West,2,65000,130000,Retail
ORD02465,2025-01-15,CUST1837,Laptop,West,6,900,5400,Partner
ORD02466,2025-09-13,CUST1240,Monitor,West,6,18000,108000,Retail
ORD02467,2026-10-27,CUST0445,Webcam,South,7,28000,196000,Retail
ORD02468,2025-09-26,CUST0889,Webcam,East,4,65000,260000,Partner
ORD02469,2026-09-09,CUST2443,Headset,North,7,18000,126000,Partner
ORD02470,2025-08-06,CUST0031,Printer,South,10,900,9000,Retail
ORD02471,2025-11-24,CUST2625,Mouse,South,10,3200,32000,Online
ORD02472,2025-08-21,CUST0945,Keyboard,North,2,2200,4400,Online
ORD02473,2025-02-10,CUST1992,Printer,West,7,4500,31500,Retail
ORD02474,2026-08-20,CUST2201,Mouse,East,7,65000,455000,Partner
ORD02475,2025-11-23,CUST0372,Webcam,South,10,900,9000,Retail
ORD02476,2026-08-20,CUST2145,Monitor,West,1,28000,28000,Partner
ORD02477,2025-10-12,CUST2652,Tablet,North,4,4500,18000,Retail
ORD02478,2026-09-11,CUST0671,Laptop,West,1,2200,2200,Retail
ORD02479,2025-04-22,CUST2972,Monitor,North,9,18000,162000,Partner
ORD02480,2025-05-28,CUST0283,Webcam,South,10,65000,650000,Partner
ORD02481,2025-09-15,CUST1798,Webcam,South,5,18000,90000,Online
ORD02482,2026-01-13,CUST2193,Laptop,West,8,2200,17600,Retail
ORD02483,2026-09-20,CUST2742,Mouse,West,9,3200,28800,Retail
ORD02484,2025-01-19,CUST1044,Headset,East,4,3200,12800,Partner
ORD02485,2026-06-15,CUST2465,Headset,West,3,12500,37500,Retail
ORD02486,2026-10-21,CUST1942,Monitor,West,10,0,125000,Partner
ORD02487,2026-12-30,CUST2938,Printer,West,8,65000,520000,Online
ORD02488,2026-08-28,CUST0779,Headset,North,7,12500,87500,Partner
ORD02489,2026-05-15,CUST1187,Tablet,North,5,900,4500,Online
ORD02490,2026-04-14,CUST2438,Laptop,North,5,4500,22500,Retail
ORD02491,2026-05-27,CUST2284,Printer,East,6,12500,-1000,Partner
ORD02492,2025-09-24,CUST2423,Mouse,East,10,4500,45000,Online
ORD02493,2025-02-12,CUST2032,Keyboard,East,8,65000,520000,Online
ORD02494,2025-08-29,CUST1759,Printer,South,7,28000,196000,Retail
ORD02495,2026-08-22,CUST0803,Laptop,North,5,4500,22500,Partner
ORD02496,2025-06-11,CUST0649,Mouse,South,3,3200,9600,Online
ORD02497,2026-04-05,CUST0496,Laptop,West,5,4500,22500,Online
ORD02498,2026-08-07,CUST1700,Printer,East,6,3200,19200,Partner
ORD02499,2026-06-04,CUST0747,Monitor,North,6,28000,168000,Online
ORD02500,2026-02-05,CUST0847,Monitor,North,10,900,9000,Online
ORD02501,2025-02-04,CUST0814,Keyboard,North,4,65000,260000,Partner
ORD02502,2026-09-07,CUST0664,Printer,South,7,65000,455000,Retail
ORD02503,2025-08-24,CUST0269,Printer,North,8,900,7200,Retail
ORD02504,2026-01-05,CUST1079,Keyboard,West,10,28000,280000,Retail
ORD02505,2026-10-31,CUST0040,Keyboard,East,7,900,6300,Online
ORD02506,2026-05-31,CUST2356,Monitor,South,3,12500,37500,Retail
ORD02507,2026-10-28,CUST1017,Printer,North,2,2200,4400,Retail
ORD02508,2025-04-30,CUST0373,Printer,West,6,3200,19200,Partner
ORD02509,2025-10-01,CUST2645,Laptop,South,7,900,6300,Retail
ORD02510,2025-05-28,CUST1705,Monitor,South,3,28000,84000,Online
ORD02511,2025-04-11,CUST1955,Keyboard,West,4,18000,72000,Retail
ORD02512,2026-03-25,CUST1127,Mouse,North,10,18000,180000,Retail
ORD02513,2025-09-20,CUST2418,Keyboard,EAST,1,18000,18000,Retail
ORD02514,2026-02-19,CUST0237,Webcam,West,7,4500,31500,Retail
ORD02515,2026-02-14,CUST1531,Headset,South,10,28000,280000,Retail
ORD02516,2026-11-11,CUST2718,Printer,West,3,12500,37500,Partner
ORD02517,2026-09-05,CUST2857,Mouse,East,1,900,900,Partner
ORD02518,2026-11-07,CUST2260,Printer,West,1,3200,3200,Retail
ORD02519,2026-09-05,CUST0320,Tablet,North,5,3200,16000,Partner
ORD02520,2026-02-18,CUST2079,Webcam,South,2,3200,6400,Partner
ORD02521,2026-08-15,CUST0828,Keyboard,South,8,18000,144000,Partner
ORD02522,2025-10-22,CUST2190,Headset,,7,18000,126000,Partner
ORD02523,2025-12-10,CUST1655,Laptop,West,3,65000,195000,Retail
ORD02524,2025-06-14,CUST0034,Laptop,West,4,18000,72000,Retail
ORD02525,2025-06-26,CUST0821,Laptop,East,2,12500,25000,Partner
ORD02526,2025-05-10,CUST2382,Tablet,North,4,28000,112000,Partner
ORD02527,2026-10-12,CUST0002,Mouse,West,6,18000,108000,Retail
ORD02528,2026-12-29,CUST0358,Headset,East,7,2200,15400,Partner
ORD02529,2025-05-01,CUST1204,Mouse,West,3,900,2700,Online
ORD02530,2025-08-26,CUST0522,Tablet,East,5,12500,62500,Retail
ORD02531,2026-03-10,CUST2150,Headset,West,8,18000,144000,Retail
ORD02532,2026-07-14,CUST1769,Keyboard,East,3,28000,84000,Partner
ORD02533,2025-06-20,CUST1225,Printer,North,9,65000,585000,Online
ORD02534,2026-10-04,CUST1850,Webcam,South,10,3200,32000,Retail
ORD02535,2026-07-07,CUST0675,Tablet,West,9,28000,252000,Retail
ORD02536,2025-11-19,CUST1092,Tablet,East,5,18000,90000,Retail
ORD02537,2025-02-16,CUST2358,Monitor,East,3,28000,84000,Online
ORD02538,2026-03-29,CUST1588,Monitor,West,9,3200,28800,Retail
ORD02539,2026-11-09,CUST0322,Keyboard,South,6,2200,13200,Partner
ORD02540,2026-08-02,CUST1199,Printer,East,1,12500,12500,Partner
ORD02541,2026-09-30,CUST0946,Keyboard,South,8,2200,17600,Online
ORD02542,2025-02-10,CUST2566,Monitor,West,2,12500,25000,Partner
ORD02543,2026-09-17,CUST0582,Laptop,North,6,4500,27000,Partner
ORD02544,2026-02-11,CUST1441,Laptop,North,3,900,2700,Retail
ORD02545,2026-11-23,CUST1485,Webcam,East,4,900,3600,Partner
ORD02546,2026-06-22,CUST2639,Tablet,North,5,12500,62500,Retail
ORD02547,2025-02-16,,Headset,East,10,900,9000,Partner
ORD02548,2026-02-12,CUST2910,Keyboard,South,6,18000,108000,Retail
ORD02549,2026-12-03,CUST1441,Headset,South,4,28000,112000,Online
ORD02550,2025-07-30,CUST1836,Keyboard,North,5,65000,325000,Partner
ORD02551,2026-10-24,CUST1576,Headset,South,1,4500,4500,Partner
ORD02552,2025-01-31,CUST1899,Tablet,West,2,3200,6400,Online
ORD02553,2026-06-02,CUST2157,Mouse,East,4,65000,260000,Online
ORD02554,2026-12-30,CUST0259,Mouse,East,3,2200,6600,Retail
ORD02555,2026-08-18,CUST1041,Headset,North,9,900,8100,Online
ORD02556,2026-04-26,CUST1569,Keyboard,South,4,900,3600,Retail
ORD02557,2026-04-20,CUST2462,Tablet,South,10,12500,125000,Partner
ORD02558,2026-05-05,CUST1567,Mouse,East,4,28000,112000,Online
ORD02559,2025-10-22,CUST2316,Mouse,South,2,12500,25000,Online
ORD02560,2026-07-13,CUST1357,Keyboard,West,5,28000,140000,Retail
ORD02561,2025-11-02,CUST0424,Mouse,North,8,12500,100000,Retail
ORD02562,2025-04-17,CUST0350,Mouse,South,4,18000,,Partner
ORD02563,2026-02-22,CUST0200,Monitor,East,3,12500,37500,Partner
ORD02564,2025-12-18,CUST0297,Mouse,South,5,12500,62500,Online
ORD02565,2026-04-30,CUST1333,Monitor,South,2,12500,25000,Partner
ORD02566,2025-11-22,CUST0731,,West,2,900,1800,Partner
ORD02567,2026-02-17,CUST0199,Tablet,North,10,18000,180000,Retail
ORD02568,2026-08-25,CUST2527,Headset,,8,28000,224000,Retail
ORD02569,2026-05-08,CUST2121,Printer,West,8,65000,520000,Partner
ORD02570,2025-08-02,CUST2196,Webcam,East,6,28000,168000,Partner
ORD02571,2025-12-31,CUST2863,Headset,North,2,12500,25000,Online
ORD02572,2025-07-17,CUST1097,Headset,South,7,2200,15400,Partner
ORD02573,2026-09-22,CUST2877,Webcam,South,5,3200,16000,Retail
ORD02574,2026-06-29,CUST2723,Keyboard,West,9,4500,40500,Partner
ORD02575,2025-02-14,CUST1446,Tablet,West,8,12500,100000,Partner
ORD02576,2025-07-01,CUST2815,Mouse,North,8,4500,36000,Online
ORD02577,2026-03-03,CUST2329,Printer,West,1,3200,3200,Retail
ORD02578,2025-09-16,CUST2732,Printer,East,3,28000,84000,Partner
ORD02579,2025-06-27,CUST0026,Keyboard,North,10,12500,125000,Online
ORD02580,2026-04-11,CUST1073,Mouse,South,8,2200,17600,Retail
ORD02581,2025-06-03,CUST0460,Laptop,East,4,900,3600,Retail
ORD02582,2025-09-11,CUST2929,Printer,South,8,28000,224000,Online
ORD02583,2026-09-25,CUST0706,Printer,East,5,4500,22500,Online
ORD02584,2025-08-31,CUST2861,Headset,North,6,65000,390000,Partner
ORD02585,2026-05-04,CUST1782,Tablet,South,10,3200,32000,Online
ORD02586,2025-12-05,CUST1022,Laptop,North,8,12500,100000,Partner
ORD02587,2025-05-05,CUST0741,Printer,East,3,65000,195000,Retail
ORD02588,2025-01-15,CUST2465,Monitor,North,5,900,4500,Partner
ORD02589,2025-02-18,CUST1522,Tablet,North,6,3200,19200,Partner
ORD02590,2026-06-08,CUST2636,Keyboard,North,2,3200,6400,Retail
ORD02591,2025-10-31,CUST1899,Headset,East,6,28000,168000,Partner
ORD02592,2025-01-11,CUST2966,Keyboard,West,9,3200,28800,Online
ORD02593,2025-11-20,CUST2530,Laptop,East,8,65000,520000,Partner
ORD02594,2025-07-09,CUST0650,Webcam,South,2,18000,36000,Online
ORD02595,2025-10-02,CUST0761,Laptop,North,2,900,1800,Retail
ORD02596,2026-08-08,CUST1188,,South,7,4500,31500,Partner
ORD02597,2025-05-09,CUST2388,Headset,East,6,900,5400,Retail
ORD02598,2025-04-03,CUST0426,Tablet,East,10,12500,125000,Partner
ORD02599,2026-04-23,CUST1228,Tablet,South,7,65000,455000,Online
ORD02600,2025-10-07,CUST0344,Mouse,East,10,28000,280000,Retail
ORD02601,2026-01-31,CUST2283,Printer,East,4,28000,112000,Retail
ORD02602,2025-01-10,CUST0314,Keyboard,South,8,18000,144000,Online
ORD02603,2026-12-09,CUST0578,Laptop,West,9,12500,112500,Retail
ORD02604,2026-10-15,CUST1577,Mouse,North,8,3200,25600,Partner
ORD02605,2025-10-07,CUST0401,Keyboard,East,9,4500,40500,Partner
ORD02606,2026-03-23,CUST2730,Tablet,South,8,18000,144000,Online
ORD02607,2026-03-05,CUST2389,Keyboard,West,9,2200,19800,Retail
ORD02608,2026-11-14,CUST2935,Monitor,East,3,12500,37500,Retail
ORD02609,2025-04-01,CUST0736,Tablet,East,9,18000,162000,Online
ORD02610,2025-07-30,CUST0977,Tablet,West,2,65000,130000,Partner
ORD02611,2026-01-26,CUST1148,Webcam,East,4,12500,50000,Partner
ORD02612,2025-05-16,CUST2960,Mouse,North,5,2200,11000,Partner
ORD02613,2025-10-25,CUST1360,Mouse,West,5,12500,62500,Retail
ORD02614,2026-09-20,CUST2425,Tablet,North,6,4500,27000,Retail
ORD02615,2026-07-13,CUST1763,Monitor,West,5,3200,16000,Retail
ORD02616,2025-06-13,CUST2103,Printer,South,8,28000,224000,Online
ORD02617,2026-05-29,CUST2065,Webcam,East,10,900,9000,online
ORD02618,2026-01-05,CUST1572,Webcam,West,2,3200,6400,Retail
ORD02619,2026-08-27,CUST0819,Tablet,North,4,28000,112000,Retail
ORD02620,2026-02-02,CUST2994,Printer,East,2,12500,25000,Partner
ORD02621,2025-12-19,CUST0459,Monitor,West,3,900,2700,Online
ORD02622,2025-02-07,CUST0841,Printer,West,7,28000,196000,Partner
ORD02623,2025-05-27,CUST2375,Webcam,West,6,12500,75000,Partner
ORD02624,2026-07-30,CUST1289,Laptop,East,10,65000,650000,Online
ORD02625,2026-10-26,CUST0180,Tablet,North,5,18000,90000,Retail
ORD02626,2026-09-22,CUST2249,Tablet,West,9,12500,112500,Partner
ORD02627,2025-03-12,CUST1080,Headset,East,4,3200,12800,Partner
ORD02628,2025-09-16,CUST2784,Webcam,East,10,12500,125000,Partner
ORD02629,2026-01-29,CUST2588,Laptop,South,3,2200,6600,Online
ORD02630,2026-11-08,CUST2440,Laptop,East,3,65000,195000,Online
ORD02631,2025-10-15,CUST2083,Headset,North,-1,900,8100,Online
ORD02632,2025-12-03,CUST2404,Monitor,North,8,65000,520000,Partner
ORD02633,2025/13/40,CUST1624,Printer,East,3,3200,9600,Retail
ORD02634,2026-08-30,CUST0791,Monitor,West,8,28000,224000,Retail
ORD02635,2025-05-17,CUST2976,Printer,East,3,18000,54000,Online
ORD02636,2025-07-02,CUST0585,Tablet,East,6,3200,19200,Online
ORD02637,2025-07-05,CUST1948,Tablet,East,8,2200,17600,Retail
ORD02638,2026-12-20,CUST1403,Webcam,East,10,900,9000,Retail
ORD02639,2026-11-15,CUST1416,Mouse,North,6,4500,27000,Partner
ORD02640,2025-12-14,CUST1691,Keyboard,East,4,900,3600,Online
ORD02641,2026-07-04,CUST2108,Monitor,West,7,2200,15400,Retail
ORD02642,2025-12-15,CUST2812,Headset,South,7,900,6300,Retail
ORD02643,2026-07-03,CUST2318,Headset,North,8,18000,144000,Online
ORD02644,2025-05-22,CUST0734,Webcam,East,3,3200,9600,Partner
ORD02645,2026-05-22,CUST2998,Keyboard,South,3,65000,195000,Partner
ORD02646,2025-08-29,CUST2108,Mouse,East,8,4500,36000,Partner
ORD02647,2025-11-23,CUST1123,Headset,North,1,2200,2200,Online
ORD02648,2025-07-27,CUST2678,Mouse,South,9,900,8100,Online
ORD02649,2025-01-19,CUST2957,Tablet,West,8,2200,17600,Retail
ORD02650,2026-06-19,CUST2273,Headset,South,1,18000,18000,Retail
ORD02651,2025-11-13,CUST0632,Laptop,East,1,4500,4500,Partner
ORD02652,2025-06-21,CUST2936,Printer,North,10,2200,22000,Partner
ORD02653,2025-01-30,CUST0431,Mouse,West,9,18000,162000,Partner
ORD02654,2026-11-21,CUST0782,Laptop,West,3,4500,13500,Partner
ORD02655,2025-02-15,CUST1635,Tablet,West,6,65000,390000,Online
ORD02656,2026-09-08,CUST2634,Laptop,East,9,65000,585000,Online
ORD02657,2026-12-24,CUST2396,Webcam,East,6,65000,390000,Retail
ORD02658,2025-04-11,CUST2872,Mouse,West,9,900,8100,Online
ORD02659,2026-04-02,CUST1714,Tablet,North,8,4500,36000,Online
ORD02660,2025-03-28,CUST2883,Keyboard, north,9,28000,252000,Partner
ORD02661,2026-05-06,CUST0581,Webcam,South,2,3200,6400,Partner
ORD02662,2026-10-20,CUST1873,Keyboard,North,6,2200,13200,Retail
ORD02663,2026-12-16,CUST2630,Monitor,South,9,3200,28800,Retail
ORD02664,2026-11-01,CUST2481,Tablet,East,8,28000,224000,Online
ORD02665,2025-11-05,CUST1843,Headset,West,4,12500,50000,Retail
ORD02666,2025-05-25,CUST0345,Keyboard,North,7,3200,22400,Online
ORD02667,2026-09-03,CUST2107,Mouse,North,3,12500,37500,Online
ORD02668,2026-08-20,CUST2939,Printer,East,9,2200,,Online
ORD02669,2025-03-13,CUST2187,Mouse,North,2,28000,56000,Online
ORD02670,2025-05-16,CUST0992,Keyboard,North,10,2200,22000,Retail
ORD02671,2026-10-29,CUST2269,Webcam,North,5,18000,90000,Retail
ORD02672,2025-07-20,CUST2215,Mouse,South,3,2200,6600,Online
ORD02673,2025-11-18,CUST0484,Keyboard,North,10,2200,22000,Online
ORD02674,2026-04-24,CUST0757,Webcam,North,8,28000,224000,Partner
ORD02675,2026-09-15,CUST0891,Keyboard,South,3,65000,195000,Partner
ORD02676,2026-08-09,CUST0432,Monitor,West,7,900,6300,Online
ORD02677,2025-03-11,CUST1201,Keyboard,East,1,4500,4500,Online
ORD02678,2026-10-05,CUST0697,Webcam,West,6,18000,108000,Partner
ORD02679,2026-08-03,CUST2600,Monitor,West,3,18000,54000,Online
ORD02680,2025-09-05,CUST1195,Keyboard,West,4,2200,8800,Retail
ORD02681,2025-01-28,CUST2244,,North,6,3200,19200,Retail
ORD02682,2025-02-22,CUST2413,Mouse,North,7,2200,15400,Retail
ORD02683,2026-03-11,CUST1312,Laptop,South,8,28000,224000,Retail
ORD02684,2025-11-01,CUST0466,Tablet,South,1,28000,28000,Online
ORD02685,2025-06-21,CUST0550,Mouse,West,1,65000,65000,Retail
ORD02686,2026-10-02,CUST2975,Monitor,North,6,12500,75000,Partner
ORD02687,2026-10-24,CUST2568,Monitor,East,3,12500,37500,Retail
ORD02688,2026-09-03,CUST1011,Keyboard,North,5,18000,90000,Online
ORD02689,2026-12-24,CUST0160,Keyboard,West,3,18000,54000,Partner
ORD02690,2026-11-19,CUST2533,Headset,South,8,18000,144000,
ORD02691,2025-02-09,CUST0376,Monitor,South,10,12500,125000,Online
ORD02692,2025-05-25,CUST0325,Webcam,North,10,28000,280000,Partner
ORD02693,2026-10-28,CUST0093,Printer,South,7,65000,455000,Partner
ORD02694,2025-03-13,CUST0895,Monitor,West,6,2200,13200,Retail
ORD02695,2026-10-21,CUST2728,,,8,28000,224000,Partner
ORD02696,2025-03-12,CUST2486,Laptop,West,7,900,6300,Partner
ORD02697,2025-06-20,CUST0039,Laptop,South,7,3200,22400,Online
ORD02698,2026-04-28,CUST0114,Mouse,North,8,18000,144000,Online
ORD02699,2026-07-16,CUST1542,Monitor,North,2,65000,130000,Retail
ORD02700,2025-11-20,CUST1695,Printer,South,5,28000,140000,Partner
ORD02701,2026-01-15,CUST0878,Laptop,North,10,,9000,Online
ORD02702,2025-07-10,CUST2949,Tablet,North,2,2200,4400,Online
ORD02703,2025-08-13,CUST0717,Monitor,South,3,18000,54000,Partner
ORD02704,2026-03-27,CUST2137,Monitor,North,4,12500,50000,Retail
ORD02705,2025-05-03,CUST0639,Monitor,East,9,4500,40500,Partner
ORD02706,2025-11-24,CUST0412,Headset,East,2,4500,9000,Retail
ORD02707,2025-07-14,CUST1251,Printer,East,9,65000,585000,Retail
ORD02708,2026-02-18,CUST1246,Tablet,North,8,12500,100000,Retail
ORD02709,2025-06-09,CUST2616,Monitor,North,9,900,8100,Retail
ORD02710,2026-11-03,CUST2907,Laptop,West,4,18000,72000,Retail
ORD02711,2026-03-16,CUST1509,Webcam,East,10,3200,32000,Online
ORD02712,2026-01-28,CUST1473,Webcam,East,6,65000,390000,Online
ORD02713,2026-12-03,CUST0424,Mouse,North,10,900,9000,Partner
ORD02714,2026-09-04,CUST0964,Laptop,East,2,28000,56000,Retail
ORD02715,2025-06-30,CUST1991,Printer,South,7,900,6300,Retail
ORD02716,2025-02-10,CUST2505,Keyboard,North,9,3200,28800,Partner
ORD02717,2025-10-08,CUST1316,Monitor,East,6,65000,390000,Online
ORD02718,2026-09-10,CUST0039,Mouse,East,6,2200,13200,Partner
ORD02719,2025-07-29,CUST2607,Webcam,West,1,12500,12500,Partner
ORD02720,2026-11-21,CUST2495,Webcam,East,3,12500,37500,Online
ORD02721,2025-10-09,CUST0285,Keyboard,North,7,65000,455000,Partner
ORD02722,2026-08-21,CUST2831,Keyboard,West,6,12500,75000,Partner
ORD02723,2025-01-19,CUST2339,Mouse,North,3,2200,6600,Online
ORD02724,2025-06-02,CUST0693,Mouse,West,8,18000,144000,Partner
ORD02725,2026-08-22,CUST1258,Printer,East,1,18000,18000,Partner
ORD02726,2026-03-01,CUST2617,monitor,East,9,3200,28800,Partner
ORD02727,2025-09-05,CUST1757,Tablet,West,8,28000,224000,Partner
ORD02728,2025-01-02,CUST0048,Keyboard,South,6,4500,27000,Retail
ORD02729,2025-04-02,CUST2114,Headset,North,8,18000,144000,Online
ORD02730,2026-08-07,CUST0918,Keyboard,North,10,18000,180000,Partner
ORD02731,2026-02-02,CUST2151,Headset,West,5,4500,22500,Partner
ORD02732,2026-06-09,CUST1026,Webcam,South,7,18000,126000,Retail
ORD02733,2025-12-12,CUST1520,Monitor,East,2,65000,130000,Online
ORD02734,2025-02-04,CUST0195,Mouse,West,5,65000,325000,Online
ORD02735,2025-10-13,CUST1010,Tablet,East,10,18000,180000,Online
ORD02736,2026-03-20,CUST1483,Laptop,South,3,28000,84000,Retail
ORD02737,2026-01-04,CUST1625,Webcam,West,2,65000,130000,Retail
ORD02738,2025-12-23,CUST2189,Monitor,South,5,28000,140000,Retail
ORD02739,2026-02-07,CUST2277,Headset,East,6,18000,108000,Retail
ORD02740,2026-03-23,CUST0047,Mouse,West,3,18000,54000,Retail
ORD02741,2025-04-13,CUST1975,Printer,North,9,28000,252000,Partner
ORD02742,2026-11-23,CUST0152,Headset,South,6,18000,108000,Online
ORD02743,2025-07-26,CUST2769,Tablet,North,10,18000,180000,Online
ORD02744,2025-10-18,CUST1499,Webcam,North,2,2200,4400,Online
ORD02745,2025-07-20,CUST1476,Monitor,West,1,65000,65000,Online
ORD02746,2025-05-05,CUST0428,Printer,East,6,65000,390000,Retail
ORD02747,2025-03-15,CUST0453,Printer,East,4,4500,18000,Retail
ORD02748,2026-11-25,CUST0853,Laptop,West,2,65000,130000,Online
ORD02749,2026-06-09,CUST0811,Laptop,East,5,18000,90000,Retail
ORD02750,2025-03-28,CUST1101,Mouse,South,3,4500,13500,Online
ORD02751,2026-03-09,CUST2174,Tablet,South,3,-500,9600,Online
ORD02752,2025-09-04,CUST2817,Laptop,East,10,4500,45000,Online
ORD02753,2026-02-07,CUST1191,Headset,West,3,3200,9600,Online
ORD02754,2025-01-13,CUST1448,Printer,South,3,28000,84000,Retail
ORD02755,2025-03-31,CUST0762,Monitor,South,9,12500,112500,Partner
ORD02756,2026-01-24,CUST1468,Keyboard,West,2,65000,130000,Online
ORD02757,2026-01-05,CUST0323,Headset,South,8,12500,100000,Online
ORD02758,2025-04-22,CUST1841,Tablet,South,3,18000,54000,Retail
ORD02759,2026-04-15,CUST1650,Webcam,South,7,65000,455000,Retail
ORD02760,2025-02-20,CUST2260,Printer,North,1,900,900,Online
ORD02761,2025-07-31,CUST2329,Printer,South,3,12500,37500,Partner
ORD02762,2025-06-02,CUST0889,Mouse,West,9,28000,252000,Partner
ORD02763,01/31/2025,CUST0131,Monitor,South,5,900,4500,Retail
ORD02764,2026-03-11,CUST0351,Headset,South,5,28000,140000,Online
ORD02765,2026-05-31,CUST1588,Headset,South,4,,8800,Partner
ORD02766,2026-05-07,CUST1563,Mouse,West,7,900,6300,Online
ORD02767,2026-06-08,CUST2083,Printer,West,5,2200,11000,Partner
ORD02768,2025-02-08,CUST2562,Keyboard,West,9,2200,19800,Retail
ORD02769,2026-11-04,CUST0159,Webcam,South,4,900,3600,Online
ORD02770,2025-06-29,CUST0533,Webcam,South,2,65000,130000,Partner
ORD02771,2026-12-16,CUST1112,Tablet,South,10,65000,650000,Partner
ORD02772,2026-02-18,CUST1317,Tablet,North,7,3200,22400,Retail
ORD02773,2026-10-22,CUST0973,Monitor,West,9,3200,28800,Partner
ORD02774,2025-12-19,CUST1883,Printer,North,10,3200,32000,Retail
ORD02775,2026-08-09,CUST2448,Mouse,South,3,4500,13500,Partner
ORD02776,2026-04-15,CUST2125,Monitor,North,10,28000,280000,Retail
ORD02777,2026-09-28,CUST2301,Tablet,South,4,28000,112000,Retail
ORD02778,2025-05-05,CUST1788,Monitor,East,4,3200,12800,Online
ORD02779,2025-05-09,CUST2891,Monitor,North,4,900,3600,Online
ORD02780,2027-01-01,CUST0402,Laptop,West,2,28000,56000,Retail
ORD02781,2025-05-24,CUST0194,Tablet,South,6,18000,108000,Online
ORD02782,2026-01-11,CUST2729,Headset,North,10,3200,32000,Partner
ORD02783,2026-07-06,CUST1764,Keyboard,North,5,3200,16000,Partner
ORD02784,2026-06-03,CUST2417,Keyboard,West,7,3200,22400,Online
ORD02785,2025-02-10,CUST1891,Mouse,North,7,900,6300,Retail
ORD02786,2025-11-16,CUST2927,Printer,North,3,28000,84000,Online
ORD02787,2025-02-12,CUST1811,Headset,West,4,4500,18000,Retail
ORD02788,2025-12-26,CUST1906,Mouse,North,7,28000,196000,Online
ORD02789,2026-11-18,CUST2739,Headset,South,8,4500,36000,Retail
ORD02790,2026-11-29,CUST2873,Printer,East,6,65000,390000,Partner
ORD02791,2026-07-16,CUST1420,Mouse,South,1,4500,4500,Retail
ORD02792,2026-10-18,CUST2795,Webcam,West,7,65000,455000,Partner
ORD02793,2025-04-06,CUST2728,Mouse,North,3,12500,37500,Partner
ORD02794,2026-01-11,CUST1288,Webcam,West,2,12500,25000,Partner
ORD02795,2025-03-24,CUST2457,Headset,South,3,2200,6600,Partner
ORD02796,2025-09-07,CUST0398,Tablet,North,5,28000,140000,Partner
ORD02797,2025-11-01,CUST2072,Mouse,North,6,2200,13200,Online
ORD02798,2026-10-24,CUST2299,Printer,East,1,65000,65000,Partner
ORD02799,2025-02-05,CUST0137,Tablet,South,10,65000,650000,Retail
ORD02800,2026-10-07,CUST2408,Mouse,North,7,,,Online
ORD02801,2026-08-02,CUST1609,Laptop,South,10,12500,125000,Retail
ORD02802,2026-11-09,CUST0882,Webcam,South,2,18000,36000,Online
ORD02803,2026-12-30,CUST2256,Keyboard,West,6,3200,19200,Online
ORD02804,2026-07-23,CUST1342,Monitor,East,7,4500,31500,Retail
ORD02805,2026-09-30,CUST2214,Webcam,South,10,18000,180000,Partner
ORD02806,2025-12-03,CUST1478,Webcam,South,8,18000,144000,Retail
ORD02807,2026-02-24,CUST1528,Laptop,North,5,65000,325000,Online
ORD02808,2026-01-18,CUST2221,Headset,East,7,3200,22400,Retail
ORD02809,2025-09-30,CUST2323,Webcam,East,9,18000,162000,Online
ORD02810,2025-11-21,CUST2459,Mouse,South,1,18000,18000,Retail
ORD02811,2026-04-06,CUST1797,Printer,East,,3200,9600,Retail
ORD02812,2026-01-29,CUST0198,Mouse,North,5,18000,90000,Partner
ORD02813,2025-03-01,CUST1918,Webcam,East,10,4500,45000,Retail
ORD02814,2025-12-24,CUST0745,Printer,South,3,12500,37500,Retail
ORD02815,2026-07-21,CUST1991,Printer,West,3,65000,195000,Retail
ORD02816,2025-01-25,CUST1836,Webcam,South,3,65000,195000,Partner
ORD02817,2025-04-06,CUST1045,Keyboard,North,8,65000,520000,Partner
ORD02818,2026-02-16,CUST1071,Monitor,North,8,900,7200,Retail
ORD02819,2025-02-28,CUST1558,Laptop,South,1,18000,18000,Retail
ORD02820,2025-11-12,CUST0257,Printer,West,2,65000,130000,Retail
ORD02821,2026-02-09,CUST0774,,West,2,2200,4400,Online
ORD02822,2025-08-10,CUST0935,Webcam,South,2,28000,56000,Partner
ORD02823,2025-03-22,CUST0330,Mouse,West,1,2200,2200,Retail
ORD02824,2026-10-14,CUST0604,Printer,South,8,2200,17600,Retail
ORD02825,2026-11-30,CUST1350,Laptop,South,8,65000,520000,Partner
ORD02826,2025-01-25,CUST0167,Printer,East,8,18000,144000,Retail
ORD02827,2025-08-05,CUST0301,Tablet,North,3,12500,37500,Online
ORD02828,2026-08-19,CUST1069,Mouse,North,5,4500,22500,Retail
ORD02829,2025-02-02,CUST0861,Webcam,North,8,2200,17600,Retail
ORD02830,2025-02-21,CUST0162,Monitor,East,3,65000,195000,Online
ORD02831,2025-08-26,CUST2491,Mouse,South,N/A,65000,520000,Partner
ORD02832,2025-07-27,CUST1227,Mouse,South,7,18000,126000,Partner
ORD02833,2026-01-01,CUST2607,Printer,South,8,12500,100000,Partner
ORD02834,2026-06-27,,Webcam,East,6,4500,27000,Partner
ORD02835,2025-02-07,CUST2045,Mouse,East,9,3200,28800,Online
ORD02836,2026-04-14,CUST2769,Tablet,East,5,18000,90000,Partner
ORD02837,2025-08-03,CUST2155,Mouse,West,10,4500,45000,Partner
ORD02838,2025-07-21,CUST2610,Keyboard,West,8,3200,25600,Retail
ORD02839,2025-08-13,CUST1147,Keyboard,South,8,4500,36000,Partner
ORD02840,2025-01-17,CUST2443,Keyboard,East,5,28000,140000,Retail
ORD02841,2026-01-09,CUST2109,Mouse,North,6,3200,error,Partner
ORD02842,2026-07-26,CUST0168,Webcam,West,1,28000,28000,Online
ORD02843,2025-08-04,CUST2563,Keyboard,East,4,12500,50000,Online
ORD02844,2026-01-31,CUST1436,Keyboard,West,5,,16000,Partner
ORD02845,2025-06-09,CUST1134,Mouse,,10,28000,280000,Online
ORD02846,2025-03-03,CUST2001,Keyboard,South,4,18000,72000,Partner
ORD02847,2026-11-08,CUST1036,Mouse,North,6,2200,13200,Retail
ORD02848,2026-12-17,CUST0983,Headset,South,7,65000,455000,Online
ORD02849,2026-12-11,CUST0308,Tablet,West,7,900,6300,Partner
ORD02850,2026-04-29,CUST1764,Headset,West,10,28000,280000,Partner
ORD02851,2025-11-14,CUST2840,Mouse,,6,2200,13200,Retail
ORD02852,2026-05-01,CUST0640,Tablet,West,9,900,8100,Online
ORD02853,2026-06-27,CUST2091,Keyboard,West,9,28000,252000,Partner
ORD02854,2025-08-26,CUST2457,Webcam,South,10,12500,125000,Retail
ORD02855,2025-01-15,CUST2135,Monitor,North,3,28000,84000,Retail
ORD02856,2026-02-23,CUST1844,Tablet,South,10,65000,650000,Partner
ORD02857,2026-02-27,CUST1687,Headset,West,10 units,3200,22400,Retail
ORD02858,2025-10-14,CUST0035,Headset,East,8,900,7200,Online
ORD02859,2025-03-09,CUST2054,Keyboard,South,8,3200,25600,Retail
ORD02860,2025-08-15,CUST1307,Monitor,East,3,12500,37500,Partner
ORD02861,2026-11-18,CUST2004,Headset,East,5,18000,90000,Retail
ORD02862,2025-04-14,CUST0445,Monitor,West,4,4500,18000,Online
ORD02863,2026-06-07,CUST2431,Tablet,East,3,3200,9600,Partner
ORD02864,2025-08-05,CUST1486,Tablet,East,7,18000,126000,Online
ORD02865,2026-05-16,CUST2528,Keyboard,North,7,18000,126000,Partner
ORD02866,2025-09-01,CUST1294,Keyboard,North,8,3200,25600,Partner
ORD02867,2026-04-17,CUST0801,Tablet,South,5,2200,11000,Retail
ORD02868,2026-08-01,CUST2394,Keyboard,East,7,28000,196000,Partner
ORD02869,2026-10-26,CUST2551,Headset,East,7,3200,22400,Partner
ORD02870,2025-03-04,CUST1075,Monitor,South,8,28000,224000,Online
ORD02871,2025-04-17,CUST1077,Headset,South,7,900,6300,Online
ORD02872,2025-06-07,CUST0388,Printer,West,1,4500,130000 INR,Retail
ORD02873,2026-08-31,CUST0062,Keyboard,South,1,3200,3200,Retail
ORD02874,2026-12-21,CUST0540,Printer,North,9,4500,40500,Retail
ORD02875,2025-03-27,CUST0738,Monitor,East,2,65000,130000,Retail
ORD02876,2026-01-30,CUST1453,Laptop,West,7,65000,455000,Partner
ORD02877,2025-05-21,CUST0051,Monitor,North,3,12500,37500,Retail
ORD02878,2026-02-04,CUST0356,Headset,North,1,18000,18000,Partner
ORD02879,2025-12-17,CUST0745,Laptop,East,2,65000,130000,Online
ORD02880,2025-12-01,CUST1498,Mouse,East,6,4500,27000,Retail
ORD02881,2026-08-06,CUST1908,Laptop,East,9,4500,40500,Partner
ORD02882,2025-07-07,CUST1933,Headset,South,7,3200,22400,Online
ORD02883,2025-12-23,CUST1830,Laptop,East,5,18000,90000,Online
ORD02884,2025-06-04,CUST0787,Mouse,North,1,2200,2200,Online
ORD02885,2025-05-17,CUST2581,Keyboard,South,7,2200,15400,Retail
ORD02886,2026-05-27,CUST0236,Keyboard,East,2,900,1800,Retail
ORD02887,2025-08-21,CUST0005,Mouse,South,6,3200,-1000,Partner
ORD02888,2025-08-03,CUST2106,Webcam,East,1,18000,18000,Partner
ORD02889,2025-04-30,CUST1731,Headset,East,5,900,4500,Online
ORD02890,2026-06-04,CUST2614,Webcam,South,2,900,1800,Retail
ORD02891,2025-05-26,CUST0826,Webcam,South,9,28000,252000,Retail
ORD02892,2025-06-08,CUST2723,Headset,South,6,2200,13200,Partner
ORD02893,2025-03-19,CUST1276,Printer,North,7,65000,455000,Online
ORD02894,2026-09-03,CUST2635,Headset,East,5,28000,140000,Online
ORD02895,2025-10-22,CUST0151,Webcam,South,8,12500,100000,Online
ORD02896,2026-02-12,CUST0366,Mouse,North,2,18000,36000,Retail
ORD02897,2026-05-22,CUST1697,Tablet,South,4,18000,72000,Retail
ORD02898,2026-03-07,CUST2837,Tablet,West,7,2200,15400,Retail
ORD02899,2025-02-27,CUST0326,Printer,North,1,2200,2200,Retail
ORD02900,2025-01-22,CUST2543,Headset,North,2,3200,6400,Online
ORD02901,2026-04-16,CUST2031,Keyboard,West,7,65000,455000,Retail
ORD02902,2025-11-04,CUST2429,Headset,East,4,2200,8800,Online
ORD02903,2026-06-08,CUST1956,Keyboard,West,6,18000,108000,Online
ORD02904,2026-07-03,CUST1037,Keyboard,South,1,4500,4500,Retail
ORD02905,2026-11-29,CUST0031,Webcam,East,4,12500,50000,Partner
ORD02906,2026-09-10,CUST0073,Tablet,North,9,18000,162000,Retail
ORD02907,2025-02-24,CUST1774,Printer,West,3,28000,84000,Online
ORD02908,2025-04-08,CUST0886,Tablet,South,2,900,1800,Retail
ORD02909,2025-04-04,CUST1889,Monitor,West,8,4500,36000,Retail
ORD02910,2025-03-21,CUST1332,Headset,East,6,4500,27000,Retail
ORD02911,2026-02-21,CUST1553,Webcam,West,2,28000,56000,Partner
ORD02912,2026-01-20,CUST2214,Keyboard,South,4,3200,12800,
ORD02913,2026-09-16,CUST2068,Webcam,East,10,900,9000,Partner
ORD02914,2026-05-10,CUST1591,Laptop,North,8,65000,520000,Retail
ORD02915,2026-03-29,CUST2696,Headset,North,7,4500,31500,Online
ORD02916,2025-05-25,CUST2207,Monitor,South,4,18000,72000,Online
ORD02917,2026-05-16,CUST0843,Mouse,South,5,18000,90000,Online
ORD02918,2026-11-07,CUST0278,Keyboard,South,4,65000,260000,Partner
ORD02919,2026-10-09,CUST2913,Webcam,West,9,2200,19800,Online
ORD02920,2025-09-06,CUST1138,,East,4,2200,8800,Partner
ORD02921,2026-05-26,CUST1489,Webcam,South,9,12500,112500,Partner
ORD02922,2025-05-02,CUST1775,Mouse,South,1,28000,28000,Online
ORD02923,2025-04-16,CUST0461,Tablet,East,3,900,2700,Retail
ORD02924,2026-04-10,CUST1506,Printer,East,10,900,9000,Partner
ORD02925,2025-05-24,CUST0729,Monitor,South,2,12500,25000,Online
ORD02926,2025-07-11,CUST1771,Headset,East,9,65000,585000,Retail
ORD02927,2025-12-09,CUST0873,Mouse,South,10,900,9000,Partner
ORD02928,2026-11-22,CUST2609,Printer,South,3,900,2700,Online
ORD02929,2025-10-09,CUST2325,Printer,North,five,3200,19200,Retail
ORD02930,2025-10-08,CUST1943,Monitor,East,8,65000,520000,Partner
ORD02931,2026-05-15,CUST1480,Webcam,East,7,65000,455000,Retail
ORD02932,2026-09-02,CUST2754,Webcam,South,,3200,25600,Online
ORD02933,2026-11-08,CUST1914,Mouse,West,7,12500,87500,Partner
ORD02934,2025-05-18,CUST2950,Monitor,North,2,3200,6400,Retail
ORD02935,2025-12-25,CUST0632,Keyboard,East,9,3200,28800,Online
ORD02936,2026-10-19,CUST0850,Printer,East,4,2200,8800,Online
ORD02937,2026-05-29,CUST1444,Monitor,East,2,12500,25000,Partner
ORD02938,2025-03-23,CUST1043,Monitor,South,6,4500,27000,Retail
ORD02939,2025-08-10,CUST1945,Printer,South,6,28000,168000,Partner
ORD02940,2025-09-01,CUST0826,Laptop,East,9,900,8100,Online
ORD02941,2026-04-04,CUST1889,Headset,South,3,28000,84000,Retail
ORD02942,2026-10-02,CUST1507,Tablet,East,2,28000,56000,Retail
ORD02943,2026-07-27,CUST1194,Printer,South,4,900,3600,Online
ORD02944,2026-12-26,CUST0776,Webcam,East,5,900,4500,Partner
ORD02945,2025-12-06,CUST2332,Headset,North,7,4500,31500,Retail
ORD02946,2025-11-02,CUST2229,Tablet,West,3,18000,54000,Partner
ORD02947,2026-06-04,CUST1705,Mouse,North,6,2200,13200,Retail
ORD02948,2025-07-08,CUST1010,Headset,North,6,4500,27000,Online
ORD02949,2026-10-17,CUST1968,Printer,North,8,65000,520000,Partner
ORD02950,2026-10-09,CUST2038,Keyboard,South,6,4500,27000,Retail
ORD02951,2025-11-02,CUST2623,Printer,South,9,12500,112500,Partner
ORD02952,2025-11-20,CUST0245,Keyboard,West,7,2200,15400,Online
ORD02953,2026-10-23,CUST0111,Printer,South,8,28000,224000,Partner
ORD02954,2025-03-18,CUST0074,Monitor,East,2,4500,9000,Online
ORD02955,2026-01-12,CUST2239,Laptop,south,9,2200,19800,Partner
ORD02956,2026-06-13,CUST0757,Keyboard,East,6,28000,168000,Online
ORD02957,2026-02-16,CUST2008,Laptop,East,9,18000,162000,Online
ORD02958,2025-01-21,CUST1844,,North,8,2200,17600,Retail
ORD02959,2025-07-31,CUST1853,Headset,North,8,18000,144000,Online
ORD02960,2025-08-11,CUST2920,Laptop,West,1,65000,65000,Retail
ORD02961,01/31/2025,CUST0232,Webcam,East,5,65000,325000,Online
ORD02962,2026-04-29,CUST1350,Webcam,South,five,12500,25000,Partner
ORD02963,2026-02-06,CUST0442,Mouse,East,8,12500,100000,Online
ORD02964,2025-04-15,CUST0214,Tablet,West,9,2200,19800,Online
ORD02965,2025-10-23,CUST0595,Tablet,West,9,65000,585000,Partner
ORD02966,2026-12-05,CUST2796,Laptop,West,6,4500,27000,Retail
ORD02967,2025-04-14,CUST2536,Webcam,South,9,12500,112500,Retail
ORD02968,2026-02-22,CUST1131,Webcam,West,6,900,5400,Online
ORD02969,2025-06-11,CUST1048,Mouse,East,7,3200,22400,Partner
ORD02970,2026-11-26,CUST0189,Webcam,East,4,18000,72000,Partner
ORD02971,2026-11-18,CUST0298,Headset,East,7,3200,22400,Retail
ORD02972,2026-10-30,CUST0908,Tablet,West,6,3200,19200,Retail
ORD02973,2026-08-25,CUST1055,Tablet,North,3,2200,6600,Online
ORD02974,2025-06-19,CUST0468,Tablet,North,9,900,8100,Partner
ORD02975,2026-10-04,CUST1448,Mouse,North,7,12500,87500,Online
ORD02976,2025-06-03,CUST2428,Headset,East,5,18000,90000,Online
ORD02977,2025-07-27,CUST0046,Laptop,West,2,65000,130000,Partner
ORD02978,2025-06-15,CUST2948,Laptop,South,4,65000,260000,Online
ORD02979,2026-05-28,CUST2103,Monitor,West,8,18000,144000,Retail
ORD02980,2025-05-24,CUST2115,Webcam,North,7,4500,31500,Retail
ORD02981,2025-12-25,CUST0664,Printer,East,4,3200,12800,Partner
ORD02982,2025-10-26,CUST1763,Printer,East,10,2200,22000,Retail
ORD02983,2026-07-15,CUST1512,Keyboard,West,1,12500,12500,Online
ORD02984,2025-12-30,CUST1603,Keyboard,West,2,65000,130000,Online
ORD02985,2026-05-09,CUST2677,Printer,East,10 units,2200,2200,Partner
ORD02986,2025-04-01,CUST0037,Mouse,North,5,18000,90000,Retail
ORD02987,2026-05-17,CUST0135,Mouse,West,8,65000,520000,Retail
ORD02988,2026-02-22,CUST2856,Headset,East,2,3200,6400,Online
ORD02989,2026-07-14,CUST0619,Mouse,North,3,12500,37500,Online
ORD02990,2026-01-28,CUST1869,Keyboard,South,7,4500,31500,Online
ORD02991,2025-10-13,CUST0033,Webcam,East,8,18000,144000,Online
ORD02992,2025-11-28,CUST1411,Printer,East,3,3200,9600,
ORD02993,2025-11-05,CUST0720,Headset,West,3,4500,13500,Online
ORD02994,2026-09-01,CUST0110,Printer,West,4,18000,72000,Online
ORD02995,2026-11-26,CUST1104,Mouse,East,1,900,900,Retail
ORD02996,2026-05-09,CUST2060,Tablet,East,10,3200,32000,Online
ORD02997,2026-09-15,CUST1766,Laptop,,2,28000,56000,Retail
ORD02998,2025-05-29,CUST1122,Keyboard,North,4,0,12800,Partner
ORD02999,2025-11-04,CUST1750,Laptop,West,3,28000,84000,Retail
ORD03000,2025-03-13,CUST0197,Webcam,North,7,12500,87500,Online
ORD03001,2026-04-01,CUST1937,Laptop,East,2,4500,9000,Retail
ORD03002,2026-06-05,CUST0006,Monitor,North,8,28000,224000,Online
ORD03003,2026-08-21,CUST1297,Keyboard,West,2,28000,56000,Retail
ORD03004,2025-03-10,CUST1760,Webcam,West,1,2200,2200,Partner
ORD03005,2026-02-09,CUST1077,Webcam,North,9,2200,19800,Retail
ORD03006,2026-03-30,CUST2393,Laptop,East,8,2200,17600,Partner
ORD03007,2026-05-29,CUST0493,Webcam,West,9,2200,19800,Retail
ORD03008,2026-04-09,CUST0787,Mouse,East,5,28000,140000,Retail
ORD03009,2025-08-11,CUST2527,Tablet,East,2,3200,6400,Partner
ORD03010,2026-05-15,CUST1477,Webcam,North,10,28000,280000,Partner
ORD03011,2025-01-14,CUST1279,Keyboard,South,7,65000,455000,Online
ORD03012,2026-09-25,CUST0152,Webcam,South,9,2200,19800,Online
ORD03013,2026-04-20,CUST2059,Printer,West,10,18000,180000,Online
ORD03014,2025-11-25,CUST1778,Headset,East,1,900,900,Partner
ORD03015,2025-02-24,CUST0139,Headset,West,8,900,7200,Retail
ORD03016,2026-02-06,CUST1516,Monitor,West,3,12500,37500,Online
ORD03017,2025-01-23,CUST0180,Mouse,North,5,3200,16000,Partner
ORD03018,2025-12-02,CUST2899,Headset,West,10,65000,650000,Online
ORD03019,2026-02-22,CUST0227,Keyboard,North,4,2200,8800,Partner
ORD03020,2026-01-05,CUST1889,Webcam,East,3,65000,195000,Partner
ORD03021,2026-10-15,CUST0945,Headset,West,3,2200,6600,
ORD03022,2025-05-08,CUST0369,Monitor,West,8,900,7200,Partner
ORD03023,2025-06-19,CUST0340,Printer,West,1,65000,65000,Partner
ORD03024,2025-09-14,CUST2027,Webcam,South,10,18000,180000,Online
ORD03025,2026-11-11,CUST1654,Headset,North,4,12500,50000,Partner
ORD03026,2026-12-24,CUST2973,Keyboard,West,8,12500,100000,Retail
ORD03027,2026-03-02,CUST2253,Tablet,West,6,12500,75000,Partner
ORD03028,2026-11-10,CUST1350,Webcam,East,1,2200,2200,Retail
ORD03029,2026-06-16,CUST2662,Webcam,East,9,28000,252000,Online
ORD03030,2026-04-27,CUST2752,Mouse,East,8,65000,520000,Online
ORD03031,2025-02-15,CUST2467,Webcam,North,7,4500,31500,Retail
ORD03032,2026-01-02,CUST1295,Keyboard,South,4,2200,8800,Online
ORD03033,2026-10-31,CUST1635,Keyboard,South,4,65000 INR,72000,Retail
ORD03034,2026-08-04,CUST1168,Tablet,East,8,18000,144000,Retail
ORD03035,2026-12-14,CUST0937,Monitor,North,4,4500,18000,Retail
ORD03036,2025-11-01,CUST1394,Monitor,South,10,900,9000,Online
ORD03037,2025-06-10,CUST2956,Mouse,South,7,18000,126000,Retail
ORD03038,2025-02-03,CUST2705,Mouse,North,9,4500,40500,Retail
ORD03039,2025-11-15,CUST3000,Monitor,East,5,65000,325000,Partner
ORD03040,2026-09-03,CUST0802,Headset,South,2,4500,9000,Retail
ORD03041,2026-01-14,CUST1851,Headset,East,7,12500,87500,Online
ORD03042,2026-09-02,CUST2670,Headset,South,1,900,900,Online
ORD03043,2025-01-03,CUST2192,Headset,East,6,28000,168000,Partner
ORD03044,2026-10-26,CUST2431,Laptop,East,9,18000,162000,Online
ORD03045,2026-05-23,CUST0528,Tablet,South,6,65000,390000,Retail
ORD03046,2026-01-30,CUST0616,Keyboard,South,10,3200,32000,Partner
ORD03047,2025-09-17,CUST2512,Headset,West,9,3200,28800,Retail
ORD03048,2025/13/40,CUST0280,Webcam,East,7,2200,15400,Partner
ORD03049,2025-07-16,CUST1006,Headset,East,8,2200,17600,Partner
ORD03050,2025-11-10,CUST2429,Headset,West,2,2200,4400,Partner
ORD03051,31-02-2025,CUST1712,Monitor,East,2,12500,25000,Online
ORD03052,2025-12-22,CUST0233,Headset,West,1,900,,Online
ORD03053,2026-05-31,CUST0316,,South,5,12500,62500,Online
ORD03054,2026-12-06,CUST1608,Tablet,North,5,900,4500,Retail
ORD03055,2025-11-17,CUST2216,Headset,East,1,65000,65000,Retail
ORD03056,2025-06-12,CUST2435,Monitor,North,10,3200,32000,Online
ORD03057,2026-07-16,CUST2504,Keyboard,South,10,18000,180000,Partner
ORD03058,2026-04-02,CUST0696,Printer,North,6,2200,13200,
ORD03059,2025-01-14,CUST1318,Keyboard,North,8,900,7200,Retail
ORD03060,2026-08-16,CUST2092,Monitor,West,9,28000,252000,Online
ORD03061,2025-08-31,CUST1163,Tablet,North,4,3200,12800,Partner
ORD03062,2025-05-29,CUST2469,Headset,West,6,900,5400,Online
ORD03063,2026-07-30,CUST0263,Keyboard,North,5,3200,16000,Retail
ORD03064,2025-02-21,CUST0095,Keyboard,West,7,3200,22400,Retail
ORD03065,2026-08-06,CUST2203,Keyboard,East,3,65000,195000,Retail
ORD03066,2026-03-04,CUST0421,Printer,West,10,900,9000,Online
ORD03067,2025-07-07,CUST2657,Headset,North,1,4500,4500,Online
ORD03068,2026-11-24,CUST2591,Printer, north,5,2200,11000,Partner
ORD03069,2025-09-23,CUST1617,Mouse,West,3,2200,6600,Online
ORD03070,2025-05-08,CUST0391,Mouse,South,5,4500,22500,Retail
ORD03071,2025-11-20,CUST0398,Monitor,West,3,900,2700,Online
ORD03072,2026-11-22,CUST1472,Keyboard,North,2,4500,9000,Online
ORD03073,2025-11-15,CUST0743,Headset,,2,900,1800,Retail
ORD03074,2026-02-20,CUST1051,Keyboard,West,5,900,4500,Partner
ORD03075,2026-01-20,CUST2580,Keyboard,North,5,3200,16000,Retail
ORD03076,2026-09-05,CUST1025,Keyboard,East,6,4500,27000,Retail
ORD03077,2025-01-24,CUST1095,Headset,West,1,65000,65000,Online
ORD03078,2025-09-16,CUST0393,Webcam,North,10,12500,125000,Retail
ORD03079,2025-10-31,,Mouse,North,4,65000,260000,Partner
ORD03080,2025-10-22,CUST2499,Tablet,North,1,2200,2200,Online
ORD03081,2026-06-19,CUST1449,Monitor,North,8,65000,520000,Partner
ORD03082,2026-08-07,CUST1928,Webcam,East,10,65000,650000,Retail
ORD03083,2026-04-21,CUST0680,Webcam,North,7,18000,126000,Partner
ORD03084,2026-12-31,CUST1543,Monitor,South,5,2200,11000,Retail
ORD03085,2025-02-05,CUST1668,Webcam,south,3,18000,54000,Partner
ORD03086,2025-01-25,CUST2610,Mouse,West,2,2200,4400,Partner
ORD03087,2026-03-03,CUST1704,Laptop,South,4,900,3600,Online
ORD03088,2026-11-28,CUST0933,Tablet,South,4,28000,112000,Online
ORD03089,2025-10-28,CUST2421,Laptop,North,10,900,9000,Online
ORD03090,2025-07-03,CUST1000,Printer,East,7,4500,31500,Online
ORD03091,2026-02-13,CUST2148,Tablet,East,6,2200,13200,Retail
ORD03092,2025-02-11,CUST2027,Headset,East,1,65000,65000,Retail
ORD03093,2025-08-04,CUST0255,Webcam,South,6,12500,75000,Online
ORD03094,2025-11-18,CUST2470,Mouse,North,1,28000,28000,Partner
ORD03095,2026-04-07,CUST2781,Keyboard,South,4,4500,18000,Partner
ORD03096,2026-03-01,CUST0939,Keyboard,West,9,2200,19800,Partner
ORD03097,2026-01-14,CUST2550,Keyboard,South,9,3200,28800,Partner
ORD03098,2025-06-06,CUST0886,Monitor,West,3,12500,37500,Online
ORD03099,2026-09-18,CUST0512,Keyboard,West,3,3200,9600,Retail
ORD03100,2025-04-08,CUST1569,Webcam,West,10,65000,650000,Online
ORD03101,2025-08-03,CUST1260,Mouse,North,3,65000,195000,Partner
ORD03102,2026-03-14,CUST2935,Mouse,East,5,2200,11000,Online
ORD03103,2026-04-23,CUST2363,Headset,East,9,12500,112500,Online
ORD03104,2026-02-01,CUST0863,Monitor,South,9,28000,252000,Retail
ORD03105,2026-11-09,CUST0249,Headset,North,4,28000,112000,Online
ORD03106,2026-05-08,CUST0409,Webcam,West,10,3200,32000,Retail
ORD03107,2025-08-16,CUST2332,Keyboard,South,1,65000,65000,Retail
ORD03108,2027-01-01,CUST1123,Printer,North,1,900,900,Partner
ORD03109,2026-12-24,CUST1202,Keyboard,East,2,4500,9000,Online
ORD03110,2026-10-21,CUST2978,Headset,East,9,2200,19800,Retail
ORD03111,2025-07-16,CUST1664,Headset,South,8,2200,17600,Online
ORD03112,2025-03-28,CUST2852,Printer,West,7,12500,87500,Online
ORD03113,2025-05-08,CUST1997,Tablet,West,6,28000,168000,Online
ORD03114,2026-10-01,CUST1362,Webcam,North,1,4500,4500,Online
ORD03115,2025-10-07,CUST2812,Printer,East,1,2200,2200,Partner
ORD03116,2026-11-10,CUST2623,Monitor,East,3,900,2700,Partner
ORD03117,2026-05-24,CUST1877,Keyboard,East,4,900,3600,Partner
ORD03118,2025-01-05,CUST0207,Monitor,West,10,12500,125000,Retail
ORD03119,2025-12-05,CUST2573,Webcam,North,8,12500,100000,Partner
ORD03120,2025-02-24,CUST1789,Monitor,East,10,3200,32000,Partner
ORD03121,2025-03-17,CUST2810,Monitor,North,8,3200,25600,Online
ORD03122,2025-09-01,CUST2677,Webcam,East,5,65000,325000,Retail
ORD03123,2025-01-27,CUST1463, LAPTOP,South,10,4500,45000,Online
ORD03124,2025-04-28,CUST1346,Keyboard,South,4,900,3600,Online
ORD03125,2026-09-26,CUST1659,Mouse,South,5,65000,325000,Partner
ORD03126,2025-09-23,CUST2827,Printer,West,4,12500,50000,Online
ORD03127,2026-04-10,CUST2479,Headset,South,9,4500,40500,Retail
ORD03128,2026-08-05,CUST2442,Mouse,South,7,4500,31500,Retail
ORD03129,2026-11-21,CUST2258,Headset,South,10,12500,125000,Retail
ORD03130,2026-08-31,CUST2676,Mouse,North,2,4500,9000,Retail
ORD03131,2025-03-20,CUST1216,Monitor,West,9,4500,40500,Online
ORD03132,2025-09-24,CUST2552,Tablet,West,7,900,6300,Online
ORD03133,2026-10-06,CUST2010,Tablet,South,7,65000,455000,Online
ORD03134,2026-11-27,CUST0186,Mouse,South,2,12500,25000,Retail
ORD03135,2026-02-25,CUST2683,Keyboard,North,7,18000,126000,Online
ORD03136,2026-07-25,CUST1902,Printer,North,6,3200,19200,Retail
ORD03137,2025-09-04,CUST1901,Keyboard,East,2,900,1800,Online
ORD03138,2025-01-08,CUST0100,Printer,East,5,3200,16000,Partner
ORD03139,2025-07-01,,Webcam,North,2,2200,4400,Online
ORD03140,2026-10-25,CUST2447,Monitor,East,4,65000,260000,Online
ORD03141,2026-12-06,CUST2261,Headset,East,6,12500,75000,Online
ORD03142,2026-08-21,CUST2811,Laptop,South,5,28000,140000,Retail
ORD03143,2025-05-22,CUST0343,Webcam,North,4,900,3600,Partner
ORD03144,2026-04-12,CUST2030,Headset,South,3,900,2700,Partner
ORD03145,2025-04-20,CUST0239,Monitor,East,2,18000,36000,Retail
ORD03146,2026-05-04,CUST2728,Mouse,South,5,900,4500,Online
ORD03147,2026-10-24,CUST2205,Mouse,East,3,28000,84000,Online
ORD03148,2025-02-17,CUST2482,Laptop,East,7,18000,126000,Partner
ORD03149,2026-04-04,CUST2989,Webcam,North,3,4500,13500,Partner
ORD03150,2026-11-09,CUST0318,Printer,North,8,2200,17600,Partner
ORD03151,2026-03-24,CUST1872,Laptop,East,6,65000,390000,Partner
ORD03152,2025-12-19,CUST2488,Monitor,North,9,28000,252000,Online
ORD03153,2025-04-24,CUST2085,Laptop,South,10,65000,650000,Partner
ORD03154,2025-11-29,CUST0018,Webcam,South,3,900,2700,Online
ORD03155,2025-05-07,CUST1700,Webcam,South,4,18000,72000,Online
ORD03156,2025-05-02,CUST1483,Monitor,East,9,2200,19800,Partner
ORD03157,2026-06-25,CUST2910,Mouse,West,2,4500,9000,Retail
ORD03158,2025-09-24,CUST2301,Webcam,South,1,12500,12500,Partner
ORD03159,2025-12-08,CUST2770,Laptop,East,1,2200,2200,Retail
ORD03160,2025-11-03,CUST2023,Webcam,West,4,4500,18000,Online
ORD03161,2025-08-04,CUST2265,Monitor,South,1,28000,28000,Retail
ORD03162,2025-04-09,CUST2454,Headset,South,2,4500,9000,Retail
ORD03163,2026-02-25,CUST2956,Headset,East,6,4500,27000,Partner
ORD03164,2025-07-28,CUST0524,Headset,South,10,28000,280000,Retail
ORD03165,2026-07-09,CUST2299,Webcam,West,1,2200,2200,Retail
ORD03166,2026-07-13,CUST0446,Headset,West,1,4500,4500,Retail
ORD03167,2026-09-04,CUST2821,Printer,East,7,4500,31500,Partner
ORD03168,2025-04-10,CUST2136,Keyboard,East,1,4500,4500,Retail
ORD03169,2026-06-09,CUST0030,Keyboard,North,7,28000,196000,Retail
ORD03170,2026-05-09,CUST1377,Mouse,East,10,65000,650000,Retail
ORD03171,2026-06-28,CUST1429,Monitor,North,3,12500,37500,Partner
ORD03172,2026-02-26,CUST0025,Monitor,North,10,18000,180000,Online
ORD03173,2025-11-20,CUST0529,Tablet,South,3,65000,195000,Online
ORD03174,2025-01-12,CUST2079,Webcam,North,3,2200,6600,Retail
ORD03175,2025-02-20,CUST1905,Printer,North,5,3200,16000,Retail
ORD03176,2026-12-06,CUST1553,Printer,East,5,28000,140000,Partner
ORD03177,2025-03-21,CUST0479,Webcam,South,10,4500,45000,Partner
ORD03178,2026-02-30,CUST2833,Webcam,North,3,28000,84000,Retail
ORD03179,2026-08-21,CUST2285,Mouse,North,6,2200,13200,Partner
ORD03180,2026-08-03,CUST0902,Laptop,West,9,3200,,
ORD03181,2026-01-29,CUST2192,Headset,South,8,2200,17600,Partner
ORD03182,2026-05-27,CUST1229,Monitor,North,5,4500,22500,Partner
ORD03183,2026-04-06,CUST1143,Mouse,East,1,900,900,Partner
ORD03184,2025-12-20,CUST0475,Webcam,South,4,4500,18000,Partner
ORD03185,2025-11-05,CUST2220,Mouse,East,1,28000,28000,Partner
ORD03186,2026-11-19,CUST2916,Monitor,West,5,4500,22500,Retail
ORD03187,2025-04-20,CUST2473,Keyboard,South,4,12500,50000,Retail
ORD03188,2025-12-04,CUST2883,Monitor,South,2,4500,9000,Retail
ORD03189,2025-07-29,CUST1307,Webcam,West,8,12500,100000,Partner
ORD03190,2025-05-24,CUST2740,Headset,North,10,900,9000,Retail
ORD03191,2026-03-02,CUST0284,Webcam,South,5,18000,90000,Retail
ORD03192,2025-02-07,CUST2983,Webcam,East,8,12500,100000,Partner
ORD03193,2026-05-09,CUST1987,Mouse,South,4,3200,12800,Partner
ORD03194,2026-06-14,CUST0360,Tablet,East,4,18000,72000,Online
ORD03195,2026-01-08,CUST0691,Monitor,South,4,3200,12800,Retail
ORD03196,2025-02-09,CUST0675,Mouse,North,10,65000,650000,Partner
ORD03197,2026-07-02,CUST2065,Laptop,North,1,900,900,Partner
ORD03198,2025-02-22,CUST0783,Tablet,SOUTH,6,2200,13200,Retail
ORD03199,2025-02-13,CUST2445,Laptop,South,3,900,2700,Retail
ORD03200,2025-06-03,CUST0724,Monitor,North,5,900,4500,Retail
ORD03201,2026-07-05,CUST2892,Printer,West,,65000,260000,Partner
ORD03202,2026-05-21,CUST2933,Webcam,West,10,900,9000,Online
ORD03203,2025-04-25,CUST0206,Monitor,South,8,900,7200,Retail
ORD03204,2026-02-07,CUST1592,Mouse,South,8,65000,520000,Online
ORD03205,2025-09-11,CUST0885,Mouse,South,5,28000,140000,Partner
ORD03206,2026-04-22,CUST1304,Printer,East,6,900,5400,Online
ORD03207,2026-08-01,CUST2133,Monitor,East,1,900,900,Partner
ORD03208,2025-10-07,CUST0258,Keyboard,East,3,28000,84000,Retail
ORD03209,2025-10-23,CUST0537,Headset,East,4,12500,50000,Retail
ORD03210,2025-01-03,CUST2981,Printer,West,10,28000,280000,Online
ORD03211,2025-09-09,CUST2010,Keyboard,South,10,3200,32000,Partner
ORD03212,2025-05-22,CUST2967,Tablet,North,9,2200,19800,Retail
ORD03213,2025-01-12,CUST1797,Printer,South,10,12500,125000,Partner
ORD03214,2026-12-09,CUST1721,Mouse,West,6,4500,27000,Retail
ORD03215,2026-02-07,CUST1840,Printer,South,1,2200,2200,Retail
ORD03216,2026-12-12,CUST2637,Keyboard,North,9,12500,112500,Retail
ORD03217,2025-12-04,CUST0175,Printer,North,9,12500,112500,Online
ORD03218,2026-11-13,CUST0584,Headset,East,3,12500,37500,Retail
ORD03219,2026-03-17,CUST1892,Tablet,North,7,18000,126000,Retail
ORD03220,2026-02-16,CUST0397,Laptop ,South,6,18000,108000,Online
ORD03221,2026-05-13,CUST0270,Mouse,East,10,12500,125000,Online
ORD03222,2025-07-30,CUST1576,Headset,North,1,3200,3200,Partner
ORD03223,2026-02-24,CUST0306,Printer,North,4,65000,260000,Online
ORD03224,2026-09-27,CUST1126,Printer,South,7,18000,126000,Retail
ORD03225,2025-01-30,CUST1936,Monitor,South,1,65000,65000,Online
ORD03226,2025-08-02,CUST1300,Monitor,South,1,28000,28000,Online
ORD03227,2026-10-24,CUST1574,Monitor,North,1,4500,4500,Partner
ORD03228,2025-08-20,CUST2515,Monitor,North,8,28000,224000,Online
ORD03229,2026-02-15,CUST2171,Headset,West,8,900,7200,Retail
ORD03230,2025-09-24,CUST0902,Mouse,North,10,4500,45000,Retail
ORD03231,2025-10-05,CUST0418,Monitor,North,10,12500,125000,Retail
ORD03232,2025-05-19,CUST0195,Mouse,South,2,900,1800,Partner
ORD03233,2025-12-18,CUST1436,Tablet,South,10,65000,650000,Partner
ORD03234,2026-03-07,CUST1052,Printer,South,6,18000,108000,Online
ORD03235,2025-04-23,CUST1175,Mouse,West,2,3200,6400,Retail
ORD03236,2025-09-09,CUST0912,Laptop,South,6,18000,108000,Partner
ORD03237,2026-02-14,CUST0594,Laptop,South,10,65000,650000,Retail
ORD03238,2025-03-07,CUST1792,Printer,North,6,900,5400,Online
ORD03239,2026-09-23,CUST2854,Printer,East,4,900,3600,Partner
ORD03240,2025-10-15,CUST1772,Headset,West,4,3200,12800,Partner
ORD03241,2025-10-06,CUST2098,Printer,South,10,4500,45000,Partner
ORD03242,2026-09-30,CUST2277,Keyboard,West,8,12500,100000,Partner
ORD03243,2025-11-23,CUST0371,Laptop,South,10,28000,280000,Online
ORD03244,2026-12-22,CUST0102,Printer,West,5,900,4500,Partner
ORD03245,2026-02-17,CUST1681,Printer,West,6,2200,13200,Retail
ORD03246,2026-06-26,CUST2288,Keyboard,South,3,65000,195000,Online
ORD03247,2025-03-02,CUST0793,Printer,South,5,12500,62500,Partner
ORD03248,2026-05-19,CUST1091,Printer,North,1,4500,4500,Retail
ORD03249,2025-02-05,CUST0969,Laptop,North,5,2200,11000,Retail
ORD03250,2026-09-04,CUST2787,Headset,East,6,900,5400,Partner
ORD03251,2025-09-06,CUST0882,Keyboard,South,9,2200,19800,Retail
ORD03252,2026-07-28,CUST0123,Webcam,North,1,2200,2200,Partner
ORD03253,2026-01-22,CUST1672,Printer,South,9,900,8100,Retail
ORD03254,2026-10-31,CUST0383,Webcam,North,10,4500,45000,Partner
ORD03255,2025-03-01,CUST1005,Headset,North,1,2200,2200,Retail
ORD03256,2026-08-30,CUST2255,Laptop,North,6,2200,13200,Online
ORD03257,2025-12-19,CUST1653,Monitor,East,2,65000,130000,Online
ORD03258,2026-05-02,CUST1570,Laptop,South,2,2200,4400,Partner
ORD03259,2025-04-08,CUST2507,Keyboard,West,3,3200,9600,Online
ORD03260,2025-05-25,CUST0680,Monitor,North,10,28000,280000,Retail
ORD03261,2026-04-15,CUST1820,Laptop,North,1,28000,28000,Online
ORD03262,2025-10-22,CUST0133,Laptop,West,4,3200,12800,Online
ORD03263,2025-01-13,CUST2007,Headset,South,10,900,9000,Retail
ORD03264,2026-05-27,CUST0753,Mouse,West,6,65000,390000,Retail
ORD03265,2025-03-30,CUST2476,Printer,North,3,28000,84000,Online
ORD03266,2026-07-10,CUST1844,Keyboard,North,1,2200,2200,Online
ORD03267,2025-04-16,CUST0697,Printer,West,10,900,9000,Partner
ORD03268,2026-06-21,CUST2697,Headset,East,7,2200,15400,Online
ORD03269,2025-03-13,CUST1864,Keyboard,North,4,12500,50000,Retail
ORD03270,2026-12-09,CUST0328,Tablet,East,9,2200,19800,Online
ORD03271,2026-10-09,CUST1675,Keyboard,West,1,65000,65000,Online
ORD03272,2026-06-28,CUST1675,Mouse,South,7,28000,196000,Online
ORD03273,2025-02-27,CUST0479,Tablet,East,9,28000,252000,Partner
ORD03274,2026-01-14,CUST1268,Webcam,South,10,12500,125000,Online
ORD03275,2026-10-28,CUST0917,Webcam,South,3,2200,6600,Partner
ORD03276,2025-05-25,CUST0812,Printer,East,1,65000,65000,Partner
ORD03277,2025-04-06,CUST1703,Laptop,North,5,65000,325000,Partner
ORD03278,2025-02-21,CUST0427,Headset,South,4,900,3600,Retail
ORD03279,2026-04-28,CUST0180,Webcam,West,N/A,12500,50000,Partner
ORD03280,2026-01-23,CUST1072,Tablet,East,9,65000,585000,Partner
ORD03281,2026-07-06,CUST0397,Headset,West,1,28000,28000,Retail
ORD03282,2026-01-26,CUST2513,Keyboard,East,4,4500,18000,Partner
ORD03283,2026-02-15,,Webcam,South,3,3200,9600,Partner
ORD03284,2025-01-13,CUST1306,Tablet,North,2,2200,4400,Online
ORD03285,2026-10-13,CUST1152,Mouse,North,3,18000,54000,Online
ORD03286,2025-05-30,CUST1698,Mouse,North,4,12500,50000,Online
ORD03287,2025-01-12,CUST2544,Mouse,West,3,3200,9600,Online
ORD03288,2025-10-19,CUST1211,Printer,South,3,4500,13500,Online
ORD03289,2026-01-31,CUST1653,Monitor,West,6,900,5400,Retail
ORD03290,2025-12-16,CUST2819,Headset,North,5,3200,16000,Retail
ORD03291,2025-11-06,CUST2858,Monitor,West,10,4500,45000,Retail
ORD03292,2026-12-22,CUST1490,Keyboard,South,6,2200,13200,
ORD03293,2026-04-19,CUST2782,Monitor,North,4,65000,260000,Online
ORD03294,2026-11-12,CUST0576,Mouse,South,,3200,32000,Partner
ORD03295,2026-05-28,CUST2872,Mouse,West,2,900,1800,Online
ORD03296,2026-05-26,CUST0064,Tablet,East,1,2200,2200,Retail
ORD03297,2025-11-12,CUST1988,Printer,North,7,12500,87500,Online
ORD03298,2026-10-19,CUST2703,Headset,West,10,18000,180000,Online
ORD03299,2026-01-25,CUST2887,Tablet,West,9,4500,40500,Retail
ORD03300,2025-02-21,CUST0033,Monitor,East,7,65000,455000,Online
ORD03301,2025-01-13,CUST0900,Tablet,East,1,28000,28000,Partner
ORD03302,2026-02-11,CUST1742,Mouse,West,9,900,8100,Retail
ORD03303,2026-06-25,CUST2021,Printer,East,5,4500,22500,Retail
ORD03304,2026-06-26,CUST2159,Laptop,East,8,2200,17600,Partner
ORD03305,2025-07-24,CUST2192,Mouse,South,7,65000,455000,Online
ORD03306,2025-03-08,CUST1065,Monitor,East,4,28000,112000,Online
ORD03307,2026-06-10,CUST2309,Tablet,East,3,900,2700,Online
ORD03308,2025-11-20,CUST2378,Headset,West,9,2200,19800,Online
ORD03309,2025-02-18,CUST0557,Mouse,South,3,2200,6600,Online
ORD03310,2025-11-10,CUST0920,Monitor,North,10,18000,180000,Partner
ORD03311,2025-04-05,CUST0726,Tablet,North,2,4500,9000,Retail
ORD03312,2025-08-08,CUST2886,Tablet,South,6,900,5400,Online
ORD03313,2026-04-02,CUST0376,Monitor,West,5,3200,16000,Retail
ORD03314,2025-04-09,CUST1906,Monitor,East,9,12500,112500,Online
ORD03315,2025-03-16,CUST0886,Mouse,North,9,28000,252000,Retail
ORD03316,2025-04-12,CUST1976,Headset,North,1,2200,2200,Online
ORD03317,2025-09-26,CUST1505,Monitor,,9,65000,585000,Online
ORD03318,2026-11-25,CUST2240,Printer,South,5,2200,11000,Online
ORD03319,2026-09-17,CUST2547,Keyboard,North,3,2200,6600,Retail
ORD03320,2026-09-23,CUST1632,Laptop,West,4,18000,72000,Online
ORD03321,2026-11-15,CUST0396,Headset,West,8,2200,17600,Partner
ORD03322,2026-05-29,CUST1600,Webcam,North,5,12500,62500,Partner
ORD03323,2025-12-08,CUST1520,Keyboard,North,1,28000,28000,Online
ORD03324,2025-11-19,CUST2025,Mouse,East,1,12500,12500,Online
ORD03325,2026-03-21,CUST0426,Monitor,North,4,28000,112000,Retail
ORD03326,2026-09-14,CUST2717,Laptop,West,2,3200,6400,Partner
ORD03327,2026-05-14,CUST2791,Printer,East,2,3200,6400,Online
ORD03328,2026-07-27,CUST1863,Laptop,North,1,900,900,Partner
ORD03329,2025-12-31,CUST0590,Monitor,North,4,900,3600,Partner
ORD03330,2026-03-21,CUST1741,Monitor,North,6,900,5400,Online
ORD03331,2025-01-23,CUST0323,Mouse,South,8,3200,25600,Online
ORD03332,2025-08-25,CUST1632,Laptop,East,8,900,7200,Partner
ORD03333,2026-11-11,CUST0707,Headset,East,6,N/A,390000,Partner
ORD03334,2026-01-12,CUST1084,Headset,East,4,2200,8800,Online
ORD03335,2025-07-03,CUST0124,Printer,East,4,3200,12800,Partner
ORD03336,2026-07-26,CUST0824,Keyboard,North,8,4500,36000,Retail
ORD03337,2026-07-23,CUST2663,Keyboard,West,2,900,1800,Retail
ORD03338,2026-04-26,CUST2688,Laptop,South,3,900,2700,Online
ORD03339,2025-12-07,CUST0945,Webcam,East,10,4500,45000,Retail
ORD03340,31-02-2025,CUST0416,Headset,North,9,28000,252000,Retail
ORD03341,2026-02-06,CUST1833,Keyboard,East,8,4500,36000,Partner
ORD03342,2026-06-01,CUST1119,Tablet,East,5,28000,140000,Retail
ORD03343,2025-03-14,CUST2212,Printer,South,5,28000,140000,Online
ORD03344,2025-08-19,CUST1359,Tablet,North,8,18000,144000,Retail
ORD03345,2026-07-15,CUST2311,Webcam,East,1,65000,65000,Online
ORD03346,2026-06-20,CUST1402,Laptop,South,7,900,6300,Partner
ORD03347,2026-10-18,CUST2988,Headset,South,1,3200,3200,Partner
ORD03348,2026-02-12,CUST2625,Tablet,South,3,2200,6600,Retail
ORD03349,2026-02-28,CUST2306,Keyboard,West,1,3200,3200,Retail
ORD03350,2025-07-13,CUST0571,Keyboard,North,10,2200,22000,Retail
ORD03351,2025-05-28,CUST0863,Mouse,South,2,65000,130000,Partner
ORD03352,2025-04-12,CUST0219,Tablet,West,1,3200,3200,Online
ORD03353,2026-01-14,CUST1161,Headset,East,9,28000,252000,Online
ORD03354,2026-08-11,CUST1022,Keyboard,North,8,4500,36000,Retail
ORD03355,2026-11-01,CUST1201,Mouse,North,10,4500,45000,Partner
ORD03356,2026-06-02,CUST0498,Monitor,North,10,12500,125000,Online
ORD03357,2025-05-22,CUST2902,Headset,North,2,28000,56000,Partner
ORD03358,2026-06-15,CUST1827,Monitor,West,4,28000,112000,Partner
ORD03359,2025-03-26,CUST2258,Webcam,East,5,28000,140000,Partner
ORD03360,2026-05-13,CUST2295,Mouse,West,2,900,1800,Partner
ORD03361,2026-06-20,CUST1482,Monitor,South,2,28000,56000,Retail
ORD03362,2026-02-05,CUST0058,Tablet,South,7,4500,31500,Online
ORD03363,2026-10-10,CUST2381,Laptop,West,4,12500,50000,Partner
ORD03364,2026-02-25,CUST0658,Laptop,East,2,18000,36000,Online
ORD03365,2025-06-18,CUST1870,Printer,East,1,65000,65000,Partner
ORD03366,2026-06-10,CUST0096,Printer,East,10,4500,45000,
ORD03367,2026-06-05,CUST2596,Mouse,West,1,18000,18000,
ORD03368,2025-09-03,CUST1653,Mouse,North,5,4500,22500,Retail
ORD03369,2026-09-27,CUST1118,Laptop,West,1,900,900,Retail
ORD03370,2026-06-24,CUST2643,Laptop,East,9,28000,252000,Retail
ORD03371,2026-03-30,CUST1771,Monitor,North,2,2200,4400,Online
ORD03372,2026-04-28,CUST2656,Keyboard,West,6,3200,19200,Retail
ORD03373,2026-03-30,CUST0676,Keyboard,East,9,2200,19800,Partner
ORD03374,2025-07-12,CUST0244,Printer,West,7,4500,31500,Retail
ORD03375,2026-02-24,CUST0909,Printer,North,4,12500,50000,Online
ORD03376,2025-09-30,CUST2275,Keyboard,North,1,65000,65000,Online
ORD03377,2025-12-26,CUST2338,Monitor,North,2,4500,9000,Online
ORD03378,2026-11-07,CUST2363,Keyboard,West,4,4500,18000,Retail
ORD03379,2026-08-28,CUST1663,Mouse,North,7,12500,87500,Online
ORD03380,2025-11-28,CUST0553,Monitor,East,9,2200,19800,Partner
ORD03381,2025-10-25,CUST0915,Webcam,East,2,2200,4400,Retail
ORD03382,2026-02-25,CUST0846,Mouse,East,2,18000,36000,Online
ORD03383,2025-11-07,CUST2355,Monitor,East,2,900,1800,Partner
ORD03384,2025-10-11,CUST2211,Tablet,North,9,2200,19800,Retail
ORD03385,2026-07-15,CUST2629,Monitor,West,7,2200,15400,Online
ORD03386,2025-10-24,CUST1644,Keyboard,East,9,12500,112500,Retail
ORD03387,2025-10-21,CUST1791,Webcam,West,6,4500,27000,Retail
ORD03388,2026-02-04,CUST0579,Printer,North,2,18000,36000,Online
ORD03389,2025-03-05,CUST0632,Headset,North,10,65000,650000,Partner
ORD03390,2025-06-03,CUST2338,Mouse,North,8,28000,224000,Partner
ORD03391,2026-01-12,CUST2651,,West,7,12500,87500,Partner
ORD03392,2026-10-22,CUST1821,Webcam,SOUTH,5,900,4500,Retail
ORD03393,2025-05-10,CUST0587,Printer,West,7,65000,455000,Retail
ORD03394,2026-03-27,CUST2089,Monitor,East,6,65000,390000,Retail
ORD03395,2026-04-17,CUST2164,Webcam,East,2,4500,9000,Partner
ORD03396,2025-12-02,CUST0683,Keyboard,East,8,4500,36000,Online
ORD03397,2025-05-27,CUST2171,Laptop,East,5,4500,22500,Retail
ORD03398,2025-05-09,CUST0610,Headset,East,1,12500,12500,Retail
ORD03399,2026-06-21,CUST1867,Keyboard,North,7,3200,22400,Partner
ORD03400,2025-07-18,CUST0010,Laptop,East,,4500,9000,Partner
ORD03401,2026-10-08,CUST2630,Keyboard,West,2,900,1800,Partner
ORD03402,2025-10-01,CUST0081,Keyboard,South,4,28000,112000,Partner
ORD03403,2025-01-21,CUST1848,Mouse,East,8,2200,17600,Online
ORD03404,2027-01-01,CUST2772,Headset,North,10,65000,650000,Partner
ORD03405,2026-01-26,CUST2802,Monitor,South,1,,18000,Online
ORD03406,2025-07-10,CUST0790,Tablet,East,2,2200,4400,Online
ORD03407,2025-04-25,CUST2313,Webcam,East,6,65000,390000,Online
ORD03408,2026-05-27,CUST1201,Tablet,South,4,28000,112000,Retail
ORD03409,2025-09-20,CUST1588,Tablet,West,7,12500,87500,Retail
ORD03410,2025-03-16,CUST2940,Laptop,West,2,4500,9000,Online
ORD03411,2025-08-29,CUST0216,Webcam,South,3,4500,13500,Online
ORD03412,2026-06-16,CUST1940,Laptop,North,2,28000,56000,Retail
ORD03413,2025-04-29,CUST2528,Webcam,East,5,12500,62500,Retail
ORD03414,2026-09-02,CUST0242,Tablet,North,10,18000,180000,Retail
ORD03415,2025-04-09,CUST1583,Tablet,West,9,3200,28800,Online
ORD03416,2025-03-23,CUST0655,Laptop,South,10,28000,280000,Online
ORD03417,2026-04-10,CUST2792,Printer,South,5,4500,22500,Retail
ORD03418,2025-06-24,CUST1574,Mouse,West,7,28000,196000,Partner
ORD03419,2025-10-08,CUST1595,Headset,West,7,28000,196000,Partner
ORD03420,2025-12-17,CUST1363,Tablet,North,8,12500,100000,Retail
ORD03421,2026-10-14,CUST0469,Laptop,West,1,18000,18000,Online
ORD03422,2025-07-24,CUST2346,Tablet,South,2,28000,56000,Retail
ORD03423,2026-10-12,CUST0113,Tablet,West,3,28000,84000,Retail
ORD03424,2026-10-23,CUST0986,Webcam,West,7,18000,126000,Partner
ORD03425,2026-04-09,CUST2646,Keyboard,North,6,4500,27000,Online
ORD03426,2026-09-17,CUST0192,Webcam,East,6,12500,75000,Retail
ORD03427,2026-06-02,CUST1402,Laptop,South,9,28000,252000,Partner
ORD03428,2025-08-23,CUST1091,Mouse,West,10,3200,32000,Retail
ORD03429,2025-10-29,CUST2902,Printer,South,6,2200,13200,Online
ORD03430,2025-12-29,CUST1210,Tablet,East,4,65000,260000,Online
ORD03431,2025-07-10,CUST2515,Webcam,West,3,65000,195000,Partner
ORD03432,2026-02-18,CUST0566,Monitor,South,10,18000,180000,Partner
ORD03433,2026-03-22,CUST1604,Laptop,West,3,900,2700,Partner
ORD03434,2026-03-07,CUST1933,Keyboard,West,6,4500,27000,Retail
ORD03435,2025-03-10,CUST0317,Tablet,North,4,65000,260000,Retail
ORD03436,2026-01-13,CUST2683,Tablet,South,4,12500,50000,Online
ORD03437,2025-08-10,CUST2859,Monitor,North,10,900,9000,Retail
ORD03438,2026-06-21,CUST2317,Headset,East,10,2200,22000,Online
ORD03439,2025-12-16,CUST0062,Webcam,East,7,18000,126000,Partner
ORD03440,2025-06-03,CUST0974,Monitor,West,9,28000,252000,Retail
ORD03441,2025-09-03,CUST0702,Printer,South,1,18000,18000,Partner
ORD03442,2026-07-05,CUST2139,Printer,East,10,18000,180000,Online
ORD03443,2025-05-23,CUST0570,Mouse,South,4,2200,8800,Retail
ORD03444,2025-02-10,CUST2731,Laptop,West,6,3200,19200,Online
ORD03445,2026-06-02,CUST1649,Monitor,South,3,3200,9600,Retail
ORD03446,2026-04-13,CUST2859,Tablet,East,10,900,9000,Retail
ORD03447,2025-10-22,CUST2454,Monitor,South,3,900,2700,Online
ORD03448,2025-09-09,CUST2581,Tablet,North,10,65000,650000,Partner
ORD03449,2025-02-15,CUST2331,Laptop,South,10,2200,22000,Partner
ORD03450,2025-01-13,CUST0534,Keyboard,East,6,28000,168000,Retail
ORD03451,2025-06-11,CUST2332,,East,5,900,4500,Partner
ORD03452,2026-05-22,CUST1926,Mouse,South,6,4500,27000,Partner
ORD03453,2025-09-25,CUST2655,Keyboard,North,4,900,3600,Retail
ORD03454,2025-06-16,CUST0319,Tablet,South,10,12500,125000,Retail
ORD03455,2025-01-21,CUST2422,Monitor,North,6,2200,13200,Partner
ORD03456,2025-10-12,CUST0015,Keyboard,North,8,900,7200,Partner
ORD03457,2026-01-07,CUST1608,Headset,West,2,900,1800,Partner
ORD03458,2026-01-12,CUST0373,Webcam,West,3,65000,195000,Retail
ORD03459,2026-06-16,CUST1478,Printer,North,6,3200,19200,Retail
ORD03460,2025-03-15,CUST0145,Printer,West,8,28000,224000,Partner
ORD03461,2025-03-11,CUST1815,Monitor,West,9,3200,28800,Partner
ORD03462,2025-08-01,CUST0655,Monitor,South,10,3200,32000,Online
ORD03463,2026-10-26,CUST0688,Mouse,North,2,3200,6400,Retail
ORD03464,2026-09-13,CUST1938,Mouse,West,3,65000,195000,Retail
ORD03465,2025-04-19,CUST1886,Mouse,East,6,28000,168000,Retail
ORD03466,2026-11-28,CUST2434,Tablet,South,1,18000,18000,Partner
ORD03467,2025-04-07,CUST0725,Headset,East,7,900,6300,Retail
ORD03468,2026-12-17,CUST0300,Printer,South,9,18000,162000,Online
ORD03469,2025-04-11,CUST0282,Tablet,South,2,18000,36000,Online
ORD03470,2025-08-07,CUST0404,Printer,East,1,65000,65000,Retail
ORD03471,2025-04-22,CUST1792,Tablet,South,10,4500,45000,Online
ORD03472,2026-03-16,CUST0753,Mouse,East,1,18000,18000,Online
ORD03473,2026-08-19,CUST0908,Laptop,South,6,12500,75000,Online
ORD03474,2025-12-26,CUST0366,Mouse,South,2,3200,6400,Partner
ORD03475,2026-08-31,CUST0045,Keyboard,East,7,2200,15400,Online
ORD03476,2025-02-18,CUST0795,Headset,South,2,65000,130000,Retail
ORD03477,2025-12-24,CUST2457,Printer,East,2,18000,36000,Partner
ORD03478,2026-10-04,CUST0933,Keyboard,South,4,900,3600,Partner
ORD03479,2026-12-20,CUST1712,Tablet,West,7,4500,31500,Retail
ORD03480,2026-04-21,CUST0778,Printer,West,3,2200,6600,Retail
ORD03481,2025-01-31,CUST2247,Keyboard,North,10,65000,650000,Partner
ORD03482,2026-11-16,CUST0699,Laptop,East,1,28000,28000,Partner
ORD03483,2025-05-11,CUST2014,Monitor,North,3,2200,6600,Online
ORD03484,2026-08-24,CUST0147,Tablet,North,7,28000,196000,Online
ORD03485,2025-10-02,CUST0645,Webcam,West,7,4500,31500,Online
ORD03486,2026-03-05,CUST2790,Tablet,West,2,3200,6400,Retail
ORD03487,2025-12-18,CUST0475,Laptop,South,3,900,2700,Online
ORD03488,2026-01-27,CUST1993,Keyboard,,8,4500,36000,Partner
ORD03489,2026-12-11,CUST1707,Printer,,9,4500,40500,Partner
ORD03490,2026-05-15,,Tablet,,2,12500,25000,Online
ORD03491,2025-01-28,CUST1701,Mouse,South,7,18000,126000,Retail
ORD03492,2026-04-17,CUST2866,Headset,East,5,65000,325000,Partner
ORD03493,2026-09-06,CUST2442,Webcam,East,3,28000,84000,Retail
ORD03494,2025-02-16,CUST2567,Printer,West,1,18000,18000,Online
ORD03495,2026-05-16,CUST2493,Headset,North,5,18000,90000,Online
ORD03496,2025-09-20,CUST2139,Printer,West,5,12500,62500,Online
ORD03497,2025-06-15,CUST2080,Printer,East,9,2200,19800,Online
ORD03498,2025-05-19,CUST1291,Tablet,South,10,12500,125000,Partner
ORD03499,2026-04-18,CUST1520,Printer,West,9,2200,19800,Partner
ORD03500,2026-09-26,CUST2438,Monitor,South,5,65000,325000,Online
ORD03501,2026-11-08,CUST1243,Mouse,North,2,12500,25000,Retail
ORD03502,2025-01-23,CUST0219,Keyboard,North,4,3200,12800,Retail
ORD03503,2026-01-23,CUST1355,Keyboard,West,8,65000,520000,Retail
ORD03504,2025-06-05,CUST2731,Printer,West,9,4500,40500,Online
ORD03505,2025-12-10,CUST2326,Monitor,West,3,900,2700,Online
ORD03506,2026-10-13,CUST1987,,East,2,900,1800,Online
ORD03507,2025-10-13,CUST0926,Webcam,East,6,900,5400,Online
ORD03508,2025-09-08,CUST1375,Printer,North,4,900,3600,Retail
ORD03509,2026-08-01,CUST0774,Tablet,South,10,18000,180000,Retail
ORD03510,2025-05-30,CUST2164,Laptop,North,6,4500,27000,Retail
ORD03511,2026-06-30,CUST0791,Keyboard,North,6,4500,27000,Retail
ORD03512,2026-08-01,CUST0843,Monitor,East,5,18000,90000,Online
ORD03513,2026-12-22,CUST1211,Laptop,North,1,65000,65000,Retail
ORD03514,2025-09-09,CUST2290,Printer,West,7,65000,455000,Partner
ORD03515,2025-09-11,CUST0919,Keyboard,East,9,3200,28800,Online
ORD03516,2026-04-12,CUST2552,Tablet,East,3,900,2700,Retail
ORD03517,2026-05-06,CUST1616,Printer,South,4,2200,8800,Online
ORD03518,2026-09-20,CUST0764,Laptop,East,4,2200,8800,Partner
ORD03519,2026-06-11,CUST1356,Tablet,South,10,900,9000,Online
ORD03520,2026-07-18,CUST1301,Webcam,West,6,900,5400,Retail
ORD03521,2025-01-25,CUST2002,Headset,South,9,12500,112500,Online
ORD03522,2026-09-04,CUST1644,Headset,South,2,2200,4400,Retail
ORD03523,2025-12-13,CUST0114,Printer,North,1,3200,3200,Partner
ORD03524,2026-04-09,CUST0197,Webcam,North,7,12500,87500,Retail
ORD03525,2025-07-22,CUST0195,Webcam,West,9,12500,112500,Partner
ORD03526,2026-07-10,CUST2684,Laptop,West,3,28000,84000,Online
ORD03527,2025-08-03,CUST1462,Monitor,West,7,2200,15400,Partner
ORD03528,2025-03-14,CUST1640,Mouse,North,5,900,4500,Retail
ORD03529,2026-05-29,CUST0143,Monitor,,9,18000,162000,Retail
ORD03530,2026-11-23,CUST2262,Printer,East,five,65000,195000,Online
ORD03531,2026-01-15,CUST1646,Monitor,West,4,65000,260000,Online
ORD03532,2026-07-01,CUST1812,Webcam,West,4,18000,72000,Partner
ORD03533,2026-07-09,CUST1754,Headset,East,3,12500,37500,Online
ORD03534,2025-05-17,CUST1091,Laptop,North,3,4500,13500,
ORD03535,2025-11-25,CUST0801,Headset,East,10,18000,180000,
ORD03536,2026-04-27,CUST1199,Keyboard,East,2,28000,56000,Partner
ORD03537,2025-09-29,CUST0407,Keyboard,North,8,12500,100000,Online
ORD03538,2025-06-29,CUST2824,Webcam,East,10,12500,125000,Retail
ORD03539,2026-04-30,CUST2952,Tablet,West,3,28000,84000,Online
ORD03540,2026-03-16,CUST1226,Laptop,East,2,3200,6400,Online
ORD03541,2025-10-11,CUST2944,Monitor,South,9,12500,112500,Partner
ORD03542,2025-12-11,CUST1263,Laptop,South,6,12500,75000,Partner
ORD03543,2025-08-14,CUST2891,Monitor,South,8,900,7200,Partner
ORD03544,2026-06-16,CUST2501,Monitor,East,3,65000,195000,Partner
ORD03545,2026-08-10,CUST1102,Laptop,West,10,4500,45000,Partner
ORD03546,2026-05-15,CUST1581,Tablet,North,5,2200,11000,Retail
ORD03547,2026-08-06,CUST1478,Printer,West,8,28000,224000,Retail
ORD03548,2025-04-30,CUST0961,Tablet,North,9,4500,40500,Retail
ORD03549,2025-11-24,CUST2664,Laptop,East,7,3200,22400,Partner
ORD03550,2026-07-03,CUST1645,Tablet,South,1,28000,28000,Online
ORD03551,2025-02-23,CUST0591,Monitor,South,8,4500,36000,Online
ORD03552,2025-11-05,CUST0245,Webcam,North,7,900,6300,Partner
ORD03553,2025-04-24,CUST2494,Headset,East,4,4500,18000,Partner
ORD03554,2025-02-06,CUST1229,Tablet,South,7,65000,455000,Retail
ORD03555,2026-11-04,CUST0181,Laptop,South,4,28000,112000,Partner
ORD03556,2025-07-09,CUST1004,Webcam,,5,2200,11000,Partner
ORD03557,2026-04-03,CUST1790,Printer,North,3,28000,84000,Online
ORD03558,2026-09-21,CUST1792,Headset,South,1,65000,65000,Partner
ORD03559,2025-10-03,CUST2501,Keyboard,East,3,18000,54000,Online
ORD03560,2025-04-01,CUST0896,Keyboard,East,9,3200,28800,Partner
ORD03561,2025-03-21,CUST2635,Keyboard,South,3,3200,9600,Retail
ORD03562,2025-08-10,CUST1055,Keyboard,South,5,65000,325000,Online
ORD03563,2025-04-15,,Laptop,East,6,28000,168000,Online
ORD03564,2026-03-12,CUST2840,Keyboard,South,9,65000,585000,Partner
ORD03565,2026-08-03,CUST0149,Tablet,North,1,18000,18000,Online
ORD03566,2026-08-13,CUST2854,Webcam,South,8,12500,100000,Online
ORD03567,2026-05-10,CUST1157,Headset,West,3,4500,13500,Online
ORD03568,2026-11-24,CUST1916,Printer,East,6,65000,390000,Online
ORD03569,2026-05-21,CUST0458,Keyboard,North,2,28000,56000,Retail
ORD03570,2025-09-04,CUST1552,Monitor,East,2,900,1800,Partner
ORD03571,2025-12-07,CUST0668,Printer,East,7,4500,31500,Partner
ORD03572,2026-05-16,CUST0890,Headset,North,5,12500,62500,Retail
ORD03573,2025-05-29,CUST0606,Webcam,West,10,4500,45000,Retail
ORD03574,2026-07-11,CUST0536,Headset,South,1,12500,12500,Partner
ORD03575,2026-06-29,CUST0542,Monitor,North,7,900,6300,Partner
ORD03576,2025-12-15,CUST1140,Webcam,South,3,65000,195000,Retail
ORD03577,2025-08-25,CUST0699,Mouse,,8,3200,25600,Retail
ORD03578,2026-01-05,CUST1995,Monitor,East,6,900,5400,Online
ORD03579,2025-02-20,CUST1636,Printer,West,7,12500,87500,Retail
ORD03580,2025-10-10,CUST1563,Webcam,West,10,12500,125000,Online
ORD03581,2025-10-18,CUST1508,Laptop,West,3,900,2700,Partner
ORD03582,2026-01-01,CUST0078,Webcam,East,10,2200,22000,Partner
ORD03583,2025-05-19,CUST1841,Headset,East,3,65000,195000,Partner
ORD03584,2026-02-09,CUST2959,Laptop,South,1,28000,28000,Partner
ORD03585,2026-11-19,CUST0192,Tablet,East,8,28000,224000,Partner
ORD03586,2026-01-02,CUST2463,Keyboard,West,4,2200,8800,Partner
ORD03587,2025-09-11,CUST2129,Monitor,North,3,2200,6600,Retail
ORD03588,2025-06-18,CUST0295,Webcam,West,6,900,5400,Partner
ORD03589,2026-11-18,CUST2795,Printer,West,3,12500,37500,Partner
ORD03590,2026-02-03,CUST0413,Mouse,South,6,4500,27000,Online
ORD03591,2025-07-03,CUST1859,Printer,South,9,4500,40500,Retail
ORD03592,2026-09-21,CUST1230,Laptop,South,1,3200,3200,Retail
ORD03593,2025-02-20,CUST0274,Mouse,North,8,65000,520000,Retail
ORD03594,2025-03-11,CUST0908,Headset,West,1,65000,65000,Partner
ORD03595,2025-07-28,CUST2216,Printer,East,3,28000,84000,Partner
ORD03596,2025-11-04,CUST1809,Headset,East,6,900,5400,Retail
ORD03597,2026-03-16,CUST0744,Monitor,West,8,2200,17600,Partner
ORD03598,2025-02-05,CUST0581,Webcam,West,4,,18000,Partner
ORD03599,2026-06-07,CUST0471,Keyboard,West,10,12500,125000,Partner
ORD03600,2025-09-15,CUST1894,Mouse,West,7,65000,455000,Partner
ORD03601,2025-08-05,CUST0049,Printer,South,3,4500,13500,Online
ORD03602,2026-01-23,CUST0302,Keyboard,South,6,3200,19200,Retail
ORD03603,2026-04-17,CUST0118,Mouse,East,3,4500,13500,Online
ORD03604,2025-11-21,CUST1099,Headset,South,10,65000,650000,Partner
ORD03605,2026-07-09,CUST0737,Monitor,South,6,65000,390000,Retail
ORD03606,2026-03-16,CUST1387,Monitor,West,9,65000,585000,Partner
ORD03607,2026-12-06,CUST1570,Laptop,East,3,900,2700,Retail
ORD03608,2025-11-28,CUST1664,Webcam,West,9,28000,252000,Online
ORD03609,2026-06-28,CUST0531,Printer,,5,65000,325000,Partner
ORD03610,2025-06-29,CUST1639,Laptop,West,8,4500,36000,Partner
ORD03611,2025-10-31,CUST0542,Laptop,South,3,18000,54000,Retail
ORD03612,2025-09-28,CUST2111,Headset,East,5,4500,22500,Partner
ORD03613,2026-05-03,CUST0915,Tablet,South,6,3200,19200,Retail
ORD03614,2026-02-12,CUST2354,Laptop,North,8,3200,25600,Retail
ORD03615,2026-09-09,CUST0813,Keyboard,West,2,28000,56000,Retail
ORD03616,2025-05-26,CUST0777,Headset,North,2,2200,4400,Retail
ORD03617,2026-02-02,CUST2171,Mouse,East,3,3200,9600,Retail
ORD03618,2025-10-13,CUST0597,Laptop,West,10,65000,650000,Online
ORD03619,2026-02-13,CUST2310,,West,8,2200,17600,Retail
ORD03620,2025-06-27,CUST1866,Mouse,North,10,12500,125000,Retail
ORD03621,2025-02-13,CUST0033,Headset,South,7,3200,22400,Partner
ORD03622,2025-10-08,CUST2886,Tablet,North,2,18000,36000,Online
ORD03623,2026-05-16,CUST0880,Monitor,East,10,28000,280000,Partner
ORD03624,2026-08-10,CUST1614,Printer,East,6,65000,390000,Partner
ORD03625,2026-12-01,CUST2656,Mouse,East,3,2200,6600,Online
ORD03626,2025-09-18,CUST0551,Monitor,West,8,18000,144000,Partner
ORD03627,2026-03-06,CUST1027,Webcam,South,10,18000,180000,Retail
ORD03628,2025-10-06,CUST1744,Laptop,East,3,2200,6600,Partner
ORD03629,2025-11-15,CUST2378,Tablet,East,10,18000,180000,Online
ORD03630,2025-08-21,CUST2697,Headset,South,7,18000,126000,Retail
ORD03631,2026-10-17,CUST2076,Webcam,West,9,28000,252000,Partner
ORD03632,2025-03-08,CUST2060,Mouse,West,6,3200,19200,Partner
ORD03633,2025-03-31,CUST2120,Laptop,East,8,18000,144000,Partner
ORD03634,2026-05-01,CUST1116,Tablet,West,1,65000,65000,Retail
ORD03635,2025-11-05,CUST0823,Tablet,West,4,18000,72000,Online
ORD03636,2025-03-30,CUST1476,Tablet,South,6,12500,75000,Retail
ORD03637,2026-01-10,CUST0283,Laptop,South,5,3200,16000,Partner
ORD03638,2025-01-13,CUST1859,Printer,West,2,28000,56000,Online
ORD03639,2025-09-18,CUST1986,Laptop,East,6,2200,13200,Partner
ORD03640,2026-06-05,CUST0681,Laptop,East,2,900,1800,Online
ORD03641,2026-06-03,CUST2048,Printer,West,2,12500,25000,Retail
ORD03642,2025-07-12,CUST0376,Headset,South,7,900,6300,Online
ORD03643,2026-11-10,CUST0839,Laptop,South,10,,180000,Partner
ORD03644,2026-11-25,CUST1539,Headset,North,10,28000,280000,Retail
ORD03645,2025-07-24,CUST0258,Webcam,West,1,3200,3200,Retail
ORD03646,2025-04-28,CUST0333,Headset,North,10,18000,,Online
ORD03647,2026-02-24,CUST0789,Laptop,South,9,12500,112500,Online
ORD03648,2026-04-02,CUST2832,Keyboard,South,2,65000,130000,Retail
ORD03649,2025-02-22,CUST1199,Webcam,West,2,18000,36000,Partner
ORD03650,2026-01-13,CUST0740,Tablet,West,1,12500,12500,Online
ORD03651,2025-05-22,CUST1577,Tablet,North,10,12500,125000,Online
ORD03652,2026-05-05,CUST1740,Monitor,North,5,4500,22500,Partner
ORD03653,2025-10-25,CUST2742,Mouse,North,2,65000,130000,Retail
ORD03654,2025-03-31,CUST1742,Keyboard,North,2,28000,56000,Partner
ORD03655,2026-04-19,CUST0853,Webcam,South,5,65000,325000,Partner
ORD03656,2025-11-13,CUST1435,Webcam,South,6,65000,390000,Partner
ORD03657,2026-10-31,CUST2935,Keyboard,North,4,3200,12800,Partner
ORD03658,2026-03-29,CUST1497,Tablet,South,1,900,900,Partner
ORD03659,2026-04-27,CUST1376,Keyboard,West,9,3200,28800,Retail
ORD03660,2025-01-28,CUST0751,Headset,North,7,65000,455000,Retail
ORD03661,2025-07-03,CUST1089,Headset,East,8,900,7200,Partner
ORD03662,2025-07-08,CUST2307,Keyboard,North,10,28000,280000,Partner
ORD03663,2025-03-07,CUST0039,Laptop,North,7,12500,87500,Partner
ORD03664,2025-12-05,CUST1847,Keyboard,East,1,65000,65000,Online
ORD03665,2026-01-15,CUST0393,Tablet,West,7,900,6300,Partner
ORD03666,2025-01-01,CUST2832,Tablet,West,5,18000,90000,Retail
ORD03667,2026-07-04,CUST1531,Mouse,West,7,3200,22400,Online
ORD03668,2025-10-16,CUST2179,Headset,North,1,28000,28000,Partner
ORD03669,2026-09-20,CUST2504,Monitor,South,7,18000,126000,Partner
ORD03670,2025-11-11,CUST2000,Printer,North,6,65000,390000,Online
ORD03671,2026-05-28,CUST1979,Headset,East,10,4500,45000,Partner
ORD03672,2026-07-21,CUST1040,Mouse,North,6,4500,27000,Partner
ORD03673,2026-06-23,CUST2842,Laptop,East,3,900,2700,Retail
ORD03674,2025-07-23,CUST2320,Monitor,South,5,900,4500,Partner
ORD03675,2025-01-24,CUST1566,Tablet,East,2,900,1800,Partner
ORD03676,2025-12-02,CUST0956,Keyboard,East,9,65000,585000,Online
ORD03677,2025-01-22,CUST0871,Tablet,East,1,65000,65000,Online
ORD03678,2026-11-30,CUST0692,Headset,West,7,28000,196000,Online
ORD03679,2026-05-23,CUST2276,Webcam,East,9,28000,252000,Partner
ORD03680,2025-12-09,CUST0313,Webcam,North,8,28000,224000,Retail
ORD03681,2027-01-01,CUST1647,Tablet,North,7,18000,126000,Online
ORD03682,2026-08-22,CUST0389,Laptop,North,5,18000,90000,Partner
ORD03683,2025-03-04,CUST1123,Printer,North,10,18000,180000,Online
ORD03684,2026-08-21,CUST2510,Mouse,South,1,2200,2200,Partner
ORD03685,2026-05-18,CUST0332,Headset,East,6,18000,108000,Online
ORD03686,2025-09-09,CUST2320,Webcam,North,4,65000,260000,Partner
ORD03687,2025-04-16,CUST1805,Keyboard,North,5,900,4500,Partner
ORD03688,2025-07-27,CUST2043,Tablet,North,6,12500,75000,Online
ORD03689,2026-10-15,CUST0911,Tablet,East,5,12500,62500,Online
ORD03690,2026-12-13,CUST0943,Mouse,South,2,12500,25000,Online
ORD03691,2025-07-08,CUST2088,Monitor,East,9,12500,112500,Online
ORD03692,2026-10-12,CUST2172,Webcam,West,1,65000,65000,Retail
ORD03693,2026-11-06,CUST2148,Webcam,South,10,3200,32000,Online
ORD03694,2026-10-10,CUST2877,Monitor,South,10,4500,45000,Online
ORD03695,2026-08-19,CUST1257,Headset,North,10,18000,180000,Online
ORD03696,2025-09-17,CUST2554,Laptop,East,9,65000,585000,Retail
ORD03697,2026-01-29,CUST1174,Webcam,South,1,28000,28000,Online
ORD03698,2026-01-19,CUST1129,Headset,East,4,28000,112000,Retail
ORD03699,2025-04-01,,Headset,East,1,12500,12500,Partner
ORD03700,2026-12-18,CUST2234,Mouse,South,10,900,9000,Online
ORD03701,2025-12-18,CUST2952,Keyboard,South,10,3200,32000,Retail
ORD03702,2026-09-18,CUST1099,Headset,West,10,4500,45000,Partner
ORD03703,2026-01-18,CUST1729,Tablet,North,2,2200,4400,Retail
ORD03704,2026-01-19,CUST0708,Laptop,East,9,3200,28800,Partner
ORD03705,2026-05-05,CUST0808,Headset,South,1,65000,65000,Partner
ORD03706,2025-02-18,CUST0112,Headset,North,7,65000,455000,Online
ORD03707,2025-06-06,CUST2995,Mouse,South,5,12500,62500,Partner
ORD03708,2026-11-05,CUST0830,Monitor,East,9,18000,162000,Partner
ORD03709,2026-01-01,CUST2888,Webcam,East,7,65000,455000,Online
ORD03710,2026-10-11,CUST2147,Laptop,North,1,900,900,Online
ORD03711,2025-08-15,CUST0791,Printer,South,9,900,8100,Retail
ORD03712,2025-01-31,CUST2197,Mouse,South,9,3200,28800,Partner
ORD03713,2025-11-05,CUST2002,Webcam,South,1,18000,18000,Retail
ORD03714,2026-09-14,CUST1385,Headset,North,7,28000,196000,Retail
ORD03715,2026-12-27,CUST0493,Laptop,East,5,18000,90000,Partner
ORD03716,2026-08-13,CUST2781,Webcam,East,3,3200,9600,Retail
ORD03717,2025-02-15,CUST2251,Printer,East,1,3200,3200,Partner
ORD03718,2026-11-23,CUST2045,Laptop,West,4,2200,8800,Partner
ORD03719,2026-09-13,CUST1660,Webcam,North,9,2200,19800,Online
ORD03720,2025-07-20,CUST0315,Monitor,North,7,900,6300,Partner
ORD03721,2026-04-28,CUST2242,Webcam,North,10,18000,180000,Online
ORD03722,2026-05-12,CUST1326,Monitor,East,1,4500,4500,Partner
ORD03723,2025-10-10,CUST1694,Printer,East,4,900,3600,Online
ORD03724,2026-07-02,CUST2619,Keyboard,North,1,3200,3200,Partner
ORD03725,2026-01-10,CUST1889,Monitor,South,10,900,9000,Partner
ORD03726,2026-09-24,CUST2410,Webcam,West,6,3200,19200,Online
ORD03727,2026-09-24,CUST1982,Tablet,West,4,28000,112000,Retail
ORD03728,2026-12-29,CUST2330,Headset,North,1,65000,65000,Partner
ORD03729,2026-03-10,CUST0800,Laptop,North,2,18000,36000,Retail
ORD03730,2026-01-27,CUST0656,Keyboard,South,1,4500,4500,Partner
ORD03731,2025-06-11,CUST2024,Mouse,West,7,65000,455000,Online
ORD03732,2026-08-01,CUST1100,Laptop,North,2,18000,36000,Partner
ORD03733,2025-09-18,CUST0974,Tablet,North,6,900,5400,Partner
ORD03734,2025-08-31,CUST0455,Webcam,East,9,3200,28800,Partner
ORD03735,2025-05-17,CUST1797,Keyboard,South,10,2200,22000,Retail
ORD03736,2025-09-12,CUST1886,Monitor,South,5,3200,16000,Retail
ORD03737,2026-02-14,CUST0912,Monitor,North,7,2200,15400,Online
ORD03738,2025-03-22,CUST2129,Webcam,North,2,4500,9000,Retail
ORD03739,2025-07-21,CUST0065,Monitor,North,3,900,2700,Retail
ORD03740,2026-03-22,CUST2084,Tablet,East,9,2200,19800,Partner
ORD03741,2025-06-09,CUST2744,Laptop,South,7,900,6300,Retail
ORD03742,2026-04-22,CUST0900,Headset,East,8,4500,36000,Retail
ORD03743,2026-08-30,CUST2502,Tablet,West,5,900,4500,Partner
ORD03744,2026-08-06,CUST0907,Tablet,West,2,28000,56000,Retail
ORD03745,2026-12-09,CUST2986,Mouse,South,8,28000,224000,Partner
ORD03746,2026-12-24,CUST0570,Webcam,West,9,65000,585000,Retail
ORD03747,2026-02-14,CUST2842,Headset,South,1,28000,28000,Online
ORD03748,2026-04-23,CUST0585,Webcam,North,2,900,1800,Partner
ORD03749,2025-09-15,CUST1339,Tablet,East,5,12500,62500,Online
ORD03750,2026-12-30,CUST1329,Tablet,South,1,65000,65000,Retail
ORD03751,2025-01-12,CUST2764,Keyboard,West,2,900,1800,Online
ORD03752,2025-09-14,CUST2566,Webcam,South,6,18000,108000,Retail
ORD03753,2026-06-28,CUST2476,Printer,North,6,28000,168000,Online
ORD03754,2026-04-30,CUST2645,Laptop,West,6,18000,108000,Retail
ORD03755,2025-02-05,CUST2985,Laptop,West,5,18000,90000,Retail
ORD03756,2025-01-10,CUST2848,Mouse,East,9,18000,162000,Partner
ORD03757,2025-03-02,CUST0855,Monitor,South,5,12500,62500,Partner
ORD03758,2025-08-13,CUST2438,Laptop,South,4,28000,112000,Partner
ORD03759,2026-03-11,CUST0189,Printer,South,7,18000,126000,Online
ORD03760,2025-08-09,CUST0031,Printer,East,10,2200,22000,Retail
ORD03761,2025-06-07,CUST1810,Keyboard,South,9,28000,252000,Online
ORD03762,2025-01-12,CUST1875,Tablet,West,9,65000,585000,Partner
ORD03763,2025-02-12,CUST2047,Mouse,West,9,2200,19800,Online
ORD03764,2025-10-27,CUST2093,Keyboard,West,8,18000,144000,Online
ORD03765,2026-02-21,CUST0810,Monitor,West,7,2200,15400,Partner
ORD03766,2025-08-31,CUST1455,Printer,South,6,28000,168000,
ORD03767,2025-06-07,CUST0385,Keyboard,West,7,12500,87500,Partner
ORD03768,2025-09-01,CUST1521,Headset,South,4,28000,112000,Retail
ORD03769,2025-11-30,CUST2116,Laptop,South,10,4500,45000,Retail
ORD03770,2026-04-17,CUST2064,Keyboard,South,7,28000,196000,Retail
ORD03771,2025-07-31,CUST0276,Headset,West,10,28000,280000,Partner
ORD03772,2026-02-03,CUST0306,Headset,West,8,65000,520000,Retail
ORD03773,2025-06-07,CUST2624,Keyboard,West,2,3200,6400,Online
ORD03774,2026-07-31,CUST1217,Headset,West,6,18000,108000,Retail
ORD03775,2026-03-24,CUST1151,Tablet,South,5,2200,11000,Retail
ORD03776,2025-07-31,CUST2907,Monitor,North,2,2200,4400,Retail
ORD03777,2025-05-05,CUST2658,Printer,North,10,12500,125000,Retail
ORD03778,2025-01-17,CUST0619,,East,9,28000,252000,Online
ORD03779,2026-02-25,CUST0920,Keyboard,West,7,3200,22400,Retail
ORD03780,2026-01-08,CUST1659,Mouse,South,5,65000,325000,Retail
ORD03781,2025-11-12,CUST2415,Tablet,North,3,3200,9600,Partner
ORD03782,2025-01-28,CUST0554,Laptop,East,2,18000,36000,Partner
ORD03783,2025-10-10,CUST2148,Tablet,East,3,900,2700,Partner
ORD03784,2026-08-23,CUST0307,Laptop,South,4,2200,8800,Retail
ORD03785,2025-02-15,CUST1536,Headset,West,5,18000,90000,Online
ORD03786,2026-11-24,CUST1465,Webcam,South,9,900,8100,Online
ORD03787,2025-12-27,CUST2625,Headset,West,7,3200,22400,Retail
ORD03788,2026-04-25,CUST2531,Mouse,East,5,12500,62500,Partner
ORD03789,2026-04-12,CUST1679,Printer,West,5,18000,90000,Partner
ORD03790,2026-06-06,CUST0039,Webcam,West,3,28000,84000,Partner
ORD03791,2026-05-21,CUST2869,Laptop,West,10,18000,180000,Online
ORD03792,2026-01-30,CUST0327,Tablet,North,4,3200,12800,Retail
ORD03793,2025-08-24,CUST0161,Printer,West,1,900,900,Partner
ORD03794,2026-04-14,CUST2358,Headset,South,4,3200,12800,Partner
ORD03795,2025-02-27,CUST0207,Laptop,North,5,3200,16000,Online
ORD03796,2025-09-15,CUST2505,Monitor,South ,4,28000,112000,Online
ORD03797,2026-09-09,CUST2568,Webcam,North,7,900,6300,Online
ORD03798,2026-04-27,CUST2109,Monitor,West,6,3200,19200,Online
ORD03799,2025-11-02,CUST2472,Tablet,East,9,900,8100,Online
ORD03800,2026-10-23,CUST0439,Keyboard,West,4,18000,72000,Online
ORD03801,2026-11-11,CUST1687,Monitor,East,10,18000,180000,
ORD03802,2025-03-14,CUST0566,Mouse,West,4,900,3600,ONLINE
ORD03803,2026-02-11,CUST1003,Monitor,West,4,2200,8800,Online
ORD03804,2026-10-11,CUST0366,Tablet,South,8,900,7200,Retail
ORD03805,2025-02-06,CUST2426,Keyboard,South,3,900,2700,Online
ORD03806,2025-06-28,CUST2067,Printer,West,1,2200,2200,Partner
ORD03807,2025-12-30,CUST2710,Tablet,South,3,2200,6600,Partner
ORD03808,2025-09-13,CUST0308,Keyboard,South,6,3200,19200,Partner
ORD03809,2025-04-15,CUST0659,Mouse,North,5,3200,16000,Partner
ORD03810,2025-10-06,CUST1887,Laptop,South,8,28000,224000,Online
ORD03811,2026-02-04,CUST2672,Tablet,West,3,2200,6600,Online
ORD03812,2026-01-21,CUST1817,Laptop,North,7,4500,31500,Partner
ORD03813,2025-05-03,CUST1431,Webcam,East,10,12500,125000,Partner
ORD03814,2025-10-08,CUST0226,Mouse,West,8,3200,25600,Retail
ORD03815,2025-07-18,CUST2880,Printer,East,9,3200,28800,Online
ORD03816,2026-09-05,CUST0451,Webcam,,2,900,1800,Retail
ORD03817,2025-12-22,CUST1255,Tablet,West,9,4500,40500,Online
ORD03818,2026-05-07,CUST1302,Headset,West,3,12500,37500,Partner
ORD03819,2026-02-08,CUST2235,Mouse,West,4,3200,12800,Retail
ORD03820,2025-04-25,CUST0884,Webcam,West,4,900,3600,Online
ORD03821,2026-02-15,CUST1940,Webcam,South,7,28000,196000,Partner
ORD03822,2026-10-19,CUST2242,Tablet,West,3,65000,195000,Partner
ORD03823,2025-04-01,CUST2426,Headset,East,1,12500,12500,Retail
ORD03824,2026-04-11,CUST2857,Monitor,West,7,3200,22400,Partner
ORD03825,2026-05-22,CUST0427,Laptop,West,3,900,2700,Online
ORD03826,2026-04-16,CUST2367,Tablet,West,1,3200,3200,Partner
ORD03827,2026-02-25,CUST0607,Webcam,West,7,2200,15400,Partner
ORD03828,2025-10-21,CUST0184,Keyboard,East,6,18000,108000,Retail
ORD03829,2025-07-10,CUST0102,Monitor,North,7,28000,196000,Online
ORD03830,2026-11-03,CUST1256,Webcam,West,3,28000,84000,Partner
ORD03831,2026-03-22,CUST0140,Mouse,North,4,4500,18000,Retail
ORD03832,2026-03-22,CUST0175,Monitor,West,5,900,4500,partner
ORD03833,2025-02-13,CUST0359,Keyboard,East,10,3200,32000,Online
ORD03834,2026-09-08,CUST1841,Headset,South,5,3200,16000,Partner
ORD03835,2025-01-26,CUST1645,Tablet,West,3,28000,84000,Partner
ORD03836,2026-06-19,CUST1560,Mouse,East,9,65000,585000,Partner
ORD03837,2025-01-31,CUST1468,Monitor,West,2,2200,4400,Retail
ORD03838,2025-09-22,CUST2691,Laptop,West,6,28000,168000,Online
ORD03839,2026-10-26,CUST2049,Keyboard,North,8,3200,25600,Online
ORD03840,2026-04-11,CUST0932,Tablet,North,4,900,3600,Partner
ORD03841,2025-01-15,CUST2281,Mouse,South,3,3200,9600,Partner
ORD03842,2026-09-28,CUST2742,Mouse,West,3,28000,84000,Retail
ORD03843,2025-10-30,CUST1699,Laptop,south,10,18000,180000,Partner
ORD03844,2025-07-23,CUST0699,Webcam,East,6,900,5400,Partner
ORD03845,2025-10-08,CUST2488,Tablet,South,4,4500,18000,Partner
ORD03846,2026-05-28,CUST0943,Tablet,south,2,28000,56000,Retail
ORD03847,2026-12-15,CUST1672,Printer,West,6,4500,27000,Retail
ORD03848,2026-12-11,CUST2248,Printer,South,8,4500,36000,Retail
ORD03849,2026-11-12,CUST2249,Headset,East,8,900,7200,Partner
ORD03850,2026-10-20,CUST1736,Headset,West,5,3200,16000,Retail
ORD03851,2026-11-17,CUST0030,Printer,West,4,28000,112000,Online
ORD03852,2026-11-07,CUST0070,Keyboard,West,8,12500,100000,Online
ORD03853,2026-08-21,CUST2223,Keyboard,South,4,900,3600,Online
ORD03854,2026-07-18,CUST1257,Printer,West,8,28000,224000,Partner
ORD03855,2025-02-23,CUST2850,Headset,East,5,900,4500,Retail
ORD03856,2025-10-28,CUST2826,Webcam,West,6,12500,75000,Retail
ORD03857,2026-10-08,CUST0527,Mouse,South,10,12500,125000,Partner
ORD03858,2026-07-13,CUST0506,Keyboard,West,4,65000,260000,Retail
ORD03859,2026-07-25,CUST2317,Keyboard,North,1,65000,65000,Partner
ORD03860,2026-02-10,CUST0703,Headset,South,7,3200,,Online
ORD03861,2025-06-10,CUST0828,Printer,North,1,18000,18000,Partner
ORD03862,2026-06-27,CUST2757,Mouse,West,9,18000,162000,Partner
ORD03863,2025-10-24,CUST0451,Keyboard,East,7,18000,126000,Online
ORD03864,2026-11-08,CUST1536,Monitor,South,1,2200,2200,Partner
ORD03865,2025-10-16,CUST2463,Monitor,East,6,12500,75000,Retail
ORD03866,2025-05-07,CUST2530,Webcam,West,5,2200,11000,Partner
ORD03867,2025-01-30,CUST1139,Tablet,West,10,900,9000,Partner
ORD03868,2025-12-08,CUST0513,Printer,West,8,65000,520000,Online
ORD03869,2025-11-24,CUST1795,Printer,East,1,18000,18000,Partner
ORD03870,2025-01-15,CUST0890,Mouse,North,1,12500,12500,Online
ORD03871,2025-05-14,CUST1087,Laptop,North,5,12500,62500,Retail
ORD03872,2025-08-09,CUST1896,Printer,West,6,65000,390000,Retail
ORD03873,2026-11-04,CUST1222,Printer,West,3,12500,37500,Retail
ORD03874,2025-03-02,CUST1988,Monitor,North,4,65000,260000,Partner
ORD03875,2025-05-02,CUST2010,Keyboard,North,5,900,4500,Partner
ORD03876,2025-11-11,CUST0502,Keyboard,North,9,18000,162000,Retail
ORD03877,2025-10-31,CUST1320,Tablet,East,10,900,9000,Online
ORD03878,2025-06-09,CUST0065,Printer,South,5,18000,90000,Retail
ORD03879,2025-04-27,CUST1424,Monitor,South,8,900,7200,Retail
ORD03880,2026-12-16,CUST0369,,East,7,3200,22400,Retail
ORD03881,2026-08-16,CUST0502,Printer,South,9,2200,19800,Partner
ORD03882,2025-11-16,CUST1301,Keyboard,West,4,65000,260000,Retail
ORD03883,2025-01-25,CUST0677,Mouse,South,10,3200,32000,Online
ORD03884,2026-09-08,CUST1898,Printer,North,6,65000,390000,Online
ORD03885,2025-10-08,CUST0053,Webcam,East,5,4500,22500,Online
ORD03886,2026-07-03,CUST2927,Mouse,North,4,65000,260000,Retail
ORD03887,2025-09-04,CUST0768,Webcam,East,10,12500,125000,Online
ORD03888,2025-04-03,CUST1713,Webcam,West,3,65000,195000,Retail
ORD03889,2025-09-03,CUST0436,Tablet,West,7,12500,87500,Partner
ORD03890,2025-04-16,CUST2690,Laptop,West,9,2200,19800,Online
ORD03891,2026-05-16,CUST0066,Laptop,East,10,12500,125000,Online
ORD03892,2026-02-22,CUST1082,Keyboard,West,4,65000,260000,Retail
ORD03893,2026-04-22,CUST1872,Headset,South,7,3200,22400,Online
ORD03894,2026-05-31,CUST2469,Webcam,East,7,18000,126000,Retail
ORD03895,2026-08-19,CUST2342,Keyboard,South,5,4500,22500,Online
ORD03896,2025-09-19,CUST2992,Monitor,East,1,65000,65000,Retail
ORD03897,2025-11-09,CUST0934,Keyboard,East,10,12500,125000,Retail
ORD03898,2025-10-16,CUST2946,Keyboard,North,10,65000,650000,Online
ORD03899,2025-08-09,CUST0487,Keyboard,East,9,12500,112500,Retail
ORD03900,2026-03-16,CUST2527,Monitor,West,6,3200,19200,Retail
ORD03901,2026-12-11,CUST0830,Headset,North,3,18000,54000,Retail
ORD03902,2025-06-18,CUST2588,Monitor,North,6,18000,108000,Retail
ORD03903,2025-11-24,CUST2939,Monitor,West,9,3200,28800,Retail
ORD03904,2026-10-24,CUST2081,Headset,North,1,12500,12500,Online
ORD03905,2025-07-20,CUST0438,Monitor,West,10,4500,45000,Retail
ORD03906,2025-09-28,CUST1011,Webcam,North,2,2200,4400,Partner
ORD03907,2026-12-23,CUST0025,Laptop,East,1,28000,28000,Partner
ORD03908,2025-09-01,CUST0345,Mouse,North,8,900,7200,Retail
ORD03909,2025-04-10,CUST2305,Keyboard,West,3,12500,37500,Retail
ORD03910,2025-05-08,CUST0154,Printer,South,9,18000,162000,Partner
ORD03911,2026-12-11,,Mouse,East,1,18000,18000,Retail
ORD03912,2026-09-17,CUST1023,Monitor,West,2,900,1800,Retail
ORD03913,2025-07-21,CUST1675,Headset,West,10,4500,45000,Retail
ORD03914,2026-04-23,CUST1753,Laptop,East,8,28000,224000,Retail
ORD03915,2025-03-24,CUST0960,Tablet,East,1,65000,65000,Retail
ORD03916,2025-05-15,CUST0993,Keyboard,North,8,2200,17600,Retail
ORD03917,2025-01-14,CUST1938,Printer,West,3,28000,84000,Retail
ORD03918,2026-11-30,CUST1763,Tablet,East,4,900,3600,Partner
ORD03919,2026-11-07,CUST1501,Keyboard,East,9,18000,162000,Online
ORD03920,2026-11-04,CUST0378,Keyboard,East,5,2200,11000,Retail
ORD03921,2025-04-29,CUST1607,Webcam,East,4,18000,72000,Partner
ORD03922,2026-02-09,CUST1838,Webcam,West,1,2200,2200,Retail
ORD03923,2025-05-08,CUST0384,Tablet,West,6,900,5400,Online
ORD03924,2025-04-24,CUST0475,Mouse,South,10,65000,650000,Partner
ORD03925,2025-01-23,CUST2287,Printer,East,8,3200,25600,Online
ORD03926,2025-07-16,CUST0941,Laptop,South,2,65000,130000,Retail
ORD03927,2025-09-26,CUST2139,Mouse,East,9,12500,112500,Partner
ORD03928,2026-08-03,CUST1040,Headset,East,4,65000,260000,Partner
ORD03929,2025-08-23,,Printer,West,10,3200,32000,Partner
ORD03930,2026-11-29,CUST1789,Mouse,South,2,28000,56000,Online
ORD03931,2025-06-07,CUST1619,Headset,West,5,28000,140000,Partner
ORD03932,2026-04-19,CUST0407,Printer,West,4,28000,112000,Retail
ORD03933,2026-01-25,CUST2929,Laptop,West,4,900,3600,Retail
ORD03934,2025-10-11,CUST2543,Monitor,South,3,12500,37500,Online
ORD03935,2025-10-28,CUST1990,Printer,,6,28000,168000,Retail
ORD03936,2025-09-26,CUST2352,Keyboard,North,10,900,9000,Retail
ORD03937,2026-05-24,CUST1993,Tablet,South,6,65000,390000,Online
ORD03938,2026-02-14,CUST0712,Printer,West,8,28000,224000,Online
ORD03939,2025-10-19,CUST2021,Keyboard,North,1,18000,18000,Retail
ORD03940,2026-06-19,CUST1353,Headset,West,3,900,2700,Online
ORD03941,2025-08-12,CUST0587,Printer,North,10,12500,125000,Online
ORD03942,2026-01-05,CUST1010,Webcam,East,1,65000,65000,Retail
ORD03943,2026-12-16,CUST1323,Monitor,South,2,900,1800,Retail
ORD03944,2025-03-21,CUST1500,Mouse,West,10,65000,650000,Online
ORD03945,2025-03-05,CUST2449,Laptop,East,10,65000,650000,Online
ORD03946,2026-04-22,CUST2870,Monitor,West,2,18000,36000,Online
ORD03947,2026-06-21,CUST0707,Mouse,West,7,900,6300,Online
ORD03948,2026-05-16,CUST1881,Keyboard,West,6,28000,168000,Retail
ORD03949,2025-08-24,CUST2358,Tablet,East,8,12500,100000,Online
ORD03950,2026-04-17,CUST1227,Monitor,West,8,900,7200,Online
ORD03951,2025-05-27,CUST0281,Tablet,East,7,28000,196000,Online
ORD03952,2026-01-16,CUST0404,Laptop,East,4,2200,8800,Partner
ORD03953,2026-09-21,CUST1348,Webcam,West,3,3200,9600,Online
ORD03954,2025-01-06,CUST2686,Headset,North,8,28000,224000,Online
ORD03955,2026-06-20,CUST0756,Tablet,East,3,12500,37500,Retail
ORD03956,2025-06-01,CUST0315,Laptop,East,2,900,1800,Retail
ORD03957,2026-06-30,CUST1615,Tablet,South,4,65000,260000,Online
ORD03958,2026-06-11,CUST0134,Monitor,East,4,65000,260000,Online
ORD03959,2025-06-21,CUST0811,Laptop,East,3,3200,9600,online
ORD03960,2026-12-17,CUST1178,Keyboard,North,10,900,9000,Retail
ORD03961,2026-02-24,CUST2035,Keyboard,North,8,28000,224000,Retail
ORD03962,2026-02-20,CUST0209,Monitor,South,8,2200,17600,Online
ORD03963,2026-11-21,CUST2912,Mouse,West,10,3200,32000,Online
ORD03964,2026-07-12,CUST1329,Monitor,West,8,3200,25600,Online
ORD03965,2026-06-30,CUST2049,Mouse,North,6,2200,13200,Retail
ORD03966,2026-06-13,CUST2526,Monitor,North,3,2200,6600,Partner
ORD03967,2026-06-28,CUST1596,Keyboard,East,4,900,3600,Retail
ORD03968,2026-04-04,CUST1171,Tablet,West,10,65000,650000,Partner
ORD03969,2026-05-15,CUST0865,Webcam,West,4,65000,260000,Online
ORD03970,2026-07-28,CUST2800,Printer,South,4,3200,12800,Partner
ORD03971,2026-05-09,CUST2538,Webcam,South,3,2200,6600,Online
ORD03972,2025-10-11,CUST0789,Printer,North,9,12500,112500,Online
ORD03973,2025-04-04,CUST1832,Keyboard,East,8,900,7200,Retail
ORD03974,2025-02-16,CUST0997,Printer,South,5,12500,62500,Online
ORD03975,2025-02-27,CUST0891,Webcam,South,7,12500,87500,Online
ORD03976,2026-08-05,CUST1106,Webcam,West,7,900,6300,Online
ORD03977,2025-07-18,CUST1854,Webcam,East,6,12500,75000,Retail
ORD03978,2025-01-31,CUST0690,Tablet,North,10,3200,32000,Partner
ORD03979,2025-06-03,CUST2165,Printer,West,2,900,1800,Partner
ORD03980,2026-06-29,CUST0064,Headset,East,5,18000,90000,Retail
ORD03981,2026-04-26,CUST2738,Headset,South,5,4500,22500,Retail
ORD03982,2025-10-19,CUST0984,Monitor,East,8,28000,224000,Online
ORD03983,2025-04-05,CUST0272,Headset,South,9,12500,112500,Retail
ORD03984,2025-12-07,CUST0744,Laptop,East,,28000,280000,Retail
ORD03985,2026-06-15,CUST0954,Monitor,South,3,2200,6600,Partner
ORD03986,2026-09-11,CUST2601,Laptop,East,5,28000,140000,Partner
ORD03987,2025-03-13,CUST1256,Mouse,West,3,12500,37500,Retail
ORD03988,2026-05-24,CUST2846,Headset,East,7,3200,22400,Partner
ORD03989,2025-01-14,CUST2034,Webcam,North,9,900,8100,Online
ORD03990,2025-10-13,CUST2092,Mouse,East,8,4500,36000,Retail
ORD03991,2026-04-29,CUST0961,Tablet,East,1,65000,65000,Retail
ORD03992,2026-01-20,CUST1836,Printer,North,9,3200,130000 INR,Retail
ORD03993,2025-04-22,CUST2658,Keyboard,East,2,12500,25000,Retail
ORD03994,2025-05-23,CUST2626,Headset,North,1,3200,3200,Retail
ORD03995,2026-02-11,CUST1339,Laptop,South,2,4500,9000,Partner
ORD03996,2026-04-09,CUST0144,Keyboard,South,7,65000,455000,Retail
ORD03997,2025-08-23,CUST0986,Tablet,North,3,65000,195000,Retail
ORD03998,2025-01-26,CUST1645,Laptop,South,9,2200,19800,Partner
ORD03999,2025-10-26,CUST2523,Printer,South,10,2200,22000,Online
ORD04000,2025-02-21,CUST1710,Webcam,East,7,65000,455000,Retail
ORD04001,2026-05-15,CUST1544,Mouse,North,10,18000,180000,Retail
ORD04002,2025-09-05,CUST2471,Printer,West,2,28000,56000,Online
ORD04003,2025-07-20,CUST0942,Tablet,West,8,12500,100000,Retail
ORD04004,2025-12-17,CUST0903,Tablet,South,8,900,7200,Retail
ORD04005,2026-07-19,CUST2555,Mouse,East,10,2200,22000,Partner
ORD04006,2025-08-16,,Mouse,South,8,12500,100000,Retail
ORD04007,2025-05-26,CUST1689,Headset,East,6,900,5400,Partner
ORD04008,2025-02-27,CUST0371,Headset,West,7,2200,15400,Online
ORD04009,2025-01-25,CUST0676,Printer,North,3,4500,13500,Online
ORD04010,2025-03-04,CUST0779,Mouse,East,7,3200,22400,Retail
ORD04011,2026-08-26,CUST0037,Mouse,South,10,900,9000,Retail
ORD04012,2025-03-31,CUST1986,Keyboard,East,2,28000,56000,Retail
ORD04013,2025-08-22,CUST2458,Webcam,West,5,65000,325000,Retail
ORD04014,2026-04-04,CUST2232,Headset,West,10,4500,45000,Online
ORD04015,2025-03-08,CUST0037,Tablet,South ,9,900,8100,Retail 
ORD04016,2025-07-11,CUST2134,Laptop,West,4,28000,112000,Partner
ORD04017,2025-11-09,CUST2488,Tablet,South,10,2200,22000,Retail
ORD04018,2026-05-12,CUST0088,Mouse,East,6,28000,168000,Retail
ORD04019,2026-02-24,CUST2188,Headset,West,1,65000,65000,Partner
ORD04020,2025-04-18,CUST2918,Monitor,East,1,65000,65000,Online
ORD04021,2026-07-29,CUST0855,Mouse,North,6,2200,13200,Retail
ORD04022,2025-10-09,CUST1232,Monitor,East,2,18000,36000,Partner
ORD04023,2026-02-15,CUST0657,Keyboard,South,9,900,8100,Partner
ORD04024,2025-05-22,CUST2918,Printer,West,2,12500,25000,Retail
ORD04025,2026-01-08,CUST2096,Tablet,North,7,18000,126000,Retail
ORD04026,2025-12-04,CUST1184,Headset,East,6,28000,168000,Retail
ORD04027,2026-10-04,CUST2508,Headset,South,10,18000,180000,Partner
ORD04028,2025-03-19,CUST1160,Laptop,East,3,65000,195000,Retail
ORD04029,2025-05-24,CUST0243,Tablet,West,8,900,7200,Online
ORD04030,2025-01-23,CUST1323,Keyboard,North,9,900,8100,Online
ORD04031,2025-09-28,CUST1742,Printer,West,4,2200,8800,Partner
ORD04032,2025-09-15,CUST1936,Tablet,East,9,65000,585000,Online
ORD04033,2026-06-23,CUST1474,Laptop,South,7,900,6300,Retail
ORD04034,2025-12-24,CUST1018,Webcam,West,8,12500,100000,Online
ORD04035,2025-12-08,CUST1329,Laptop,South,1,4500,4500,Online
ORD04036,2026-04-09,CUST0096,Headset,East,7,2200,15400,Online
ORD04037,2026-10-26,CUST2223,Monitor,South,1,3200,3200,Partner
ORD04038,2026-05-10,CUST1123,Tablet,North,6,900,5400,Partner
ORD04039,2025-05-04,CUST1102,Mouse,West,7,18000,126000,Online
ORD04040,2025-04-15,CUST0575,Monitor,North,1,3200,3200,Online
ORD04041,2025-05-02,CUST1910,Monitor,East,5,18000,90000,Partner
ORD04042,2025-07-09,CUST1177,Webcam,North,7,3200,22400,Online
ORD04043,2026-12-09,CUST1364,Laptop,North,4,12500,50000,Partner
ORD04044,2026-02-05,CUST1923,Webcam,South,2,2200,4400,
ORD04045,2025-09-14,CUST2847,Headset,North,2,4500,9000,Online
ORD04046,2025-04-24,CUST1326,Laptop,North,1,2200,2200,Partner
ORD04047,2025-09-05,CUST2887,Headset,South,3,28000,84000,Partner
ORD04048,2025-11-24,CUST0302,Tablet,West,9,18000,162000,Partner
ORD04049,2026-04-05,CUST0023,Mouse,South,6,2200,13200,Partner
ORD04050,2026-03-12,CUST2581,Webcam,North,8,900,7200,Partner
ORD04051,2025-08-15,CUST2339,Headset,South,2,3200,6400,Online
ORD04052,2025-01-02,CUST0976,Mouse,North,10,18000,180000,Online
ORD04053,2025-03-10,CUST0390,Webcam,East,7,2200,15400,Partner
ORD04054,2026-01-01,CUST0317,Laptop,West,7,28000,196000,Online
ORD04055,2026-10-20,CUST1770,Monitor,East,2,3200,6400,Online
ORD04056,2025-03-09,CUST1531,Mouse,South,6,18000,108000,Partner
ORD04057,2026-11-06,CUST0368,Mouse,West,10,2200,22000,Partner
ORD04058,2025-02-03,CUST1584,Printer,North,2,12500,25000,Retail
ORD04059,2026-06-14,CUST1015,Mouse,South,1,900,900,Retail
ORD04060,2026-09-28,CUST1992,Printer,West,3,2200,6600,Retail
ORD04061,2025-02-24,CUST0245,Tablet,South,9,28000,252000,Partner
ORD04062,2026-06-16,CUST0831,Tablet,North,1,12500,12500,Partner
ORD04063,2025-08-01,CUST1686,Webcam,North,1,18000,18000,Online
ORD04064,2026-08-16,CUST0787,Laptop,North,1,28000,28000,Partner
ORD04065,2026-09-18,CUST2563,Laptop,South,2,12500,25000,Partner
ORD04066,2025-09-30,CUST2204,Monitor,East,2,28000,56000,Online
ORD04067,2026-12-20,CUST2725,Webcam,North,8,900,7200,Retail
ORD04068,2026-02-23,CUST2386,Webcam,East,2,3200,6400,Online
ORD04069,2026-02-28,CUST2071,Printer,South,1,65000,65000,Retail
ORD04070,2026-08-11,CUST2154,Headset,North,5,18000,90000,Retail
ORD04071,2025-12-14,CUST2695,Monitor,South,10,4500,45000,Retail
ORD04072,2026-08-31,CUST2349,Mouse,East,10,28000,280000,Partner
ORD04073,2026-08-04,CUST2486,Webcam,West,7,4500,31500,Online
ORD04074,2025-05-04,CUST0658,Keyboard,West,9,12500,112500,online
ORD04075,2026-10-07,CUST1670,Monitor,East,9,2200,19800,Partner
ORD04076,2026-03-29,CUST0138,Keyboard,East,7,4500,31500,Online
ORD04077,2026-11-30,CUST0864,Keyboard,South,9,18000,162000,Online
ORD04078,2026-01-28,CUST2688,Monitor,North,2,4500,9000,Online
ORD04079,2025-11-04,CUST1180,Tablet,South,10,4500,45000,Online
ORD04080,2025-05-17,CUST2233,Headset,West,4,18000,72000,Online
ORD04081,2025-02-27,,Keyboard,West,5,12500,62500,Partner
ORD04082,2025-06-24,CUST0036,Webcam,East,6,2200,13200,Partner
ORD04083,2026-08-09,CUST0179,Laptop,West,2,4500,9000,Retail
ORD04084,2025-06-20,CUST2321,Keyboard,North,4,65000,260000,Retail
ORD04085,2026-04-28,CUST1415,Monitor,West,7,4500,31500,Partner
ORD04086,2026-01-25,CUST1012,Monitor,West,3,4500,13500,Partner
ORD04087,2026-03-05,CUST2865,Keyboard,East,7,900,6300,Online
ORD04088,2025-03-15,CUST2415,Printer,North,4,65000,260000,Partner
ORD04089,2025-07-01,CUST1182,Monitor,West,6,2200,13200,Online
ORD04090,2025-01-04,CUST0791,Keyboard,North,3,4500,13500,Partner
ORD04091,2026-02-28,CUST1842,Mouse,West,9,4500,40500,Retail
ORD04092,2025-10-25,CUST2487,Webcam,South,2,900,1800,Partner
ORD04093,2025-07-29,CUST0020,Printer,South,5,65000,325000,Partner
ORD04094,2026-04-07,CUST2228,Printer,North,9,4500,40500,Online
ORD04095,2025-07-13,CUST0029,Monitor,East,8,4500,36000,Retail
ORD04096,2025-03-15,CUST2479,Monitor,South,9,28000,252000,Online
ORD04097,2025-09-09,CUST0858,Headset,South,7,18000,126000,Online
ORD04098,2026-11-20,CUST2073,Webcam,East,3,3200,9600,Online
ORD04099,2025-04-26,CUST1084,Tablet,East,10,3200,32000,Online
ORD04100,2025-02-27,CUST2898,Mouse,North,9,28000,252000,Retail
ORD04101,2026-02-14,CUST0472,Headset,North,6,65000,390000,Partner
ORD04102,2025-11-22,CUST2085,Laptop,South,5,3200,16000,Online
ORD04103,2026-12-19,CUST2177,Monitor,South,6,18000,108000,Retail
ORD04104,2025-05-16,CUST2369,Monitor,East,4,900,3600,Retail
ORD04105,2025-08-16,CUST1222,Keyboard,North,5,28000,140000,Partner
ORD04106,2026-12-15,CUST1847,Tablet,West,1,65000,65000,Online
ORD04107,2026-01-20,CUST2062,Tablet,West,3,28000,84000,Partner
ORD04108,2026-03-16,CUST1820,Tablet,East,10,65000,650000,Partner
ORD04109,2025-07-10,CUST0005,Tablet,South,7,28000,196000,Partner
ORD04110,2026-08-16,CUST1528,Laptop,West,8,4500,36000,Partner
ORD04111,2025-10-18,CUST0064,Laptop,West,4,4500,18000,Online
ORD04112,2025-11-06,CUST1705,Headset,West,1,28000,28000,Online
ORD04113,2026-11-25,CUST1100,Laptop,West,10,12500,125000,Retail
ORD04114,2025-09-17,CUST1597,Tablet,West,10,12500,125000,Retail
ORD04115,2025-04-13,CUST1929,Tablet,West,2,2200,4400,Online
ORD04116,2025-01-19,CUST0524,Printer,South,3,3200,9600,Retail
ORD04117,2026-09-26,CUST1737,Laptop,South,10,18000,180000,Partner
ORD04118,2025-09-01,CUST0623,Monitor,East,7,900,6300,Retail
ORD04119,2025-07-04,CUST1705,Monitor,East,1,900,900,Retail
ORD04120,2025-04-04,CUST0295,Laptop,North,8,28000,224000,Retail
ORD04121,2026-02-06,CUST1183,Monitor,,2,28000,56000,Online
ORD04122,2025-01-21,CUST1236,Webcam,South,6,2200,13200,Partner
ORD04123,2026-05-05,CUST0181,Printer,North,5,65000,325000,Online
ORD04124,2025-04-08,CUST1548,Laptop,North,9,900,8100,Online
ORD04125,2026-05-12,CUST1171,Tablet,South,3,12500,37500,Retail
ORD04126,2025-03-01,CUST0420,Printer,North,7,12500,87500,Partner
ORD04127,2025-10-20,CUST0082,Keyboard,North,9,4500,40500,Retail
ORD04128,2026-07-12,CUST2540,Tablet,North,3,4500,13500,Retail
ORD04129,2025-07-07,CUST1372,Webcam,North,6,4500,27000,Partner
ORD04130,2026-02-03,CUST2211,Laptop,East,1,2200,2200,Partner
ORD04131,2025-02-22,CUST0917,Mouse,North,9,28000,252000,Retail
ORD04132,2025-09-14,CUST2757,Webcam,South,3,3200,9600,Online
ORD04133,2025-07-06,CUST2254,Mouse,West,4,28000,112000,Online
ORD04134,2025-09-29,,Tablet,East,1,4500,4500,Retail
ORD04135,2025-10-27,CUST2608,Laptop,East,2,65000,130000,Partner
ORD04136,2025-06-15,CUST0996,Webcam,South,4,28000,112000,Partner
ORD04137,2025-09-12,CUST2656,Laptop,North,9,65000,585000,Partner
ORD04138,2025-05-21,CUST1543,Keyboard,South,4,3200,12800,Online
ORD04139,2026-07-23,CUST0110,Headset,West,2,900,1800,Partner
ORD04140,2026-02-09,CUST0091,Webcam,South,5,2200,11000,Online
ORD04141,2026-07-21,CUST2392,Tablet,North,10,28000,280000,Retail
ORD04142,2025-03-10,CUST0408,Printer,West,,4500,9000,Online
ORD04143,2025-08-09,CUST2940,Mouse,South,3,900,2700,Retail
ORD04144,2026-05-22,CUST2860,Laptop,South,4,18000,72000,Online
ORD04145,2026-06-20,CUST0205,Keyboard,East,8,3200,25600,Retail
ORD04146,2026-01-08,CUST1096,Monitor,East,2,18000,36000,Partner
ORD04147,2025-01-10,CUST1885,Laptop,South,6,900,5400,Partner
ORD04148,2026-12-23,CUST0546,Printer,North,9,2200,19800,Online
ORD04149,2026-09-16,CUST0209,Laptop,West,7,12500,87500,Retail
ORD04150,2025-08-27,CUST2794,Laptop,North,9,18000,162000,Partner
ORD04151,2025-06-05,CUST0651,Webcam,North,9,18000,162000,Partner
ORD04152,2026-10-24,CUST2528,Mouse,West,7,4500,31500,Retail
ORD04153,2025-03-06,CUST1694,Keyboard,East,3,12500,37500,Retail
ORD04154,2026-06-04,CUST0810,Mouse,East,9,18000,162000,Partner
ORD04155,2025-01-31,CUST0928,Keyboard,East,6,900,5400,Partner
ORD04156,2025-06-04,CUST0004,Mouse,North,10,900,9000,Online
ORD04157,2025-10-22,CUST1476,Laptop,East,2,18000,36000,Retail
ORD04158,2025-06-26,CUST1164,Mouse,North,8,65000,520000,Partner
ORD04159,2026-03-22,CUST2661,Printer,North,9,2200,19800,Retail
ORD04160,2026-11-24,CUST2734,Laptop,West,10,900,9000,Online
ORD04161,2025-02-26,CUST0123,Headset,East,7,4500,31500,Partner
ORD04162,2025-03-22,CUST0518,Tablet,South,3,2200,6600,Retail
ORD04163,2025-07-03,CUST0483,Laptop,North,2,65000,130000,Partner
ORD04164,2026-08-21,CUST1711,Headset,,2,900,1800,Retail
ORD04165,2026-03-24,CUST2426,Tablet,East,6,12500,75000,Online
ORD04166,2026-12-22,CUST0383,Tablet,North,7,28000,196000,Partner
ORD04167,2026-05-21,CUST0490,Printer,North,8,65000,520000,Online
ORD04168,2025-07-05,CUST1660,Printer,West,2,65000,130000,Online
ORD04169,2026-04-22,CUST1224,Monitor,North,5,2200,11000,Retail
ORD04170,2026-01-30,CUST1774,Laptop,West,9,65000,585000,Partner
ORD04171,2026-10-07,CUST2372,Keyboard,West,5,900,4500,Online
ORD04172,2026-01-11,CUST0631,Laptop,West,3,65000,195000,Retail
ORD04173,2026-06-11,CUST0401,Headset,South,1,18000,18000,Retail
ORD04174,2025-05-21,CUST1861,Webcam,South,1,28000,28000,Partner
ORD04175,2025-08-10,CUST0479,Headset,West,3,28000,84000,Partner
ORD04176,2025-01-17,CUST0196,Mouse,East,4,12500,50000,Retail
ORD04177,2025-04-11,CUST0229,Webcam,South,7,12500,87500,Partner
ORD04178,2026-03-19,CUST1888,Laptop,North,9,900,8100,Retail
ORD04179,2025-01-06,CUST1210,Printer,North,7,65000,455000,Partner
ORD04180,2026-07-26,CUST0146,Webcam,East,9,4500,40500,Online
ORD04181,2025-08-13,CUST1430,Headset,East,10,900,9000,Partner
ORD04182,2026-10-16,CUST2369,Keyboard,East,1,900,900,Retail
ORD04183,2026-07-28,CUST1884,Webcam,,6,900,5400,Online
ORD04184,2025-12-12,,Tablet,North,8,4500,36000,Online
ORD04185,2026-09-10,CUST0418,Laptop,North,9,3200,28800,Retail
ORD04186,2025-06-11,CUST2356,Keyboard,South,3,18000,54000,Partner
ORD04187,2025-12-29,CUST1680,Monitor,South,10,65000,650000,Retail
ORD04188,2025-04-07,CUST1666,Keyboard,West,1,28000,28000,Partner
ORD04189,2025-06-06,CUST0367,Tablet,South,5,65000,325000,Retail
ORD04190,2025-02-02,CUST2606,Monitor,South,10,65000,650000,Partner
ORD04191,2025-08-26,CUST2349,Mouse,South,2,12500,25000,Online
ORD04192,2025-01-19,CUST0482,Tablet,West,2,900,1800,Retail
ORD04193,2026-09-24,CUST1167,Keyboard,South,9,12500,112500,Online
ORD04194,2026-01-31,CUST0718,Headset,North,6,65000,390000,Partner
ORD04195,2026-10-23,CUST1629,Mouse,East,8,3200,25600,Retail
ORD04196,2025-09-23,CUST1222,Mouse,East,1,65000,65000,Online
ORD04197,2025-12-03,CUST1135,Headset,South,8,2200,17600,Online
ORD04198,2026-03-15,CUST1923,Tablet,North,9,900,8100,Online
ORD04199,2025-01-24,CUST0582,Webcam,South,3,4500,13500,Partner
ORD04200,2025-07-14,CUST1594,Mouse,East,6,12500,75000,Retail
ORD04201,2026-08-13,CUST2929,Monitor,South,4,900,3600,Retail
ORD04202,2026-03-13,CUST2605,Webcam,East,5,3200,16000,Retail
ORD04203,2025-05-23,CUST1908,Tablet,South,1,65000,65000,Partner
ORD04204,2025-11-09,CUST1286,Monitor,East,2,900,1800,Online
ORD04205,2026-12-06,CUST1646,Headset,West,10,65000,650000,Online
ORD04206,2025-07-20,CUST0372,Mouse,East,7,12500,87500,Partner
ORD04207,2025-08-09,CUST2347,Printer,West,9,12500,112500,Partner
ORD04208,2025-12-06,CUST0371,Laptop,North,9,28000,252000,Retail
ORD04209,2025-10-18,CUST2836,Laptop,East,7,900,6300,Partner
ORD04210,2026-12-25,CUST0675,Tablet,North,9,3200,28800,Retail
ORD04211,2025-01-27,CUST1845,Keyboard,South,5,3200,16000,Online
ORD04212,2026-09-09,CUST0967,Keyboard,South,2,900,1800,Partner
ORD04213,2025-07-13,CUST2894,Keyboard,West,3,900,2700,Online
ORD04214,2026-08-11,CUST2324,Webcam,East,10,900,9000,Online
ORD04215,2025-10-29,CUST2199,Keyboard,North,10,18000,180000,Partner
ORD04216,2026-01-10,CUST2318,Headset,East,2,65000,130000,Retail
ORD04217,2026-08-07,CUST0625,Printer,North,3,12500,37500,Online
ORD04218,2026-07-29,CUST0712,Laptop,East,6,900,5400,Retail
ORD04219,2025-07-12,CUST1071,Monitor,North,8,2200,17600,Retail 
ORD04220,2025-04-19,CUST0277,Printer,South,2,12500,25000,Online
ORD04221,2026-10-20,CUST0367,Mouse,East,1,12500,12500,Retail
ORD04222,2025-01-11,CUST0929,Laptop,South,1,18000,18000,Retail
ORD04223,2026-07-27,CUST0266,Printer,North,1,28000,28000,Retail
ORD04224,2025-01-22,CUST2120,Printer,South,5,28000,140000,Online
ORD04225,2025-04-05,CUST2838,Tablet,West,2,900,1800,Retail
ORD04226,2025-12-19,CUST0307,Headset,North,2,2200,4400,Partner
ORD04227,2026-05-21,CUST2502,Headset,South,8,18000,144000,Online
ORD04228,2026-12-21,CUST1638,Laptop,South,9,2200,19800,Partner
ORD04229,2026-12-25,CUST1949,Keyboard,West,3,4500,13500,Partner
ORD04230,2025-05-10,CUST2105,Webcam,North,10,2200,22000,
ORD04231,2026-10-04,CUST2246,Keyboard,North,2,28000,56000,Retail
ORD04232,2025-07-27,CUST2811,Tablet,North,1,28000,28000,Retail
ORD04233,2026-04-07,CUST0080,Keyboard,South,4,900,3600,Retail
ORD04234,2025-10-30,CUST0957,Monitor,West,1,900,900,
ORD04235,2026-06-02,CUST2350,Webcam,West,10,2200,22000,Retail
ORD04236,2026-12-24,CUST1463,Webcam,East,1,4500,4500,Online
ORD04237,2025-03-09,CUST0418,Laptop,South,10,18000,180000,Online
ORD04238,2025-09-20,CUST1301,Webcam,West,10,2200,22000,Partner
ORD04239,2025-07-13,CUST2810,Mouse,East,3,65000,195000,Retail
ORD04240,2026-10-17,CUST1083,Mouse,South,3,65000,195000,Online
ORD04241,2026-02-19,CUST0100,Headset,East,1,3200,3200,Online
ORD04242,2026-01-06,CUST1459,Printer,North,5,3200,16000,Partner
ORD04243,2025-08-21,CUST1092,Keyboard,West,7,4500,31500,Partner
ORD04244,2025-02-24,CUST1840,Headset,North,2,3200,6400,Online
ORD04245,2026-03-21,CUST0366,Mouse,North,2,12500,25000,Retail
ORD04246,2025-12-21,CUST0730,Printer,South,1,4500,4500,Online
ORD04247,2026-04-03,CUST0002,Laptop,South,6,28000,168000,Partner
ORD04248,2025-05-23,CUST0065,Mouse,North,3,3200,9600,Online
ORD04249,2025-09-07,CUST1858,Mouse,South,3,18000,54000,Retail
ORD04250,2026-03-22,CUST2672,Keyboard,West,3,3200,9600,Online
ORD04251,2026-08-01,CUST2695,Monitor,North,2,12500,25000,Partner
ORD04252,2025-12-06,CUST0431,Laptop,East,4,65000,260000,Online
ORD04253,2025-08-30,CUST2390,Webcam,South,4,2200,8800,Partner
ORD04254,2025-11-03,CUST0567,Laptop,South,7,3200,22400,Retail
ORD04255,2026-08-15,CUST1328,Tablet,East,4,28000,112000,Retail
ORD04256,2025-02-07,CUST2726,Webcam,East,8,900,7200,Partner
ORD04257,2025-11-30,CUST0018,Webcam,South,10,900,9000,Online
ORD04258,2025-05-22,CUST2444,Webcam,South,9,65000,585000,Retail
ORD04259,2026-03-14,CUST0634,,East,6,65000,390000,Online
ORD04260,2025-01-02,CUST1601,Mouse,North,2,18000,36000,Partner
ORD04261,2025-01-16,CUST2658,Printer,South,7,18000,126000,Online
ORD04262,2026-10-28,CUST0595,Tablet,West,9,2200,19800,Online
ORD04263,2026-09-18,CUST0121,Headset,West,3,65000,195000,Online
ORD04264,2025-05-17,CUST2036,Monitor,South,7,2200,15400,Retail
ORD04265,2026-04-08,CUST1769,Headset,West,9,65000,585000,Partner
ORD04266,2025-11-15,CUST1682,Headset,West,8,900,7200,Retail
ORD04267,2025-12-23,CUST2597,Laptop,East,3,12500,37500,Online
ORD04268,2026-03-07,CUST1892,Webcam,West,3,65000,195000,Retail
ORD04269,2026-03-15,CUST2449,Mouse,East,3,3200,9600,Retail
ORD04270,2026-01-30,CUST0047,Mouse,East,6,65000,390000,Retail
ORD04271,2026-04-28,CUST1098,Headset,South,7,2200,15400,Partner
ORD04272,2026-12-18,CUST1552,Printer,East,4,3200,12800,Partner
ORD04273,2025-01-07,CUST2444,Printer,East,5,4500,22500,Retail
ORD04274,2025-04-20,CUST1885,Webcam,North,9,12500,112500,Online
ORD04275,2026-03-25,CUST2103,Keyboard,East,4,4500,18000,Partner
ORD04276,2025-05-07,CUST2593,Laptop,South,1,4500,4500,Online
ORD04277,2026-11-20,CUST0838,,South,9,18000,162000,Online
ORD04278,2025-12-19,CUST0229,Headset,South,7,2200,15400,Partner
ORD04279,2025-08-08,CUST0522,Headset,West,1,2200,2200,Retail
ORD04280,2026-10-12,CUST2193,Tablet,South,9,18000,162000,Partner
ORD04281,2026-02-15,CUST2642,,North,6,900,5400,Retail
ORD04282,2026-02-02,CUST2709,Laptop,East,5,4500,22500,Online
ORD04283,2026-11-15,CUST2760,Tablet,East,5,3200,16000,Partner
ORD04284,2026-01-06,CUST0500,Keyboard,East,5,2200,11000,Partner
ORD04285,2025-06-25,CUST2519,Tablet,South,2,900,1800,Partner
ORD04286,2025-11-11,CUST2700,Monitor,East,1,4500,4500,Online
ORD04287,2026-11-24,CUST1157,Headset,West,4,65000,260000,Retail
ORD04288,2026-11-27,CUST2057,Webcam,West,10,28000,280000,Online
ORD04289,2026-03-21,CUST2766,Printer,West,7,12500,87500,partner
ORD04290,2026-09-09,CUST2527,Laptop,South,2,2200,4400,Partner
ORD04291,2026-07-13,CUST1926,Keyboard,South,9,12500,112500,Retail
ORD04292,2025-09-23,CUST2195,Headset,North,1,2200,2200,Partner
ORD04293,2025-06-01,CUST0417,Monitor,South,8,18000,144000,Partner
ORD04294,2025-12-06,CUST1954,Keyboard,North,10,2200,22000,Retail
ORD04295,2025-11-20,CUST0706,Laptop,West,6,12500,75000,Retail
ORD04296,2025-07-03,CUST2954,Mouse,South,10,65000,650000,Retail
ORD04297,2025-05-14,CUST1577,Laptop,North,5,28000,140000,Partner
ORD04298,2026-06-08,CUST1030,Webcam,North,8,2200,17600,Retail
ORD04299,2025-06-14,CUST2420,Tablet,West,4,65000,260000,Partner
ORD04300,2025-02-20,CUST1870,Keyboard,East,3,2200,6600,Partner
ORD04301,2025-10-09,CUST2409,Mouse,North,9,28000,252000,Online
ORD04302,2026-10-07,CUST0037,Webcam,North,7,28000,196000,Online
ORD04303,2026-04-06,CUST1144,Tablet,East,8,12500,100000,Retail
ORD04304,2025-11-08,CUST2586,Mouse,North,8,12500,100000,Partner
ORD04305,2025-03-16,CUST0896,Printer,West,7,12500,87500,Online
ORD04306,2025-07-12,CUST0786,Printer,West,2,18000,36000,Retail
ORD04307,2025-01-20,CUST1775,Tablet,North,5,18000,90000,Online
ORD04308,2026-06-05,CUST2319,Mouse,North,1,2200,2200,Partner
ORD04309,2025-01-12,CUST0795,Monitor,West,1,18000,18000,Partner
ORD04310,2026-11-21,CUST0253,Webcam,South,3,18000,54000,Partner
ORD04311,2025-04-12,CUST0820,Printer,South,3,65000,195000,Retail
ORD04312,2025-06-21,CUST2921,Laptop,West,4,28000,112000,Retail
ORD04313,2025-02-10,CUST2461,Printer,West,4,4500,18000,Partner
ORD04314,2026-03-09,CUST1793,Printer,West,9,12500,112500,Online
ORD04315,2025-07-30,CUST1818,Webcam,West,8,28000,224000,Retail
ORD04316,2026-12-04,CUST0812,Mouse,West,2,4500,9000,Partner
ORD04317,2025-04-27,CUST0253,Monitor,West,6,18000,108000,Retail
ORD04318,2026-10-09,CUST0899,Headset,South,7,4500,31500,Retail
ORD04319,2025-04-16,CUST1362,Headset,South,7,18000,126000,Retail
ORD04320,2026-07-27,CUST2350,Mouse,North,6,4500,27000,Partner
ORD04321,2025-03-25,CUST0676,Mouse,West,9,12500,112500,Retail
ORD04322,2025-07-13,CUST1347,Webcam,North,1,28000,28000,Partner
ORD04323,2025-03-19,CUST0466,Mouse,West,3,28000,84000,Online
ORD04324,2025-04-26,CUST2017,Keyboard,East,3,3200,9600,Partner
ORD04325,2026-10-22,CUST0197,Monitor,North,4,28000,112000,Retail
ORD04326,2026-03-31,CUST1289,Webcam,South,8,12500,100000,Online
ORD04327,2026-04-20,CUST2600,Tablet,West,7,28000,196000,Partner
ORD04328,2026-11-07,CUST0160,Keyboard,South,,18000,72000,Retail
ORD04329,2026-07-24,CUST0494,Keyboard,North,7,12500,87500,Retail
ORD04330,2025-04-10,CUST1754,Printer,North,3,4500,13500,Partner
ORD04331,2025-08-10,CUST2072,Printer,West,2,65000,130000,Online
ORD04332,2025-08-09,CUST0926,Monitor,North,6,12500,75000,Partner
ORD04333,2025-09-15,CUST1003,Keyboard,East,2,4500,9000,Online
ORD04334,2026-11-09,CUST0159,Mouse,North,6,900,5400,Retail
ORD04335,2026-07-06,CUST2904,Headset,North,10,2200,22000,Partner
ORD04336,2026-02-20,CUST1993,Webcam,East,6,4500,27000,Partner
ORD04337,2025-04-07,CUST0348,Headset,East,3,3200,9600,Retail
ORD04338,2025-01-07,CUST2988,Monitor,North,9,4500,40500,Partner
ORD04339,2025-10-17,CUST0831,Tablet,West,5,900,4500,Online
ORD04340,2025-04-20,CUST1237,Keyboard,West,1,900,900,Partner
ORD04341,2025-01-29,CUST0086,Headset,West,1,18000,18000,Retail
ORD04342,2025-06-27,CUST2630,Laptop,North,4,12500,50000,Online
ORD04343,2026-05-01,CUST1671,Mouse,East,7,28000,196000,Online
ORD04344,2026-01-29,CUST1821,Keyboard,North,4,65000,260000,Partner
ORD04345,2026-07-18,CUST2147,Tablet,South,10 units,65000,650000,Partner
ORD04346,2025-05-21,CUST2765,Webcam,West,4,12500,50000,Retail
ORD04347,2025-09-02,CUST0280,Tablet,South,6,65000,390000,Online
ORD04348,2026-07-16,CUST2175,Printer,West,2,3200,6400,Online
ORD04349,2025-06-01,CUST1332,Keyboard,South,2,65000,130000,Online
ORD04350,2025-07-01,CUST2576,Keyboard,West,1,4500,4500,Partner
ORD04351,2026-05-14,CUST0406,Printer,West,4,65000,260000,Online
ORD04352,2025-09-30,CUST2241,Keyboard,North,2,4500,9000,Retail
ORD04353,2025-05-20,CUST2959,Headset,East,8,3200,25600,Retail
ORD04354,2026-02-28,CUST1359,Printer,North,1,3200,3200,Online
ORD04355,2026-10-02,CUST2660,Tablet,North,9,4500,40500,Online
ORD04356,2026-05-13,CUST1144,Tablet,East,7,2200,15400,Online
ORD04357,2025-12-05,CUST0475,Laptop,South,5,18000,90000,Partner
ORD04358,2025-02-17,CUST1473,Webcam,West,6,2200,13200,Online
ORD04359,2025-02-10,CUST0910,Monitor,East,8,4500,36000,Partner
ORD04360,2025-12-10,CUST2467,Tablet,,6,18000,108000,Online
ORD04361,2025-05-20,CUST1350,Webcam,East,3,2200,6600,Partner
ORD04362,2025-05-06,CUST2372,Monitor,West,10,2200,22000,Retail
ORD04363,2026-12-08,CUST2805,Keyboard,East,2,28000,56000,Online
ORD04364,2026-08-19,CUST0812,Printer,East,8,12500,100000,Retail
ORD04365,2026-03-30,CUST0832,Webcam,North,6,18000,108000,Retail
ORD04366,2025-06-30,CUST2346,Laptop,West,3,28000,84000,Retail
ORD04367,2026-10-17,CUST2056,Tablet,South,5,12500,62500,Partner
ORD04368,2025-02-13,CUST2513,Laptop,South,10,65000,650000,Retail
ORD04369,2025-09-26,CUST0859,Tablet,North,6,2200,13200,Online
ORD04370,2026-03-30,CUST2319,Laptop,East,7,65000,455000,Online
ORD04371,2026-06-20,CUST2478,Printer,North,10,4500,45000,Retail
ORD04372,2026-09-01,CUST0990,Laptop,North,8,900,7200,Partner
ORD04373,2025-10-11,CUST0800,Keyboard,South,9,900,8100,Online
ORD04374,2026-03-05,CUST0746,Webcam,North,10,900,9000,Retail
ORD04375,2025-11-02,CUST1266,Headset,West,2,2200,4400,Partner
ORD04376,2026-10-22,CUST1232,Webcam,North,10,18000,180000,Retail
ORD04377,2025-03-18,CUST1209,Mouse,West,3,4500,13500,Retail
ORD04378,2025-05-07,CUST1342,Laptop,West,4,4500,18000,Retail
ORD04379,2026-05-03,CUST2378,Headset,North,4,12500,50000,Online
ORD04380,2026-11-26,CUST2899,Webcam,West,1,28000,28000,Retail
ORD04381,2026-09-04,CUST1912,Tablet,North,2,28000,56000,Partner
ORD04382,2025-09-22,CUST2517,Printer,East,2,2200,4400,Partner
ORD04383,2025-05-15,CUST0362,Monitor,South,5,2200,11000,Partner
ORD04384,2025-01-28,CUST2018,Monitor,North,10,4500,45000,Online
ORD04385,2026-05-28,CUST1702,Webcam,East,6,2200,13200,Partner
ORD04386,2026-09-20,CUST1277,Headset,South,8,12500,100000,Partner
ORD04387,2026-09-29,CUST2387,Printer,South,2,65000,130000,Retail
ORD04388,2025-06-09,CUST2651,Webcam,East,2,18000,36000,Online
ORD04389,2026-01-02,CUST1133,Mouse,East,5,12500,62500,Online
ORD04390,2025-09-18,CUST1457,Laptop,South,1,900,900,Retail
ORD04391,2025-12-01,CUST1363,Tablet,North,6,2200,13200,Partner
ORD04392,2025-07-25,CUST2160,Mouse,North,4,18000,72000,Partner
ORD04393,2025-09-12,CUST2366,Printer,North,4,3200,12800,Retail
ORD04394,2025-05-03,CUST0524,Headset,North,2,3200,6400,Partner
ORD04395,2025-11-02,CUST0614,Printer,East,9,3200,28800,Online
ORD04396,2025-02-05,CUST1783,Mouse,East,10,28000,280000,Retail
ORD04397,2026-04-04,CUST2979,Mouse,North,4,28000,112000,Retail
ORD04398,2025-01-17,CUST1850,Mouse,East,3,4500,13500,Online
ORD04399,2025-12-13,CUST2428,Tablet,West,4,2200,8800,Partner
ORD04400,2025-11-25,CUST2054,Headset,West,8,900,7200,Retail
ORD04401,2025-11-03,CUST2054,Laptop,North,10,900,9000,Retail
ORD04402,2025-10-29,CUST2336,Monitor,East,7,28000,196000,Partner
ORD04403,2026-10-05,CUST0005,Webcam,North,10,3200,32000,Retail
ORD04404,2025-08-28,CUST2761,Printer,East,3,900,2700,Online
ORD04405,2026-06-04,CUST1854,Headset,East,1,28000,,Partner
ORD04406,2025-02-18,CUST0365,Monitor,West,8,900,7200,Online
ORD04407,2026-09-08,CUST0663,Mouse,North,6,18000,108000,Retail
ORD04408,2025-01-28,CUST0095,Monitor,South,3,18000,54000,Partner
ORD04409,2026-07-28,CUST2649,Tablet,North,8,28000,224000,Online
ORD04410,2025-10-11,CUST0667,Printer,south,6,900,5400,Online
ORD04411,2025-06-02,CUST2026,Tablet,South,3,2200,6600,Partner
ORD04412,2025-03-18,CUST0086,Laptop,North,10,12500,125000,Retail
ORD04413,2026-10-18,CUST2807,Printer,West,7,28000,196000,Partner
ORD04414,2026-06-10,CUST0316,Keyboard,East,9,18000,162000,Online
ORD04415,2025-10-27,CUST2053,Laptop,North,5,2200,11000,Retail
ORD04416,2026-01-19,CUST0506,Printer,North,7,4500,31500,Retail
ORD04417,2025-06-06,CUST0569,Laptop,South,6,900,5400,Online
ORD04418,2026-12-07,CUST1058,Printer,West,10,18000,180000,Online
ORD04419,2026-02-19,CUST2970,Webcam,South,8,4500,36000,Partner
ORD04420,2026-11-16,CUST0986,Printer,West,3,900,2700,Partner
ORD04421,2026-06-12,CUST2405,Printer,West,8,4500,36000,Partner
ORD04422,2026-12-26,CUST2548,Printer,West,4,65000,260000,Partner
ORD04423,2026-04-12,CUST0835,Mouse,East,5,4500,22500,Retail
ORD04424,2025-05-31,CUST1966,Headset,West,8,28000,224000,Partner
ORD04425,2026-05-03,CUST2571,Keyboard,North,2,28000,56000,Retail
ORD04426,2026-04-24,CUST1729,Mouse,East,9,28000,252000,Partner
ORD04427,2025-07-12,CUST2956,Monitor,West,3,12500,37500,Retail
ORD04428,2025-08-27,CUST1783,Keyboard,West,3,18000,54000,Partner
ORD04429,2025-12-26,CUST2197,Monitor,East,7,4500,31500,Partner
ORD04430,2025-03-17,CUST1013,Mouse,South,6,2200,13200,Retail
ORD04431,2026-05-02,CUST0923,Tablet,West,4,18000,72000,Retail
ORD04432,2026-09-01,CUST2045,Laptop,East,5,3200,16000,Retail
ORD04433,2026-06-29,CUST2084,Keyboard,North,10,3200,32000,Retail
ORD04434,2025-07-17,CUST1595,Laptop,North,10,18000,,Partner
ORD04435,2026-02-30,CUST2699,Headset,West,5,2200,11000,Partner
ORD04436,2025-10-23,CUST2557,Printer,West,5,900,4500,Retail
ORD04437,2025-06-10,CUST2588,Keyboard,South,9,2200,19800,Partner
ORD04438,2025-05-28,CUST2718,Monitor,West,4,28000,112000,Partner
ORD04439,2026-11-02,CUST0333,Keyboard,East,7,4500,31500,Retail
ORD04440,2025-06-10,CUST0757,Mouse,East,10 units,4500,4500,Online
ORD04441,2026-02-16,CUST2777,Laptop,North,1,2200,2200,Partner
ORD04442,2025-05-25,CUST2001,Laptop,East,1,900,900,Partner
ORD04443,2026-03-13,CUST1941,Monitor,East,10,4500,45000,Online
ORD04444,2026-10-30,CUST2423,Printer,East,1,28000,28000,Retail
ORD04445,2026-10-27,CUST0281,Laptop,East,5,3200,16000,Retail
ORD04446,2025-06-27,CUST2254,Webcam,West,9,18000,162000,Partner
ORD04447,2025-12-27,CUST2246,Keyboard,West,4,900,3600,Online
ORD04448,2026-09-17,CUST1681,Laptop,South,1,2200,2200,Retail
ORD04449,2026-12-31,CUST0446,Tablet,East,2,900,1800,Online
ORD04450,2025-03-13,CUST2669,Mouse,North,6,28000,168000,Online
ORD04451,2026-07-14,CUST0656,Printer,North,5,2200,11000,Retail
ORD04452,2025-11-03,CUST1104,Tablet,West,2,28000,56000,Online
ORD04453,2026-09-15,CUST0003,Printer,North,7,900,6300,Online
ORD04454,2026-12-15,CUST1119,Mouse,North,5,900,4500,Partner
ORD04455,2025-01-09,,Keyboard,South,1,18000,18000,Partner
ORD04456,2025-08-20,CUST0876,Printer,South,8,12500,100000,Partner
ORD04457,2026-06-11,CUST2240,Laptop,West,3,28000,84000,Retail
ORD04458,2026-01-13,CUST2110,Printer,North,4,4500,18000,Partner
ORD04459,2025-12-23,CUST0589,Laptop,East,9,900,8100,Retail
ORD04460,2025-06-01,CUST0723,Laptop,South,3,18000,54000,Retail
ORD04461,2025-05-17,CUST0721,laptop,North,1,12500,12500,Online
ORD04462,2026-09-03,CUST0250,Webcam,South,1,3200,3200,Retail
ORD04463,2025-01-01,CUST2438,Keyboard,East,5,12500,62500,Retail
ORD04464,2025-07-20,CUST0281,Keyboard,North,4,4500,18000,Partner
ORD04465,2025-10-22,CUST2074,Printer,South,9,2200,19800,Partner
ORD04466,2025-02-08,CUST0458,Printer,West,5,3200,16000,Online
ORD04467,2026-07-18,CUST0831,Monitor,South,3,28000,84000,Retail
ORD04468,2026-12-16,CUST1918,Laptop,East,3,12500,37500,Online
ORD04469,2026-11-13,CUST0054,Monitor,East,9,65000,585000,Retail
ORD04470,2025-05-22,CUST0276,Tablet,East,10,3200,32000,Partner
ORD04471,2026-06-14,CUST2075,Keyboard,East,9,2200,19800,Retail
ORD04472,2026-05-06,CUST0926,Keyboard,East,8,18000,144000,Retail
ORD04473,2026-06-19,CUST1574,Laptop,North,5,65000,325000,Retail
ORD04474,2025-08-12,CUST1118,Printer,South ,3,18000,54000,Retail
ORD04475,2025-02-16,CUST1976,Webcam,North,4,4500,18000,Partner
ORD04476,2025-05-01,CUST0118,Laptop,South,4,65000,260000,Retail
ORD04477,2026-06-10,CUST0339,Monitor,East,9,2200,19800,Partner
ORD04478,2025-06-06,CUST0364,Mouse,South,9,18000,162000,Online
ORD04479,2026-01-27,CUST1849,Printer,North,1,900,900,Retail
ORD04480,2025-06-17,CUST1137,Keyboard,South,8,65000,520000,Partner
ORD04481,2025-04-18,CUST0991,Monitor,West,8,3200,25600,Retail
ORD04482,2025-11-18,CUST2233,Monitor,South,4,65000,260000,Partner
ORD04483,2026-11-27,CUST2541,Keyboard, north,6,12500,75000,Retail
ORD04484,2025-12-14,CUST1365,Monitor,North,3,2200,6600,Online
ORD04485,2025-08-14,,Mouse,North,1,12500,12500,Partner
ORD04486,2025-05-31,CUST1772,Laptop,North,2,12500,25000,Retail
ORD04487,2026-09-02,CUST1548,Webcam,North,2,65000,130000,Partner
ORD04488,2026-04-25,CUST1723,Monitor,East,1,2200,2200,Partner
ORD04489,2025-09-28,CUST1789,Webcam,North,7,900,6300,Retail
ORD04490,2025-03-20,CUST0932,Webcam,West,2,18000,36000,Online
ORD04491,2025-11-25,CUST1146,Tablet,East,7,3200,22400,Online
ORD04492,2025-05-22,CUST2776,Laptop,South,3,12500,37500,Online
ORD04493,2025-07-25,CUST1519,Laptop,South,,18000,126000,Online
ORD04494,2026-04-20,CUST2190,Laptop ,East,10 units,3200,16000,Retail
ORD04495,2026-06-19,CUST2509,Headset,West,9,28000,252000,Retail
ORD04496,2026-03-27,CUST2205,Mouse,North,7,900,6300,Partner
ORD04497,2026-11-20,CUST0537,Headset,West,6,900,5400,Online
ORD04498,2026-09-10,CUST0598,Laptop,West,10,28000,280000,Online
ORD04499,2026-07-15,CUST2488,Monitor,South,9,3200,28800,Online
ORD04500,2025-12-06,CUST1644,Headset,South,1,2200,2200,Partner
ORD04501,2026-01-13,CUST0153,Laptop,East,9,900,8100,Online
ORD04502,2026-07-27,CUST0403,Monitor,West,9,2200,19800,Partner
ORD04503,2026-01-03,CUST1949,Headset,South,7,900,6300,Online
ORD04504,2025-02-25,CUST2299,Printer,East,6,28000,168000,Retail
ORD04505,2026-09-28,CUST0310,Laptop,East,6,12500,75000,Retail
ORD04506,2026-11-03,CUST2983,Mouse,East,4,12500,50000,Retail
ORD04507,2026-05-14,CUST2534,Webcam,East,9,12500,112500,Partner
ORD04508,2025-04-24,CUST2058,Printer,East,10,3200,32000,Online
ORD04509,2026-01-14,CUST2297,Keyboard,South,4,12500,50000,Retail
ORD04510,2025-05-12,CUST0143,Monitor,North,7,2200,15400,Partner
ORD04511,2025-05-11,CUST2187,Keyboard,South,9,65000,585000,Online
ORD04512,2025-08-24,CUST2554,Laptop,West,6,12500,75000,Online
ORD04513,2026-05-25,CUST0123,Webcam,East,3,65000,195000,Retail
ORD04514,2025-08-04,CUST1035,Mouse,West,4,3200,12800,Partner
ORD04515,2025-11-05,CUST0485,Webcam,North,-1,65000,130000,Online
ORD04516,2025-12-29,CUST2136,Printer,North,9,900,8100,Online
ORD04517,2026-07-05,CUST2370,Headset,East,4,18000,130000 INR,Online
ORD04518,2025-08-08,CUST0064,Laptop,West,8,65000,520000,Retail
ORD04519,2025-07-23,CUST1242,Monitor,North,4,18000,72000,Online
ORD04520,2025-07-29,CUST1768,Printer,North,10,12500,125000,Partner
ORD04521,2026-01-21,CUST0713,Mouse,East,5,28000,140000,Online
ORD04522,2026-02-26,CUST1869,Headset,North,9,4500,40500,Retail
ORD04523,2025-08-18,CUST1282,Webcam,South,6,65000,390000,Retail
ORD04524,2025-03-27,CUST0668,Webcam,North,3,28000,84000,Online
ORD04525,31-02-2025,CUST0426,Keyboard,West,3,2200,6600,Online
ORD04526,2025-05-26,CUST2419,Tablet,West,6,900,5400,Online
ORD04527,2026-06-23,CUST0376,Headset,North,2,900,1800,Online
ORD04528,2026-07-01,CUST1495,Tablet,East,5,18000,90000,Retail
ORD04529,2025-09-18,CUST2467,Monitor,North,8,3200,25600,Online
ORD04530,2026-12-10,CUST1490,Headset,South,10,2200,22000,Partner
ORD04531,2025-07-06,CUST1637,Laptop,South,5,3200,16000,Partner
ORD04532,2025-07-14,CUST2259,Laptop,West,9,28000,252000,Partner
ORD04533,2025-12-28,CUST0886,Webcam,West,6,3200,19200,Retail
ORD04534,2026-04-11,CUST1316,Monitor,West,6,65000,390000,
ORD04535,2026-06-06,CUST0702, LAPTOP,East,1,28000,28000,Online
ORD04536,2025-11-10,CUST1381,Keyboard,East,7,65000,455000,Online
ORD04537,2025-08-02,CUST0192,Mouse,South,9,18000,162000,Partner
ORD04538,2026-11-26,CUST1045,Tablet,West,5,3200,16000,Partner
ORD04539,2025-07-19,CUST1695,Webcam,East,8,900,7200,Online
ORD04540,2025-03-19,CUST1019,,North,5,12500,62500,Online
ORD04541,2026-05-18,CUST0609,Mouse,South,10,28000,280000,Retail
ORD04542,2026-10-26,CUST1680,Printer,North,8,18000,144000,Partner
ORD04543,2025-02-04,CUST2230,Printer,South,2,3200,6400,Retail
ORD04544,2025-04-30,CUST0377,Laptop,North,7,28000,196000,Retail
ORD04545,2026-05-22,CUST2993,Keyboard,East,9,eighteen thousand,252000,Partner
ORD04546,2025-12-30,CUST2209,Laptop,East,5,900,4500,Partner
ORD04547,2026-01-23,CUST2365,Printer,East,5,900,4500,Online
ORD04548,2025-11-26,CUST1041,Monitor,South,4,18000,72000,Partner
ORD04549,2026-04-04,CUST2783,Laptop,West,4,18000,72000,Retail
ORD04550,2025-03-02,CUST2519,Monitor,East,6,4500,27000,Partner
ORD04551,2026-08-17,CUST1087,Laptop,North,10,3200,32000,Retail
ORD04552,2026-11-07,CUST2405,Printer,North,9,3200,28800,Online
ORD04553,2025-04-06,CUST1816,Headset,West,6,65000,390000,Retail
ORD04554,2026-05-28,CUST2040,Mouse,East,4,2200,8800,Partner
ORD04555,2026-03-10,CUST1334,Mouse,West,1,4500,4500,Retail
ORD04556,2026-02-04,CUST2497,Mouse,East,3,12500,37500,Partner
ORD04557,2025-11-07,CUST0457,Tablet,North,7,12500,87500,Online
ORD04558,2026-09-20,CUST2148,Headset,South,2,18000,36000,Partner
ORD04559,2025-03-28,CUST0916,Webcam,North,2,18000,36000,Retail
ORD04560,2026-06-13,CUST0247,Monitor,South,8,900,7200,Partner
ORD04561,2026-03-16,CUST1941,Keyboard,South,1,12500,12500,ONLINE
ORD04562,2025-05-08,CUST0973,Printer,South,5,18000,90000,Retail
ORD04563,2025-07-12,CUST1302,Printer,East,5,65000,325000,Online
ORD04564,2025-02-16,CUST1910,Monitor,North,1,4500,4500,Retail
ORD04565,2026-05-10,CUST0870,Keyboard,North,8,18000,144000,Retail
ORD04566,2026-03-07,CUST0909,Printer,North,6,3200,19200,Online
ORD04567,2025-04-16,CUST1710,Mouse,West,4,4500,18000,Partner
ORD04568,2025-12-12,CUST0560,Mouse,East,3,4500,13500,partner
ORD04569,2025-04-11,CUST0642,Printer,North,7,18000,126000,Online
ORD04570,2026-09-22,CUST0416,Keyboard,North,7,65000,455000,Partner
ORD04571,2025-04-12,CUST2421,Laptop,West,6,2200,13200,Retail
ORD04572,2027-01-01,CUST2859,Keyboard,South,3,3200,9600,Partner
ORD04573,2026-07-25,CUST2983,Mouse,East,4,900,3600,Online
ORD04574,2026-12-25,CUST2163,Monitor,East,9,2200,19800,Online
ORD04575,2025-09-30,CUST2857,Keyboard,South,4,65000,260000,Online
ORD04576,2025-11-01,CUST0251,Monitor,West,9,18000,162000,Online
ORD04577,2025-06-14,CUST0495,Printer,North,3,18000,54000,Retail
ORD04578,2025-04-14,CUST1518,Laptop,South,9,28000,252000,Partner
ORD04579,2025-03-14,CUST2369,Monitor,North,10,3200,32000,Retail
ORD04580,2026-06-08,CUST1084,Monitor,North,5,12500,62500,Retail
ORD04581,2026-05-19,CUST1940,Monitor,West,9,3200,28800,Partner
ORD04582,2025-11-08,CUST0318,Monitor,West,2,4500,9000,Online
ORD04583,2025-07-04,CUST1275,Headset,West,5,900,4500,Partner
ORD04584,2025-10-05,CUST1650,Keyboard,South,10,4500,45000,Online
ORD04585,2025-06-08,CUST1519,Keyboard,East,6,18000,108000,partner
ORD04586,2026-11-30,CUST2048,Headset,East,6,65000,390000,Partner
ORD04587,2026-08-03,CUST1704,Laptop,South,8,900,7200,Online
ORD04588,2025-08-26,CUST1625,Printer,East,7,12500,87500,Partner
ORD04589,2026-06-25,CUST2432,Monitor,South,5,65000,,Retail
ORD04590,2026-01-03,CUST2455,Monitor,West,2,65000,130000,Online
ORD04591,2025-08-31,CUST1336,Mouse,East,8,4500,36000,Partner
ORD04592,2026-10-20,CUST0154,Keyboard,West,7,65000,455000,Online
ORD04593,2026-10-17,CUST2671,Keyboard,South,4,2200,8800,Online
ORD04594,2026-08-01,CUST1305,Mouse,East,9,12500,112500,Partner
ORD04595,2026-10-08,CUST0438,Headset,West,,18000,126000,Online
ORD04596,2026-09-18,CUST1950,Monitor,North,4,2200,8800,Retail
ORD04597,2026-10-27,CUST1783,Monitor,North,8,3200,25600,Partner
ORD04598,2025-10-23,CUST1964,Webcam,South,5,18000,90000,Partner
ORD04599,2025-11-23,CUST0566,Printer,West,6,65000,390000,online
ORD04600,2026-11-06,CUST0289,Laptop,South,3,900,2700,Retail
ORD04601,2026-12-05,CUST0455,Tablet,North,9,18000,162000,Partner
ORD04602,2025-06-04,CUST1255,Keyboard,East,1,28000,28000,Online
ORD04603,2025-10-24,CUST0480,Mouse,East,1,3200,3200,Retail
ORD04604,2026-11-23,CUST0377,Printer,North,1,65000,65000,Retail
ORD04605,2026-02-20,CUST1861,Monitor,North,2,2200,4400,Retail
ORD04606,2025-03-26,CUST2138,Monitor,West,1,18000,18000,Retail
ORD04607,2026-01-17,CUST0571,Tablet,West,6,65000,390000,Online
ORD04608,2025-06-29,CUST1982,Printer,East,4,12500,50000,Online
ORD04609,2025-02-15,CUST0720,Headset,South,2,65000,130000,Partner
ORD04610,2025-08-31,CUST1688,Headset,South,10,18000,180000,Online
ORD04611,2025-03-05,CUST0722,Headset,West,1,2200,2200,Partner
ORD04612,2025-05-01,CUST0195,Tablet,East,8,65000,520000,Partner
ORD04613,2025-11-19,CUST0057,Monitor,North,8,18000,144000,Partner
ORD04614,2025-04-12,CUST2727,Laptop,East,2,2200,4400,Online
ORD04615,2026-12-19,CUST2074,Laptop,South,9,4500,40500,Online
ORD04616,2026-01-29,CUST0319,Laptop,West,6,28000,168000,Online
ORD04617,2025-01-15,CUST0704,Webcam,North,1,28000,28000,Retail
ORD04618,2026-09-07,CUST1545,Laptop,South,6,900,5400,Online
ORD04619,2026-03-28,CUST1969,Keyboard,West,3,65000,195000,Partner
ORD04620,2025-01-20,CUST2181,Printer,South,8,28000,224000,Retail
ORD04621,2026-12-04,CUST0184,Webcam,East,9,28000,252000,Online
ORD04622,2026-11-28,CUST1039,Keyboard,North,10,28000,280000,Online
ORD04623,2025-12-19,CUST0994,Tablet,South,3,65000,195000,Retail
ORD04624,2025-02-26,CUST1975,Tablet,North,7,12500,87500,Retail
ORD04625,2026-01-19,CUST0418,Monitor,North,2,18000,36000,Partner
ORD04626,2025-12-17,CUST0169,Laptop,South,1,2200,2200,Partner
ORD04627,2025-10-07,CUST2499,Headset,South,7,900,6300,Retail
ORD04628,2025-12-21,CUST1373,Printer,East,10,3200,32000,Partner
ORD04629,2025-11-06,CUST1525,Webcam,West,7,900,6300,Retail
ORD04630,2026-11-24,CUST0947,Laptop,East,2,65000,130000,Partner
ORD04631,2025-09-08,CUST1691,,South,5,65000,325000,Retail
ORD04632,2026-08-04,CUST2249,Headset,West,6,65000,390000,Retail
ORD04633,2025-11-29,CUST2023,Laptop,South,10,12500,125000,Online
ORD04634,2025-10-26,CUST2163,Mouse,North,10,4500,45000,Online
ORD04635,2025-03-30,CUST0439,Mouse,West,5,4500,22500,Partner
ORD04636,2025-08-11,CUST0661,Headset,West,8,4500,36000,Partner
ORD04637,2026-01-30,CUST2979,Webcam,West,9,18000,162000,Online
ORD04638,2026-11-23,CUST2629,Tablet,South,3,2200,6600,Online
ORD04639,2025-12-12,CUST2562,Tablet,West,2,12500,25000,Online
ORD04640,2025-10-23,CUST0123,Headset,South,1,2200,2200,Online
ORD04641,2025-05-30,CUST2847,Tablet,West,5,12500,62500,Retail
ORD04642,2025-08-03,CUST2692,Headset,North,2,65000,130000,Retail
ORD04643,2025-05-17,CUST2404,Keyboard,North,8,900,7200,Retail
ORD04644,2025-03-19,CUST2836,Printer,North,5,18000,90000,Retail
ORD04645,2025-10-22,CUST0277,Printer,East,9,4500,40500,Online
ORD04646,2025-10-21,CUST1871,Laptop,West,2,28000,56000,Retail
ORD04647,2025-11-20,CUST0879,Printer,South,5,4500,22500,Partner
ORD04648,2026-04-04,CUST1369,Webcam,West,1,4500,4500,Retail
ORD04649,2026-03-11,CUST1540,Keyboard,West,5,18000,90000,Partner
ORD04650,2026-03-28,CUST1522,Headset,North,9,900,8100,Online
ORD04651,2025-05-15,CUST2429,Headset,South,4,3200,12800,Retail
ORD04652,2025-12-06,CUST2666,Laptop,South,9,12500,112500,Partner
ORD04653,2025-10-28,CUST2522,Printer,West,9,3200,28800,Retail
ORD04654,2025-06-05,CUST0453,Webcam,East,6,28000,168000,Retail
ORD04655,2025-04-30,CUST0540,Laptop,North,9,4500,40500,Retail
ORD04656,2025-12-28,CUST2199,Monitor,East,4,18000,72000,Retail
ORD04657,2025-04-20,CUST1909,Monitor,West,5,18000,90000,Retail
ORD04658,2026-09-05,CUST2812,Keyboard,East,6,12500,75000,Online
ORD04659,2026-07-31,CUST1685,Keyboard,South,7,2200,15400,Online
ORD04660,2025-10-20,CUST0117,Mouse,South,3,900,2700,Online
ORD04661,2026-08-23,CUST0007,Keyboard,South,4,65000,260000,Partner
ORD04662,2025-06-20,CUST2303,Webcam,South,4,3200,12800,Online
ORD04663,2025-10-24,CUST2463,Tablet,South,8,12500,100000,Retail
ORD04664,2025-05-21,CUST0327,Laptop,North,10,3200,32000,Partner
ORD04665,2026-05-09,CUST0640,Monitor,East,4,900,3600,Online
ORD04666,2025-02-14,CUST0015,Webcam,North,2,18000,36000,Partner
ORD04667,2025-09-03,CUST0740,Laptop,West,2,2200,4400,Retail
ORD04668,2025-12-25,CUST1815,Tablet,East,8,65000,520000,Online
ORD04669,2025-05-13,CUST0318,Webcam,South,2,12500,25000,Online
ORD04670,2026-11-22,CUST0529,Monitor,West,3,12500,37500,Partner
ORD04671,2025-10-26,CUST1751,,West,8,3200,25600,Retail
ORD04672,2026-01-17,CUST2126,Laptop,East,0,18000,90000,Retail
ORD04673,2025-05-07,CUST0098,Keyboard,West,7,12500,N/A,Online
ORD04674,2025-07-15,CUST0141,Laptop,West,8,2200,17600,Online
ORD04675,2025-03-26,CUST0651,Laptop,South,1,65000,65000,Retail
ORD04676,2025-10-28,CUST0252,Keyboard,South,6,2200,13200,Partner
ORD04677,2026-03-31,CUST2227,Printer,East,1,2200,2200,Retail
ORD04678,2026-06-11,CUST2550,Laptop ,South,6,4500,27000,Partner
ORD04679,2025-01-04,CUST1008,Tablet,East,4,2200,8800,Retail
ORD04680,2026-01-04,CUST0241,Laptop,North,5,3200,16000,Partner
ORD04681,2025-03-15,CUST0058,Mouse,West,3,3200,9600,Online
ORD04682,2025-04-18,CUST0850,Mouse,West,3,900,2700,Partner
ORD04683,2026-01-18,CUST1804,Webcam,East,10,3200,32000,Partner
ORD04684,2025-12-15,CUST2917,Headset,West,7,12500,87500,Online
ORD04685,2026-03-02,CUST2823,Mouse,North,4,12500,50000,Retail
ORD04686,2026-12-31,CUST0735,Laptop,North,7,18000,126000,Online
ORD04687,2025-10-23,CUST1549,Keyboard,North,8,2200,17600,Partner
ORD04688,2025-09-23,CUST2175,Webcam,North,6,28000,168000,Retail
ORD04689,2025-05-14,CUST2548,Printer,South,9,28000,252000,Online
ORD04690,2026-12-22,CUST0579,Printer,North,9,2200,19800,Online
ORD04691,2026-02-05,CUST0807,Tablet,South,10,900,9000,Retail
ORD04692,2025-04-04,CUST2168,Webcam,East,10,2200,22000,Online
ORD04693,2026-06-20,CUST1783,Monitor,East,4,65000,260000,Retail
ORD04694,2025-05-02,CUST1598,Mouse,North,9,18000,162000,Retail
ORD04695,2025-05-27,CUST2955,Tablet,South,7,2200,15400,Online
ORD04696,2026-07-15,CUST1661,Webcam,North,2,3200,6400,Retail
ORD04697,2026-06-14,CUST0799,Headset,West,3,900,2700,Partner
ORD04698,2026-03-09,CUST0561,Headset,South,7,12500,87500,Partner
ORD04699,2025-07-22,CUST1862,Keyboard,North,8,28000,224000,Retail
ORD04700,2025-05-07,CUST1270,Tablet,East,1,12500,12500,Online
ORD04701,2025-03-05,CUST2219,Mouse,East,4,3200,12800,Retail
ORD04702,2025-09-30,CUST2113,Headset,North,6,4500,27000,Partner
ORD04703,2026-10-18,CUST0149,Mouse,South,7,18000,126000,Partner
ORD04704,2026-02-16,CUST0977,,South,1,12500,12500,Retail
ORD04705,2025-01-10,CUST0831,Monitor,East,8,3200,25600,Retail
ORD04706,2026-03-03,CUST0934,Mouse,West,3,2200,6600,Retail
ORD04707,2026-06-02,CUST0664,Headset,West,5,3200,16000,Retail
ORD04708,2026-06-10,CUST1868,Tablet,East,3,65000,195000,Online
ORD04709,2025-10-15,CUST1665,Monitor,North,10,2200,22000,Retail
ORD04710,2025-10-24,CUST0314,Headset,South,1,3200,3200,Online
ORD04711,2026-07-08,CUST1665,Webcam,North,7,65000,455000,Online
ORD04712,2026-09-11,CUST0771,Printer,South,9,4500,40500,Partner
ORD04713,2026-11-23,CUST1992,Printer,South,3,28000,84000,Partner
ORD04714,2025-11-14,CUST2521,Keyboard,West,3,3200,9600,Partner
ORD04715,2026-08-09,CUST2151,Monitor,East,6,2200,13200,Partner
ORD04716,2026-05-04,CUST1590,Webcam,North,3,2200,6600,Retail
ORD04717,2026-12-22,CUST2032,Tablet,South,8,18000,144000,Partner
ORD04718,2025-12-01,CUST2616,Laptop,West,5,18000,90000,Online
ORD04719,2026-10-12,CUST2116,Printer,North,2,900,1800,Partner
ORD04720,2025-03-08,CUST2202,Printer,East,9,65000,585000,Retail
ORD04721,2025-04-17,CUST2900,Webcam,West,5,900,4500,Partner
ORD04722,2026-11-11,CUST2939,Headset,South,10,28000,280000,Retail
ORD04723,2026-10-01,CUST0736,Headset,East,1,900,900,Partner
ORD04724,2026-01-18,CUST1149,Mouse,North,7,3200,22400,Online
ORD04725,2025-08-29,CUST2396,Tablet,West,8,3200,25600,Online
ORD04726,2025-01-31,CUST0643,Monitor,South,9,900,8100,Online
ORD04727,2025-02-07,CUST2260,Printer,East,9,28000,252000,Partner
ORD04728,2025-03-03,CUST2722,Webcam,East,8,65000,520000,online
ORD04729,2025-08-25,CUST0793,Tablet,West,7,28000,196000,ONLINE
ORD04730,2025-09-11,CUST1549,Tablet,West,8,3200,25600,Partner
ORD04731,2025-01-05,CUST1455,Monitor,West,2,18000,36000,Online
ORD04732,2026-04-30,CUST1336,Laptop,North,10,4500,45000,Retail
ORD04733,2026-01-03,CUST1042,Keyboard,South,8,65000,520000,Partner
ORD04734,2025-06-13,CUST0255,Tablet,North,7,2200,15400,Online
ORD04735,2025-02-15,CUST1381,Monitor,East,10,65000,650000,Partner
ORD04736,2026-04-15,CUST1356,Mouse,East,10,28000,280000,Retail
ORD04737,2026-06-18,CUST0164,Mouse,South,5,900,4500,Online
ORD04738,2025-12-17,CUST2972,Printer,West,10,65000,650000,Partner
ORD04739,2025-01-30,CUST1619,Keyboard,South,5,900,4500,Partner
ORD04740,2025-01-13,CUST0866,Tablet,West,10,900,9000,Partner
ORD04741,2025-06-08,CUST0664,Laptop,East,2,3200,6400,Partner
ORD04742,2025-06-19,CUST2169,Tablet,North,6,28000,168000,Online
ORD04743,2026-06-10,CUST2815,Printer,South,4,18000,72000,Online
ORD04744,2026-09-26,CUST2792,Laptop,East,4,65000,260000,Online
ORD04745,2026-03-29,CUST0200,Monitor,North,7,12500,87500,Partner
ORD04746,2026-04-16,CUST1419,Tablet,North,10,12500,125000,Online
ORD04747,2025-07-07,CUST2975,Printer,East,10,4500,45000,Retail
ORD04748,2026-09-23,CUST0974,Monitor,North,9,12500,112500,Partner
ORD04749,2026-11-26,CUST1707,Laptop,South,3,4500,13500,Partner
ORD04750,2025-09-26,CUST1402,Headset,West,7,12500,87500,Retail
ORD04751,2026-06-15,CUST1038,Mouse,East,5,65000,325000,Retail
ORD04752,2026-11-20,CUST2051,Printer,East,4,3200,12800,Partner
ORD04753,2026-08-07,CUST1389,Keyboard,West,1,28000,28000,Partner
ORD04754,2025-06-11,CUST0692,Mouse,South,10,900,9000,Online
ORD04755,2025-08-10,CUST0063,Keyboard,West,2,4500,9000,Retail
ORD04756,2026-01-10,CUST1393,Laptop,North,6,18000,108000,Retail
ORD04757,2026-07-03,CUST2227,Headset,South,5,12500,62500,Partner
ORD04758,2026-09-22,CUST0243,Printer,East,10,4500,45000,Online
ORD04759,2026-12-31,CUST0507,Printer,East,10,4500,45000,Retail
ORD04760,2026-05-23,CUST0100,Webcam,South,1,28000,28000,Partner
ORD04761,2026-07-04,CUST1856,,South,2,2200,4400,Retail
ORD04762,2025-08-25,CUST0747,Monitor,West,7,900,6300,Partner
ORD04763,2026-12-15,CUST0797,Monitor,South,7,3200,22400,Retail
ORD04764,2025-08-22,CUST0836,Tablet,West,7,12500,87500,Partner
ORD04765,2025-01-19,CUST0493,Webcam,West,6,2200,13200,Partner
ORD04766,2026-09-23,CUST0448,Keyboard,South,,4500,31500,Online
ORD04767,2025-04-02,CUST2990,Monitor,West,6,4500,27000,Partner
ORD04768,2025-03-11,CUST1428,Monitor,North,10,12500,125000,Partner
ORD04769,2026-07-21,CUST2510,Laptop,North,3,65000,195000,Partner
ORD04770,2025-01-11,CUST2048,Webcam,North,1,900,900,Online
ORD04771,2025-09-21,CUST2456,Headset,West,8,65000,520000,Online
ORD04772,2026-05-20,CUST1015,Laptop,South,9,4500,40500,Retail
ORD04773,2025-09-20,CUST1353,Laptop,South,9,3200,28800,Partner
ORD04774,2026-09-12,CUST0630,Laptop,West,1,3200,3200,Partner
ORD04775,2026-04-09,CUST1599,Tablet,North,4,18000,72000,Retail
ORD04776,2026-07-31,CUST0900,Headset,East,5,65000,325000,Online
ORD04777,2026-08-02,CUST2472,Webcam,East,2,3200,6400,Partner
ORD04778,2025-05-14,CUST2473,Headset,North,5,12500,62500,Retail
ORD04779,2026-09-26,CUST1172,Printer,North,8,3200,25600,Online
ORD04780,2025-03-19,CUST1411,Webcam,East,9,12500,112500,Online
ORD04781,2025-06-26,CUST2052,Webcam,South,3,12500,37500,Partner
ORD04782,2025-01-23,CUST1240,Keyboard,South,6,28000,168000,Retail
ORD04783,2025-08-05,CUST0454,Printer,East,9,900,8100,Online
ORD04784,2025-05-12,CUST0314,Mouse,East,5,28000,140000,Online
ORD04785,2025-01-20,CUST1888,Monitor,West,2,900,1800,Retail
ORD04786,2025-12-25,CUST0134,Printer,,5,65000 INR,22500,Partner
ORD04787,2025-11-10,CUST2918,Webcam,South,7,2200,15400,Partner
ORD04788,2025-03-28,CUST1146,Keyboard,North,5,18000,90000,Retail
ORD04789,2025-08-16,CUST1060,Mouse,South,7,900,6300,Retail
ORD04790,2026-05-21,CUST1512,Mouse,South,2,28000,56000,Partner
ORD04791,2026-04-06,CUST0605,Laptop,West,5,2200,11000,Online
ORD04792,2026-07-31,CUST1049,Tablet,South,7,2200,15400,Retail
ORD04793,2025-11-28,CUST1705,Tablet,East,4,4500,18000,Retail
ORD04794,2025-06-25,CUST2252,Webcam,North,4,65000,260000,Online
ORD04795,2025-03-25,CUST2685,Printer,North,1,3200,3200,Partner
ORD04796,2026-03-30,CUST0658,Laptop,South,5,18000,90000,Online
ORD04797,2026-01-29,CUST1388,Tablet,West,8,65000,520000,Retail
ORD04798,2026-10-04,CUST0158,Tablet,North,3,2200,6600,Online
ORD04799,2025-05-25,CUST1016,Keyboard,West,1,2200,2200,Retail
ORD04800,2026-01-15,CUST2705,Keyboard,West,10,2200,22000,Partner
ORD04801,2025-10-13,CUST0422,,East,7,18000,126000,Online
ORD04802,2025-10-04,CUST0717,Mouse,East,1,12500,12500,Partner
ORD04803,2025-12-21,CUST2981,Keyboard,South,8,4500,36000,Partner
ORD04804,2026-04-20,CUST0412,Webcam,South,8,900,7200,Online
ORD04805,2025-01-21,CUST1952,Tablet,South,2,eighteen thousand,4400,Partner
ORD04806,2025-05-30,CUST2954,Printer,South,1,4500,4500,Online
ORD04807,2026-08-08,CUST1885,Keyboard,North,4,12500,50000,Partner
ORD04808,2026-05-15,CUST0098,Webcam,North,2,4500,9000,Partner
ORD04809,2025-06-26,CUST1373,Printer,East,2,900,1800,Online
ORD04810,2026-11-09,CUST0726,Monitor,North,6,3200,19200,Partner
ORD04811,2026-09-11,CUST2425,Keyboard,South,3,65000,195000,Partner
ORD04812,2026-09-07,CUST0204,Headset,North,6,65000,390000,Retail
ORD04813,2025-09-02,CUST2697,Webcam,East,1,4500,4500,Online
ORD04814,2026-06-15,CUST1046,Monitor,West,7,65000,455000,Partner
ORD04815,2026-06-04,CUST2361,Headset,South,4,18000,72000,Online
ORD04816,2025-11-12,CUST2074,Webcam,South,6,28000,168000,Retail
ORD04817,2025-06-14,CUST0930,Headset,West,1,28000,28000,Retail
ORD04818,2026-02-26,CUST0760,Laptop,North,9,3200,28800,Retail
ORD04819,2026-06-13,CUST0383,Laptop,South,4,18000,72000,Online
ORD04820,2026-12-26,CUST0932,Printer,North,10,12500,125000,Partner
ORD04821,2026-08-15,CUST2691,Headset,North,3,28000,84000,Online
ORD04822,2025-02-17,CUST2199,Mouse,North,5,900,4500,Partner
ORD04823,2025-10-22,CUST0495,Laptop,South,7,18000,126000,Online
ORD04824,2026-09-16,CUST2808,Mouse,West,7,4500,31500,Retail
ORD04825,2026-03-05,CUST0619,Tablet,West,4,2200,8800,Online
ORD04826,2025-07-03,CUST1594,Printer,South,8,4500,36000,Online
ORD04827,2025-11-24,CUST2137,Mouse,South,5,12500,62500,Retail
ORD04828,2025-12-07,CUST2198,Monitor,North,7,2200,15400,Online
ORD04829,2025-10-05,CUST2365,Monitor,North,7,65000,455000,Retail
ORD04830,2026-07-06,CUST1490,Mouse,West,3,65000,195000,Partner
ORD04831,2025-07-09,CUST1016,Monitor,North,2,900,1800,Retail
ORD04832,2025-09-03,CUST1270,Webcam,East,3,18000,54000,Partner
ORD04833,2025-10-04,CUST0947,Headset,North,3,12500,37500,Online
ORD04834,2025-10-23,CUST1048,Monitor,North,5,3200,16000,Online
ORD04835,2026-11-26,CUST2827,Printer,South,8,900,7200,Retail
ORD04836,2025-10-06,CUST0235,Laptop,West,6,12500,75000,Retail
ORD04837,2026-12-14,CUST2792,Laptop,South,9,900,8100,Retail
ORD04838,2025-03-22,CUST0489,Headset, north,1,4500,4500,Partner
ORD04839,2025-09-06,CUST1339,Laptop,North,7,18000,126000,Partner
ORD04840,2026-04-02,CUST2574,Mouse,North,10,4500,45000,Partner
ORD04841,2025-01-25,CUST2842,Printer,North,7,65000,455000,Partner
ORD04842,2025-01-29,CUST1504,Headset,East,7,900,6300,Retail
ORD04843,2025-01-06,CUST2863,Tablet,North,5,3200,16000,Partner
ORD04844,2025-10-13,CUST0593,Printer,East,1,12500,12500,Online
ORD04845,2026-11-12,CUST2602,Keyboard,SOUTH,2,12500,25000,Partner
ORD04846,2025-08-09,CUST1256,Mouse,West,7,65000,455000,Retail
ORD04847,2025-12-19,CUST2126,Monitor,East,10 units,3200,16000,Partner
ORD04848,2026-08-17,CUST2109,Laptop,West,10,3200,32000,Retail
ORD04849,2026-07-16,CUST1393,Headset,East,3,12500,37500,Partner
ORD04850,2026-07-13,CUST1737,Tablet,South,8,12500,100000,Online
ORD04851,2025-07-11,CUST0365,Webcam,North,8,12500,100000,Partner
ORD04852,2025-07-12,CUST0657,Keyboard,East,10,18000,180000,Retail
ORD04853,2025-05-02,CUST1384,Printer,South,9,4500,40500,Retail
ORD04854,2026-01-27,CUST0002,Keyboard,East,4,2200,8800,Retail
ORD04855,2026-03-19,CUST1956,Printer,East,8,900,7200,Online
ORD04856,2025-12-06,CUST0664,Tablet,South,,3200,32000,Retail
ORD04857,2026-10-19,CUST2244,Headset,South,6,12500,75000,Retail
ORD04858,2025-03-28,CUST2937,Keyboard,North,5,4500,22500,Partner
ORD04859,2025-03-21,CUST2518,Webcam,East,9,3200,28800,Partner
ORD04860,2026-06-13,CUST1794,Headset,West,10,2200,22000,Retail
ORD04861,2026-05-11,CUST1807,Mouse,North,3,28000,84000,Retail
ORD04862,2025-11-04,CUST2214,Headset,East,5,900,4500,Partner
ORD04863,2026-03-22,CUST1297,Headset,West,7,28000,196000,Online
ORD04864,2025-06-19,CUST1565,Headset,West,10,12500,125000,Online
ORD04865,2025-10-07,CUST0056,Mouse,North,4,18000,72000,Online
ORD04866,2025-07-13,CUST0059,Monitor,North,2,28000,56000,Partner
ORD04867,2026-09-14,CUST1569,Monitor,West,6,3200,19200,Retail
ORD04868,2025-07-03,CUST1227,Keyboard,East,10,2200,22000,Retail
ORD04869,2025-08-05,CUST1321,Tablet,South,8,4500,36000,Retail
ORD04870,2026-12-27,CUST2003,Keyboard,North,1,2200,2200,Retail
ORD04871,2026-04-19,CUST0528,Headset,West,2,65000,130000,Online
ORD04872,2025-07-22,CUST1190,Mouse,East,6,3200,19200,Online
ORD04873,2025-08-12,CUST0846,Mouse,West,8,28000,224000,Partner
ORD04874,2025-01-23,CUST1902,Webcam,North,8,4500,36000,Online
ORD04875,2026-03-10,CUST0078,Printer,South,6,4500,27000,Partner
ORD04876,2026-02-19,CUST1959,Headset,South,4,18000,72000,Online
ORD04877,2025-01-19,CUST2823,Keyboard,West,8,2200,17600,Partner
ORD04878,2026-10-28,CUST1649,Headset,West,1,2200,2200,Online
ORD04879,2026-10-01,CUST1395,Keyboard,East,2,900,1800,Online
ORD04880,2025-08-13,CUST2770,Headset,East,9,12500,112500,Partner
ORD04881,2025-04-30,CUST2911,Tablet,North,3,12500,37500,Online
ORD04882,2025-05-24,CUST0350,Headset,South,4,2200,8800,Partner
ORD04883,2026-04-05,CUST2994,Mouse,West,3,3200,9600,Partner
ORD04884,2026-04-09,CUST2563,Headset,West,8,3200,25600,Partner
ORD04885,2026-06-18,CUST0876,Webcam,South,2,900,1800,Online
ORD04886,2025-11-23,CUST2631,Webcam,West,2,65000,130000,Online
ORD04887,2026-08-05,CUST1627,Monitor,North,9,900,8100,Partner
ORD04888,2026-01-03,CUST0811,Laptop,East,4,65000,260000,Partner
ORD04889,2026-10-20,CUST1598,Monitor,North,8,65000,520000,Retail
ORD04890,2026-03-06,CUST2490,Headset,North,9,65000,585000,Partner
ORD04891,2025-09-12,CUST1731,Monitor,South,6,28000,168000,Retail
ORD04892,2026-06-18,CUST0098,Tablet,East,7,28000,196000,Online
ORD04893,2025-03-24,CUST0520,Headset,East,6,28000,168000,Partner
ORD04894,2025-01-29,CUST1850,Printer,West,5,2200,11000,Retail
ORD04895,2026-05-18,CUST2827,Monitor,North,3,4500,13500,Retail
ORD04896,2026-09-17,CUST1994,Printer,East,2,3200,6400,Retail
ORD04897,2026-11-18,CUST1165,Keyboard,,10,28000,280000,Retail
ORD04898,2026-02-28,CUST1477,Tablet,North,4,2200,8800,Retail
ORD04899,2026-05-28,CUST1463,Mouse,East,5,2200,11000,Retail
ORD04900,2026-06-05,CUST1365,Tablet,South,1,12500,12500,Retail
ORD04901,2025-03-16,CUST1906,Headset,West,9,12500,112500,Partner
ORD04902,2025-05-27,CUST0623,Tablet,South,5,18000,90000,Partner
ORD04903,2025-12-01,CUST2330,Laptop,East,6,900,5400,Partner
ORD04904,2025-05-21,CUST0883,Laptop,East,6,65000,,Partner
ORD04905,2026-01-03,CUST1611,Laptop,North,10,3200,32000,Partner
ORD04906,2026-04-22,CUST0171,Mouse,North,8,18000,144000,Retail
ORD04907,2025-12-02,CUST2825,Tablet,North,7,900,6300,Partner
ORD04908,2025-09-08,CUST1563,Tablet,North,7,65000,455000,Online
ORD04909,2026-05-10,CUST2134,Webcam,West,9,18000,162000,Retail
ORD04910,2026-10-14,CUST2055,Keyboard,West,3,18000,54000,Retail
ORD04911,2025-12-15,CUST0243,Keyboard,West,2,65000,130000,Retail
ORD04912,2025-08-10,CUST1157,Monitor,West,2,28000,56000,Online
ORD04913,2025-05-16,CUST1917,Webcam,North,10,4500,45000,Partner
ORD04914,2025-03-20,CUST2036,Webcam,South,10,28000,280000,Retail
ORD04915,2025-08-21,CUST2707,Laptop ,West,8,2200,17600,Retail
ORD04916,2025-12-07,CUST0055,Keyboard,East,1,2200,2200,Retail
ORD04917,2026-09-11,CUST2970,Laptop,North,7,4500,31500,Retail
ORD04918,2025-05-18,CUST0569,Printer,West,7,28000,196000,Retail
ORD04919,2026-08-27,CUST2436,Headset,South,4,2200,8800,Retail
ORD04920,2026-12-04,CUST2453,Tablet,North,6,4500,27000,Online
ORD04921,2025-05-12,CUST1017,Keyboard,East,8,18000,144000,Partner
ORD04922,2025-12-20,CUST1496,Printer,East,6,28000,168000,Online
ORD04923,2026-04-05,CUST2348,,East,6,12500,75000,Partner
ORD04924,2026-03-02,CUST2863,Tablet,South,7,12500,87500,Online
ORD04925,2025-09-22,CUST1907,Laptop,South,5,12500,62500,Partner
ORD04926,2025-07-11,CUST2600,Keyboard,West,3,12500,37500,Retail
ORD04927,2025-08-24,CUST2194,Tablet,South,3,2200,6600,Online
ORD04928,2026-04-30,CUST0683,Monitor,West,3,65000,195000,Retail
ORD04929,2025-08-28,CUST0629,Mouse,West,1,900,900,Online
ORD04930,2025-08-10,CUST1010,Printer,North,10,28000,280000,Retail
ORD04931,2025-01-09,CUST2506,Laptop,East,1,28000,28000,Online
ORD04932,2026-11-18,CUST1448,Monitor,East,3,900,2700,Partner
ORD04933,2026-02-22,CUST2112,Webcam,South,1,12500,12500,Online
ORD04934,2026-01-20,CUST0134,Mouse,East,2,18000,36000,Retail
ORD04935,2025-01-29,CUST0644,Mouse,East,1,900,900,Partner
ORD04936,2026-04-07,CUST1837,Headset,East,5,65000,325000,Partner
ORD04937,2026-01-18,CUST1962,Webcam,West,2,4500,9000,Partner
ORD04938,2025-03-31,CUST2558,Headset,West,7,900,6300,Online
ORD04939,2026-11-01,,Laptop,East,5,4500,22500,Online
ORD04940,2025-06-01,CUST0304,Webcam,South,4,2200,8800,Online
ORD04941,2026-08-23,CUST2840,Tablet,North,1,900,900,Retail
ORD04942,2025-01-17,CUST1468,Keyboard,West,4,12500,50000,Partner
ORD04943,2026-01-25,CUST0399,Tablet,West,1,2200,2200,Online
ORD04944,2026-12-04,CUST0504,Monitor,South,10,900,9000,Online
ORD04945,2025-04-29,CUST0818,Printer,East,3,18000,54000,Partner
ORD04946,2025-03-08,CUST0464,Webcam,South,7,65000,455000,Online
ORD04947,2026-07-17,CUST0962,Keyboard,East,1,900,900,Online
ORD04948,2026-11-01,CUST2322,Printer,South,7,65000,455000,Online
ORD04949,2026-07-10,CUST1028,Headset,East,1,2200,2200,Online
ORD04950,2025-06-09,CUST0014,Laptop,South,5,28000,140000,Partner
ORD04951,2025-09-03,CUST0791,Webcam,East,3,28000,84000,Online
ORD04952,2026-02-10,CUST2126,Tablet,East,1,18000,18000,Online
ORD04953,2026-02-02,CUST2778,Printer,East,8,2200,17600,Retail
ORD04954,2025-04-19,CUST2347,Keyboard,North,8,2200,17600,Retail
ORD04955,2026-03-26,CUST2653,Tablet,South,6,3200,19200,Partner
ORD04956,2025-08-20,CUST2224,Webcam,North,5,3200,16000,Online
ORD04957,2026-04-14,CUST2410,Laptop,East,5,18000,90000,Retail
ORD04958,2026-09-15,CUST2918,Printer,North,5,65000,325000,Online
ORD04959,2025-11-07,CUST0178,Monitor,East,6,3200,19200,Partner
ORD04960,2026-07-17,CUST1290,Laptop,South,3,4500,13500,Partner
ORD04961,2025-04-11,CUST0625,Printer,West,1,28000,28000,Partner
ORD04962,2025-01-22,CUST0897,Printer,South,2,12500,25000,Retail
ORD04963,2025-05-27,CUST1326,Webcam,South,7,28000,196000,Retail
ORD04964,2026-03-29,CUST2478,Laptop,South,6,2200,13200,Partner
ORD04965,2025-10-01,CUST1916,Headset,West,8,12500,100000,Partner
ORD04966,2025-03-20,CUST2186,Webcam,West,4,3200,12800,Retail
ORD04967,2026-04-14,CUST1628,Tablet,West,6,28000,168000,Retail
ORD04968,2026-02-08,CUST0547,Keyboard,West,3,2200,6600,Retail
ORD04969,2026-02-03,CUST1592,Mouse,East,2,12500,25000,Partner
ORD04970,2025-06-06,CUST0915,Keyboard,North,6,12500,75000,Partner
ORD04971,2025-05-20,CUST2485,Monitor,East,3,3200,9600,Online
ORD04972,2026-04-09,CUST0927,Keyboard,East,5,4500,22500,Partner
ORD04973,2025-02-05,CUST0787,Mouse,North,7,3200,22400,Partner
ORD04974,2026-08-06,CUST1079,Keyboard,South,4,900,3600,Online
ORD04975,2026-04-01,CUST0859,Tablet,North,6,28000,168000,Retail
ORD04976,2026-06-16,CUST1220,Webcam,South,7,65000,455000,Online
ORD04977,2026-10-31,,Keyboard,North,10,2200,22000,Online
ORD04978,2025-05-26,CUST0796,Mouse,East,7,3200,22400,Partner
ORD04979,2026-04-25,CUST1082, LAPTOP,North,6,65000,390000,Partner
ORD04980,01/31/2025,CUST1804,Keyboard,East,1,4500,4500,Retail
ORD04981,2026-04-15,CUST2034,Keyboard,North,1,18000,18000,Retail
ORD04982,2025-01-20,CUST2078,Tablet,East,7,12500,87500,Partner
ORD04983,2026-08-18,CUST0833,Webcam,South,7,12500,87500,Partner
ORD04984,2026-02-13,CUST1129,Monitor,South,1,900,900,Partner
ORD04985,2026-04-24,CUST2734,Mouse,South,8,12500,100000,Partner
ORD04986,2026-12-23,CUST0130,Tablet,South,3,900,2700,Partner
ORD04987,2025-05-24,CUST2222,Tablet,South,10,65000,650000,Online
ORD04988,2026-04-15,CUST0214,Headset,South,4,2200,8800,Partner
ORD04989,2026-02-04,CUST2937,Monitor,West,7,2200,15400,Retail
ORD04990,2025-02-03,CUST0579,Monitor,South,9,12500,112500,Partner
ORD04991,2026-07-01,CUST0063,Headset,East,5,4500,22500,Online
ORD04992,2025-05-10,CUST2680,Mouse,North,7,28000,196000,Online
ORD04993,2026-04-26,CUST0321,Tablet,West,5,2200,11000,Retail
ORD04994,2026-10-02,CUST0310,Webcam,West,2,12500,25000,Online
ORD04995,2025-03-27,CUST2932,Keyboard,North,3,3200,9600,Online
ORD04996,2026-01-05,CUST2080,Tablet,North,10,18000,180000,Partner
ORD04997,2025-12-24,CUST2731,Printer,East,6,65000,390000,Online
ORD04998,2025-06-20,CUST2345,Mouse,South,3,3200,9600,Online
ORD04999,2025-01-11,CUST2532,Webcam,North,5,900,4500,Online
ORD05000,2025-02-12,CUST1695,Laptop,East,7,900,6300,Partner
ORD05001,2025-01-24,CUST0902,Webcam,South,6,28000,168000,Online
ORD05002,2026-07-13,CUST1078,Tablet,North,9,4500,40500,Partner
ORD05003,2026-09-16,CUST2844,Keyboard,East,10,28000,280000,Partner
ORD05004,2026-06-17,CUST1263,Mouse,North,2,900,1800,Online
ORD05005,2025-08-28,CUST1832,Printer,South,4,4500,18000,Online
ORD05006,2025-10-20,CUST2057,Headset,North,3,900,2700,Partner
ORD05007,2025-05-09,CUST0144,Tablet,East,2,4500,9000,Partner
ORD05008,2025-06-14,CUST0555,Mouse,East,2,65000,130000,Online
ORD05009,2025-06-16,CUST1971,Webcam,West,4,3200,12800,Retail
ORD05010,2025-12-30,CUST2401,Mouse,South,5,65000,325000,Online
ORD05011,2025-03-28,CUST2382,Headset,East,6,3200,19200,Online
ORD05012,2026-08-08,CUST1307,Tablet,South,1,4500,4500,Partner
ORD05013,2025-08-16,CUST2235,Printer,West,7,28000,196000,Online
ORD05014,2026-02-10,CUST2552,Keyboard,East,1,3200,3200,Online
ORD05015,2025-08-01,CUST0838,Printer,South,1,18000,18000,Online
ORD05016,2026-11-06,CUST1432,Headset,East,9,65000,585000,Partner
ORD05017,2026-04-01,CUST0194,Tablet,South,4,2200,8800,Retail
ORD05018,2025-10-20,CUST2251,Printer,East,8,28000,224000,Partner
ORD05019,2026-08-12,CUST2057,Monitor,,5,28000,140000,Retail
ORD05020,2025-02-08,CUST1318,Laptop,East,10,2200,22000,Retail
ORD05021,2025-10-31,CUST2811,Printer,West,10,65000,650000,Online
ORD05022,2025-07-23,CUST1716,Monitor,West,5,900,4500,Online
ORD05023,2026-03-25,CUST2847,Tablet,North,3,4500,13500,Online
ORD05024,2025-10-21,CUST2035,Headset,West,8,65000,520000,Partner
ORD05025,2026-11-08,CUST0728,Printer,West,5,18000,90000,Retail
ORD05026,2026-05-25,CUST1631,Keyboard,South,4,2200,8800,Partner
ORD05027,2026-02-05,CUST0661,,East,2,3200,6400,Retail
ORD05028,2025-02-14,CUST2101,Keyboard,East,7,3200,22400,Online
ORD05029,2025-07-10,CUST1772,Mouse,North,6,3200,19200,Online
ORD05030,2025-07-25,CUST2114,Mouse,West,5,18000,90000,partner
ORD05031,2025-06-16,CUST0917,Webcam,South,3,2200,6600,Retail
ORD05032,2026-10-08,CUST1083,Tablet,West,10,28000,280000,Retail
ORD05033,2026-02-21,CUST0510,Laptop,South,3,4500,13500,Partner
ORD05034,2026-03-03,CUST0723,Tablet,East,3,65000,195000,Online
ORD05035,2026-05-17,CUST1279,Laptop,South,2,3200,6400,Online
ORD05036,2026-03-01,CUST2384,Mouse,East,9,3200,28800,Partner
ORD05037,2025-11-26,CUST2846,Laptop,West,9,3200,28800,Partner
ORD05038,2025-05-15,CUST2112,Laptop,East,6,900,5400,Retail
ORD05039,2026-06-11,CUST2245,Tablet,East,6,28000,168000,Retail
ORD05040,2026-05-06,CUST2937,Webcam,East,4,12500,50000,Partner
ORD05041,2026-12-14,CUST2916,Webcam,East,6,28000,168000,Retail
ORD05042,2025-01-08,CUST2433,Printer,East,9,900,8100,Partner
ORD05043,2025-12-26,CUST1532,Laptop,West,-1,65000,455000,Retail
ORD05044,2026-07-19,CUST2466,Keyboard,North,4,28000,112000,Partner
ORD05045,2026-04-02,CUST1248,Keyboard,East,10,18000,180000,Retail
ORD05046,2025-04-08,CUST0276,Tablet,West,10,900,9000,Online
ORD05047,2026-09-02,CUST1408,Tablet,East,10,12500,125000,Partner
ORD05048,2025-05-12,CUST0984,Tablet,West,2,3200,6400,Retail
ORD05049,2025-12-13,CUST0536,Monitor,East,2,4500,9000,Partner
ORD05050,2025-02-04,CUST0470,Webcam,East,4,28000,112000,Partner
ORD05051,2025-12-22,CUST1784,Webcam,North,5,2200,11000,Partner
ORD05052,2026-04-11,CUST1405,Headset,East,4,12500,50000,Online
ORD05053,2026-08-22,CUST2325,Printer,South,9,65000,585000,Partner
ORD05054,2025-12-22,CUST2058,Keyboard,South,3,3200,9600,Partner
ORD05055,2025-02-11,CUST0028,Headset,West,5,12500,-1000,Partner
ORD05056,2025-12-16,CUST2231,Headset,West,4,4500,18000,Retail
ORD05057,2026-02-10,CUST0936,Laptop,West,2,2200,4400,Partner
ORD05058,2026-12-23,CUST2879,Headset,East,2,18000,36000,Partner
ORD05059,2025-06-23,CUST2884,Laptop,South,7,12500,87500,Online
ORD05060,2026-06-18,CUST1204,Headset,East,3,65000,195000,Retail
ORD05061,2026-05-16,CUST0789,Headset,North,3,900,2700,Partner
ORD05062,2027-01-01,CUST1036,Mouse,North,7,4500,31500,Partner
ORD05063,2026-03-05,,Laptop,South,7,4500,31500,Retail
ORD05064,2025-05-20,CUST1977,Webcam,North,7,2200,15400,Online
ORD05065,2026-12-08,CUST1982,Monitor,North,10,3200,32000,Partner
ORD05066,2025-05-15,CUST0489,Mouse,South,4,3200,12800,Online
ORD05067,2026-01-09,CUST2940,Monitor,West,9,12500,112500,Online
ORD05068,2026-05-08,CUST1908,Webcam,West,5,65000,325000,Partner
ORD05069,2026-08-31,CUST1989,Monitor,North,N/A,2200,2200,Online
ORD05070,2025-11-18,CUST0351,Monitor,North,5,4500,22500,Partner
ORD05071,2026-02-21,CUST2583,Webcam,West,9,2200,19800,Partner
ORD05072,2025-09-30,CUST2437,Headset,North,8,4500,36000,Partner
ORD05073,2025-01-27,CUST2241,Headset,South,5,3200,16000,Retail
ORD05074,2026-02-23,CUST0363,Laptop,North,,2200,17600,Partner
ORD05075,2025-12-10,CUST1253,Headset,East,7,28000,196000,Online
ORD05076,2025-12-01,CUST1378,Keyboard,East,1,2200,2200,Online
ORD05077,2026-12-03,CUST1116,Headset,North,4,3200,12800,Online
ORD05078,2025-11-22,CUST0986,Mouse,South,4,900,3600,Online
ORD05079,2026-09-11,CUST2543,Keyboard,East,3,28000,84000,Partner
ORD05080,2026-02-17,CUST2739,Printer,North,6,12500,75000,Online
ORD05081,2025-12-24,CUST2098,Tablet,East,5,3200,16000,Partner
ORD05082,2026-09-01,CUST2632,Tablet,North,6,18000,108000,Online
ORD05083,2025-01-10,CUST2243,Tablet,South,8,18000,144000,Retail
ORD05084,2025-06-28,CUST2789,Webcam,South,2,18000,36000,Retail
ORD05085,2026-02-05,CUST1440,Keyboard,North,4,12500,50000,Online
ORD05086,2025-09-30,CUST1556,Monitor,East,4,65000,260000,Retail
ORD05087,2025-07-10,CUST0390,Laptop,East,2,3200,6400,Retail
ORD05088,2026-05-05,CUST0816,Keyboard,West,4,3200,12800,Partner
ORD05089,2026-01-31,CUST2468,Laptop,South,6,65000,390000,Retail
ORD05090,31-02-2025,CUST1173,Keyboard,West,10,3200,32000,Retail
ORD05091,2025-06-02,CUST2161,Laptop,East,1,65000,65000,Partner
ORD05092,2026-05-01,CUST0498,Mouse,South,5,12500,62500,Online
ORD05093,2026-03-09,CUST2870,Keyboard,North,4,65000,260000,Online
ORD05094,2025-07-19,CUST1977,Mouse,North,10,4500,45000,Retail
ORD05095,2026-01-19,CUST0720,Monitor,West,2,28000,56000,Retail
ORD05096,2026-04-12,CUST0974,,East,3,4500,13500,Retail
ORD05097,2025-02-22,CUST1792,Printer,East,1,28000,28000,Partner
ORD05098,2025-04-25,CUST1095,Headset,South,4,4500,18000,Online
ORD05099,2026-08-11,CUST2587,Tablet,North,10,4500,45000,Retail
ORD05100,2025-02-17,CUST0883,Headset,South,5,28000,140000,Partner
ORD05101,2025-07-02,CUST1246,Laptop,East,10,28000,280000,Partner
ORD05102,2026-10-06,CUST1246,Mouse,South,5,2200,11000,Online
ORD05103,2026-12-22,CUST0219,Laptop,East,6,12500,75000,Online
ORD05104,2025-11-06,CUST0839,Laptop,West,6,65000,390000,Online
ORD05105,2026-11-26,CUST1030,Laptop,North,8,18000,144000,Retail
ORD05106,2026-09-07,CUST0588,Printer,South,10,3200,32000,Online
ORD05107,2025-10-08,CUST0162,Webcam,East,9,28000,252000,Online
ORD05108,2025-10-27,CUST2838,Webcam,West,9,12500,112500,Retail
ORD05109,2025-12-25,CUST1771,Printer,South,8,65000,520000,Retail
ORD05110,2025-08-13,CUST0473,Printer,West,9,900,8100,Retail
ORD05111,2025-06-18,CUST2337,Laptop,North,10,12500,125000,Online
ORD05112,2026-03-08,CUST0479,Mouse,East,10,18000,180000,Online
ORD05113,2025-05-23,CUST1288,Mouse,West,3,65000,195000,Partner
ORD05114,2026-02-20,CUST2625,Keyboard,South,4,12500,50000,Retail
ORD05115,2026-05-27,CUST1082,Mouse,North,1,28000,28000,Partner
ORD05116,2026-03-03,CUST1023,Printer,West,9,3200,28800,Retail
ORD05117,2025-03-25,CUST2381,Mouse,East,1,4500,4500,Partner
ORD05118,2025-12-23,CUST1009,Webcam,South,6,12500,75000,Online
ORD05119,2025-08-04,CUST0351,Mouse,South,6,2200,13200,Online
ORD05120,2025-11-29,CUST0849,Tablet,East,3,2200,6600,Online
ORD05121,2026-10-16,CUST1944,Keyboard,North,1,18000,18000,Partner
ORD05122,2026-01-27,CUST1629,Webcam,East,5,4500,22500,Retail
ORD05123,2025-09-19,CUST2918,Monitor,South,9,3200,28800,Partner
ORD05124,2025-02-02,CUST2551,Monitor,East,6,18000,108000,Partner
ORD05125,2025-07-18,CUST2189,Headset,North,5,18000,90000,Online
ORD05126,2025-06-16,CUST1553,Headset,West,4,eighteen thousand,112000,Partner
ORD05127,2026-12-09,CUST0331,Keyboard,South,2,12500,25000,Online
ORD05128,2025-07-07,CUST0603,Headset,South,6,65000,390000,Partner
ORD05129,2026-10-23,CUST1470,Webcam,West,1,900,900,Online
ORD05130,2025-02-25,CUST1885,Laptop,West,3,18000,54000,Partner
ORD05131,2026-09-20,CUST0395,Tablet,South,7,65000,455000,Retail
ORD05132,2025-07-31,CUST0405,Printer,South,2,4500,9000,Partner
ORD05133,2026-08-29,CUST2727,Webcam,East,2,18000,36000,Partner
ORD05134,2025-07-19,CUST1728,Mouse,South,8,12500,100000,Partner
ORD05135,2025-02-20,CUST2835,Laptop,East,3,28000,84000,Partner
ORD05136,2025-11-04,CUST1681,Headset,East,6,900,5400,Partner
ORD05137,2025-05-21,CUST2352,Tablet,East,4,3200,12800,Partner
ORD05138,2025-04-12,CUST2653,Mouse,East,8,3200,25600,Online
ORD05139,2026-08-30,CUST1510,Printer,West,6,3200,19200,Partner
ORD05140,2026-01-04,CUST2256,Printer,West,9,28000,252000,Partner
ORD05141,2026-12-20,CUST0109,Printer,West,6,12500,75000,Retail
ORD05142,2025-03-09,CUST1400,Printer,South,3,65000,195000,Online
ORD05143,2025-10-23,CUST2697,Laptop,North,6,65000,390000,Online
ORD05144,2025-02-01,CUST2763,Keyboard,South,8,28000,224000,Partner
ORD05145,2025-03-02,CUST0395,Headset,East,8,12500,100000,Partner
ORD05146,2025-07-17,CUST1669,Headset,West,9,28000,252000,Online
ORD05147,2025-11-05,,Mouse,East,3,2200,6600,Online
ORD05148,2026-01-29,CUST2740,Keyboard,West,7,12500,87500,Online
ORD05149,2025-02-25,CUST0796,Laptop,West,1,12500,12500,Retail
ORD05150,2025-03-10,CUST1768,Headset,West,4,12500,50000,Retail
ORD05151,2026-07-22,CUST2748,Monitor,East,10,18000,180000,Retail
ORD05152,2025-09-23,CUST2018,Tablet,South,7,900,6300,Partner
ORD05153,2025-02-28,CUST0297,Monitor,North,8,3200,25600,Partner
ORD05154,not a date,CUST1023,Monitor,South,2,65000,130000,Online
ORD05155,2025-10-07,CUST0156,Tablet,East,9,2200,19800,Partner
ORD05156,2025-09-13,CUST2321,Keyboard,North,10,2200,22000,Online
ORD05157,2026-12-02,CUST2308,Mouse,South,8,65000,520000,Retail
ORD05158,2025-10-08,CUST2422,Tablet,North,2,28000,56000,Retail
ORD05159,2025-08-15,CUST2452,Webcam,South,4,18000,72000,Online
ORD05160,2025-05-09,CUST0944,Mouse,North,6,18000,108000,Partner
ORD05161,2026-04-25,CUST2332,Monitor,North,6,65000,390000,Retail
ORD05162,2025-05-31,CUST1925,Printer,West,7,900,6300,Retail
ORD05163,2026-10-26,CUST1880,Headset,North,4,2200,8800,Partner
ORD05164,2026-08-14,CUST0484,Monitor,West,9,900,8100,Retail
ORD05165,2026-08-17,CUST0341,Mouse,South,10,4500,45000,Partner
ORD05166,2026-11-26,CUST1542,Mouse,North,5,900,4500,Online
ORD05167,2025-12-15,CUST2485,Tablet,West,8,18000,144000,Online
ORD05168,2026-12-23,CUST0237,Keyboard,South,8,65000,520000,Online
ORD05169,2025-08-14,CUST1625,Monitor,South,10,2200,22000,Partner
ORD05170,2025-06-25,CUST1273,Keyboard,North,6,4500,27000,Online
ORD05171,2025-09-26,CUST0501,Printer,South,8,900,7200,Partner
ORD05172,2026-06-25,CUST2272,Monitor,North,4,4500,18000,Retail
ORD05173,2025-10-09,CUST0478,Webcam,East,10,4500,45000,Partner
ORD05174,2026-11-04,CUST2168,Headset,West,6,2200,13200,Online
ORD05175,2025-10-13,CUST0907,Headset,East,1,3200,3200,Partner
ORD05176,2025-07-11,CUST2045,Headset,South,4,28000,112000,Online
ORD05177,2025-09-07,CUST1008,Printer,South,10,18000,180000,Retail
ORD05178,2025-08-04,CUST0157,Laptop,East,5,4500,22500,Retail
ORD05179,2025-03-02,CUST0721,Webcam,West,6,65000,390000,Online
ORD05180,2026-10-22,CUST2972,Keyboard,East,8,65000,520000,Online
ORD05181,2026-05-28,CUST2879,Laptop,East,8,12500,100000,Partner
ORD05182,2026-11-11,CUST2751,Keyboard,West,7,65000,455000,Retail
ORD05183,2025-02-28,CUST0332,Tablet,North,6,65000,390000,Online
ORD05184,2025-09-15,CUST1083,Tablet,East,4,18000,72000,Retail
ORD05185,2025-09-19,CUST2644,Laptop,East,10,65000,650000,Online
ORD05186,2026-03-26,CUST0866,Printer,North,5,4500,22500,Partner
ORD05187,2025-10-23,CUST1118,Tablet,West,2,4500,9000,Retail
ORD05188,2026-12-29,CUST2341,Mouse,East,8,18000,144000,Retail
ORD05189,2026-01-22,CUST0364,Laptop,West,7,2200,15400,Partner
ORD05190,2026-03-15,CUST2095,Laptop ,South,4,4500,18000,Online
ORD05191,2025-04-14,CUST0300,Webcam,West,9,2200,19800,Online
ORD05192,2025-09-09,CUST0996,Keyboard,North,9,18000,162000,Partner
ORD05193,2026-08-20,CUST0872,Monitor,East,5,65000,325000,Partner
ORD05194,2026-09-04,CUST1698,Printer,West,1,900,900,Online
ORD05195,2026-03-04,CUST0780,Tablet,West,9,18000,error,Online
ORD05196,2025-04-29,CUST2553,Keyboard,East,6,2200,13200,Retail
ORD05197,2025-08-28,CUST1954,Keyboard,West,8,2200,17600,Online
ORD05198,2026-10-06,CUST1700,Printer,West,7,3200,22400,Retail
ORD05199,2026-12-23,CUST1460,Tablet,East,7,900,6300,Partner
ORD05200,2026-10-14,CUST1439,Tablet,East,7,12500,87500,Retail
ORD05201,2026-03-05,CUST0164,Laptop,South,2,28000,56000,Online
ORD05202,2026-11-02,CUST1056,Webcam,South,3,4500,13500,Retail
ORD05203,2025-01-11,CUST0257,Mouse,West,2,28000,56000,Retail
ORD05204,2025-04-06,CUST1410,Headset,East,10,65000,650000,Retail
ORD05205,2026-05-14,CUST2204,Mouse,East,7,3200,22400,Partner
ORD05206,2026-09-19,CUST2445,Mouse,East,9,28000,252000,Partner
ORD05207,2025-02-26,CUST1639,Mouse,East,5,3200,16000,Partner
ORD05208,2026-01-11,CUST1783,Mouse,North,1,2200,2200,Online
ORD05209,2026-09-29,CUST0090,Headset,East,9,18000,162000,Retail
ORD05210,2025-03-11,CUST0765,Mouse,West,7,4500,31500,Partner
ORD05211,2025-04-17,CUST0169,Monitor,West,3,2200,6600,Partner
ORD05212,2026-11-16,CUST1317,Printer,East,5,2200,11000,Partner
ORD05213,2025-05-11,CUST2451,Tablet,West,6,4500,27000,Partner
ORD05214,2026-04-17,CUST0708,Headset,East,6,28000,168000,Online
ORD05215,2025-04-25,CUST2883,Webcam,North,7,900,6300,Online
ORD05216,2026-02-18,CUST0200,Keyboard,south,6,12500,75000,Online
ORD05217,2025-09-04,CUST0031,Keyboard,East,5,65000,325000,Online
ORD05218,2025-02-24,CUST1108,Laptop,South,7,28000,196000,Retail
ORD05219,2026-01-27,CUST1479,Monitor,South,2,12500,25000,Retail
ORD05220,2025-03-26,CUST2164,Webcam,West,5,3200,16000,Partner
ORD05221,2025-01-26,CUST1686,Printer,East,9,3200,28800,Retail
ORD05222,2025-04-30,CUST0336,Mouse,West,10,12500,125000,Online
ORD05223,2025-12-13,CUST2203,Webcam,South,5,65000,325000,Partner
ORD05224,2026-11-17,CUST2153,Monitor,East,1,900,900,Partner
ORD05225,2025-03-22,CUST0938,Mouse,South,4,65000,260000,Retail
ORD05226,2026-04-17,CUST1598,Keyboard,South,1,3200,3200,Partner
ORD05227,2025-05-26,CUST1900,Mouse,East,3,12500,37500,Partner
ORD05228,2026-09-17,CUST0652,Printer,South,4,3200,12800,Online
ORD05229,2026-06-08,CUST1383,,West,10,28000,280000,Partner
ORD05230,2025-03-08,CUST2523,Tablet,South,10,2200,22000,Retail
ORD05231,2025-04-23,CUST2352,Monitor,East,10,3200,32000,Online
ORD05232,2025-08-27,CUST0259,Headset,East,8,65000,520000,Online
ORD05233,2025-07-05,CUST0448,Headset,South,10,18000,180000,Retail
ORD05234,2025-02-12,CUST2522,Tablet,South,9,65000,585000,Retail
ORD05235,2025-10-31,CUST0509,Webcam,North,3,12500,37500,Partner
ORD05236,2026-12-24,CUST0412,Keyboard,West,9,2200,19800,Online
ORD05237,2026-01-14,CUST1429,Tablet,East,5,12500,62500,Partner
ORD05238,2026-04-13,CUST1532,Mouse,East,8,12500,100000,Partner
ORD05239,2025-01-14,CUST1048,Monitor,East,9,3200,28800,Online
ORD05240,2025-08-24,CUST1597,Webcam,East,6,900,5400,Online
ORD05241,2026-03-07,CUST2482,Laptop,West,3,3200,9600,Partner
ORD05242,2025-08-11,CUST2568,Monitor,West,1,3200,3200,Retail
ORD05243,2026-09-10,,Mouse,South,2,900,1800,Online
ORD05244,2025-05-24,CUST1436,Tablet,West,1,4500,4500,Partner
ORD05245,2025-03-05,CUST2432,Monitor,West,6,4500,27000,Online
ORD05246,2026-06-06,CUST0643,Monitor,East,10,3200,32000,Partner
ORD05247,2025-05-30,CUST2094,Keyboard,East,6,2200,13200,Partner
ORD05248,2026-03-09,CUST0580,Headset,South,1,28000,28000,Retail
ORD05249,2025-11-16,CUST2743,Tablet,South,9,28000,252000,Online
ORD05250,2025-12-12,CUST2914,Webcam,,8,28000,224000,Partner
ORD05251,2025-04-16,CUST1956,Headset,South,3,4500,13500,Partner
ORD05252,2026-10-19,CUST1037,Keyboard,West,2,65000,130000,Online
ORD05253,2026-09-01,CUST2104,Laptop,South,3,18000,54000,Online
ORD05254,2026-04-14,CUST2443,Mouse,West,7,65000,455000,Online
ORD05255,2025-01-19,CUST0294,Tablet,South,1,18000,18000,Retail
ORD05256,2026-08-22,CUST1956,Tablet,West,1,28000,28000,Retail
ORD05257,2025-01-20,CUST0673,Tablet,South,2,28000,56000,Retail
ORD05258,2025-12-07,CUST2904,Mouse,North,2,900,1800,Partner
ORD05259,2026-07-27,CUST1929,Tablet,East,2,2200,4400,Partner
ORD05260,2025-06-07,CUST1538,Headset,West,7,4500,31500,Online
ORD05261,2026-09-04,CUST0732,Mouse,West,5,18000,90000,Online
ORD05262,2026-01-09,CUST2455,Keyboard,West,6,18000,108000,Partner
ORD05263,2026-04-16,CUST0374,Monitor,East,2,900,1800,Retail
ORD05264,2025-11-21,CUST0867,Printer,South,3,28000,84000,Partner
ORD05265,2025-08-06,CUST1697,Monitor,South,4,900,3600,Partner
ORD05266,2026-04-17,CUST0215,Webcam,North,7,4500,31500,Partner
ORD05267,2025-04-17,CUST1330,Monitor,West,1,4500,4500,Retail
ORD05268,2026-08-21,CUST2783,Webcam,North,9,65000,585000,Online
ORD05269,2025-11-09,CUST1477,Mouse,West,10 units,3200,32000,Retail
ORD05270,2026-12-07,CUST0635,Headset,East,2,4500,9000,Retail
ORD05271,2026-04-16,CUST2058,Monitor,North,9,12500,112500,Online
ORD05272,2025-06-18,CUST1317,Webcam,South,5,3200,16000,Online
ORD05273,2026-10-16,CUST0702,Webcam,North,7,4500,31500,Online
ORD05274,2026-01-10,CUST2085,Tablet,South,8,900,7200,Online
ORD05275,2026-12-15,CUST2400,Printer,West,3,12500,37500,Online
ORD05276,2026-07-10,CUST1970,Laptop,South,5,900,4500,Online
ORD05277,2026-06-18,CUST0969,Laptop ,East,8,900,7200,Online
ORD05278,2025-01-16,CUST1326,Webcam,North,7,65000,455000,Retail
ORD05279,2026-03-07,CUST1036,Mouse,North,6,900,5400,Partner
ORD05280,2026-10-16,CUST2850,Laptop,North,8,900,7200,Retail
ORD05281,2025-07-14,CUST1601,Printer,East,1,4500,4500,Online
ORD05282,2025-07-03,CUST0129,Printer,East,8,12500,100000,Partner
ORD05283,2026-05-15,CUST2155,Laptop,South,5,28000,140000,Online
ORD05284,2026-09-06,CUST1634,Monitor,South,9,18000,162000,Online
ORD05285,2026-10-08,CUST2600,Monitor,South,8,900,7200,Online
ORD05286,2026-10-04,CUST2692,Laptop,South,9,900,8100,Partner
ORD05287,2026-03-11,CUST0044,Monitor,North,4,2200,8800,Retail
ORD05288,2025-09-08,CUST2615,Tablet,East,2,2200,4400,Retail
ORD05289,2026-11-25,CUST2014,Laptop,North,8,3200,25600,Partner
ORD05290,2025-05-04,CUST1175,Mouse,East,9,65000,585000,Retail
ORD05291,2026-05-09,CUST0435,Webcam,West,1,18000,18000,Retail
ORD05292,2025-03-18,CUST1378,Webcam,West,9,18000,162000,Online
ORD05293,2026-03-26,CUST1165,Monitor,West,1,28000,28000,Partner
ORD05294,2025-09-25,CUST0595,Monitor,South,6,4500,27000,Partner
ORD05295,2026-08-13,CUST0430,Laptop,East,8,12500,100000,Partner
ORD05296,2026-05-05,CUST0157,Webcam,West,10,12500,125000,Retail
ORD05297,2026-10-13,CUST2175,Headset,West,7,4500,31500,Online
ORD05298,2026-06-15,CUST1405,Printer,North,8,3200,25600,Partner
ORD05299,2025-07-31,CUST2270,Mouse,West,9,2200,19800,Online
ORD05300,2026-12-13,CUST0553,Webcam,East,6,2200,13200,Retail
ORD05301,2026-12-07,CUST0783,Mouse,West,5,900,4500,Partner
ORD05302,2026-06-26,CUST2699,Keyboard,West,1,18000,18000,Online
ORD05303,2026-09-07,CUST1292,Webcam,South,10,2200,22000,Retail
ORD05304,2025-02-28,CUST2388,Webcam,North,8,65000,520000,Retail
ORD05305,2026-08-21,CUST2006,Tablet,North,8,65000,520000,Partner
ORD05306,2025-05-23,CUST2634,Laptop,West,1,18000,18000,Partner
ORD05307,2026-12-03,CUST1445,Printer,North,8,18000,144000,Retail
ORD05308,2026-03-19,CUST2437,Tablet,West,2,900,1800,Partner
ORD05309,2025-05-16,CUST2434,Mouse,North,1,18000,18000,Online
ORD05310,2026-08-06,CUST1684,Keyboard,East,10,2200,22000,Retail
ORD05311,2026-09-23,CUST1337,Keyboard,West,3,900,2700,Retail
ORD05312,2025-04-20,CUST2904,Keyboard,West,5,65000,325000,Online
ORD05313,2026-12-27,CUST0169,Monitor,East,8,18000,144000,Partner
ORD05314,2026-05-26,CUST1556,Headset,North,6,2200,13200,Online
ORD05315,2026-01-22,CUST1971,Printer,North,4,4500,18000,Online
ORD05316,2025-02-01,CUST2929,Printer,North,5,4500,22500,Partner
ORD05317,2026-01-11,CUST1446,Mouse,West,4,12500,50000,Partner
ORD05318,2026-08-16,CUST1015,Printer,West,8,2200,17600,Partner
ORD05319,2026-05-14,CUST1046,Tablet,West,4,18000,72000,Partner
ORD05320,2026-01-20,CUST2943,Laptop,South,6,4500,27000,Partner
ORD05321,2026-07-07,CUST2639,Headset,North,6,65000,390000,Partner
ORD05322,2026-05-03,CUST0362,Mouse,West,4,18000,72000,Online
ORD05323,2026-03-19,CUST0779,Mouse,West,5,18000,90000,Online
ORD05324,2025-10-31,CUST2991,Mouse,East,8,18000,144000,Partner
ORD05325,2026-09-03,CUST1113,Headset,South,1,4500,4500,Online
ORD05326,2025-01-08,CUST0086,Tablet,North,10,900,9000,Partner
ORD05327,2025-09-17,CUST2633,Laptop,East,7,28000,196000,Online
ORD05328,2025-09-22,CUST2736,Webcam,North,10,3200,32000,Online
ORD05329,2025-08-03,CUST2528,Keyboard,West,8,4500,36000,Retail
ORD05330,2025-04-27,CUST2364,Mouse,East,8,65000,520000,Partner
ORD05331,2026-02-04,CUST1369,Laptop,South,9,18000,162000,Retail
ORD05332,2025-01-31,CUST1729,Printer,South,6,4500,27000,Retail
ORD05333,2025-10-28,CUST2324, LAPTOP,North,8,18000,144000,Retail
ORD05334,2026-03-10,CUST0785,Tablet,East,4,3200,12800,Retail
ORD05335,2025-06-30,CUST2703,Laptop,East,3,65000,195000,Online
ORD05336,2026-09-12,CUST0557,Tablet,West,2,12500,25000,Retail
ORD05337,2026-12-27,CUST0409,Keyboard,North,1,4500,4500,Retail
ORD05338,2026-06-08,CUST0632,Mouse,North,2,3200,6400,Retail
ORD05339,2025-03-11,CUST1707,Mouse,South,10,3200,32000,
ORD05340,2025-04-18,CUST2201,Webcam,South,8,18000,144000,Partner
ORD05341,2025-09-09,CUST0811,Laptop,North,9,2200,19800,Retail
ORD05342,2026-02-22,CUST2067,Headset,North,3,4500,13500,Online
ORD05343,2026-09-12,CUST0139,,West,9,900,8100,Online
ORD05344,2025-04-11,CUST2600,Webcam,West,7,2200,15400,Partner
ORD05345,2025-11-26,CUST2285,Keyboard,East,5,900,4500,Retail
ORD05346,2026-06-15,CUST1901,Webcam,West,4,3200,12800,Online
ORD05347,2026-03-27,CUST0133,Mouse,East,7,65000,455000,Retail
ORD05348,2025-08-22,CUST1312,Headset,West,3,4500,13500,Partner
ORD05349,2026-12-17,CUST0598,Monitor,North,5,18000,90000,Online
ORD05350,2025-12-10,CUST2702,Keyboard,North,8,18000,144000,Retail
ORD05351,2026-01-26,CUST1937,Mouse,East,1,4500,4500,Partner
ORD05352,2027-01-01,CUST0059,Tablet,North,7,900,6300,Online
ORD05353,2026-03-11,CUST2198,Laptop,East,6,28000,168000,Partner
ORD05354,2026-06-07,CUST1221,Tablet,East,9,3200,28800,Partner
ORD05355,2025-04-26,CUST2896,Mouse,North,5,3200,16000,Partner
ORD05356,2026-08-03,CUST1525,Monitor,North,9,3200,28800,Retail
ORD05357,2026-02-15,CUST0049,Printer,North,2,3200,6400,Retail
ORD05358,2026-01-15,CUST0131,Tablet,South,5,12500,62500,Online
ORD05359,2026-05-10,CUST0852,Keyboard,West,8,2200,17600,Partner
ORD05360,2026-10-16,CUST1286,Webcam,North,1,18000,18000,Online
ORD05361,2026-02-21,CUST1202,Headset,North,7,28000,196000,Retail
ORD05362,2026-09-02,CUST1432,Mouse,East,9,4500,40500,Retail
ORD05363,2026-10-28,CUST1134,Webcam,North,9,12500,112500,Retail
ORD05364,2025-08-05,CUST1588,Keyboard,North,4,2200,8800,Retail
ORD05365,2026-11-07,CUST0212,,West,2,2200,4400,Retail
ORD05366,2025-12-13,CUST1751,Keyboard,South,2,4500,9000,Online
ORD05367,2025-02-11,CUST0169,Printer,West,10,18000,180000,Online
ORD05368,2025-01-14,CUST2969,Headset,East,5,4500,22500,Online
ORD05369,2026-09-01,CUST0391,Webcam,North,9,2200,19800,Retail
ORD05370,2025-02-18,CUST1208,Headset,East,2,65000,130000,Partner
ORD05371,2026-10-08,CUST0303,Monitor,East,6,18000,108000,Online
ORD05372,2026-03-12,CUST2057,Laptop,,10,900,9000,Online
ORD05373,2026-08-02,CUST0876,Printer,South,7,4500,31500,Partner
ORD05374,2025-01-16,CUST0995,Tablet,South,6,65000,390000,Online
ORD05375,2026-12-16,CUST0338,Tablet,South,3,18000,54000,Retail
ORD05376,2025-10-26,CUST1085,Keyboard,East,4,18000,72000,Partner
ORD05377,2026-12-09,CUST2672,Tablet,East,1,65000,65000,Retail
ORD05378,2025-04-22,CUST2963,Monitor,East,6,4500,27000,Retail
ORD05379,2025-04-18,CUST2480,Laptop,North,7,28000,196000,Retail
ORD05380,2025-05-18,CUST1459,Laptop,East,5,18000,90000,Partner
ORD05381,2026-04-18,CUST1757,Webcam,East,5,65000,325000,Partner
ORD05382,2026-12-22,CUST2338,Keyboard,West,8,4500,36000,Online
ORD05383,2025-09-14,CUST0642,Printer,East,3,2200,6600,Online
ORD05384,2026-09-25,CUST0401,Keyboard,West,4,12500,50000,Retail
ORD05385,2026-04-09,CUST2764,Keyboard,North,8,18000,144000,Online
ORD05386,2025-07-21,CUST0285,Printer,East,9,65000,585000,Retail
ORD05387,2025-02-26,CUST0554,Mouse,South,2,4500,9000,Partner
ORD05388,2025-03-07,CUST2176,Keyboard,South ,5,65000,325000,Partner
ORD05389,2025-11-03,CUST0560,Printer,South,1,4500,4500,Partner
ORD05390,2026-11-21,CUST0791,Laptop,South,5,4500,22500,Partner
ORD05391,2025-12-21,CUST2421,Laptop,East,2,65000,130000,Online
ORD05392,2026-12-02,CUST2737,Printer,South,2,2200,4400,Online
ORD05393,2026-08-27,CUST1479,Mouse,North,3,4500,13500,Retail
ORD05394,2026-07-23,CUST2536,Monitor,North,10,900,9000,Online
ORD05395,2025-07-14,CUST2002,Mouse,South,6,12500,75000,Partner
ORD05396,2025-03-23,CUST2240,Headset,North,5,4500,22500,Online
ORD05397,2026-10-19,CUST0727,Printer,West,6,900,5400,Retail
ORD05398,2025-11-05,CUST2287,Tablet,West,4,65000,260000,Partner
ORD05399,2026-08-18,CUST0143,Monitor,South,3,2200,6600,Retail
ORD05400,2025-03-22,CUST0521,Tablet,East,7,65000,455000,Online
ORD05401,2025-09-08,CUST1403,Webcam,North,5,12500,62500,Retail
ORD05402,2026-10-04,CUST2975,Monitor,South,8,12500,100000,Partner
ORD05403,2025-01-16,CUST2186,Laptop,East,9,65000,585000,Retail
ORD05404,2026-07-17,CUST2742,Laptop,West,7,4500,31500,Partner
ORD05405,2025-10-11,CUST0173,Headset,West,9,28000,252000,Retail
ORD05406,2026-02-09,CUST1139,Mouse,East,9,900,8100,Retail
ORD05407,2026-04-27,CUST2835,Laptop,East,5,900,4500,Online
ORD05408,2025-06-05,CUST0025,Headset,South,7,12500,87500,Retail
ORD05409,2026-08-31,CUST1322,Monitor,West,8,28000,224000,Online
ORD05410,2025-09-08,CUST0486,Mouse,West,5,18000,90000,Online
ORD05411,2026-12-08,CUST1336,Mouse,West,2,18000,36000,Retail
ORD05412,2026-01-24,CUST1016,Webcam,East,3,900,2700,Partner
ORD05413,2026-10-22,CUST1576,Mouse,East,1,4500,4500,Online
ORD05414,2026-01-20,CUST1320,Mouse,East,9,900,8100,Retail
ORD05415,2025-03-25,CUST1404,Monitor,,3,18000,54000,Online
ORD05416,2025-02-05,CUST1383,Tablet,West,2,18000,36000,Partner
ORD05417,2025-11-01,CUST2310,Tablet,East,8,900,N/A,Online
ORD05418,2025-12-06,CUST0448,Monitor,North,10,4500,45000,Partner
ORD05419,2025-07-30,CUST1347,Laptop,North,9,900,8100,Retail
ORD05420,2026-04-15,CUST0551,Headset,North,2,2200,4400,Partner
ORD05421,2025-07-31,CUST1552,Headset,West,5,4500,22500,Partner
ORD05422,2025-09-04,CUST1877,Headset,,10,900,9000,Retail
ORD05423,2025-11-17,CUST2240,Monitor,North,4,900,3600,Retail
ORD05424,2026-06-14,CUST0625,Monitor,South,4,12500,50000,Partner
ORD05425,2025-11-08,CUST0611,Mouse,East,9,28000,252000,Partner
ORD05426,2025-03-15,CUST1294,Webcam,South,10,12500,125000,Partner
ORD05427,2025-10-20,CUST0879,Tablet,West,4,28000,112000,Retail
ORD05428,2026-03-30,CUST0078,Mouse,North,2,4500,9000,Retail
ORD05429,2026-10-05,CUST2956,Printer,West,4,28000,112000,Online
ORD05430,2026-04-05,CUST0393,Monitor,East,6,28000,168000,Online
ORD05431,2025-03-01,CUST1415,Headset,West,9,2200,19800,Online
ORD05432,2025-02-19,CUST0414,Headset,East,10,3200,32000,Partner
ORD05433,2026-11-09,CUST0244,Laptop,North,3,18000,54000,Online
ORD05434,2026-12-01,CUST0890,Headset,East,4,12500,50000,Partner
ORD05435,2025-08-02,CUST2556,Printer,West,3,28000,84000,Partner
ORD05436,2026-10-28,CUST1111,Mouse,West,9,900,8100,Retail
ORD05437,2026-04-14,CUST2909,Tablet,West,8,28000,224000,Online
ORD05438,2025-10-06,CUST1289,Mouse,South,9,3200,28800,Partner
ORD05439,2026-01-04,CUST2945,Mouse,West,5,2200,11000,Retail
ORD05440,2026-06-14,CUST1648,Printer,South,8,18000,144000,Online
ORD05441,2025-08-31,CUST2370,Mouse,East,8,18000,144000,Online
ORD05442,2025-08-17,CUST2254,Webcam,East,9,12500,112500,Partner
ORD05443,2025-05-09,CUST0213,Headset,North,2,28000,56000,Online
ORD05444,2026-05-30,CUST1422,Printer,South,6,18000,108000,Online
ORD05445,2025-11-25,CUST1099,Laptop,South,7,900,6300,Retail
ORD05446,2025-09-12,CUST1466,Laptop,East,1,18000,18000,Retail
ORD05447,2026-10-23,CUST0138,Laptop,West,2,4500,9000,Online
ORD05448,2025-08-30,CUST1546,Keyboard,South,6,12500,75000,Online
ORD05449,2025-11-18,CUST1781,Webcam,North,2,28000,56000,Partner
ORD05450,2025-03-10,CUST1656,Webcam,south,10,18000,180000,Retail
ORD05451,2025-08-28,CUST1666,Monitor,North,9,3200,28800,Retail
ORD05452,2026-08-14,CUST0405,Laptop,West,10,3200,32000,Retail
ORD05453,2026-08-15,CUST2177,Keyboard,North,5,12500,62500,Partner
ORD05454,2026-01-15,CUST0256,Headset,West,7,12500,87500,Partner
ORD05455,2026-05-31,CUST1531,Webcam,East,2,3200,6400,Retail
ORD05456,2026-05-27,CUST0995,Keyboard,West,7,28000,196000,Online
ORD05457,2025-08-03,CUST0303,Keyboard,West,5,900,4500,Retail
ORD05458,2025-03-10,CUST1227,Tablet,North,5,2200,11000,Partner
ORD05459,2025-11-12,CUST2971,Headset,West,1,18000,18000,Online
ORD05460,2025-08-26,CUST2445,Webcam,East,3,2200,6600,Retail
ORD05461,2026-07-17,CUST1225,,West,9,900,8100,Retail
ORD05462,2025-11-24,CUST0200,Mouse,South,5,65000,325000,Partner
ORD05463,2026-09-03,CUST0483,Webcam,North,4,900,3600,Online
ORD05464,2025-09-13,CUST1337,Laptop,East,8,900,7200,Retail
ORD05465,2025-05-08,CUST2718,Printer,South,6,12500,75000,Online
ORD05466,2025-08-04,CUST1802,Laptop,West,8,3200,25600,Retail
ORD05467,2025-09-29,CUST0301,Laptop,North,1,28000,28000,Online
ORD05468,2025-05-19,CUST2451,Monitor,East,4,28000,112000,Retail
ORD05469,2026-05-25,CUST1302,Mouse,West,7,4500,31500,Retail
ORD05470,2025-04-03,CUST0656,Mouse,South,7,12500,87500,Retail
ORD05471,2025-06-20,CUST0754,Printer,North,8,18000,144000,Retail
ORD05472,2026-11-17,CUST2852,Printer,North,2,18000,36000,Partner
ORD05473,2025-03-31,CUST0892,Tablet,South,5,65000,325000,Partner
ORD05474,2025-04-27,CUST2579,Headset,South,9,4500,40500,Retail
ORD05475,2025-07-05,CUST2286,Monitor,East,8,28000,224000,Online
ORD05476,2025-04-14,CUST2693,Webcam,West,10,900,9000,Online
ORD05477,2025-02-09,CUST1271,Tablet,South,10,4500,45000,Partner
ORD05478,2026-06-16,CUST2646,Mouse,North,2,4500,9000,Partner
ORD05479,2025-12-03,CUST2873,Monitor,East,10,2200,22000,Retail
ORD05480,2026-10-11,CUST1385,Webcam,East,8,28000,224000,Partner
ORD05481,2026-02-07,CUST1584,Headset,West,10,18000,180000,Retail
ORD05482,2025-05-25,CUST2198,Webcam,West,5,12500,62500,Retail
ORD05483,2025-03-31,CUST1024,Mouse,East,6,2200,13200,Online
ORD05484,2025-06-03,CUST1282,Keyboard,East,7,28000,196000,Retail
ORD05485,2026-03-21,CUST2621,Tablet,East,1,28000,28000,Online
ORD05486,2026-04-20,CUST0079,Monitor,East,8,3200,25600,Online
ORD05487,2026-10-26,CUST0610,Keyboard,North,2,3200,6400,Online
ORD05488,2026-04-15,CUST0481,Mouse,North,4,3200,12800,Online
ORD05489,2026-04-12,CUST0582,Tablet,South,5,4500,22500,Partner
ORD05490,2026-01-20,CUST2801,Printer,South,4,4500,18000,Partner
ORD05491,2026-02-05,CUST0981,Webcam,West,2,2200,4400,Retail
ORD05492,2025-12-02,CUST0441,Monitor,East,1,900,900,Partner
ORD05493,2026-01-12,CUST2073,Printer,West,8,18000,144000,Partner
ORD05494,2026-02-10,CUST2395,Keyboard,South,2,65000,130000,Retail
ORD05495,2025-03-20,CUST0262,Headset,North,5,2200,11000,Online
ORD05496,2026-07-02,CUST1864,Mouse,West,2,28000,56000,Online
ORD05497,2025-02-15,CUST2163,Laptop,North,6,2200,13200,Retail
ORD05498,2025-09-04,CUST1574,Mouse,South,6,4500,27000,Retail
ORD05499,2025-09-06,CUST1474,Headset,South,10,900,9000,Online
ORD05500,2025-01-27,CUST2382,Tablet,North,5,3200,16000,Partner
ORD05501,2026-05-10,CUST2659,Monitor,North,3,2200,6600,Online
ORD05502,2026-05-29,CUST0150,Webcam,East,1,900,900,Online
ORD05503,2026-07-11,CUST0095,Keyboard,North,5,28000,140000,Retail
ORD05504,2025-10-10,CUST1934,Laptop,West,2,18000,36000,Online
ORD05505,2026-07-04,,Mouse,South,2,4500,9000,Partner
ORD05506,2025-10-21,CUST1550,Mouse,East,10,3200,32000,Retail
ORD05507,2025-03-20,CUST2390,Printer,East,4,18000,72000,Retail
ORD05508,2026-07-31,CUST1864,Headset,South,5,2200,11000,Retail
ORD05509,2026-08-15,CUST2290,Webcam,North,9,18000,162000,Partner
ORD05510,2025-11-05,CUST0534,Tablet,West,5,18000,90000,Partner
ORD05511,2025-10-07,CUST1181,Webcam,,6,12500,75000,Partner
ORD05512,2026-10-06,CUST2725,Keyboard,West,5,28000,140000,Retail
ORD05513,2026-05-15,CUST1753,Printer,North,6,2200,13200,Retail
ORD05514,2025-07-15,CUST0399,Tablet,North,4,4500,18000,Retail
ORD05515,2025-11-02,CUST2598,Laptop,East,1,4500,,Online
ORD05516,2026-07-07,CUST2035,Laptop,North,7,12500,87500,Partner
ORD05517,2025-04-23,CUST1771,,West,5,3200,16000,Online
ORD05518,2026-01-12,CUST2273,Printer,North,8,65000,520000,Partner
ORD05519,2025-06-24,CUST1223,Monitor,East,1,18000,18000,Online
ORD05520,2026-05-04,CUST2316,Laptop,West,10,65000,650000,Partner
ORD05521,2025-04-18,CUST1738,Headset,North,6,4500,27000,Online
ORD05522,2026-05-21,CUST1277,Monitor,North,7,4500,31500,Partner
ORD05523,2026-08-01,CUST1172,Monitor,West,1,12500,12500,Partner
ORD05524,2025-01-20,CUST0722,Headset,South,4,12500,50000,Partner
ORD05525,2025-12-17,CUST2763,Headset,South,9,4500,40500,Online
ORD05526,2026-12-03,CUST0326,Headset,West,1,3200,3200,Partner
ORD05527,2026-10-20,CUST1189,Monitor,South,4,3200,12800,Partner
ORD05528,2025-04-16,CUST0756,Headset,South,6,65000,390000,Online
ORD05529,2026-01-15,CUST2242,Mouse,North,8,18000,144000,Partner
ORD05530,2026-12-17,CUST0256,Laptop,South,9,65000,585000,Retail
ORD05531,2026-05-22,CUST2894,Headset,East,7,12500,87500,Online
ORD05532,2025-05-31,CUST2434,Printer,East,9,2200,19800,Online
ORD05533,2026-08-06,CUST2476,Mouse,South,9,18000,162000,Partner
ORD05534,2026-06-26,CUST0047,Webcam,North,10,3200,32000,Partner
ORD05535,2025-12-12,CUST0049,Mouse,South,8,900,7200,Retail
ORD05536,2026-02-12,CUST1550,Headset,East,5,900,4500,Online
ORD05537,2025-12-14,CUST2784,Printer,West,7,12500,87500,Online
ORD05538,2025-06-25,CUST2453,Headset,West,5,900,4500,Retail
ORD05539,2025-12-28,CUST0259,Webcam,North,6,900,-1000,Partner
ORD05540,2026-01-18,CUST1896,Tablet,West,3,12500,37500,Online
ORD05541,2025-01-14,CUST2077,Printer,South,3,28000,84000,Partner
ORD05542,2026-07-31,CUST0363,Mouse,East,9,900,8100,Retail
ORD05543,2025-06-12,CUST0369,Tablet,West,10,2200,22000,Online
ORD05544,2026-02-03,CUST2006,Headset,East,9,2200,19800,Partner
ORD05545,2026-10-23,CUST0439,Keyboard,North,5,900,4500,Partner
ORD05546,2025-06-29,CUST0978,Webcam,East,7,3200,22400,Online
ORD05547,2025-06-18,CUST2831,Laptop,East,1,65000,65000,Partner
ORD05548,2025-01-21,CUST2010,Laptop,West,7,3200,22400,Partner
ORD05549,2026-06-01,CUST2897,Mouse,East,7,18000,126000,Retail
ORD05550,2025-08-17,CUST0116,Mouse,North,10,18000,180000,Partner
ORD05551,2025-09-15,CUST1101,Laptop,North,1,900,900,Retail
ORD05552,2026-01-24,CUST0021,Monitor,South,9,4500,40500,Partner
ORD05553,2025-04-07,CUST1151,Tablet,North,7,65000,455000,Online
ORD05554,2026-01-23,CUST0703,Webcam,West,1,3200,3200,Partner
ORD05555,2026-03-12,CUST1853,,North,9,12500,112500,Partner
ORD05556,2026-09-22,CUST1192,Headset,South,5,18000,90000,Retail
ORD05557,2025-05-18,CUST0338,Headset,East,6,18000,108000,Retail
ORD05558,2025-06-27,CUST0818,Monitor,East,7,4500,31500,Online
ORD05559,2026-06-26,CUST1488,Headset,West,9,65000,585000,Retail
ORD05560,2026-11-14,CUST1835,Webcam,West,10,4500,45000,Retail
ORD05561,2026-07-24,CUST1878,Mouse,East,1,2200,2200,online
ORD05562,2025-03-25,CUST1120,Mouse,East,1,65000,65000,Partner
ORD05563,2026-08-30,CUST0468,Tablet,North,6,18000,108000,Retail
ORD05564,2025-11-15,CUST0265,Monitor,South,6,4500,27000,Retail
ORD05565,2026-05-04,CUST1542,Webcam,East,9,3200,28800,Partner
ORD05566,2025-01-24,CUST2532,Headset,West,9,28000,252000,Online
ORD05567,2026-06-13,CUST2778,Tablet,East,1,18000,18000,Online
ORD05568,2025-06-04,CUST0436,Tablet,North,5,18000,90000,Retail
ORD05569,2026-11-18,CUST0998,Monitor,North,8,3200,25600,Retail
ORD05570,2025-12-09,CUST2706,Keyboard,East,6,12500,75000,Partner
ORD05571,2025-03-29,CUST0216,Monitor,West,9,2200,19800,Partner
ORD05572,2025-10-16,CUST2077,Headset,North,4,3200,12800,Retail
ORD05573,2026-02-22,CUST0529,Tablet,South,9,4500,40500,Online
ORD05574,2026-05-05,CUST0138,Headset,North,10,900,9000,Partner
ORD05575,2026-09-22,CUST1063,Printer,East,4,12500,50000,Partner
ORD05576,2026-11-11,CUST0409,Webcam,South,5,3200,16000,Online
ORD05577,2025-01-09,CUST0319,Keyboard,West,1,28000,28000,Partner
ORD05578,2025-09-04,CUST2400,Printer,West,8,18000,144000,Partner
ORD05579,2025-10-27,CUST2845,Mouse,North,2,2200,4400,Online
ORD05580,2025-03-04,CUST1467,Headset,West,1,65000,65000,Retail
ORD05581,2026-12-11,CUST0264,Headset,North,4,65000,260000,Partner
ORD05582,2025-06-02,CUST1380,Webcam,North,10,4500,45000,Retail
ORD05583,2026-02-23,CUST1299,Laptop,North,6,18000,108000,Retail
ORD05584,2026-03-26,CUST0075,Tablet,South,6,900,5400,Retail
ORD05585,2026-09-07,CUST2610,Monitor,East,1,18000,18000,Partner
ORD05586,2026-03-27,CUST2702,Webcam,East,9,900,8100,Partner
ORD05587,2025-12-17,CUST2668,Tablet,South,9,4500,40500,Retail
ORD05588,2026-06-27,CUST0071,Laptop,South,7,18000,126000,Partner
ORD05589,2025-05-21,CUST1028,Monitor,West,4,4500,18000,Partner
ORD05590,2026-05-11,CUST2781,Mouse,East,7,3200,22400,Online
ORD05591,2026-10-23,CUST2574,Mouse,South,3,3200,9600,Retail
ORD05592,2025-01-20,CUST0622,Tablet,West,8,4500,36000,Retail
ORD05593,2026-12-26,CUST2167,Mouse,South,9,65000,585000,Retail
ORD05594,2025-10-28,CUST1445,Headset,West,7,3200,22400,Retail
ORD05595,2025-05-14,CUST0700,Headset,West,N/A,28000,196000,Partner
ORD05596,2025-01-29,CUST1573,Printer,South,9,18000,162000,Partner
ORD05597,2025-04-21,CUST0995,Headset,South,8,12500,100000,Retail
ORD05598,2025-07-22,CUST2902,Headset,North,10,18000,180000,Retail
ORD05599,2025-11-27,CUST2465,Mouse,West,7,12500,87500,Online
ORD05600,2025-07-24,CUST1756,Laptop,South,3,3200,9600,Retail
ORD05601,2026-12-25,CUST2764,Laptop,West,6,12500,75000,Online
ORD05602,2025-11-09,CUST0478,Tablet,West,6,2200,13200,Online
ORD05603,2025-08-23,CUST0835,Webcam,West,4,4500,18000,Online
ORD05604,2026-12-11,CUST1403,Headset,South,2,18000,36000,Online
ORD05605,2025-09-12,CUST0799,Keyboard,North,6,3200,19200,Online
ORD05606,2025-04-19,CUST1972,Printer,North,1,65000,65000,Retail
ORD05607,2026-12-18,CUST2801,Monitor,,8,3200,25600,Partner
ORD05608,2025-05-11,CUST1067,Monitor,South,6,900,5400,Online
ORD05609,2026-09-02,CUST0282,Webcam,North,2,900,1800,Online
ORD05610,2025-08-26,CUST1414,Monitor,North,4,4500,18000,Retail
ORD05611,2026-01-07,CUST0535,Keyboard,East,4,900,3600,Online
ORD05612,2025-09-16,CUST0691,Headset,East,5,900,4500,Online
ORD05613,2026-02-25,CUST2337,Tablet,West,2,18000,36000,Partner
ORD05614,2025-06-02,CUST0127,Laptop,East,5,900,4500,Online
ORD05615,2026-02-24,CUST1410,Laptop,North,10,3200,32000,Partner
ORD05616,2025-09-15,CUST0325,Mouse,North,5,18000,90000,Partner
ORD05617,2025-09-12,CUST1646,Webcam,South,9,900,8100,Online
ORD05618,2026-02-23,CUST2681,Webcam,East,10,12500,125000,Online
ORD05619,2025-10-25,CUST1863,Tablet,North,9,12500,112500,Online
ORD05620,2026-09-20,CUST1584,Mouse,South,1,12500,12500,Partner
ORD05621,2025-07-14,CUST2077,Printer,East,10,65000,650000,Online
ORD05622,2026-10-19,CUST2875,Tablet,East,7,12500,87500,Partner
ORD05623,2026-01-28,CUST2338,Tablet,South,9,2200,19800,Retail
ORD05624,2026-12-26,CUST0454,Mouse,North,1,4500,4500,Online
ORD05625,2026-08-08,CUST2235,Webcam,West,5,3200,16000,Retail
ORD05626,2026-09-17,CUST0711,Mouse,South,7,18000,126000,Online
ORD05627,2025-04-25,CUST1002,Printer,South,7,900,6300,Retail
ORD05628,2026-02-19,CUST0571,Webcam,South,7,12500,87500,Partner
ORD05629,2026-06-30,CUST0918,Tablet,East,8,18000,144000,Partner
ORD05630,31-02-2025,CUST2166,Laptop,East,4,2200,8800,Retail
ORD05631,2026-04-10,CUST2701,Monitor,North,6,2200,13200,Online
ORD05632,2025-12-04,CUST2975,Monitor,North,2,4500,9000,Online
ORD05633,2026-09-27,CUST2791,Monitor,East,7,65000,455000,Retail
ORD05634,2025-08-23,CUST1994,Monitor,West,6,2200,13200,Retail
ORD05635,2025-07-04,CUST2233,Laptop,South,5,18000,90000,Retail
ORD05636,2025-10-15,CUST2033,Keyboard,West,4,3200,12800,Online
ORD05637,2025-01-30,CUST2525,Mouse,South,1,65000,65000,Online
ORD05638,2025-01-10,CUST0707,Monitor,West,unknown,28000,112000,Partner
ORD05639,2025-12-15,CUST1569,Printer,West,4,28000,112000,Retail
ORD05640,2025-07-08,CUST0892,Monitor,East,6,4500,27000,Partner
ORD05641,2025-06-28,CUST2203,Mouse,East,7,4500,31500,Partner
ORD05642,2025-09-20,CUST0735,Keyboard,West,10,4500,45000,Retail
ORD05643,2025-03-11,CUST0483,Laptop,South,8,4500,36000,Retail
ORD05644,2025-05-13,CUST1058,Printer,North,6,12500,75000,Partner
ORD05645,2026-11-27,CUST2865,Printer,East,5,28000,140000,Online
ORD05646,2025-08-05,CUST0794,Printer,North,2,900,1800,Retail
ORD05647,2025-07-29,CUST0540,monitor,North,6,65000,390000,Partner
ORD05648,2025-05-02,CUST0848,Monitor,South,2,12500,25000,Online
ORD05649,2026-07-14,CUST2395,Headset,West,8,28000,224000,Online
ORD05650,2025-04-10,CUST0611,Webcam,West,8,18000,144000,Retail
ORD05651,2026-01-23,CUST0032,Keyboard,East,5,2200,11000,Partner
ORD05652,2025-11-20,CUST0773,Mouse,North,3,4500,13500,Retail
ORD05653,2026-04-25,CUST0427,Keyboard,East,5,12500,62500,Online
ORD05654,2025-12-17,CUST0633,Tablet,East,3,12500,37500,Online
ORD05655,2026-12-12,CUST1615,Keyboard,North,3,28000,84000,Partner
ORD05656,2025-07-03,CUST2971,Mouse,North,7,3200,22400,Online
ORD05657,2025-10-07,CUST2929,Mouse,West,,4500,45000,Online
ORD05658,2025-07-05,CUST2813,Monitor,West,8,65000,520000,Partner
ORD05659,2025-07-11,CUST0592,Mouse,South,5,900,4500,Online
ORD05660,2026-02-20,CUST2521,Mouse,West,1,18000,18000,Partner
ORD05661,2026-07-21,CUST2926,Printer,South,4,4500,18000,Online
ORD05662,2026-12-17,CUST2258,Webcam,South,3,2200,,Partner
ORD05663,2026-02-09,CUST0705,Laptop,East,5,65000,325000,Partner
ORD05664,2025-11-10,CUST2200,Headset,West,4,900,3600,Online
ORD05665,2026-01-14,CUST2748,Headset,West,3,900,2700,Retail
ORD05666,2025-10-09,CUST2803,Tablet,North,1,4500,4500,Partner
ORD05667,2026-05-08,CUST2306,Keyboard,West,5,3200,16000,Online
ORD05668,2025-04-13,CUST1468,Printer,West,9,4500,40500,Online
ORD05669,2026-07-24,CUST1885,Mouse,West,6,4500,27000,Online
ORD05670,2026-03-04,CUST0629,Tablet,East,4,900,3600,Online
ORD05671,2026-06-11,CUST1872,Keyboard,South,9,2200,19800,Retail
ORD05672,2026-10-16,CUST0377,Keyboard,South,3,900,2700,Online
ORD05673,2026-01-27,CUST2473,Mouse,South,1,65000,65000,Online
ORD05674,2025-11-23,CUST1390,Tablet,East,3,3200,9600,Retail
ORD05675,2025-07-08,CUST0155,Tablet,North,2,18000,36000,Partner
ORD05676,2025-05-08,CUST1894,Printer,South,6,900,5400,Online
ORD05677,2026-06-25,CUST2523,Laptop ,East,4,900,3600,Partner
ORD05678,2025-04-13,CUST2344,Webcam,North,5,12500,62500,Online
ORD05679,2025-06-11,CUST2904,Laptop,East,6,28000,168000,Online
ORD05680,2026-02-25,CUST2467,Keyboard,South,2,4500,9000,Partner
ORD05681,2025-10-12,CUST1404,Webcam,East,,3200,6400,Retail
ORD05682,2025-08-16,CUST0204,Keyboard,West,8,4500,36000,Partner
ORD05683,2026-11-12,CUST1748,Tablet,East,2,900,1800,Partner
ORD05684,2025-06-14,CUST2946,Headset,East,4,12500,50000,Partner
ORD05685,2026-03-27,CUST0831,Mouse,South,3,4500,13500,Retail
ORD05686,2026-12-30,CUST0267,Monitor,West,6,28000,168000,Online
ORD05687,2025-08-05,CUST0981,Webcam,West,2,18000,36000,Retail
ORD05688,2025-07-31,CUST0511,Headset,East,6,12500,75000,Partner
ORD05689,2026-04-29,CUST0968,Headset,West,6,2200,13200,Retail
ORD05690,2025-09-06,CUST1421,Printer,East,2,28000,56000,Partner
ORD05691,2026-12-14,CUST2690,Tablet,North,1,65000,65000,Partner
ORD05692,2026-09-23,CUST0028,Webcam,South,6,2200,13200,Online
ORD05693,2026-04-16,CUST1971,Headset,North,3,2200,6600,Retail
ORD05694,2026-06-15,CUST2784,Laptop,South,2,3200,6400,Partner
ORD05695,2026-12-31,CUST2823,Tablet,East,1,28000,28000,Online
ORD05696,2025-03-20,CUST0175,Headset,West,3,65000,195000,Retail
ORD05697,2026-06-24,CUST2821,Mouse,North,7,18000,126000,Retail
ORD05698,2025-01-29,CUST2739,Headset,South,10,65000,650000,Partner
ORD05699,2026-05-10,CUST0214,Headset,East,7,18000,126000,Online
ORD05700,2026-06-15,CUST0686,Mouse,South,5,18000,90000,Retail
ORD05701,2026-05-22,CUST0200,Tablet,South,6,3200,19200,Partner
ORD05702,2025-04-09,CUST0853,Tablet,West,5,18000,90000,Partner
ORD05703,2025-07-14,CUST1614,Keyboard,North,1,18000,18000,Online
ORD05704,2025-11-21,CUST1281,Webcam,North,6,2200,13200,Retail
ORD05705,2026-10-25,CUST2207,Mouse,East,9,900,8100,Retail
ORD05706,2026-12-09,CUST2868,Laptop,South,9,12500,112500,Online
ORD05707,2026-09-19,CUST2546,Mouse,North,10,2200,22000,Partner
ORD05708,2025-08-29,CUST0248,Webcam,East,3,4500,13500,Online
ORD05709,2025-04-12,CUST1661,Keyboard,West,5,900,4500,Retail
ORD05710,2026-12-24,CUST1325,Webcam,West,6,4500,27000,Online
ORD05711,2025-08-10,CUST1591,Laptop,East,2,18000,36000,Partner
ORD05712,2026-12-29,CUST0289,Mouse,South,2,18000,36000,Online
ORD05713,2025-09-11,CUST0718,Printer,East,6,12500,75000,Online
ORD05714,2026-11-27,CUST2846,Keyboard,West,8,900,7200,Retail
ORD05715,2025-08-27,CUST2300,Keyboard,East,7,65000,455000,Retail
ORD05716,2025-09-11,CUST0947,Laptop,East,5,4500,22500,Partner
ORD05717,2026-10-04,CUST1651,Keyboard,North,5,12500,62500,Online
ORD05718,2025-09-07,CUST0127,Tablet,West,5,28000,140000,Online
ORD05719,2026-04-14,CUST2414,Webcam,East,8,4500,36000,Retail
ORD05720,2026-08-26,CUST1681,Mouse,South,3,4500,13500,Online
ORD05721,2026-12-01,CUST0830,Webcam,West,1,2200,2200,Online
ORD05722,2025-05-05,CUST2031,Keyboard,South,6,28000,168000,Partner
ORD05723,2026-02-18,CUST1800,Monitor,East,8,12500,100000,Partner
ORD05724,2026-12-06,CUST0278,Laptop,West,4,12500,50000,Online
ORD05725,2025-04-06,CUST0605,Laptop,West,5,28000,140000,Retail
ORD05726,2026-08-03,CUST2236,Printer,East,4,18000,72000,Online
ORD05727,2026-02-01,CUST1836,Mouse,West,4,900,3600,Retail
ORD05728,2025-08-22,CUST2128,Headset,West,7,2200,15400,Partner
ORD05729,2025-08-17,CUST1414,Webcam,North,5,900,4500,Online
ORD05730,2026-07-12,CUST1082,,North,7,900,6300,Partner
ORD05731,2025-04-02,CUST1975,Keyboard,East,2,4500,9000,Retail
ORD05732,2025-01-04,CUST0583,Monitor,South,1,18000,18000,Retail
ORD05733,2025-01-31,CUST1216,Headset,West,5,4500,22500,Retail
ORD05734,2025-02-24,CUST2703,Printer,West,9,2200,19800,Partner
ORD05735,2026-12-27,CUST0517,Laptop,East,6,900,5400,Retail
ORD05736,2025-03-30,CUST2608,Tablet,South,7,12500,87500,Online
ORD05737,2026-06-05,CUST0071,Mouse,South,9,3200,28800,Online
ORD05738,2026-01-30,CUST0086,Headset,West,7,18000,126000,Retail
ORD05739,2026-10-01,CUST2036,Monitor,East,1,2200,2200,Partner
ORD05740,2026-09-24,CUST0943,Tablet,North,9,4500,40500,Partner
ORD05741,2026-09-26,CUST2283,Webcam,East,8,18000,144000,Retail
ORD05742,2026-07-18,CUST0731,Mouse,West,3,4500,13500,Retail
ORD05743,2026-07-22,CUST1037,Laptop,South,7,4500,31500,Partner
ORD05744,2026-12-30,CUST1990,Headset,West,9,28000,252000,Retail
ORD05745,2026-05-30,CUST2060,Webcam,West,2,2200,4400,Online
ORD05746,2026-04-08,CUST2987,Webcam,North,4,4500,18000,Online
ORD05747,2025-05-07,CUST0071,Keyboard,North,1,65000,65000,Online
ORD05748,2025-10-08,CUST0996,Headset,North,4,3200,12800,Partner
ORD05749,2025-05-18,CUST1811,Tablet,North,6,3200,19200,Online
ORD05750,2025-09-30,CUST0566,Laptop,South,5,4500,22500,Partner
ORD05751,2025-08-21,CUST1808,Mouse,South,2,28000,N/A,Online
ORD05752,2025-10-09,CUST0040,Tablet,South,1,4500,4500,Partner
ORD05753,2025-05-31,CUST2964,Monitor,North,2,2200,4400,Online
ORD05754,2025-07-06,CUST1484,Keyboard,South,5,900,4500,Partner
ORD05755,2026-01-14,CUST2945,Keyboard,West,1,18000,18000,Online
ORD05756,2025-10-02,CUST1215,Laptop,North,8,900,7200,Online
ORD05757,2025-02-10,CUST0421,Printer,East,6,2200,13200,Online
ORD05758,2025-08-20,CUST0892,Printer,West,3,65000,195000,Retail
ORD05759,2026-12-17,CUST2631,Keyboard,North,3,28000,84000,Partner
ORD05760,2026-09-22,CUST2708,Keyboard,West,7,3200,22400,Retail
ORD05761,2026-03-21,CUST2920,Printer,West,5,3200,16000,Retail
ORD05762,2026-09-05,CUST2449,Monitor,North,10,12500,125000,Retail
ORD05763,2025-05-02,CUST1832,Laptop,West,1,65000,65000,Online
ORD05764,2025-05-10,CUST1368,Tablet,West,5,65000,325000,Retail
ORD05765,2026-03-10,CUST2556,Webcam,East,7,2200,15400,Partner
ORD05766,2026-01-12,CUST1802,Laptop,North,1,900,900,Partner
ORD05767,2025-07-03,CUST2026,Headset,East,8,4500,36000,Retail
ORD05768,2026-03-30,CUST0600,Tablet,East,7,18000,126000,Online
ORD05769,2025-05-11,CUST1827,Keyboard,South,10,28000,280000,Online
ORD05770,2025-03-16,CUST0575,Keyboard,West,9,12500,112500,Partner
ORD05771,2026-01-10,CUST0416,Headset,East,1,,18000,Retail
ORD05772,2025-10-15,CUST1431,Webcam,North,6,65000,390000,Retail
ORD05773,2026-03-19,CUST0622,Headset,South,2,65000,130000,Retail
ORD05774,2026-01-05,CUST1058,Keyboard,South,3,900,2700,Online
ORD05775,2025-05-01,CUST0578,Printer,North,9,18000,162000,Partner
ORD05776,2025-09-09,CUST1487,Tablet,North,7,900,6300,Retail
ORD05777,2025-09-26,CUST0594,Tablet,East,9,28000,252000,Online
ORD05778,2025-02-11,CUST2081,Webcam,South,7,12500,87500,Retail
ORD05779,2026-10-22,CUST2191,Monitor,West,4,3200,12800,Online
ORD05780,2025-01-26,CUST2619,Webcam,South,9,28000,252000,Retail
ORD05781,2026-01-16,CUST2095,Mouse,South,4,3200,12800,Partner
ORD05782,2026-01-15,CUST2438,Laptop,South,7,3200,22400,Retail
ORD05783,2025-08-22,CUST2115,Laptop,East,9,18000,162000,Online
ORD05784,2025-12-15,CUST0014,Tablet,South,1,3200,3200,Retail
ORD05785,2025-06-12,CUST2373,Mouse,South,6,2200,13200,Online
ORD05786,2026-12-14,CUST2059,Tablet,West,6,3200,19200,Partner
ORD05787,2025-05-05,CUST2215,Keyboard,South,10,2200,22000,Retail
ORD05788,2026-05-15,CUST1931,Headset,East,8,65000,520000,Retail
ORD05789,2025-12-06,CUST2482,Keyboard,East,4,2200,8800,Partner
ORD05790,2026-05-01,CUST2301,Monitor,East,5,3200,16000,Online
ORD05791,2026-08-17,CUST1982,Monitor,South,8,28000,224000,Online
ORD05792,2025-05-18,CUST0862,Headset,South,5,2200,11000,Online
ORD05793,2026-09-06,CUST0255,Laptop,North,9,12500,112500,Partner
ORD05794,2025-04-02,CUST1999,Tablet,South,3,4500,13500,Partner
ORD05795,2025-04-27,CUST2423,Keyboard,South,7,900,6300,Partner
ORD05796,2026-04-20,CUST2445,Printer,East,2,18000,36000,Retail
ORD05797,2025-08-03,CUST1214,Keyboard,North,6,65000,390000,Retail
ORD05798,2025-04-12,CUST2478,Keyboard,East,3,3200,9600,Partner
ORD05799,2025-06-28,CUST0496,Headset,North,6,900,5400,Retail
ORD05800,2025-10-15,CUST1805,Monitor,North,9,3200,28800,Online
ORD05801,2026-01-29,CUST2441,Monitor,South,4,900,3600,Retail
ORD05802,2025-08-19,CUST2045,Webcam,West,9,4500,40500,Retail
ORD05803,2025-03-27,CUST0007,Tablet,North,7,900,6300,Partner
ORD05804,2025-04-26,CUST0589,Webcam,South,8,4500,36000,Retail
ORD05805,2026-08-25,CUST1549,Headset,North,5,28000,140000,Retail
ORD05806,2026-04-06,CUST1961,Laptop,South,1,3200,3200,Partner
ORD05807,2026-10-28,CUST1810,Keyboard,East,6,900,5400,Partner
ORD05808,2026-02-02,CUST2608,Monitor,North,9,65000,585000,Online
ORD05809,2025-12-12,CUST2666,Printer,West,5,900,4500,Retail
ORD05810,2025-05-07,CUST2913,Headset,East,9,4500,40500,Online
ORD05811,2025-12-23,CUST0948,Tablet,South,1,2200,2200,Partner
ORD05812,2026-09-15,CUST0725,Webcam,West,6,900,5400,Partner
ORD05813,2026-03-05,CUST2954,Printer,West,1,28000,28000,Partner
ORD05814,2026-12-23,CUST0629,Laptop,South,7,4500,31500,Retail
ORD05815,2026-08-06,CUST2286,Printer,West,9,4500,40500,Retail
ORD05816,2026-06-19,CUST0064,Keyboard,North,4,28000,112000,Retail
ORD05817,2025-05-27,CUST1790,Mouse,South,10,18000,180000,Online
ORD05818,2025-10-11,CUST1994,Keyboard,West,10,4500,45000,Partner
ORD05819,2025-03-10,CUST2549,Headset,East,3,4500,13500,Retail
ORD05820,2025-11-05,CUST0658,Keyboard,East,9,28000,252000,Online
ORD05821,2025-01-06,CUST1748,Monitor,North,4,18000,72000,Online
ORD05822,2026-03-23,CUST1851,Tablet,South,9,12500,112500,Partner
ORD05823,2025-12-12,CUST2209,Mouse,East,unknown,28000,112000,Retail
ORD05824,2026-04-29,CUST1761,Laptop,North,1,12500,12500,Online
ORD05825,2026-02-08,CUST2341,Headset,South,10,4500,45000,Online
ORD05826,2026-09-13,CUST1149,Keyboard,West,9,4500,40500,Retail
ORD05827,2025-01-06,CUST0412,Headset,North,9,12500,112500,Retail
ORD05828,2025-12-29,CUST0878,Keyboard,West,1,900,900,Retail
ORD05829,2025-11-26,CUST0481,Laptop,West,3,4500,13500,Partner
ORD05830,2026-02-01,CUST1227,Headset,East,6,2200,13200,Online
ORD05831,2026-09-11,CUST1450,Tablet,West,4,65000,260000,Partner
ORD05832,2026-03-18,CUST2496,Laptop,South,6,65000,390000,Partner
ORD05833,2026-05-08,CUST0794,Webcam,North,9,900,8100,ONLINE
ORD05834,2026-07-30,CUST2013,Tablet,North,8,28000,224000,Online
ORD05835,2026-01-07,CUST2232,Monitor,East,9,65000,585000,Partner
ORD05836,2026-10-20,CUST0006,Tablet,North,8,900,7200,Online
ORD05837,2026-05-14,CUST0788,Mouse,West,10,900,9000,Partner
ORD05838,2025-07-10,CUST0760,Keyboard,North,8,12500,100000,Online
ORD05839,2025-03-22,CUST2617,Laptop,South,1,18000,18000,Partner
ORD05840,2026-01-07,CUST1952,Headset,North,9,28000,252000,Retail
ORD05841,2026-08-23,CUST2357,Keyboard,South,7,4500,31500,Partner
ORD05842,2026-04-18,CUST2739,Laptop,North,2,12500,25000,Partner
ORD05843,2025-04-08,CUST2879,Mouse,East,6,4500,27000,Online
ORD05844,2026-11-22,CUST0047,Tablet,South,10,28000,280000,Partner
ORD05845,2025-06-19,CUST1434,Printer,North,9,4500,40500,Retail
ORD05846,2025-07-17,CUST2874,Printer,West,3,28000,84000,Retail
ORD05847,2025-01-26,CUST1792,Tablet,South,4,18000,72000,Partner
ORD05848,2025-01-23,CUST0192,Tablet,North,7,2200,15400,Online
ORD05849,2026-05-30,CUST2204,Laptop,West,4,18000,72000,Online
ORD05850,2025-07-19,CUST0801,Monitor,East,9,4500,40500,Partner
ORD05851,2025-12-15,CUST1364,Headset,East,4,4500,18000,Retail
ORD05852,2026-11-30,CUST1219,Headset,East,8,4500,36000,Online
ORD05853,2026-09-05,CUST2465,Monitor,West,3,3200,9600,Partner
ORD05854,2025-05-09,CUST1608,Monitor,South,6,18000,108000,Retail
ORD05855,2025-01-13,CUST1547,Mouse,North,4,3200,12800,Partner
ORD05856,2025-05-15,CUST1292,Keyboard,West,9,28000,252000,Retail
ORD05857,2026-02-04,CUST2566,Keyboard,West,5,900,4500,Online
ORD05858,2025-05-13,CUST2421,Laptop,East,4,12500,50000,Retail
ORD05859,2025-11-30,CUST2003,Keyboard,South,4,12500,50000,Partner
ORD05860,2026-03-16,CUST2192,Mouse,South,1,12500,12500,Partner
ORD05861,2025-10-09,CUST1892,Mouse,East,10,900,9000,Retail
ORD05862,2025-03-16,CUST2942,Tablet,East,9,18000,162000,Retail
ORD05863,2026-11-26,CUST0163,Keyboard,West,5,900,4500,Retail
ORD05864,2026-09-20,CUST1889,Mouse,South,8,28000,224000,Online
ORD05865,2025-06-08,CUST1034,Monitor,East,10,3200,32000,Online
ORD05866,2025-02-16,CUST0964,Webcam,West,5,65000,325000,Retail
ORD05867,2025-09-06,CUST1455,Mouse,West,10,3200,32000,Partner
ORD05868,2026-08-22,CUST1562,Laptop,West,3,18000,54000,Partner
ORD05869,2025-04-18,CUST1486,Tablet,South,1,65000,65000,Partner
ORD05870,2025-05-06,CUST2687,Keyboard,South,9,900,8100,Partner
ORD05871,2026-06-07,CUST1251,Tablet,West,4,3200,12800,Online
ORD05872,2026-10-01,CUST1408,Headset,West,8,3200,25600,Retail
ORD05873,2026-11-29,CUST0694,Printer,East,4,12500,50000,Partner
ORD05874,2025-01-28,CUST0088,Mouse,East,1,28000,28000,Online
ORD05875,2026-01-13,CUST2964,Tablet,South,7,28000,196000,Partner
ORD05876,2025-10-21,CUST0564,Headset,West,9,2200,19800,Online
ORD05877,2025-06-04,CUST0891,Keyboard,North,7,18000,126000,Retail
ORD05878,2026-10-02,CUST1946,Monitor,North,6,3200,19200,Retail
ORD05879,2025-09-20,CUST1280,Headset,East,6,2200,13200,Retail
ORD05880,2025-12-14,CUST2681,Printer,East,,900,2700,Online
ORD05881,2026-06-21,CUST1830,Laptop,North,9,28000,252000,Partner
ORD05882,2025-01-16,CUST1575,Mouse,EAST,9,28000,252000,Retail
ORD05883,2025-10-04,CUST0842,Laptop,West,4,900,3600,Partner
ORD05884,2025-11-04,CUST0068,Keyboard,North,4,65000,260000,Online
ORD05885,2026-03-20,CUST0710,Monitor,East,7,12500,87500,Online
ORD05886,2025-11-23,CUST0736,Mouse,North,2,12500,25000,Partner
ORD05887,2025-04-06,CUST1096,Tablet,East,5,4500,22500,Retail
ORD05888,2026-04-11,CUST0236,Laptop,North,4,18000,72000,Online
ORD05889,2026-03-13,CUST0252,Laptop,North,1,900,900,Retail
ORD05890,2025-07-18,CUST0799,Keyboard,South,6,3200,19200,Online
ORD05891,2025-12-07,CUST0602,Mouse,West,8,3200,25600,Partner
ORD05892,2026-08-08,CUST1872,Printer,East,4,900,3600,Online
ORD05893,2025-12-24,CUST0129,Keyboard,West,2,28000,56000,Online
ORD05894,2026-11-01,CUST2934,Headset,East,3,65000,195000,Retail
ORD05895,2026-07-02,CUST1039,Laptop,North,5,3200,16000,Partner
ORD05896,2025-09-17,CUST2035,Monitor,West,3,3200,9600,Online
ORD05897,2025-12-17,CUST0871,Printer,South,6,65000,390000,Online
ORD05898,2025-03-16,CUST2630,Tablet,West,7,2200,15400,Retail
ORD05899,2025-08-02,CUST1946,Webcam,West,5,4500,22500,Online
ORD05900,2025-11-21,CUST2569,Monitor,North,2,900,1800,Online
ORD05901,2026-11-24,CUST0227,Laptop,West,1,900,900,Partner
ORD05902,2026-06-28,CUST0077,Mouse,North,7,2200,15400,Partner
ORD05903,2025-11-21,CUST0962,Tablet,North,6,18000,108000,Online
ORD05904,2025-11-30,CUST0452,Monitor,West,7,28000,196000,Online
ORD05905,2025-04-05,CUST0882,Monitor,East,6,12500,75000,Online
ORD05906,2026-02-08,CUST2645,Tablet,North,2,4500,9000,Partner
ORD05907,2025-11-24,CUST2786,Tablet,East,10,28000,280000,Partner
ORD05908,2026-01-01,CUST0844,Webcam,South,9,2200,19800,Retail
ORD05909,2026-08-01,CUST1565,Laptop,North,8,900,7200,Partner
ORD05910,2025-05-13,CUST1404,Printer,West,6,28000,168000,Partner
ORD05911,2025-06-21,CUST0770,Printer,North,5,3200,16000,Partner
ORD05912,2026-12-06,CUST2236,Headset,West,5,65000,325000,Partner
ORD05913,2025-07-13,CUST1767,Headset,West,5,12500,62500,Partner
ORD05914,2025-03-20,CUST1390,Printer,West,4,3200,12800,Online
ORD05915,2026-04-12,CUST2315,Keyboard,North,2,4500,9000,Partner
ORD05916,2025-09-23,CUST0865,Printer,South,5,65000,325000,Partner
ORD05917,2026-02-25,CUST1462,Monitor,East,6,3200,19200,Online
ORD05918,2026-05-21,CUST2938,Mouse,East,8,3200,25600,Partner
ORD05919,2026-06-14,CUST2955,Laptop,East,2,2200,4400,Online
ORD05920,2026-10-05,CUST0623,Printer,West,10,900,9000,Partner
ORD05921,2026-08-14,CUST2629,Headset,East,10,18000,180000,Retail
ORD05922,2026-06-27,CUST2913,Printer,North,4,2200,8800,Online
ORD05923,2025-01-23,CUST2469,Laptop,East,4,3200,12800,Retail
ORD05924,2026-09-05,CUST0674,Keyboard,South,6,12500,75000,Partner
ORD05925,2026-09-04,CUST0543,Headset,North,6,18000,108000,Online
ORD05926,2026-05-06,CUST0803,Laptop,East,1,3200,3200,Online
ORD05927,2026-06-05,CUST0153,Laptop,North,2,28000,56000,Retail
ORD05928,2025-06-12,CUST0296,Laptop,South,1,65000,65000,Online
ORD05929,2025-01-20,CUST2390,Webcam,East,4,28000,112000,Partner
ORD05930,2026-11-29,CUST0731,Webcam,South,2,4500,9000,Online
ORD05931,2026-07-28,CUST1695,Mouse,West,5,3200,16000,Partner
ORD05932,2025-11-07,CUST2130,Laptop,North,five,900,9000,Online
ORD05933,2026-05-31,CUST0586,Webcam,North,5,2200,11000,Retail
ORD05934,2025-11-10,CUST1684,Headset,North,10,18000,180000,Retail
ORD05935,2026-10-29,CUST2607,Printer,West,2,4500,9000,Online
ORD05936,2026-08-26,CUST1285,Monitor,East,9,4500,40500,Partner
ORD05937,2026-01-03,CUST1520,Laptop,North,9,28000,252000,Retail
ORD05938,2025-12-15,CUST2476,Tablet,North,9,28000,252000,Partner
ORD05939,2026-07-19,CUST0007,Webcam,North,10,65000,650000,Online
ORD05940,2025-07-03,CUST0657,Webcam,South,9,2200,19800,Retail
ORD05941,2025-05-24,CUST1259,Tablet,North,6,eighteen thousand,75000,Retail
ORD05942,2026-10-14,CUST0368,Keyboard,South,,4500,27000,Partner
ORD05943,2025-05-21,CUST0398,Webcam,South,2,3200,6400,Partner
ORD05944,2026-03-11,CUST1260,Webcam,West,3,3200,9600,Online
ORD05945,2025-02-06,CUST1676,Monitor,West,10,18000,180000,Partner
ORD05946,2026-08-26,CUST0591,Headset,West,8,3200,25600,Partner
ORD05947,2025-01-07,CUST0086,Printer,East,1,12500,12500,Online
ORD05948,2026-05-06,CUST2486,Monitor,East,6,18000,108000,Online
ORD05949,2025-03-16,CUST1912,Keyboard,East,3,65000,195000,Retail
ORD05950,2026-11-26,CUST2618,Headset,West,3,28000,84000,Partner
ORD05951,2025-01-12,CUST1431,Tablet,West,6,900,5400,Retail
ORD05952,2025-04-24,,Printer,South,3,18000,54000,Online
ORD05953,2025-10-25,CUST0425,Printer,West,9,4500,40500,Partner
ORD05954,2026-03-31,CUST0368,Webcam,South,2,12500,25000,Partner
ORD05955,2026-12-20,CUST0954,Printer,North,5,900,4500,Partner
ORD05956,2025-10-12,CUST2118,Keyboard,South,,2200,13200,Partner
ORD05957,2026-05-28,CUST2328,Monitor,South,10,900,9000,Retail
ORD05958,2026-07-30,CUST0826,Keyboard,,7,2200,15400,Partner
ORD05959,2026-08-28,CUST0756,Printer,East,2,3200,6400,Partner
ORD05960,2026-06-29,CUST2577,Printer,South,10,2200,22000,Retail
ORD05961,2025-07-28,CUST1466,Monitor,South,8,28000,224000,Partner
ORD05962,2026-03-25,CUST1173,Webcam,East,1,65000,65000,Retail
ORD05963,2026-03-30,CUST2153,Printer,West,5,900,4500,Partner
ORD05964,2026-03-05,CUST0017,Keyboard,South,4,12500,50000,Partner
ORD05965,2026-02-06,CUST2352,Keyboard,West,9,18000,162000,Online
ORD05966,2025-08-31,CUST0505,Mouse,West,3,65000,195000,Retail
ORD05967,2025-08-27,CUST1001,Headset,East,5,900,4500,Retail
ORD05968,2025-12-26,CUST1412,Headset,SOUTH,8,12500,100000,Retail
ORD05969,2025-05-19,CUST0208,Keyboard,North,10,4500,45000,Partner
ORD05970,2025-07-20,CUST1023,Monitor,West,6,4500,27000,Retail
ORD05971,2026-07-08,CUST1342,Tablet,North,10,3200,32000,Retail
ORD05972,2025-06-28,CUST1149,Keyboard,South,2,28000,56000,Partner
ORD05973,2026-12-30,CUST0254,Headset,North,4,12500,50000,Retail
ORD05974,2025-08-15,CUST2301,,North,1,65000,65000,Partner
ORD05975,2026-01-04,CUST2631,Keyboard,South,9,900,8100,Online
ORD05976,2026-08-12,CUST1652,Keyboard,North,1,18000,18000,Online
ORD05977,2025-03-01,CUST0463,Tablet,East,3,2200,6600,Partner
ORD05978,2026-01-23,CUST1719,Tablet,West,7,18000,126000,Retail
ORD05979,2025-07-05,CUST1541,Mouse,North,3,2200,6600,Partner
ORD05980,2025-03-15,CUST2361,Printer,North,3,28000,84000,Partner
ORD05981,2025-06-22,CUST2451,Tablet,North,6,2200,13200,Retail
ORD05982,2025-08-02,CUST2966,Headset,South,9,4500,40500,Online
ORD05983,2026-05-18,CUST1701,Printer,West,10,28000,280000,Partner
ORD05984,2025-12-17,CUST0630,Tablet,West,7,2200,15400,Online
ORD05985,2025-08-14,CUST2919,Monitor,North,8,65000,520000,Retail
ORD05986,2025-11-02,CUST1271,Webcam,South,7,28000,196000,Online
ORD05987,2026-11-23,CUST2053,Headset,EAST,2,12500,25000,Retail
ORD05988,2025-03-05,CUST2201,Printer,West,10,900,9000,Online
ORD05989,2026-12-25,CUST0258,Monitor,North,5,4500,22500,Online
ORD05990,2025-12-19,CUST0369,Monitor,North,6,28000,168000,Online
ORD05991,2026-04-26,CUST2508,Headset,South,9,65000,585000,Online
ORD05992,2026-11-19,CUST2148,Webcam,North,5,18000,90000,Online
ORD05993,2026-08-25,CUST1587,Headset,East,5,900,4500,Retail
ORD05994,2025-07-09,CUST0371,Monitor,North,8,3200,25600,Retail
ORD05995,2025-08-31,CUST1929,Keyboard,North,4,3200,12800,Retail
ORD05996,2025-04-10,CUST2095,Mouse,South,3,900,2700,Online
ORD05997,2025-06-10,CUST2941,Webcam,West,5,3200,16000,Online
ORD05998,2025-03-04,CUST1337,Monitor,South,9,65000,585000,Partner
ORD05999,2025-12-17,CUST2701,Tablet,West,7,900,6300,Online
ORD06000,2026-10-16,CUST1762,Tablet,South,10,4500,45000,Online
ORD06001,2026-11-27,CUST1589,Monitor,South,3,12500,37500,Partner
ORD06002,2026-01-04,CUST2832,Headset,North,7,900,6300,Partner
ORD06003,2025-02-09,CUST1606,Webcam,North,1,18000,18000,Partner
ORD06004,2026-07-06,CUST0909,Tablet,East,7,12500,87500,Retail
ORD06005,2026-09-23,CUST0726,Keyboard,West,6,65000,390000,Partner
ORD06006,2025-01-22,CUST2110,Laptop,East,8,12500,100000,Partner
ORD06007,2026-06-11,CUST1005,Monitor,East,5,3200,16000,Online
ORD06008,2025-03-19,CUST0446,Tablet,South,5,3200,16000,
ORD06009,2026-02-05,CUST0202,Mouse,West,9,65000,585000,Partner
ORD06010,2025-03-26,CUST0502,Headset,North,3,28000,84000,Retail
ORD06011,2026-08-05,CUST0297,Headset,East,1,65000,65000,Online
ORD06012,2025-10-18,CUST2358,Laptop,West,9,28000,252000,Retail
ORD06013,2026-10-31,CUST2538,Headset,East,1,28000,28000,
ORD06014,2026-06-21,CUST0065,Webcam,East,2,4500,9000,Partner
ORD06015,2025-03-25,CUST0760,Keyboard,North,3,3200,9600,Online
ORD06016,2026-09-27,CUST1078,Mouse,South,1,28000,28000,Retail
ORD06017,2025-03-21,CUST2175,Laptop,South,10,900,9000,Partner
ORD06018,2025-09-20,CUST2533,Webcam,East,6,2200,13200,Partner
ORD06019,2025-07-23,CUST1332,Tablet,West,10,2200,22000,Online
ORD06020,2026-08-10,CUST1495,Mouse,West,8,3200,25600,Online
ORD06021,2025-07-19,CUST1391,Mouse,East,7,65000,455000,Partner
ORD06022,2025-05-09,CUST2217,Webcam,West,10,3200,32000,Partner
ORD06023,2026-03-31,CUST1298,Webcam,East,1,65000,65000,Retail
ORD06024,2026-04-14,CUST2238,Mouse,North,1,28000,28000,Partner
ORD06025,2025-05-12,CUST0133,Monitor,North,5,3200,16000,Retail
ORD06026,2026-06-23,CUST2421,Headset,North,,28000,112000,Retail
ORD06027,2026-01-04,CUST2141,Printer,East,7,65000,455000,Partner
ORD06028,2025-06-28,CUST1728,Keyboard,West,10,28000,280000,Retail
ORD06029,2025-09-05,CUST2303,Webcam,North,9,65000,585000,Online
ORD06030,2026-07-29,CUST1662,Monitor,West,4,12500,50000,Online
ORD06031,2025-08-18,CUST2450,Mouse,East,8,18000,144000,Partner
ORD06032,2025-09-30,CUST0106,Headset,North,10,12500,125000,Retail
ORD06033,2025-01-02,CUST1868,Tablet,South,3,2200,6600,Retail
ORD06034,2026-11-21,CUST2330,Monitor,West,2,4500,9000,Online
ORD06035,2026-02-28,CUST2109,Monitor,East,1,65000,65000,Partner
ORD06036,2026-05-02,CUST1273,Tablet,East,4,3200,12800,Online
ORD06037,2025-02-17,CUST0841,Monitor,West,2,900,1800,Retail
ORD06038,2025-10-13,CUST0420,Headset,East,4,18000,72000,Partner
ORD06039,2026-09-30,CUST1213,Keyboard,East,9,4500,40500,Partner
ORD06040,2026-02-18,CUST2970,Mouse,East,5,12500,62500,Retail
ORD06041,2025-12-29,CUST1418,Keyboard,East,3,3200,9600,Partner
ORD06042,2026-06-07,CUST0372,Monitor,West,4,12500,50000,Retail
ORD06043,2026-02-04,CUST0137,Keyboard,East,6,-500,168000,Partner
ORD06044,2025-09-18,CUST2936,Headset,South,3,2200,6600,Retail
ORD06045,2025-07-06,CUST1509,Printer,East,1,4500,4500,Partner
ORD06046,2025-12-26,CUST1368,Monitor,South,1,900,900,Retail
ORD06047,2026-01-08,CUST1567,Monitor,East,8,3200,25600,Partner
ORD06048,2025-06-04,CUST1918,Webcam,West,1,28000,28000,Retail
ORD06049,2026-01-05,CUST2627,Webcam,South,9,18000,162000,Online
ORD06050,2025-01-13,CUST2344,Monitor,South,9,4500,40500,Partner
ORD06051,2026-11-08,CUST2492,Mouse,South,1,2200,2200,Retail
ORD06052,2026-07-18,CUST2039,Laptop,West,6,4500,27000,Retail
ORD06053,2026-07-05,CUST0879,Tablet,South,1,900,900,Online
ORD06054,2025-08-26,CUST2667,Webcam,East,5,12500,62500,Retail
ORD06055,2026-11-12,CUST1937,Tablet,North,2,3200,6400,Partner
ORD06056,2025-01-07,CUST1116,Printer,East,1,900,900,Online
ORD06057,2025-07-21,CUST0449,Keyboard,East,5,65000,325000,Partner
ORD06058,2026-11-28,CUST1309,Printer,South,3,900,2700,Retail
ORD06059,2025-05-08,CUST0517,Monitor,West,2,2200,4400,Retail
ORD06060,2025-12-08,CUST2336,Laptop,North,5,3200,16000,
ORD06061,2026-10-21,CUST2697,Headset,East,2,4500,9000,Online
ORD06062,2026-01-27,CUST1883,Webcam,North,3,4500,13500,
ORD06063,2026-04-29,CUST1485,Mouse,North,5,18000,90000,Partner
ORD06064,2025-02-18,CUST2604,Tablet,North,4,28000,112000,Retail
ORD06065,2025-09-28,CUST0522,Tablet,West,10,2200,22000,Partner
ORD06066,2025-12-20,CUST1235,Headset,East,3,65000,195000,Online
ORD06067,2026-09-16,CUST2143,Mouse,North,9,65000,585000,Retail
ORD06068,2025-03-08,CUST0770,Mouse,East,7,3200,22400,Partner
ORD06069,2025-07-28,CUST0301,Headset,East,4,2200,8800,Online
ORD06070,2026-08-03,CUST0192,Tablet,West,6,18000,108000,Partner
ORD06071,2025-08-17,CUST2236,Mouse,West,3,12500,37500,Online
ORD06072,2025-10-20,CUST1223,Mouse,West,3,65000,195000,Online
ORD06073,2026-08-31,CUST1363,Headset,South,7,3200,22400,Retail
ORD06074,2026-03-31,CUST1742,Tablet,South,1,4500,4500,Retail
ORD06075,2025-01-15,CUST2674,Tablet,East,10,28000,280000,Retail
ORD06076,2026-11-18,CUST1151,Mouse,West,2,4500,9000,Online
ORD06077,2025-09-08,CUST1649,Tablet,North,3,28000,84000,Retail
ORD06078,2026-03-29,CUST0129,Monitor,North,10,12500,125000,Online
ORD06079,2026-09-16,CUST0918,Tablet,West,8,65000,520000,Retail
ORD06080,2026-02-21,CUST1215,Headset,East,6,2200,13200,Online
ORD06081,2026-07-21,CUST0806,Webcam,South,7,2200,15400,Partner
ORD06082,2026-12-20,CUST2710,Monitor,South,6,2200,13200,Online
ORD06083,2025-08-06,CUST1549,Headset,East,,28000,196000,Retail
ORD06084,2025-02-15,CUST0117,Tablet,West,6,18000,108000,Partner
ORD06085,2025-04-08,CUST0035,Tablet,North,5,65000,325000,Retail
ORD06086,2025-11-22,CUST1289,laptop,South,6,2200,13200,Online
ORD06087,2026-03-07,CUST2577,Monitor,West,9,65000,585000,Retail
ORD06088,2025-11-24,CUST2350,Monitor,North,10,2200,22000,Online
ORD06089,2025-03-19,CUST2233,Headset,West,3,65000,195000,Retail
ORD06090,2026-07-30,CUST0434,Monitor,South,3,4500,13500,Online
ORD06091,2025-02-08,CUST1039,Tablet,South,7,900,6300,Retail
ORD06092,2026-09-25,CUST2809,Keyboard,West,4,65000,260000,Partner
ORD06093,2025-05-19,CUST1839,Tablet,East,8,2200,17600,Retail
ORD06094,2026-05-05,CUST0532,Headset,East,1,900,900,Online
ORD06095,2026-11-02,CUST0321,Headset,West,2,4500,9000,Online
ORD06096,2026-02-12,CUST0725,Webcam,South,1,28000,28000,Online
ORD06097,2025-09-26,CUST0766,Tablet,West,1,18000,18000,Retail
ORD06098,2025-04-27,CUST0599,Printer,North,8,65000,520000,Partner
ORD06099,2026-08-13,,Webcam,North,4,18000,72000,Online
ORD06100,2026-02-21,CUST1651,Mouse,West,2,900,1800,Partner
ORD06101,2026-08-10,CUST1842,Tablet,North,3,3200,9600,Online
ORD06102,2025-08-27,CUST1097,Headset,North,6,28000,168000,Partner
ORD06103,2026-02-23,CUST2747,Webcam,West,7,4500,31500,Partner
ORD06104,2025-05-24,CUST1794,Laptop,North,8,900,7200,Partner
ORD06105,2026-07-13,CUST2851,Headset,East,5,12500,62500,Partner
ORD06106,2025-08-31,CUST2854,Webcam,South,9,18000,162000,Partner
ORD06107,2025-09-04,CUST2809,Headset,North,9,2200,19800,Retail
ORD06108,2025-07-23,CUST1936,Mouse,East,8,12500,100000,Retail
ORD06109,2025-12-20,CUST0324,Printer,East,1,28000,28000,Retail
ORD06110,2026-05-03,CUST1453,laptop,North,8,28000,224000,Retail
ORD06111,2026-01-10,CUST2145,Headset,South,10,28000,280000,online
ORD06112,2026-03-01,CUST0438,,North,1,65000,65000,Retail
ORD06113,2026-04-15,CUST2559,Webcam,South,2,28000,56000,Retail
ORD06114,2025-12-29,CUST2114,Tablet,North,7,12500,87500,Retail
ORD06115,2025-08-08,CUST0359,Tablet,South,3,12500,37500,Partner
ORD06116,2026-04-06,CUST1306,Laptop,North,1,65000,65000,Partner
ORD06117,2026-06-26,CUST0988,Monitor,North,6,28000,168000,Online
ORD06118,2026-04-27,CUST2741,Printer,East,3,900,2700,Retail
ORD06119,2026-09-24,CUST1060,Tablet,North,1,12500,12500,Partner
ORD06120,2025-10-28,CUST1423,Monitor,East,6,65000,390000,Partner
ORD06121,2025-03-18,CUST2144,Headset,East,8,4500,36000,Partner
ORD06122,2025-06-11,CUST2959,Monitor,South,5,65000,325000,Retail
ORD06123,2026-04-15,CUST1975,Webcam,West,6,2200,13200,Partner
ORD06124,2026-07-14,CUST1119,Monitor,West,5,2200,11000,Retail
ORD06125,2025-05-06,CUST2751,Printer,South,5,12500,62500,Retail
ORD06126,2026-01-03,CUST0088,Mouse,South,7,12500,87500,Online
ORD06127,2026-10-30,CUST1052,Keyboard,North,4,12500,50000,Online
ORD06128,2026-12-06,CUST2447,Laptop,North,7,12500,87500,Retail
ORD06129,2025-07-28,CUST2682,Webcam,South,9,65000,585000,Retail
ORD06130,2025-01-03,CUST2578,Keyboard,West,8,12500,100000,Retail
ORD06131,2026-04-07,CUST1846,Mouse,South,3,3200,9600,Partner
ORD06132,2026-10-22,CUST1614,Tablet,South,2,65000,130000,Online
ORD06133,2026-08-29,CUST0660,Tablet,East,5,18000,90000,Retail
ORD06134,2026-12-21,CUST1981,Printer,South,7,2200,15400,Online
ORD06135,2025-07-25,CUST0044,Tablet,East,3,12500,37500,Partner
ORD06136,2026-10-02,CUST0150,Printer,West,6,12500,75000,Partner
ORD06137,2025-12-05,CUST2485,Monitor,West,6,900,5400,Online
ORD06138,2025-03-18,,Headset,West,8,2200,17600,Retail
ORD06139,2026-10-04,CUST0398,Mouse,South,10,4500,45000,Online
ORD06140,2026-07-03,CUST0102,Keyboard,North,3,65000,195000,Online
ORD06141,2025-04-19,CUST0690,Keyboard,West,7,18000,126000,Retail
ORD06142,2025-10-01,CUST0025,Printer,North,7,12500,87500,Online
ORD06143,2026-09-02,CUST0057,Webcam,North,5,2200,11000,Online
ORD06144,2026-06-16,CUST2610,Webcam,West,4,3200,12800,Online
ORD06145,2025-06-08,CUST2260,Monitor,North,6,12500,75000,Online
ORD06146,2026-03-04,CUST2544,Mouse,North,2,900,1800,Online
ORD06147,2025-02-25,CUST1136,Tablet,North,4,18000,72000,Retail
ORD06148,2025-03-22,CUST1084,Laptop,South,8,4500,36000,Partner
ORD06149,2026-12-16,CUST2875,Webcam,South,9,2200,19800,Partner
ORD06150,2025-06-15,CUST1604,Printer,West,4,2200,8800,Partner
ORD06151,2025-01-12,CUST0064,Monitor,West,9,12500,112500,Online
ORD06152,2025-10-29,CUST2443,Monitor,East,4,3200,12800,Partner
ORD06153,2026-12-21,CUST1360,Tablet,North,3,2200,6600,Online
ORD06154,2026-09-04,CUST0598,Webcam,East,5,65000,325000,Partner
ORD06155,2025-10-18,CUST1188,Monitor,North,5,2200,11000,Retail
ORD06156,2026-09-25,CUST0656,Laptop,South,1,2200,2200,Online
ORD06157,2025-09-19,CUST1979,Tablet,West,5,65000,325000,Online
ORD06158,2025-11-04,CUST2543,Webcam,West,1,900,900,Partner
ORD06159,2025-02-05,CUST1774,Headset,South,10,65000,650000,Online
ORD06160,2025-06-30,CUST0650,Headset,North,7,18000,126000,Retail
ORD06161,2025-09-06,CUST1129,Monitor,East,1,28000,28000,Retail
ORD06162,2026-02-02,CUST1706,Tablet,South,7,2200,15400,Online
ORD06163,2025-02-19,CUST2426,Tablet,East,1,12500,12500,Retail
ORD06164,2026-01-24,CUST0991,Keyboard,South,8,4500,36000,Retail
ORD06165,2026-05-18,CUST0669,Monitor,North,8,4500,36000,Retail
ORD06166,2026-10-21,CUST1646,Webcam,North,6,18000,108000,Online
ORD06167,2025-12-30,CUST2490,laptop,East,7,65000,455000,Online
ORD06168,2026-02-26,CUST0437,Mouse,East,4,2200,8800,Retail
ORD06169,2026-10-20,CUST0696,Tablet,South,4,18000,72000,Online
ORD06170,2026-06-17,CUST2938,Keyboard,South,1,18000,18000,Online
ORD06171,2026-09-18,CUST1160,Monitor,North,10,65000,650000,Retail
ORD06172,2026-09-18,CUST0678,Monitor,East,6,12500,75000,Retail
ORD06173,2025-05-14,CUST2328,Tablet,South,10,12500,125000,Online
ORD06174,2025-10-20,CUST2977,Tablet,East,9,28000,252000,Partner
ORD06175,2026-12-07,CUST2600,Laptop,South,4,12500,50000,Partner
ORD06176,2026-10-01,CUST2378,Printer,West,2,3200,6400,Retail
ORD06177,2026-11-23,CUST0602,Monitor,South,1,900,900,Partner
ORD06178,2026-09-29,CUST2637,Tablet,East,10,65000,650000,Online
ORD06179,2025-11-02,CUST0182,Printer,East,8,28000,224000,Online
ORD06180,2025-08-08,CUST0703,Headset,East,10,4500,45000,Retail
ORD06181,2025-02-04,CUST1172,Laptop,East,7,28000,196000,Retail
ORD06182,2026-02-05,CUST1911,Webcam,South,2,2200,4400,Online
ORD06183,2025-02-24,CUST1756,Monitor,North,7,4500,31500,Partner
ORD06184,2025-08-28,CUST1674,Tablet,South,3,3200,9600,Retail
ORD06185,2025-01-26,CUST0002,Tablet,West,4,2200,8800,Retail
ORD06186,2025-12-04,CUST0705,Tablet,West,6,,168000,Partner
ORD06187,2026-04-03,CUST1172,Monitor,West,7,3200,22400,Retail
ORD06188,2026-03-09,CUST0328,Printer,South,9,12500,112500,Retail
ORD06189,2025-11-28,CUST2705,Laptop,South,4,12500,50000,Retail
ORD06190,2026-07-12,CUST1294,Printer,South,9,900,8100,Partner
ORD06191,2026-06-02,CUST1815,Headset,West,3,900,2700,Partner
ORD06192,2026-12-09,CUST2384,Tablet,North,7,28000,196000,Retail
ORD06193,2026-07-29,CUST2732,Printer,East,8,3200,25600,Online
ORD06194,2026-12-15,CUST1566,Tablet,North,1,28000,28000,Retail
ORD06195,2026-07-02,CUST0772,Printer,North,3,4500,13500,Partner
ORD06196,2026-03-01,CUST2982,Keyboard,North,9,18000,162000,Partner
ORD06197,2025-02-06,CUST0963,Keyboard,South,1,900,900,Online
ORD06198,2026-12-28,CUST1667,Tablet,South,1,28000,28000,Partner
ORD06199,2026-01-04,CUST2018,Tablet,East,8,18000,144000,Partner
ORD06200,2025-02-05,CUST2586,Tablet,West,9,3200,28800,Partner
ORD06201,2026-02-12,CUST0682,Laptop,North,8,2200,17600,Retail
ORD06202,2025-03-20,CUST1731,Headset,West,4,28000,112000,Partner
ORD06203,2025-08-18,CUST1931,Tablet,South,5,65000,325000,Partner
ORD06204,2026-08-22,CUST0457,Tablet,South,5,900,4500,Online
ORD06205,2025-07-06,CUST2947,Keyboard,South,5,65000,325000,Retail
ORD06206,2026-07-30,CUST1309,Headset,North,6,4500,27000,Partner
ORD06207,2025-03-20,CUST0174,Monitor,South,4,12500,50000,Retail
ORD06208,2025-02-07,CUST1379,Webcam,South ,4,4500,18000,Partner
ORD06209,2025-07-27,CUST2541,Headset,East,2,28000,56000,Retail
ORD06210,2025-11-30,CUST2903,Monitor,North,5,900,4500,Partner
ORD06211,2025-07-13,CUST1674,Webcam,West,9,2200,19800,Partner
ORD06212,2025-07-29,CUST1289,Keyboard,South,2,18000,36000,Partner
ORD06213,2026-07-17,CUST2184,Mouse,North,2,2200,4400,Online
ORD06214,2026-02-09,CUST2253,Keyboard,North,8,18000,144000,Online
ORD06215,2025-09-07,CUST2501,Webcam,West,10,4500,45000,Online
ORD06216,2026-07-07,CUST0907,Printer,East,8,12500,100000,Online
ORD06217,2025-03-21,CUST2684,Webcam,North,3,3200,9600,Retail
ORD06218,2025-01-03,CUST1305,Laptop,South,9,2200,19800,Partner
ORD06219,2025-03-27,CUST1283,Headset,East,3,18000,54000,Retail
ORD06220,2026-03-21,CUST0440,Headset,North,6,18000,108000,Online
ORD06221,2026-10-21,CUST2587,Mouse,West,4,2200,8800,Partner
ORD06222,2025-05-12,CUST0819,Keyboard,West,2,3200,6400,Online
ORD06223,2025-04-11,CUST2193,Laptop,West,1,28000,28000,Online
ORD06224,2025-02-11,CUST0241,Keyboard,West,5,3200,16000,Online
ORD06225,2026-02-07,CUST1523,Keyboard,East,7,18000,126000,Online
ORD06226,2026-12-14,CUST2486,Monitor,East,2,12500,25000,Online
ORD06227,2026-10-30,CUST0684,Monitor,East,4,18000,72000,Online
ORD06228,2025-11-18,CUST0334,Keyboard,North,3,18000,54000,Partner
ORD06229,2025-11-17,CUST1706,Monitor,North,6,65000,390000,Retail
ORD06230,2025-04-20,CUST0761,Headset,West,5,65000,325000,Online
ORD06231,2025-02-21,CUST1751,Keyboard,East,8,2200,17600,Online
ORD06232,2027-01-01,CUST0283,Webcam,North,8,900,7200,Partner
ORD06233,2026-03-25,CUST1519,Tablet,East,6,28000,168000,Retail
ORD06234,2025-12-02,CUST2484,Printer,South,4,900,3600,Online
ORD06235,2025-06-13,CUST2376,Laptop,South,6,900,5400,Online
ORD06236,2025-06-20,CUST0410,,North,9,65000,585000,Online
ORD06237,2026-01-07,CUST0496,Mouse,East,7,18000,126000,Retail
ORD06238,2025-07-07,CUST2735,Keyboard,South,4,900,3600,Partner
ORD06239,2025-05-20,CUST1534,Printer,East,2,12500,25000,Online
ORD06240,2026-05-24,CUST2779,Laptop,East,5,65000,325000,Partner
ORD06241,2025-01-09,CUST1349,Printer,West,5,2200,11000,Online
ORD06242,2026-03-15,CUST0527,Monitor,South,2,18000,36000,Partner
ORD06243,2025-04-29,CUST2286,Tablet,East,4,900,3600,Retail
ORD06244,2026-05-17,CUST2222,Printer,South,10,28000,280000,Online
ORD06245,2025-07-02,CUST0311,Monitor,North,8,4500,36000,Online
ORD06246,2026-09-20,CUST2857,Mouse,North,9,65000,585000,Partner
ORD06247,2026-11-07,CUST0991,Keyboard,West,1,18000,18000,Retail
ORD06248,2025-01-16,CUST1637,Laptop,West,6,2200,13200,Retail
ORD06249,2025-03-15,CUST2711,Keyboard,North,10,900,9000,Partner
ORD06250,2025-01-21,CUST2112,Headset,South,1,28000,28000,
ORD06251,2026-03-25,CUST0208,Tablet,South,10,12500,125000,Retail
ORD06252,2026-02-14,CUST0636,Printer,West,2,3200,6400,Online
ORD06253,2025-05-02,CUST0199,Keyboard,East,3,4500,13500,Online
ORD06254,2025-02-23,CUST2663,Mouse,South,10,4500,45000,Retail
ORD06255,2025-06-13,CUST2951,Keyboard,South,8,4500,36000,Retail
ORD06256,2025-05-01,CUST2392,Tablet,South,6,12500,75000,Online
ORD06257,2026-12-04,CUST0628,Mouse,East,4,2200,8800,Retail
ORD06258,2025-08-05,CUST2840,Webcam,West,8,18000,144000,Retail
ORD06259,2026-04-18,CUST2986,Keyboard,East,8,3200,25600,Partner
ORD06260,2026-10-16,CUST1903,Laptop,East,10,12500,125000,Online
ORD06261,2025-12-28,CUST1549,Keyboard,West,5,65000,325000,Retail
ORD06262,2026-01-20,CUST1980,Tablet,South,10,3200,32000,Partner
ORD06263,2026-09-03,CUST1853,Webcam,West,9,65000,585000,Retail
ORD06264,2026-03-30,CUST1171,Printer,South,4,12500,50000,Online
ORD06265,2025-09-08,CUST0379,Keyboard,East,10,3200,32000,Online
ORD06266,2025-12-07,CUST1272,Laptop,South,9,28000,252000,Online
ORD06267,2026-08-07,CUST2116,Laptop,North,2,18000,36000,Partner
ORD06268,2025-01-15,CUST1189,Headset,North,8,18000,144000,Retail
ORD06269,2025-04-04,CUST2237,Mouse,North,10,28000,280000,Retail
ORD06270,2026-06-12,CUST1095,Laptop,East,3,3200,9600,Partner
ORD06271,2026-02-02,CUST2623,Keyboard,North,6,18000,108000,Partner
ORD06272,2025-04-25,CUST0753,Mouse,South,4,65000,260000,Online
ORD06273,2025-06-28,CUST2571,Keyboard,East,7,12500,87500,Retail
ORD06274,2025-06-09,CUST2533,Webcam,West,10,900,9000,Online
ORD06275,2025-10-02,CUST0475,Keyboard,North,8,28000,224000,Retail
ORD06276,2026-07-10,CUST0304,Monitor,West,5,900,4500,Retail
ORD06277,2026-11-23,CUST2553,Printer,North,3,28000,84000,Partner
ORD06278,2026-09-06,CUST2495,Tablet,North,3,28000,84000,Partner
ORD06279,2026-09-23,CUST2210,Tablet,East,2,28000,56000,Retail
ORD06280,2025-02-09,CUST2497,Keyboard,North,8,3200,25600,Partner
ORD06281,2026-01-01,CUST0110,Monitor,South,7,900,6300,Online
ORD06282,2026-11-20,CUST0049,Headset,West,7,3200,22400,Partner
ORD06283,2026-03-31,CUST0737,Headset,West,7,12500,87500,Partner
ORD06284,2026-11-23,CUST0548,Tablet,West,10,2200,22000,Online
ORD06285,2026-12-01,CUST1387,Webcam,South,5,3200,16000,Retail
ORD06286,2025-01-26,,Monitor,North,9,12500,112500,Partner
ORD06287,2025-11-01,CUST0862,Monitor,East,6,900,5400,Retail
ORD06288,2025-04-15,CUST2655,Printer,North,7,65000,455000,Partner
ORD06289,2025-04-08,CUST1922,Headset,East,1,28000,28000,Retail
ORD06290,2025-02-20,CUST0573,Tablet,East,10,12500,125000,Retail
ORD06291,2025-09-07,CUST0002,Monitor,South,9,4500,40500,Partner
ORD06292,2025-02-11,CUST2108,Headset,South,3,28000,84000,Online
ORD06293,2026-05-07,CUST0871,Headset,South,1,28000,28000,Partner
ORD06294,2026-03-08,CUST0283,Monitor,south,4,900,3600,Partner
ORD06295,2025-03-04,CUST2516,Mouse,North,8,2200,17600,Online
ORD06296,2025-09-09,CUST2341,Monitor,West,6,28000,168000,Retail
ORD06297,2025-07-28,CUST1355,Keyboard,South,8,3200,25600,Retail
ORD06298,2026-02-03,CUST2441,Printer,South,7,900,6300,Online
ORD06299,2026-12-12,CUST2744,Laptop,North,7,3200,22400,Retail
ORD06300,2026-01-03,CUST2165,Headset,East,6,65000,390000,Retail
ORD06301,2026-09-05,CUST0275,Printer,West,5,18000,90000,Retail
ORD06302,2026-11-20,CUST1678,Webcam,East,1,4500,4500,Partner
ORD06303,2026-08-01,CUST2209,Mouse,East,6,12500,75000,Partner
ORD06304,2026-01-23,CUST1326,Headset,SOUTH,7,900,6300,Partner
ORD06305,2025-02-13,CUST1483,Laptop,South,4,3200,12800,Retail
ORD06306,2026-01-10,CUST2669,Monitor,West,1,2200,2200,Online
ORD06307,2025-07-09,CUST1783,Mouse,East,3,28000,84000,Retail
ORD06308,2025-04-02,CUST2193,Monitor,South,10,18000,180000,Online
ORD06309,2025-11-30,CUST0766,Webcam,East,10,900,9000,Retail
ORD06310,2025-07-13,CUST2540,Webcam,North,3,2200,6600,Retail
ORD06311,2025-09-01,CUST2851,Mouse,West,4,12500,50000,Retail
ORD06312,2026-03-11,CUST1558,Webcam,North,10,18000,180000,Partner
ORD06313,2025-11-14,CUST1832,Printer,East,10,12500,125000,Partner
ORD06314,2025-02-16,CUST1379,Mouse,East,7,2200,15400,Retail
ORD06315,2026-06-25,CUST1029,Mouse,West,2,2200,4400,Partner
ORD06316,2026-11-20,CUST0836,Laptop,South,10,900,9000,Online
ORD06317,2026-06-29,CUST1375,Headset,North,6,4500,27000,Retail
ORD06318,2025-06-17,CUST0064,Tablet,South,3,4500,13500,Partner
ORD06319,2025-10-24,CUST1934,Laptop,South,1,3200,3200,Online
ORD06320,2025-05-15,CUST1171,Mouse,North,10,3200,32000,Online
ORD06321,2026-06-20,CUST0202,Tablet,South,2,3200,6400,Online
ORD06322,2025-07-13,CUST2877,Mouse,East,8,2200,17600,Retail
ORD06323,2025-06-25,CUST0055,Tablet,West,8,4500,36000,Partner
ORD06324,2026-02-06,CUST2517,Mouse,North,6,4500,27000,Online
ORD06325,2025-07-28,CUST1464,Webcam,East,5,18000,90000,Online
ORD06326,2026-04-30,CUST0603,Headset,South,2,65000,130000,Partner
ORD06327,2026-06-11,CUST2926,Monitor,North,1,65000,65000,Online
ORD06328,2025-07-27,CUST1863,Monitor,South,3,4500,13500,Partner
ORD06329,2026-08-27,CUST2333,Headset,West,8,28000,224000,Retail
ORD06330,2026-04-14,CUST0101,Tablet,East,8,900,7200,Partner
ORD06331,2025-02-15,CUST1503,Monitor,North,3,3200,9600,Partner
ORD06332,2026-02-05,CUST0321,Laptop,West,5,12500,62500,Retail
ORD06333,2026-02-03,CUST0903,Monitor,South,8,65000,520000,Online
ORD06334,2026-10-27,CUST2810,Headset,North,6,28000,168000,Retail
ORD06335,2025-08-04,CUST1223,Laptop,West,7,2200,15400,Online
ORD06336,2025-03-26,CUST1086,Mouse,North,3,4500,13500,Partner
ORD06337,2026-05-24,CUST2230,Webcam,East,10,4500,45000,Retail
ORD06338,2026-08-01,CUST2528,Printer,East,5,4500,22500,Partner
ORD06339,2025-09-18,CUST2622,Printer,North,3,65000,195000,Retail
ORD06340,2025-02-04,CUST0474,Printer,North,7,12500,87500,Online
ORD06341,2026-07-02,CUST0592,Keyboard,West,10,65000,650000,Online
ORD06342,2025-03-29,CUST0749,,East,3,65000,195000,Online
ORD06343,2025-02-12,CUST2337,Webcam,West,5,12500,62500,Retail
ORD06344,2025-07-13,CUST2840,Printer,East,10,2200,22000,Online
ORD06345,2026-12-11,CUST0111,Webcam,West,8,12500,100000,Partner
ORD06346,2026-12-05,CUST2504,Keyboard,North,9,28000,252000,Partner
ORD06347,2026-04-06,CUST2907,Printer,East,6,65000,390000,Retail
ORD06348,2025-03-31,CUST1411,Keyboard,South,6,65000,390000,Partner
ORD06349,2025-05-11,CUST0658,Keyboard,East,4,18000,72000,Online
ORD06350,2026-02-14,CUST1996,Tablet,South,6,3200,19200,Online
ORD06351,2026-10-28,CUST2767,Monitor,North,8,65000,520000,Partner
ORD06352,2026-10-27,CUST1558,Laptop,East,8,4500,36000,Partner
ORD06353,2026-03-09,CUST1460,Tablet,South,8,65000,520000,Online
ORD06354,2025-12-31,CUST2850,Printer,West,1,28000,28000,Retail
ORD06355,2025-07-14,CUST1737,Laptop,West,6,12500,75000,Online
ORD06356,2025-02-14,CUST0856,Webcam,South,8,4500,36000,Partner
ORD06357,2026-02-12,CUST1626,Keyboard,East,5,2200,11000,Retail
ORD06358,2026-04-29,CUST0017,Webcam,South,6,12500,75000,Partner
ORD06359,2026-11-11,CUST2206,Mouse,North,8,65000,520000,Retail
ORD06360,2025-06-30,CUST2541,Laptop,South,1,900,900,Online
ORD06361,2026-01-12,CUST1473,Printer,West,5,3200,16000,Online
ORD06362,2026-08-13,CUST0216,Keyboard,West,3,28000,84000,Online
ORD06363,2025-07-21,CUST1496,Laptop,East,4,3200,12800,Online
ORD06364,2025-12-22,CUST1259,Monitor,South,10,28000,280000,Retail
ORD06365,2025-09-14,CUST2086,Monitor,West,10,28000,280000,Retail
ORD06366,2026-06-22,CUST1906,Headset,West,4,4500,18000,Retail
ORD06367,2025-09-29,CUST0806,Printer,South,1,4500,4500,Retail
ORD06368,2026-12-13,CUST1241,Monitor,East,5,900,4500,Online
ORD06369,2026-05-24,CUST1134,Mouse,South,6,65000,390000,Partner
ORD06370,2025-06-11,CUST2461,Monitor,South,7,3200,22400,Partner
ORD06371,2025-01-17,CUST1698,Mouse,North,5,12500,62500,Retail
ORD06372,2025-06-09,CUST1805,Tablet,West,4,65000,260000,Partner
ORD06373,2025-08-09,CUST1872,Keyboard,West,8,18000,144000,Retail
ORD06374,2026-01-20,CUST2298,Printer,East,9,2200,19800,Online
ORD06375,2025-09-23,CUST1228,Printer,West,3,18000,54000,Retail
ORD06376,2025-03-18,CUST0092,Headset,East,2,2200,4400,Partner
ORD06377,2025-04-06,CUST0087,Printer,South ,2,28000,56000,Partner
ORD06378,2025-04-09,CUST2900,Laptop,South,1,28000,28000,Partner
ORD06379,2025-05-20,CUST1278,Keyboard,North,8,3200,25600,Retail
ORD06380,2025-03-09,CUST2791,Mouse,East,3,65000,195000,Retail
ORD06381,2025-05-22,CUST0018,Laptop,North,1,2200,2200,Partner
ORD06382,2025-03-06,CUST2522,Webcam,North,8,12500,100000,Partner
ORD06383,2026-06-17,CUST0288,Keyboard,North,6,900,5400,Online
ORD06384,2025-06-21,CUST2730,Tablet,South,10,3200,32000,Retail
ORD06385,2026-08-17,CUST2555,Tablet,East,4,4500,18000,Retail
ORD06386,2025-12-13,CUST0965,Keyboard,West,4,900,3600,Retail
ORD06387,2025-09-06,CUST2498,,East,2,4500,9000,Retail
ORD06388,2025-07-17,CUST0379,Laptop,South,6,3200,19200,Retail
ORD06389,2025-06-06,CUST2738,Laptop,South,2,900,1800,Retail
ORD06390,2025-01-08,CUST0474,Tablet,North,2,3200,6400,Partner
ORD06391,2025-12-23,CUST1755,Mouse,West,2,65000,130000,Retail
ORD06392,2026-08-31,CUST2468,Mouse,West,6,2200,13200,Retail
ORD06393,2025-10-17,CUST2272,Keyboard,West,5,12500,62500,Partner
ORD06394,2025-07-01,CUST2091,Tablet,North,1,4500,4500,Retail
ORD06395,2026-07-06,CUST0780,Monitor,West,3,18000,54000,Retail
ORD06396,2026-05-23,CUST1796,Mouse,North,1,28000,28000,Retail
ORD06397,2026-01-22,CUST2681,Headset,North,4,2200,8800,Online
ORD06398,not a date,CUST2306,Printer,North,9,4500,40500,Partner
ORD06399,2026-06-24,CUST0968,Mouse,North,7,12500,87500,Partner
ORD06400,2025-12-17,CUST0804,Headset,North,7,4500,31500,
ORD06401,2025-08-07,CUST2522,Headset,West,8,18000,144000,Partner
ORD06402,2026-10-27,CUST0901,Printer,East,5,28000,140000,Partner
ORD06403,2026-05-12,CUST0362,Mouse,South,4,18000,72000,Partner
ORD06404,2025-04-10,CUST1512,Keyboard,East,2,12500,25000,Partner
ORD06405,2026-09-05,CUST2576,Webcam,East,3,2200,6600,Online
ORD06406,2026-11-06,CUST0033,Printer,West,7,65000,455000,Online
ORD06407,2025-07-13,CUST1866,Printer,North,4,28000,112000,Online
ORD06408,2026-08-19,CUST2197,Headset,West,2,3200,6400,Partner
ORD06409,2026-05-01,CUST1936,Keyboard,West,9,28000,252000,Online
ORD06410,2026-01-02,CUST1968,Laptop,South,6,12500,75000,Retail
ORD06411,2025-08-16,CUST2967,Monitor,North,9,12500,112500,Retail
ORD06412,2026-07-21,CUST0237,Headset,North,1,28000,28000,Partner
ORD06413,2025-02-09,CUST0415,Printer,South,4,900,3600,Online
ORD06414,2025-06-05,CUST0480,Printer,West,1,18000,18000,Partner
ORD06415,2026-08-09,CUST2740,Headset,South,3,12500,37500,Partner
ORD06416,2025-03-05,CUST1635,Mouse,East,2,18000,36000,Retail
ORD06417,2026-10-31,CUST1180,Webcam,North,5,3200,,Partner
ORD06418,2025-10-08,CUST0977,Keyboard,West,10,4500,45000,Partner
ORD06419,2026-08-28,CUST0372,Tablet,North,6,2200,13200,Partner
ORD06420,2025-03-13,CUST2815,Mouse,South,2,2200,4400,Retail
ORD06421,2025-10-21,CUST0042,Keyboard,South,1,12500,12500,Retail
ORD06422,2025-10-11,CUST1725,Mouse,North,8,4500,36000,Retail
ORD06423,2026-05-12,CUST1629,Printer,North,6,900,5400,Online
ORD06424,2025-09-16,CUST0471,Webcam,South,2,28000,56000,Retail
ORD06425,2025-02-24,CUST0078,Laptop,West,6,18000,108000,Partner
ORD06426,2025-07-17,CUST2910,Headset,North,6,65000,390000,Partner
ORD06427,2025-06-27,CUST2843,Headset,West,4,12500,50000,Retail
ORD06428,2026-09-12,CUST1758,Laptop,East,3,12500,37500,Partner
ORD06429,2026-11-19,CUST1241,Monitor,East,6,65000,390000,
ORD06430,2025-06-25,CUST0119,Printer,South,5,4500,22500,Online
ORD06431,2026-06-03,CUST2513,Tablet,North,7,4500,31500,Retail
ORD06432,2026-10-07,CUST1635,Printer,North,5,12500,62500,Partner
ORD06433,2026-11-07,CUST2148,Headset,East,5,4500,,Retail
ORD06434,2026-11-11,CUST0107,Keyboard,East,3,4500,13500,Partner
ORD06435,2025-01-19,CUST0344,Printer,East,8,0,144000,Partner
ORD06436,2025-02-19,CUST2351,Tablet,South,7,3200,22400,Retail
ORD06437,2025-02-07,CUST1578,Monitor,East,5,900,4500,Online
ORD06438,2025-04-02,CUST1336,Tablet,South,7,12500,87500,Online
ORD06439,2025-07-10,CUST1134,Tablet,North,3,3200,9600,Online
ORD06440,2025-02-11,CUST0029,Laptop,East,5,2200,11000,Retail
ORD06441,2026-09-02,CUST1483,Keyboard,North,4,3200,12800,Retail
ORD06442,2025-12-07,CUST2946,Webcam,North,3,28000,84000,Retail
ORD06443,2026-01-15,CUST2839,Monitor,South,2,3200,6400,Online
ORD06444,2026-03-05,CUST1689,Tablet,South,6,65000,390000,Partner
ORD06445,2025-01-12,CUST2935,Mouse,West,6,28000,168000,Partner
ORD06446,2026-06-14,,Printer,South,7,12500,87500,Retail
ORD06447,2026-04-01,CUST1144,Webcam,South,8,900,7200,Retail
ORD06448,2025-06-05,CUST2515,Mouse,West,4,65000,260000,Online
ORD06449,2025-11-10,CUST2446,Printer,East,9,4500,40500,Partner
ORD06450,2025/13/40,CUST1313,Printer,South,9,12500,112500,Retail
ORD06451,2026-05-10,CUST1058,Headset,East,8,18000,144000,Partner
ORD06452,2025-06-08,CUST2750,Keyboard,East,10,2200,22000,Online
ORD06453,2026-01-21,CUST2046,Keyboard,East,3,12500,37500,Retail
ORD06454,2025-05-12,CUST2106,Tablet,East,2,28000,56000,Online
ORD06455,2025-02-24,CUST0473,Monitor,North,10,900,9000,Online
ORD06456,2025-11-08,CUST0952,Laptop,East,5,4500,22500,Partner
ORD06457,2025-07-01,CUST2457,Headset,South,5,28000,140000,Partner
ORD06458,2026-01-04,CUST2382,Printer,West,8,900,7200,Partner
ORD06459,2025-04-10,CUST2004,Laptop,West,9,65000,585000,Online
ORD06460,2026-12-04,CUST2673,Printer,South,2,65000,130000,Online
ORD06461,2025-11-24,CUST0324,Printer,West,6,3200,19200,Partner
ORD06462,2025-12-06,CUST1600,Keyboard,East,7,28000,196000,Online
ORD06463,2026-05-08,CUST1459,Printer,East,4,18000,72000,Partner
ORD06464,2025-12-22,CUST2619,Headset,North,1,18000,18000,Retail
ORD06465,2025-08-28,CUST1829,Monitor,North,3,18000,54000,Retail
ORD06466,2025-04-01,CUST0354,Tablet,West,2,4500,9000,Partner
ORD06467,2025-11-23,CUST1014,Mouse,West,10,3200,32000,Partner
ORD06468,2026-04-05,CUST0008,Tablet,West,5,12500,62500,Online
ORD06469,2025-08-25,CUST1685,Laptop,East,4,4500,18000,Online
ORD06470,2025-11-23,CUST1523,Mouse,South,5,28000,140000,Retail
ORD06471,2026-12-02,CUST2072,Headset,SOUTH,9,12500,112500,Partner
ORD06472,2026-08-05,CUST0013,Mouse,South,5,3200,16000,Partner
ORD06473,2025-12-22,CUST1514,Tablet,West,9,18000,162000,partner
ORD06474,2026-10-11,CUST0128,Laptop,West,8,2200,17600,Online
ORD06475,2026-02-04,CUST0870,Monitor,,3,3200,9600,Retail
ORD06476,2026-07-27,CUST0405,Printer,North,4,900,3600,Partner
ORD06477,2026-02-02,CUST0152,Laptop,North,4,2200,8800,Retail
ORD06478,2025-10-17,CUST0487,Headset,West,9,12500,112500,Online
ORD06479,2026-09-22,CUST0251,Tablet,South,10,12500,125000,Partner
ORD06480,2025-10-18,CUST2946,Headset,North,1,4500,4500,Online
ORD06481,2026-01-30,CUST1375,Tablet,North,9,18000,162000,Partner
ORD06482,2026-03-26,CUST0714,Monitor,East,5,3200,16000,Retail
ORD06483,2026-03-29,CUST0422,Webcam,East,5,12500,62500,Retail
ORD06484,2025-12-31,CUST1811,Monitor,North,8,4500,36000,Partner
ORD06485,2025-06-05,CUST1352,Printer,South,9,4500,40500,Retail
ORD06486,2026-08-05,CUST2525,Webcam,South,8,65000,520000,Partner
ORD06487,2025-10-11,CUST0472,Tablet,East,2,18000,36000,Online
ORD06488,2026-03-10,CUST0823,Tablet,South,1,12500,12500,Online
ORD06489,2026-03-11,CUST0239,Webcam,West,1,3200,3200,Partner
ORD06490,2025-06-27,CUST0711,Mouse,West,5,4500,22500,Partner
ORD06491,2026-03-05,CUST2464,Monitor,North,9,18000,,Online
ORD06492,2026-04-28,CUST1357,Headset,North,3,28000,84000,Retail
ORD06493,2025-04-17,CUST0048,Headset,South,1,2200,2200,Online
ORD06494,2026-12-28,CUST0391,Headset,South,2,12500,25000,Online
ORD06495,2026-08-20,CUST1564,Monitor,East,5,18000,90000,Online
ORD06496,2025-09-01,CUST2861,Webcam,West,10,12500,125000,Retail
ORD06497,2025-09-21,CUST1963,Mouse,South,7,28000,196000,Partner
ORD06498,2026-02-22,CUST1168,Tablet,West,4,18000,72000,Retail
ORD06499,2025-12-17,CUST2169,Printer,North,2,65000,130000,Online
ORD06500,2026-11-07,CUST0716,Headset,South,10,3200,32000,Online
ORD06501,2026-07-19,CUST2300,Laptop,North,2,28000,56000,Retail
ORD06502,2026-10-26,CUST1285,Headset,East,2,28000,56000,Online
ORD06503,2026-06-17,CUST2787,Webcam,South,9,65000,585000,Retail
ORD06504,2025-10-11,CUST1902,Laptop,West,7,900,6300,Online
ORD06505,2026-07-31,CUST2262,Printer,East,10,18000,180000,Retail
ORD06506,2025-07-11,CUST2666,Tablet,East,3,18000,54000,Online
ORD06507,2025-09-10,CUST2939,monitor,West,7,3200,22400,Partner
ORD06508,2026-04-26,CUST2805,Webcam,East,8,12500,100000,Retail
ORD06509,2026-07-13,CUST1490,Headset,East,3,3200,9600,Retail
ORD06510,2025-12-19,CUST0598,Mouse,West,2,12500,25000,Online
ORD06511,2026-02-17,CUST2735,Mouse,East,2,28000,56000,Online
ORD06512,2026-04-15,CUST1662,Monitor,North,8,65000,520000,Retail
ORD06513,2026-08-31,CUST1826,Tablet,East,7,28000,196000,Online
ORD06514,2025-04-16,CUST0721,Keyboard,West,1,900,900,Retail
ORD06515,2026-10-17,CUST2316,Laptop,East,3,900,2700,Partner
ORD06516,2025-10-21,CUST2588,Webcam,South,3,900,2700,Online
ORD06517,2025-04-26,CUST0955,Printer,South,7,4500,31500,Partner
ORD06518,2026-06-14,CUST0001,Headset,South,9,3200,28800,Partner
ORD06519,2025-04-19,CUST0546,Printer,North,7,3200,22400,Retail
ORD06520,2026-12-08,CUST0674,Tablet,East,8,2200,17600,Online
ORD06521,2025-12-16,CUST2387,Webcam,East,4,12500,50000,Retail
ORD06522,2025-10-19,CUST1389,Webcam,South,8,2200,17600,Online
ORD06523,2026-11-27,CUST2822,Mouse,West,10,900,9000,Retail
ORD06524,2026-07-13,CUST1187,Keyboard,East,1,,900,Partner
ORD06525,2025-06-23,CUST0076,Printer,West,7,4500,-1000,Retail
ORD06526,2026-11-02,CUST2130,Keyboard,West,5,18000,90000,Retail
ORD06527,2025-04-08,CUST2443,Laptop,South,2,900,1800,Online
ORD06528,2026-06-08,CUST2743,Mouse,East,9,900,8100,Retail
ORD06529,2026-06-11,CUST0496,Laptop,West,6,65000,390000,Online
ORD06530,2025-10-12,CUST0997,Tablet,East,6,2200,13200,Retail
ORD06531,2026-04-04,CUST1779,Webcam,East,7,2200,15400,Retail
ORD06532,2026-11-18,CUST2707,Monitor,North,10,4500,45000,Online
ORD06533,2025-10-29,CUST2525,Mouse,South,6,65000,390000,Partner
ORD06534,2025-04-03,CUST2563,Headset,South,6,2200,13200,Retail
ORD06535,2026-06-12,CUST2124,Mouse,South,8,4500,36000,Partner
ORD06536,2026-11-16,CUST0542,Laptop,West,8,18000,144000,Online
ORD06537,2026-12-18,CUST2648,Headset,East,1,2200,2200,Online
ORD06538,2025-12-20,CUST0037,Mouse,West,8,2200,17600,Retail
ORD06539,2026-08-09,CUST0968,Webcam,North,4,28000,112000,Online
ORD06540,2025-05-11,CUST0734,Webcam,West,10,2200,22000,Partner
ORD06541,2025-10-26,CUST0731,Laptop,East,1,3200,3200,Partner
ORD06542,2026-10-14,CUST1245,Laptop,North,2,4500,9000,Retail
ORD06543,2025-09-16,CUST1640,Tablet,South,2,900,1800,Partner
ORD06544,2026-09-24,CUST2679,Monitor,South,10,18000,180000,Retail
ORD06545,2026-08-27,CUST0138,Laptop,West,9,2200,19800,Partner
ORD06546,2025-08-25,CUST0175,Tablet,East,5,900,4500,Partner
ORD06547,2025-09-01,CUST0836,Keyboard,North,2,18000,36000,Partner
ORD06548,2025-03-07,CUST0588,Laptop,East,4,4500,18000,Online
ORD06549,2026-01-11,CUST1887,,North,7,2200,15400,Partner
ORD06550,2025-06-12,CUST0187,Tablet,East,4,900,3600,Retail
ORD06551,2026-11-20,CUST0832,Monitor,North,7,12500,87500,Online
ORD06552,2026-02-13,CUST0249,Mouse,South,3,4500,13500,Partner
ORD06553,2026-10-20,CUST0765,Webcam,West,8,12500,100000,Retail
ORD06554,2026-03-03,CUST1443,Mouse,North,5,65000,325000,Retail
ORD06555,2026-03-12,CUST2993,Monitor,West,2,3200,6400,Retail
ORD06556,2026-05-25,CUST0392,Monitor,North,9,12500,112500,Partner
ORD06557,2025-04-25,CUST0819,Laptop,East,10,4500,45000,Partner
ORD06558,2026-04-20,CUST2649,Webcam,South,6,28000,168000,Online
ORD06559,2025-02-28,CUST2235,Mouse,North,3,18000,54000,Online
ORD06560,2025-07-05,CUST1682,Tablet,South,,18000,72000,Online
ORD06561,2026-09-10,CUST0798,Tablet,West,8,28000,224000,Online
ORD06562,2025-09-03,CUST0333,Keyboard,West,8,4500,36000,Partner
ORD06563,2025-03-29,CUST2677,Tablet,East,2,28000,56000,Retail
ORD06564,2026-07-18,CUST2891,Monitor,West,5,900,4500,Retail
ORD06565,2025-10-05,CUST0778,Headset,East,8,4500,36000,Partner
ORD06566,2025-12-26,CUST0597,Webcam,South,5,18000,90000,Retail
ORD06567,2025-10-15,CUST1660,Webcam,East,10,4500,45000,Partner
ORD06568,2026-07-10,CUST0608,Webcam,South,3,4500,13500,Online
ORD06569,2025-02-07,CUST1443,Webcam,East,9,28000,252000,Online
ORD06570,2025-10-20,CUST2351,Tablet,South,3,2200,6600,Retail
ORD06571,2025-12-16,CUST0535,Tablet,West,7,3200,22400,Retail
ORD06572,2025-03-01,CUST1283,Headset,South,5,12500,62500,Partner
ORD06573,2025-10-08,CUST1979,Laptop,East,9,18000,162000,Partner
ORD06574,2026-11-21,CUST2481,Printer,West,10,2200,22000,Partner
ORD06575,2025-07-06,CUST0549,Keyboard,West,3,900,2700,
ORD06576,2025-08-09,CUST2793,Laptop,South,3,3200,9600,Online
ORD06577,2026-08-26,CUST0571,Tablet,East,5,900,4500,Retail
ORD06578,2025-08-23,CUST0264,Tablet,South,1,18000,18000,Partner
ORD06579,2025-01-19,CUST0306,Webcam,South,4,900,3600,Partner
ORD06580,2025-08-19,CUST1357,Monitor,North,4,3200,12800,Partner
ORD06581,2026-04-08,CUST1935,Monitor,West,10,28000,280000,Online
ORD06582,2025-03-01,CUST2849,Tablet,East,9,65000,585000,Retail
ORD06583,2026-02-26,CUST0628,Webcam,North,3,65000,195000,Online
ORD06584,2025-05-14,CUST1904,Printer,West,9,65000,585000,Retail
ORD06585,2025/13/40,CUST1603,Printer,East,9,2200,19800,Retail
ORD06586,2026-07-28,CUST2169,Keyboard,North,8,18000,144000,Retail
ORD06587,2025-03-11,CUST2144,Laptop,East,3,28000,84000,Partner
ORD06588,2025-08-16,CUST0142,Printer,West,2,18000,36000,Online
ORD06589,2026-10-21,CUST0686,Mouse,South,2,12500,25000,Online
ORD06590,2025-09-14,CUST1522,Webcam,West,3,65000,195000,Partner
ORD06591,2025-11-11,CUST2767,Laptop,North,8,28000,224000,Partner
ORD06592,2025-06-08,CUST0250,Webcam,North,7,900,6300,Partner
ORD06593,2026-04-30,CUST0528,Printer,West,,18000,162000,Partner
ORD06594,2025-01-11,CUST2921,Keyboard,South,10,12500,125000,Partner
ORD06595,2026-11-04,CUST1558,Tablet,West,7,12500,87500,Retail
ORD06596,2026-04-16,CUST2929,Monitor,East,3,2200,6600,Retail
ORD06597,2025-12-03,CUST2208,Mouse,West,2,28000,56000,Retail
ORD06598,2026-10-09,CUST2064,Headset,East,1,2200,2200,Partner
ORD06599,2026-11-06,CUST2306,Mouse,West,6,65000,390000,Partner
ORD06600,2026-07-06,CUST1704,Monitor,West,6,65000,390000,Retail
ORD06601,2026-10-28,CUST0457,Tablet,West,2,3200,6400,Online
ORD06602,2026-04-19,CUST0143,Tablet,East,10,4500,45000,Online
ORD06603,2026-02-23,CUST0345,Monitor,South,4,4500,18000,Partner
ORD06604,2025-04-25,CUST1336,Keyboard,North,4,2200,8800,Online
ORD06605,2026-11-14,CUST0086,Printer,East,7,3200,22400,Partner
ORD06606,2026-11-13,CUST0481,Printer,East,10,28000,280000,Online
ORD06607,2026-01-30,CUST1541,Tablet,South,6,3200,19200,Retail
ORD06608,2025-07-16,CUST0611,Laptop,East,4,2200,8800,Online
ORD06609,2026-01-12,CUST2828,Printer,East,2,4500,9000,Partner
ORD06610,2026-07-27,CUST0500,Tablet,East,4,18000,72000,Partner
ORD06611,2026-03-12,CUST0948,Headset,West,8,12500,100000,Retail
ORD06612,2026-06-10,CUST0972,Printer,North,7,18000,126000,Online
ORD06613,2025-04-23,CUST1886,Tablet,South,3,2200,6600,Retail
ORD06614,2025-03-26,CUST1890,Webcam,South,4,18000,72000,Online
ORD06615,2026-10-18,CUST0796,Laptop,South,9,65000,585000,Retail
ORD06616,2026-04-28,CUST0425,Printer,West,4,28000,112000,Online
ORD06617,2026-03-13,CUST1739,Headset,East,8,18000,144000,Online
ORD06618,2026-04-07,CUST2759,Headset,North,10,12500,125000,Online
ORD06619,2026-12-25,CUST2761,Keyboard,North,10,900,9000,Retail
ORD06620,2026-09-09,CUST2621,Webcam,North,10,900,9000,Retail
ORD06621,2026-05-23,CUST1146,Laptop,West,9,65000,585000,Partner
ORD06622,2026-09-17,CUST2696,Headset,South,3,65000,195000,Retail
ORD06623,2026-08-08,CUST1052,Mouse,West,7,3200,22400,Retail
ORD06624,2026-06-08,CUST0996,Printer,West,6,12500,75000,Online
ORD06625,2026-04-11,CUST0171,Mouse,North,6,3200,19200,Online
ORD06626,2026-10-27,CUST2604,Headset,East,7,3200,22400,Retail
ORD06627,2026-11-11,CUST0728,Tablet,East,5,900,4500,Retail
ORD06628,2025-08-09,CUST0734,Printer,West,7,65000,455000,Retail
ORD06629,2025-03-24,CUST2331,Keyboard,West,6,2200,13200,Retail
ORD06630,2025-03-18,CUST0850,Tablet,West,10,4500,45000,Partner
ORD06631,2026-02-20,CUST2233,Mouse,South,8,900,7200,Partner
ORD06632,2026-11-01,CUST1676,Webcam,West,4,4500,18000,Online
ORD06633,2025-09-17,CUST2544,Headset,North,3,65000,195000,Retail
ORD06634,2025-12-05,CUST2856,Mouse,East,7,900,6300,Partner
ORD06635,2026-07-25,,Printer,South,3,18000,54000,Online
ORD06636,2025-09-04,CUST1933,Printer,West,3,4500,13500,Partner
ORD06637,2025-04-01,CUST2798,Mouse,South,4,28000,112000,Partner
ORD06638,2026-03-20,CUST1080,Webcam,North,7,3200,22400,Retail
ORD06639,2026-12-26,CUST1032,Headset,North,3,12500,37500,Retail
ORD06640,2026-12-21,CUST0652,Mouse,West,5,900,4500,Retail
ORD06641,2025-12-16,CUST0850,Keyboard,West,3,12500,37500,Partner
ORD06642,2026-06-09,CUST2759,Headset,South,4,900,3600,Online
ORD06643,2026-05-04,CUST2153,Headset,West,7,18000,126000,Retail
ORD06644,2025-12-19,CUST1744,Tablet,East,3,2200,6600,Partner
ORD06645,2025-03-10,CUST2155,Webcam,West,4,900,3600,Partner
ORD06646,2025-12-23,CUST2125,Mouse,,1,4500,4500,Online
ORD06647,2025-10-21,CUST1097,Laptop,North,4,18000,72000,Partner
ORD06648,2025-03-01,CUST1865,Mouse,West,8,3200,25600,Retail
ORD06649,2025-03-06,CUST0190,Webcam,East,6,65000,390000,Partner
ORD06650,2025-12-24,CUST2560,Printer,West,6,65000,390000,Partner
ORD06651,2026-04-10,CUST0705,Laptop,West,4,3200,12800,Retail
ORD06652,2025-04-01,CUST2101,Webcam,South,7,3200,22400,Retail
ORD06653,2026-04-29,CUST0246,Printer,West,3,3200,9600,Partner
ORD06654,2026-05-03,CUST0007,Printer,West,3,65000,195000,Online
ORD06655,2026-03-01,CUST0553,Monitor,East,10,12500,125000,Online
ORD06656,2025-03-04,CUST2186,Mouse,West,8,12500,100000,Online
ORD06657,2025-10-10,,Webcam,West,7,12500,87500,Retail
ORD06658,2025-05-26,CUST2497,Laptop,West,10,65000,650000,Retail
ORD06659,2025-06-27,CUST0015,Monitor,East,5,4500,22500,Retail
ORD06660,2025-08-10,CUST2526,Tablet,West,8,3200,25600,Online
ORD06661,2026-06-29,CUST1281,Webcam,South,1,28000,28000,Partner
ORD06662,2026-02-20,CUST2122,Keyboard,North,9,65000,585000,Retail
ORD06663,2026-12-01,CUST2348,Headset,North,10,28000,280000,Retail
ORD06664,2026-05-16,CUST1503,Monitor,North,6,4500,27000,Partner
ORD06665,2026-11-19,CUST0159,Webcam,North,10,900,9000,Retail
ORD06666,2026-07-27,CUST2379,Mouse,North,4,900,3600,Online
ORD06667,2026-03-27,CUST2150,Headset,South,10,18000,180000,Retail
ORD06668,2025-11-19,CUST1608,Printer,East,9,18000,162000,Retail
ORD06669,2025-03-01,CUST1644,Laptop,East,4,65000,260000,Partner
ORD06670,2025-05-26,CUST2377,Monitor,West,1,12500,12500,Retail
ORD06671,2025-12-18,CUST0419,Keyboard,North,4,18000,72000,Retail
ORD06672,2025-06-26,CUST0727,Tablet,West,9,4500,40500,Partner
ORD06673,2026-03-02,CUST1366,Laptop,East,6,12500,75000,Online
ORD06674,2026-07-27,CUST2636,Webcam,South,7,65000,455000,Retail
ORD06675,2025-03-23,CUST2472,Monitor,West,2,18000,36000,Retail
ORD06676,2025-07-03,CUST0938,Keyboard,South,3,12500,37500,Online
ORD06677,2026-06-19,,Keyboard,West,10,2200,22000,Partner
ORD06678,2026-06-20,CUST2579,Tablet,South,3,18000,54000,Retail
ORD06679,2025-10-03,CUST1384,Webcam,East,2,65000,130000,Retail
ORD06680,2025-08-29,CUST0250,Mouse,,1,12500,12500,Partner
ORD06681,2025-11-20,CUST1978,Keyboard,North,8,3200,25600,Partner
ORD06682,2026-05-08,CUST0735,Monitor,West,8,65000,520000,Partner
ORD06683,2025-03-25,CUST0980,Mouse,West,10,28000,280000,Partner
ORD06684,2026-12-23,CUST0730,Webcam,East,5,3200,16000,Online
ORD06685,2025-09-15,CUST0683,Monitor,East,7,900,6300,Partner
ORD06686,2025-11-05,CUST1432,Tablet,West,8,900,7200,Partner
ORD06687,2026-06-30,CUST0322,Printer,West,6,65000,390000,Partner
ORD06688,2026-12-27,CUST2409,Printer,South,10,4500,45000,Partner
ORD06689,2025-04-05,CUST0327,Headset,South,4,28000,112000,Retail
ORD06690,2026-11-19,CUST1163,Keyboard,North,9,3200,28800,Online
ORD06691,2026-06-09,CUST1416,Tablet,North,10,65000,650000,Partner
ORD06692,2025-11-21,CUST1249,Monitor,West,2,2200,4400,Online
ORD06693,2026-06-24,CUST2742,Mouse,East,1,4500,4500,Online
ORD06694,2025-07-13,CUST0977,Printer,North,8,12500,100000,Partner
ORD06695,2025-05-04,CUST0421,Webcam,North,5,12500,62500,Online
ORD06696,2026-11-13,CUST0663,Headset,,10,18000,180000,Online
ORD06697,2026-08-08,CUST0826,Printer,South,5,12500,62500,Partner
ORD06698,2026-11-20,CUST1547,Monitor,West,5,4500,22500,Partner
ORD06699,2026-06-01,CUST1841,Headset,West,6,18000,108000,Retail
ORD06700,2026-07-30,CUST1385,Tablet,East,6,900,5400,Online
ORD06701,2025-05-07,CUST0768,Tablet,North,2,12500,25000,Partner
ORD06702,2025-12-26,CUST2339,Mouse,West,8,28000,224000,Retail
ORD06703,2025-08-24,CUST0542,Printer,West,4,2200,8800,Retail
ORD06704,2026-06-10,CUST0637,Webcam,North,6,900,5400,Partner
ORD06705,2026-12-01,CUST1734,Mouse,North,10,12500,125000,Online
ORD06706,2025-07-01,CUST1961,Laptop,,9,2200,19800,Online
ORD06707,2026-04-22,CUST0932,Printer,North,2,3200,6400,Online
ORD06708,2025-01-22,CUST1042,Webcam,South,5,28000,140000,Partner
ORD06709,2025-04-02,CUST1443,Monitor,North,9,2200,19800,Partner
ORD06710,2026-08-07,CUST1125,Webcam,North,7,28000,196000,Online
ORD06711,2026-05-20,CUST1636,Laptop,South,9,28000,252000,Retail
ORD06712,2026-09-05,CUST1371,Keyboard,East,1,2200,2200,Partner
ORD06713,2026-06-24,CUST0373,Mouse,North,6,4500,27000,Online
ORD06714,2025-01-22,CUST0812,Laptop,East,4,2200,8800,Partner
ORD06715,2026-05-14,CUST2515,Laptop,East,1,2200,2200,Retail
ORD06716,2026-06-25,CUST0820,Headset,South,10,2200,22000,Partner
ORD06717,2026-07-19,CUST2076,Webcam,North,6,900,5400,Partner
ORD06718,2025-05-03,CUST1704,Webcam,West,10,3200,32000,Partner
ORD06719,2025-04-09,CUST0139,Monitor,South,7,12500,87500,Online
ORD06720,2025-02-17,CUST0932,Webcam,East,6,3200,19200,Partner
ORD06721,2025-09-04,CUST2665,Tablet,East,2,4500,9000,Online
ORD06722,2026-02-19,CUST0652,Monitor,South,9,2200,19800,Online
ORD06723,2026-04-21,CUST1245,Printer,North,10,2200,22000,Retail
ORD06724,2026-01-21,CUST0211,Keyboard,South,3,28000,84000,Retail
ORD06725,2026-02-06,CUST0999,Printer,South,3,2200,6600,Online
ORD06726,2026-07-13,CUST1654,Monitor,North,2,65000,130000,Partner
ORD06727,2025-03-24,CUST0045,Mouse,East,10,4500,45000,Retail
ORD06728,2026-01-28,CUST0908,Laptop,West,9,18000,162000,Partner
ORD06729,2025-05-02,CUST0088,Keyboard,North,5,65000,325000,Partner
ORD06730,2026-05-30,CUST1379,Laptop,North,4,65000,260000,Partner
ORD06731,2025-05-01,CUST1690,Printer,West,6,12500,75000,Retail
ORD06732,2025-05-11,CUST0286,Headset,West,4,18000,72000,Retail
ORD06733,2025-12-15,CUST2106,Monitor,North,8,900,7200,Retail
ORD06734,2026-04-15,CUST0254,Headset,South,1,3200,3200,Online
ORD06735,2025-02-12,CUST2101,Webcam,West,10,65000,650000,Partner
ORD06736,2026-03-07,CUST2052,Monitor,West,9,900,8100,Partner
ORD06737,2026-04-19,CUST1300,Mouse,North,9,28000,252000,Partner
ORD06738,2026-11-26,CUST1028,Webcam,North,9,900,8100,Online
ORD06739,2025-06-02,CUST2711,Mouse,North,4,3200,12800,Online
ORD06740,2025-10-16,CUST1937,Monitor,South,10,28000,280000,Retail
ORD06741,2025-05-04,CUST0222,Printer,,10,18000,180000,Retail
ORD06742,2025-10-31,CUST0316,Printer,West,1,12500,12500,Retail
ORD06743,2025-10-27,CUST1670,Monitor,East,10,65000,650000,Online
ORD06744,2026-08-31,CUST2341,Headset,South,4,3200,12800,Partner
ORD06745,2025-03-11,CUST1282,Monitor,North,4,18000,72000,Partner
ORD06746,2025-03-17,CUST1239,Laptop,East,3,2200,6600,Online
ORD06747,2025-08-16,CUST0461,Tablet,South,9,65000,585000,Online
ORD06748,2025-07-06,CUST1472,Mouse,North,5,2200,11000,Online
ORD06749,2026-11-03,CUST2405,Tablet,East,8,12500,,Partner
ORD06750,2026-08-01,CUST1205,Keyboard,East,7,18000,126000,Online
ORD06751,2026-03-20,CUST2723,Laptop,East,4,65000,260000,Online
ORD06752,2025-01-08,CUST1557,Tablet,East,1,12500,12500,Online
ORD06753,2026-11-30,CUST0784,Keyboard,North,6,900,5400,Retail
ORD06754,2026-12-04,CUST0036,Mouse,North,6,18000,108000,Online
ORD06755,2025-09-08,CUST2395,Webcam,South,3,65000,195000,Partner
ORD06756,2025-12-22,CUST2719,Laptop,South,8,4500,36000,Online
ORD06757,2025-05-13,CUST2495,Webcam,West,9,18000,162000,Online
ORD06758,2025-09-22,CUST2470,Webcam,West,4,4500,18000,Online
ORD06759,2025-06-21,CUST0827,Laptop,North,9,4500,40500,Online
ORD06760,2025-04-29,CUST0005,Monitor,East,3,18000,54000,Partner
ORD06761,2025-08-05,CUST2316,Headset,West,1,18000,18000,Retail
ORD06762,2025-06-04,CUST2138,Tablet,North,8,3200,25600,Partner
ORD06763,2025-12-18,CUST0739,Keyboard,West,7,12500,87500,Retail
ORD06764,2025-05-03,CUST2402,Printer,South,1,18000,18000,Retail 
ORD06765,2026-08-04,CUST2243,Headset,West,8,4500,36000,Partner
ORD06766,2025-12-07,CUST0450,Keyboard,North,5,900,4500,Partner
ORD06767,2026-03-15,CUST2157,Mouse,East,8,12500,100000,online
ORD06768,2026-07-26,CUST2240,Keyboard,South,7,4500,31500,Retail 
ORD06769,2026-01-22,CUST0174,Keyboard,South,6,65000,390000,Partner
ORD06770,2025-04-03,CUST0930,Monitor,North,7,3200,22400,Partner
ORD06771,2025-09-21,CUST2545,Printer,South,8,4500,36000,Partner
ORD06772,2026-09-01,CUST2604,Webcam,North,6,900,5400,Retail
ORD06773,2025-04-10,CUST0634,Webcam,North,9,18000,162000,Retail
ORD06774,2025-01-27,CUST2550,Laptop,South,4,900,3600,Partner
ORD06775,2026-01-09,CUST0731,Monitor,West,10,4500,45000,Retail
ORD06776,2026-03-26,CUST1164,Mouse,North,3,4500,13500,Partner
ORD06777,2026-07-30,CUST0389,Keyboard,West,4,2200,8800,Partner
ORD06778,2025-10-21,CUST1374,Headset,East,2,4500,9000,Online
ORD06779,2025-03-21,CUST1564,Keyboard,East,2,65000,130000,Retail
ORD06780,2025-04-02,CUST2578,Tablet,East,1,28000,28000,Partner
ORD06781,2026-01-20,CUST0050,Headset,West,10,4500,45000,Retail
ORD06782,2025-12-20,CUST2027,Laptop,South,6,18000,108000,Online
ORD06783,2026-11-02,CUST1550,Webcam,West,9,3200,28800,Retail
ORD06784,2026-09-18,CUST1890,Tablet,East,10,2200,22000,Online
ORD06785,2025-07-15,CUST0415,Keyboard,North,4,12500,50000,Partner
ORD06786,2026-05-24,CUST0018,Webcam,West,2,3200,6400,online
ORD06787,2026-08-04,CUST1886,Monitor,North,7,12500,87500,Partner
ORD06788,2026-04-21,CUST0641,Webcam,East,4,4500,18000,Partner
ORD06789,2026-04-06,CUST1010,Monitor,West,8,65000,520000,Online
ORD06790,2026-10-11,CUST2259,,North,1,3200,3200,Online
ORD06791,2025-11-03,CUST0297,Laptop,North,8,28000,224000,Retail
ORD06792,2025-09-17,CUST2207,Keyboard,West,5,18000,90000,Retail
ORD06793,2025-09-26,CUST0256,Printer,South,1,12500,12500,Online
ORD06794,2025-03-12,CUST2165,Webcam,South,5,12500,62500,Partner
ORD06795,2025-09-12,CUST2754,Keyboard,North,5,65000,325000,Retail
ORD06796,2026-12-31,CUST2788,Monitor,East,8,18000,144000,Partner
ORD06797,2026-05-08,CUST1997,Mouse,North,10,65000,650000,Online
ORD06798,2026-03-16,CUST0131,Tablet,North,9,18000,162000,Online
ORD06799,2025-10-08,CUST1611,Tablet,West,4,3200,12800,Partner
ORD06800,2025-08-09,CUST1659,Webcam,East,2,12500,25000,Retail
ORD06801,2025-09-06,CUST0390,Headset,South,2,2200,4400,Online
ORD06802,2025-09-03,CUST0092,Tablet,South,10,4500,45000,Partner
ORD06803,2026-05-24,CUST0953,Tablet,South,9,28000,252000,Partner
ORD06804,2026-08-15,CUST1506,Printer,West,2,4500,9000,Partner
ORD06805,2025-06-01,CUST2149,Headset,East,7,900,6300,Online
ORD06806,2025-05-11,CUST1962,Keyboard,,3,28000,84000,Retail
ORD06807,2025-11-01,CUST0586,Mouse,West,4,3200,12800,Partner
ORD06808,2026-12-13,CUST1877,Webcam,East,6,2200,13200,Online
ORD06809,2025-08-22,CUST0135,Mouse,South,3,65000,195000,Retail
ORD06810,2026-09-13,CUST0128,Keyboard,South,10,900,9000,Online
ORD06811,2026-09-18,CUST0481,Keyboard,South,6,18000,108000,Online
ORD06812,2026-04-04,CUST2651,Laptop,North,2,12500,25000,Retail
ORD06813,2026-10-15,CUST2300,Mouse,North,3,4500,13500,Online
ORD06814,2025-08-27,CUST0767,Webcam,East,9,2200,19800,Online
ORD06815,2025-08-13,CUST0487,Headset,East,6,65000,390000,Partner
ORD06816,2026-04-24,CUST2203,Laptop,North,8,12500,100000,Retail
ORD06817,2026-08-22,CUST0699,Mouse,West,3,28000,84000,Partner
ORD06818,2026-11-10,CUST1553,Mouse,South,3,12500,37500,Retail
ORD06819,2026-04-26,CUST0474,Monitor,East,9,2200,19800,Partner
ORD06820,2025-03-20,CUST0138,Mouse,East,5,3200,16000,Retail
ORD06821,2025-11-13,,Laptop,North,6,28000,168000,Online
ORD06822,2026-05-23,CUST0091,Keyboard,East,10,28000,280000,Partner
ORD06823,2025-03-10,CUST1295,Webcam,West,6,4500,27000,Retail
ORD06824,2025-06-19,CUST1238,Keyboard,North,1,18000,18000,Partner
ORD06825,2026-11-04,CUST1657,Laptop,North,9,4500,40500,Retail
ORD06826,2026-12-22,CUST0880,Webcam,East,3,3200,9600,Retail
ORD06827,2026-05-07,CUST2742,Tablet,South,2,65000,130000,Partner
ORD06828,2026-06-14,CUST0638,Printer,East,4,4500,18000,Online
ORD06829,2026-11-08,CUST0471,Mouse,East,5,900,4500,Retail
ORD06830,2025-09-04,CUST1692,Monitor,South,9,2200,19800,Retail
ORD06831,2026-09-12,CUST1259,Keyboard,East,10,4500,45000,Retail
ORD06832,2025-12-31,CUST0512,Laptop,West,3,4500,13500,Online
ORD06833,2025-04-25,CUST1347,Printer,South,5,4500,22500,Online
ORD06834,2025-02-16,CUST2779,Headset,North,7,12500,87500,Online
ORD06835,2025-03-28,CUST1613,Monitor,South,4,2200,8800,Partner
ORD06836,2026-01-29,CUST1451,Headset,East,7,65000,455000,Online
ORD06837,2025-08-25,CUST0016,Printer,South,5,900,4500,Online
ORD06838,2025-06-17,CUST0036,Webcam,South,2,2200,4400,Partner
ORD06839,2026-01-06,CUST2925,Printer,South,5,3200,16000,Retail
ORD06840,2026-08-17,CUST2783,Tablet,South,2,28000,56000,Retail
ORD06841,2026-06-22,CUST0002,Webcam,South,4,2200,8800,Online
ORD06842,2026-09-17,CUST0241,Mouse,East,10,2200,22000,Retail
ORD06843,2026-05-28,CUST1896,Monitor,East,8,3200,25600,Online
ORD06844,2026-07-08,CUST1805,Monitor,East,5,900,4500,Partner
ORD06845,2025-05-04,CUST0653,Monitor,North,5,18000,,Online
ORD06846,2025-12-18,CUST2782,Webcam,East,7,18000,126000,Retail
ORD06847,2025-02-21,CUST1694,Mouse,North,1,4500,4500,Partner
ORD06848,2026-04-27,CUST2864,Laptop,East,4,12500,50000,Retail
ORD06849,2025-11-22,CUST2473,Printer,South,8,2200,17600,Retail
ORD06850,2025-02-09,CUST0570,Headset,North,5,4500,22500,Online
ORD06851,2026-06-12,CUST0636,Printer,West,1,18000,18000,Partner
ORD06852,2026-09-10,CUST2807,Laptop,West,7,18000,126000,Retail
ORD06853,2026-07-28,CUST2952,Laptop,West,8,4500,36000,Partner
ORD06854,2026-01-04,CUST2290,Headset,South,1,2200,2200,Retail
ORD06855,2026-08-19,CUST1182,Webcam, north,9,2200,19800,Partner
ORD06856,2026-07-25,CUST0574,Webcam,North,5,65000,325000,Retail
ORD06857,2025-09-14,CUST1222,Keyboard,West,2,12500,25000,Retail
ORD06858,2025-07-22,CUST0204,Tablet,West,1,28000,28000,Online
ORD06859,2025-10-23,CUST1482,Keyboard,West,8,2200,17600,Retail
ORD06860,2025-12-19,CUST1248,Tablet,North,10,2200,22000,Retail
ORD06861,2026-04-05,CUST1634,Tablet,East,9,28000,252000,Partner
ORD06862,2025-07-07,CUST2183,Mouse,South,5,3200,16000,Online
ORD06863,2026-04-02,CUST0528,Printer,South,8,65000,520000,Online
ORD06864,2025-09-16,CUST1478,Laptop,South,8,3200,25600,Online
ORD06865,2026-05-13,CUST2877,Tablet,West,9,65000,585000,Retail
ORD06866,2026-12-20,CUST0163,Headset,West,6,12500,75000,Online
ORD06867,2026-01-04,CUST2747,Printer,North,9,28000,252000,Retail
ORD06868,2025-09-29,CUST2702,Headset,West,1,4500,4500,Online
ORD06869,2026-08-05,CUST1699,Keyboard,South,9,18000,162000,Retail
ORD06870,2026-11-29,CUST2388,Keyboard,North,7,28000,196000,Retail
ORD06871,2025-11-25,CUST2844,Laptop,East,4,12500,50000,Partner
ORD06872,2025-10-01,CUST0460,Webcam,South,8,3200,25600,Retail
ORD06873,2026-05-05,CUST2107,Headset,South,7,28000,196000,Retail
ORD06874,2025-07-23,CUST0349,Mouse,North,9,18000,162000,Online
ORD06875,2025-03-12,CUST1060,Headset,East,4,2200,8800,Partner
ORD06876,2025-05-10,CUST0423,Monitor,West,6,28000,168000,Online
ORD06877,2026-06-13,CUST0602,Mouse,East,5,28000,140000,Online
ORD06878,2025-03-12,CUST1260,Keyboard,West,6,65000,390000,Partner
ORD06879,2026-05-09,CUST0165,Laptop,East,7,28000,196000,Partner
ORD06880,2025-02-03,CUST1788,Mouse,East,5,3200,16000,Online
ORD06881,2026-06-22,CUST2528,Keyboard,West,8,18000,144000,Partner
ORD06882,2025-01-20,CUST2184,,East,4,28000,112000,Online
ORD06883,2026-12-16,CUST0452,Printer,south,2,4500,9000,Online
ORD06884,2025-10-05,CUST1751,Mouse,North,10,18000,180000,Retail
ORD06885,2026-10-31,CUST2527,Webcam,East,6,18000,108000,Partner
ORD06886,2025-03-18,CUST1095,Webcam,West,1,12500,12500,Partner
ORD06887,2026-12-12,CUST1867,Tablet,North,9,3200,28800,Online
ORD06888,2026-12-20,CUST2210,Printer,West,2,2200,4400,Partner
ORD06889,2026-12-27,CUST0297,Mouse,East,2,18000,36000,Online
ORD06890,2025-11-26,CUST0754,Webcam,West,8,28000,224000,Partner
ORD06891,2025-08-23,CUST2097,Laptop,West,8,65000,520000,Partner
ORD06892,2026-10-29,CUST1096,Webcam,East,5,2200,11000,Partner
ORD06893,2025-03-30,CUST1356,Mouse,East,10,65000,650000,Retail
ORD06894,2025-07-04,CUST0518,Mouse,South,7,900,6300,Online
ORD06895,2026-11-26,CUST1252,Monitor,North,2,18000,36000,Partner
ORD06896,2025-09-01,CUST0987,Keyboard,North,5,4500,22500,Online
ORD06897,2026-12-18,CUST2033,Webcam,South,5,65000,,Retail
ORD06898,2026-06-24,CUST1818,Printer,East,8,28000,224000,Online
ORD06899,2025-10-18,CUST2629,Keyboard,South,2,4500,9000,Partner
ORD06900,2026-08-02,CUST0244,Printer,South,2,2200,4400,Partner
ORD06901,2026-06-01,CUST2897,Mouse,East,3,4500,13500,Partner
ORD06902,2025-10-28,CUST2847,Laptop,West,2,3200,6400,Online
ORD06903,2026-04-05,CUST2839,Printer,West,5,18000,90000,Partner
ORD06904,2025-10-22,CUST2342,Monitor,South,9,4500,40500,Retail
ORD06905,2025-02-09,CUST1318,Printer,East,5,900,4500,Retail
ORD06906,2025-02-15,CUST0399,Tablet,East,10,2200,22000,Online
ORD06907,2026-04-06,CUST2504,Mouse,West,5,18000,90000,Retail
ORD06908,2026-07-08,CUST1272,Webcam,South,5,18000,90000,Online
ORD06909,2025-08-28,CUST2603,Laptop,South,6,18000,108000,Partner
ORD06910,2025-04-09,CUST2628,Printer,West,4,2200,8800,Online
ORD06911,2025-06-10,CUST2459,Webcam,West,1,18000,18000,Online
ORD06912,2025-06-18,CUST0716,Monitor,West,10,3200,32000,Retail
ORD06913,2025-10-19,CUST1224,Mouse,South,9,4500,40500,Retail
ORD06914,2025-04-12,CUST1313,Laptop,West,5,0,11000,Retail
ORD06915,2025-09-28,CUST2062,Mouse,North,4,28000,112000,Retail
ORD06916,2026-03-06,CUST0489,Keyboard,West,7,18000,126000,Retail
ORD06917,2026-07-31,CUST2565,Webcam,East,8,4500,36000,Partner
ORD06918,2026-12-05,CUST2610,Webcam,West,6,12500,75000,Retail
ORD06919,2026-12-27,CUST1603,Printer,South,10,18000,180000,Retail
ORD06920,01/31/2025,CUST0275,Webcam,South,9,18000,162000,Retail
ORD06921,2026-07-20,CUST2414,Printer,North,9,28000,252000,Partner
ORD06922,2026-03-28,CUST2638,Webcam,West,7,12500,87500,Online
ORD06923,2025-11-06,CUST1456,Printer,North,2,12500,25000,Retail
ORD06924,2025-04-30,CUST1577,Printer,South,5,900,4500,Partner
ORD06925,2026-02-05,CUST2490,Mouse,West,4,4500,18000,Online
ORD06926,2026-07-05,CUST1066,Headset,South,2,65000,130000,Retail
ORD06927,2025-08-21,CUST0970,Webcam,South,5,28000,140000,Retail
ORD06928,2026-02-18,CUST0354,Mouse,South,3,3200,9600,Retail
ORD06929,2025-06-30,CUST0435,Keyboard,East,2,4500,9000,Retail
ORD06930,2025-04-25,CUST2086,Headset,West,8,18000,144000,Online
ORD06931,2025-01-09,CUST0790,Monitor,South,3,18000,54000,Retail
ORD06932,2025-09-27,CUST2399,Monitor,North,9,65000,585000,Partner
ORD06933,2026-10-18,CUST1793,Keyboard,East,7,2200,15400,Online
ORD06934,2026-11-02,CUST0108,Webcam,West,10,4500,45000,Online
ORD06935,2025-04-29,CUST0121,Printer,West,5,3200,16000,Retail
ORD06936,2025-06-27,CUST1831,Mouse,West,5,65000,325000,Online
ORD06937,2026-04-02,CUST0182,Printer,East,8,900,7200,Online
ORD06938,2026-04-01,CUST2286,Keyboard,East,4,18000,72000,Retail
ORD06939,2025-08-25,CUST2572,Headset,North,2,65000,130000,Partner
ORD06940,2025-01-10,CUST2291,Webcam,West,4,2200,8800,Online
ORD06941,2025-04-12,CUST1950,Mouse,West,5,4500,22500,Partner
ORD06942,2025-08-16,CUST1174,Monitor,West,6,3200,19200,Partner
ORD06943,2026-08-03,CUST2152,Keyboard,North,1,28000,28000,Online
ORD06944,2025-06-05,CUST1223,Tablet,East,2,65000,130000,Partner
ORD06945,2025-01-12,CUST2984,Keyboard,East,5,4500,22500,Online
ORD06946,2025-05-02,CUST1247,Keyboard,North,4,12500,50000,Online
ORD06947,2026-02-21,CUST2242,Tablet,North,7,65000,455000,Partner
ORD06948,2026-11-16,CUST1947,Keyboard,South,8,12500,100000,Online
ORD06949,2026-11-26,CUST2013,Headset,West,10,3200,32000,Retail
ORD06950,2026-07-21,CUST1685,Laptop,West,5,18000,90000,Online
ORD06951,2025-01-25,CUST2635,Headset,South,2,3200,6400,Retail
ORD06952,2025-04-05,CUST1616,Mouse,North,3,2200,6600,Online
ORD06953,2025-03-25,CUST2678,Monitor,West,6,12500,75000,Retail
ORD06954,2026-01-29,CUST0711,Tablet,West,10,28000,280000,Online
ORD06955,2025-03-05,CUST0397,Printer,North,5,2200,11000,Online
ORD06956,2025-02-23,CUST1331,Webcam,East,7,28000,196000,Partner
ORD06957,2026-10-25,CUST1297,Monitor,East,3,18000,54000,Retail
ORD06958,2026-02-08,CUST1557,Mouse,South,9,28000,252000,Retail
ORD06959,2026-04-24,CUST1606,Printer,South,9,3200,28800,Partner
ORD06960,2025-10-06,CUST2371,Monitor,West,2,3200,6400,Partner
ORD06961,2026-09-28,CUST0294,Keyboard,North,4,3200,12800,Online
ORD06962,2025-03-08,CUST2360,Printer,West,5,3200,16000,Partner
ORD06963,2025-02-12,CUST0788,Keyboard,West,6,28000,168000,Retail
ORD06964,2026-04-18,CUST0863,Webcam,East,7,18000,126000,Online
ORD06965,2026-03-18,CUST2224,Mouse,West,2,65000,130000,Online
ORD06966,2026-03-26,CUST2593,Webcam,South,3,2200,6600,Retail
ORD06967,2026-06-05,CUST1514,Laptop,East,4,4500,18000,Partner
ORD06968,2026-03-16,CUST1154,Headset,North,10,12500,125000,Partner
ORD06969,2026-04-14,CUST2530,Keyboard,East,7,4500,31500,Retail
ORD06970,2026-04-11,CUST2833,Headset,South,9,12500,112500,Online
ORD06971,2026-08-10,CUST2282,Laptop,South,2,28000,56000,Retail
ORD06972,2025-08-23,CUST0453,Printer,North,3,4500,13500,Online
ORD06973,2026-01-24,CUST0344,Monitor,East,2,18000,36000,Retail
ORD06974,2026-08-15,CUST2169,Monitor,South,1,3200,3200,Online
ORD06975,2025-03-22,CUST2370,Laptop,East,6,900,5400,Partner
ORD06976,2025-04-03,CUST2121,Webcam,West,8,28000,224000,Retail
ORD06977,2025-04-12,CUST1558,Webcam,North,5,12500,62500,Partner
ORD06978,2026-09-13,CUST1851,Webcam,North,3,12500,37500,Retail
ORD06979,2026-02-02,CUST2668,Laptop,West,4,3200,12800,Partner
ORD06980,2025-11-28,CUST1798,Keyboard,East,6,2200,13200,Retail
ORD06981,2025-04-01,CUST0181,Monitor,North,5,3200,16000,Online
ORD06982,2025-06-28,CUST0285,Printer,North,4,2200,8800,Online
ORD06983,2026-03-13,CUST2741,Printer,North,5,3200,16000,Partner
ORD06984,2026-05-28,CUST2464,Tablet,South,4,4500,18000,Partner
ORD06985,2025-03-18,CUST1248,,North,2,3200,6400,Online
ORD06986,2025-11-19,CUST2708,,South,3,12500,37500,Online
ORD06987,2026-05-27,CUST0472,Tablet,North,9,28000,252000,Online
ORD06988,2026-08-30,CUST1286,Printer,East,8,4500,36000,Partner
ORD06989,2025-11-27,CUST2671,Printer,North,5,900,4500,Online
ORD06990,2026-10-13,CUST1607,Printer,North,2,28000,56000,Partner
ORD06991,2025-05-03,CUST2351,Mouse,West,6,12500,75000,Retail
ORD06992,2025-05-21,CUST0260,Headset,South,10,28000,280000,Partner
ORD06993,2026-02-24,CUST0645,Laptop,North,8,18000,144000,Partner
ORD06994,2026-03-09,CUST0216,Webcam,North,10,4500,45000,Retail
ORD06995,2025-01-26,CUST1751,Printer,East,4,12500,50000,Retail
ORD06996,2026-04-12,CUST0884,Laptop,West,8,3200,25600,Partner
ORD06997,2025-01-19,CUST1286,Headset,North,7,28000,196000,Partner
ORD06998,2025-06-05,CUST0097,Laptop,North,1,3200,3200,Online
ORD06999,2025-01-28,CUST2998,Printer,East,10,65000,650000,Partner
ORD07000,2025-01-21,CUST0275,Webcam,West,2,3200,6400,Retail
ORD07001,2025-05-12,CUST0979,Laptop,North,8,65000,520000,Retail
ORD07002,2026-08-30,CUST0085,Mouse,East,7,900,6300,Retail
ORD07003,2026-01-20,CUST2725,Monitor,East,4,65000,,Partner
ORD07004,2025-06-09,CUST1315,Tablet,South,7,65000,455000,Retail
ORD07005,2025-06-21,CUST0894,Printer,East,7,3200,22400,Partner
ORD07006,2025-03-11,CUST2119,Monitor,South,6,18000,108000,Online
ORD07007,2026-07-12,CUST1856,Laptop,West,2,12500,25000,Retail
ORD07008,2026-04-04,CUST1274,Mouse,West,7,28000,196000,Online
ORD07009,2026-03-02,CUST1105,Webcam,East,6,4500,27000,Retail
ORD07010,2025-05-27,CUST0004,Headset,East,10,18000,180000,Partner
ORD07011,2026-12-10,CUST0634,Webcam,East,5,4500,22500,Retail
ORD07012,2026-02-21,CUST0362,Monitor,North,8,65000,520000,Partner
ORD07013,2025-05-04,CUST2157,Printer,West,7,3200,22400,Online
ORD07014,2026-11-24,CUST1742,Keyboard,East,2,12500,25000,Retail
ORD07015,2025-06-23,CUST0815,Keyboard,South,3,2200,6600,Online
ORD07016,2026-06-08,CUST1613,Keyboard,West,8,12500,100000,Partner
ORD07017,2026-11-04,CUST2379,Headset,West,6,4500,27000,Online
ORD07018,2026-05-27,CUST1685,Headset,North,7,12500,87500,Online
ORD07019,2026-03-11,CUST1031,Webcam,South,8,28000,224000,Online
ORD07020,2026-12-10,CUST0551,Keyboard,South,6,3200,19200,Online
ORD07021,2026-12-13,CUST2157,Laptop,North,8,18000,144000,Partner
ORD07022,2026-03-04,CUST2196,Headset,South,4,2200,8800,Retail
ORD07023,2026-08-22,CUST2538,Tablet,North,3,2200,6600,Online
ORD07024,2025-04-22,CUST0058,Webcam,North,1,65000,65000,Partner
ORD07025,2026-02-18,CUST1930,Keyboard,North,2,28000,56000,Online
ORD07026,2026-09-20,CUST2249,Headset,North,9,65000,585000,Retail
ORD07027,2026-08-09,CUST2186,Webcam,North,4,900,3600,Partner
ORD07028,2026-04-22,CUST2416,Printer,West,2,12500,25000,Online
ORD07029,2025-02-26,CUST1779,Headset,South,1,12500,12500,Partner
ORD07030,2025-06-16,CUST1276,Headset,West,8,12500,100000,Partner
ORD07031,2025-05-31,CUST0964,Printer,West,9,2200,19800,Online
ORD07032,2026-07-18,CUST2376,Headset,South,3,4500,13500,Retail
ORD07033,2026-12-04,CUST2434,Laptop,North,1,12500,12500,Partner
ORD07034,2025-01-15,CUST1599,Laptop,North,9,65000,585000,Partner
ORD07035,2026-02-26,CUST0338,Tablet,West,7,18000,126000,Retail
ORD07036,2026-02-07,CUST1215,Headset,East,8,2200,17600,Partner
ORD07037,2025-12-04,CUST1347,Tablet,East,5,3200,16000,Partner
ORD07038,2026-03-06,CUST0397,Printer,North,7,900,6300,Partner
ORD07039,2025-05-08,CUST1912,Mouse,North,4,4500,18000,Online
ORD07040,2026-11-09,CUST1984,Headset,East,9,65000,585000,Partner
ORD07041,2025-12-30,CUST0947,Laptop,South,8,65000,520000,Online
ORD07042,2025-12-07,CUST2925,Keyboard,North,10,900,9000,Online
ORD07043,2026-10-14,CUST0095,Printer,West,4,65000,260000,Online
ORD07044,2025-11-25,CUST0323,Keyboard,East,7,12500,87500,Retail
ORD07045,2026-04-30,CUST1199,Laptop,West,7,2200,15400,Online
ORD07046,2026-01-21,CUST1277,Webcam,West,2,4500,9000,Partner
ORD07047,2026-10-25,CUST1946,Laptop,North,3,65000,195000,Partner
ORD07048,2025-06-02,CUST2888,Headset,South,5,3200,16000,Retail
ORD07049,2026-10-26,CUST2601,Mouse,East,4,18000,72000,Partner
ORD07050,2025-01-15,CUST0887,Mouse,South,9,900,8100,Retail
ORD07051,2025-06-04,CUST1070,Tablet,South,4,2200,8800,Partner
ORD07052,2025-05-15,CUST1473,Mouse,South,6,4500,27000,Retail
ORD07053,2025-09-06,CUST1007,Laptop,South,1,28000,28000,Partner
ORD07054,2026-09-10,CUST2343,Keyboard,East,1,18000,18000,Online
ORD07055,2026-04-19,CUST1928,Headset,South,7,900,6300,Retail
ORD07056,2025-04-25,CUST2227,Headset,South,10,12500,125000,Partner
ORD07057,2026-03-17,CUST1770,Monitor,South,4,28000,112000,Retail
ORD07058,2026-01-15,,Laptop,East,5,3200,16000,Retail
ORD07059,2026-03-25,CUST1862,Tablet,South,3,2200,6600,Partner
ORD07060,2025-06-24,CUST2388,Tablet,West,3,65000,195000,Online
ORD07061,2025-03-12,CUST2556,Keyboard,West,3,65000,195000,Retail
ORD07062,2026-10-19,CUST2299,Webcam,East,3,900,2700,Partner
ORD07063,2025-03-19,CUST0627,Mouse,South,8,4500,36000,Retail
ORD07064,2025-03-25,CUST0659,Webcam,South,3,28000,84000,Online
ORD07065,2026-08-10,CUST1342,Mouse,West,5,4500,22500,Partner
ORD07066,2026-07-27,CUST2281,Monitor,East,9,65000,585000,Online
ORD07067,2026-04-18,CUST1924,Mouse,South,6,2200,13200,Partner
ORD07068,2025-11-16,CUST1946,Tablet,East,9,12500,112500,Online
ORD07069,2025-11-19,CUST0667,Printer,West,5,4500,22500,Retail
ORD07070,2026-09-20,CUST0244,Tablet,North,7,28000,196000,Retail
ORD07071,2026-12-18,CUST2470,Webcam,South,4,12500,50000,Retail
ORD07072,2025-11-12,CUST1632,Tablet,South,5,12500,62500,Online
ORD07073,2025-09-27,CUST0509,Tablet,East,3,2200,6600,Online
ORD07074,2025-04-15,CUST0223,Mouse,North,7,12500,87500,Partner
ORD07075,2025-06-29,CUST0290,Mouse,East,8,65000,520000,Partner
ORD07076,2025-10-04,CUST0199,Laptop,North,4,28000,112000,Partner
ORD07077,2025-09-01,CUST0665,Headset,South,4,3200,12800,Retail
ORD07078,2025-08-29,CUST0987,Keyboard,East,8,12500,100000,Partner
ORD07079,2025-08-19,CUST0006,Monitor,North,2,12500,25000,Online
ORD07080,2025-01-30,CUST0571,Mouse,South,1,65000,65000,Retail
ORD07081,31-02-2025,CUST0206,Monitor,East,3,900,2700,Online
ORD07082,2026-07-02,CUST2392,Headset,West,6,12500,75000,Online
ORD07083,2026-09-13,CUST0834,Headset,South,7,3200,22400,Online
ORD07084,2025-01-15,CUST0750,Laptop,South,2,65000,130000,Partner
ORD07085,2026-10-08,CUST1201,Monitor,South,6,4500,27000,Online
ORD07086,2025-06-12,CUST0183,Laptop,East,4,18000,72000,Retail
ORD07087,2025-10-02,CUST0392,Webcam,North,6,28000,168000,Partner
ORD07088,2025-02-28,CUST0248,Webcam,South,6,12500,75000,Retail
ORD07089,2026-02-05,CUST0358,Laptop,East,6,4500,27000,Online
ORD07090,2026-03-25,CUST2084,Tablet,North,4,28000,112000,Partner
ORD07091,2026-09-02,CUST1845,Laptop,North,7,18000,126000,Online
ORD07092,2025-02-19,CUST2373,Printer,North,4,12500,50000,Online
ORD07093,2025-12-25,CUST0667,Webcam,South,2,3200,6400,Online
ORD07094,2026-04-30,CUST0267,Tablet,North,8,28000,224000,Online
ORD07095,2025-02-20,CUST0817,Laptop,North,3,18000,54000,Retail
ORD07096,2025-03-26,CUST2313,Mouse,East,5,900,4500,Partner
ORD07097,2025-09-23,CUST0818,Printer,East,8,18000,144000,Online
ORD07098,2026-01-30,CUST1983,Webcam,North,1,18000,18000,Online
ORD07099,2025-04-04,CUST0103,Monitor,South,6,3200,19200,Partner
ORD07100,2026-02-14,CUST0184,Headset,South,4,65000,260000,Retail
ORD07101,2025-12-30,CUST1121,Keyboard,South,6,18000,108000,Retail
ORD07102,2025-08-12,CUST2569,Printer,West,9,2200,19800,Partner
ORD07103,2025-06-29,CUST1655,Mouse,West,3,18000,54000,Retail
ORD07104,2025-05-30,CUST2880,Tablet,West,9,65000,585000,Online
ORD07105,2025-06-20,CUST2837,Monitor,North,4,28000,112000,Online
ORD07106,2025-08-22,CUST0037,Headset,West,5,12500,62500,Partner
ORD07107,2025-03-14,CUST0079,Headset,West,3,2200,6600,Partner
ORD07108,2026-01-17,CUST0064,Laptop,North,7,2200,15400,Retail
ORD07109,2025-07-16,CUST0834,Laptop,North,3,12500,37500,Online
ORD07110,2025-08-18,CUST0612,Monitor,East,1,12500,12500,Online
ORD07111,2026-06-02,CUST2729,Mouse,East,9,12500,112500,Partner
ORD07112,2025-12-06,CUST0486,Tablet,West,4,12500,50000,Online
ORD07113,2025-10-04,CUST2966,Tablet,East,8,12500,100000,Partner
ORD07114,2025-10-28,CUST0314,,North,10,28000,280000,Partner
ORD07115,2026-03-22,CUST1593,Tablet,South,1,900,900,Partner
ORD07116,2026-01-23,CUST0813,Monitor,South,5,12500,62500,Online
ORD07117,2025-01-15,CUST2794,Laptop,South,10,65000,650000,Retail
ORD07118,2025-09-13,CUST1733,Tablet,North,7,65000,455000,Retail
ORD07119,2026-07-19,CUST1216,Printer,North,6,2200,13200,Partner
ORD07120,2025-02-18,CUST1014,Headset,East,8,65000,520000,Retail
ORD07121,2025-03-29,CUST2783,Laptop,South,1,2200,2200,Online
ORD07122,2025-01-04,CUST0010,Headset,East,5,N/A,16000,Online
ORD07123,2026-11-03,CUST1022,Laptop,North,4,28000,112000,Partner
ORD07124,2026-09-28,CUST2283,Tablet,North,3,28000,84000,Partner
ORD07125,2026-02-17,CUST2864,Tablet,South,1,18000,18000,Partner
ORD07126,2026-12-06,CUST2901,Printer,West,3,4500,13500,Retail
ORD07127,2026-02-28,CUST0221,Webcam,North,9,18000,162000,Online
ORD07128,2025-04-30,CUST2924,Monitor,North,7,65000,455000,Retail
ORD07129,2025-07-26,CUST1369,Keyboard,West,6,4500,27000,Retail
ORD07130,2026-08-15,CUST2423,Tablet,West,6,3200,19200,Online
ORD07131,2025-07-29,CUST2734,Tablet,North,5,2200,11000,Retail
ORD07132,2025-11-17,CUST0728,Monitor,West,8,3200,25600,Retail
ORD07133,2025-01-02,CUST2930,Keyboard,East,1,2200,2200,Online
ORD07134,2026-12-13,CUST1129,Laptop,West,2,4500,9000,Partner
ORD07135,2025-10-08,CUST0459,Mouse,South,4,3200,12800,Online
ORD07136,2026-10-27,CUST2987,Monitor,North,5,3200,16000,Online
ORD07137,2025-03-30,CUST0103,Laptop,North,3,3200,9600,Retail
ORD07138,2025-10-07,CUST1236,Printer,South,3,28000,84000,Partner
ORD07139,2026-01-10,CUST2294,Keyboard,East,2,18000,36000,Retail
ORD07140,2025-09-02,CUST0739,Laptop,South,3,28000,84000,Online
ORD07141,2026-10-14,CUST1021,Webcam,,7,12500,87500,Online
ORD07142,2026-12-22,CUST0657,Headset,South,8,2200,17600,Retail
ORD07143,2025-06-24,CUST1850,Printer,South,1,28000,28000,Retail
ORD07144,2025-09-23,CUST1907,Tablet,South,2,4500,9000,Retail
ORD07145,2026-09-24,CUST0820,Monitor,North,1,900,900,Partner
ORD07146,2026-06-24,CUST0081,Headset,East,7,3200,22400,Online
ORD07147,2026-06-13,CUST2500,Mouse,South,7,28000,196000,Partner
ORD07148,2026-09-07,CUST1480,Webcam,North,5,28000,140000,Retail
ORD07149,2026-12-14,CUST0152,Laptop,West,1,12500,12500,Retail
ORD07150,2025-09-22,CUST1448,Printer,East,2,4500,9000,Partner
ORD07151,2026-06-02,CUST1809,Monitor,North,10,12500,125000,Partner
ORD07152,2025-06-24,CUST0022,Keyboard,East,7,4500,31500,Partner
ORD07153,2025-05-14,CUST1157,Keyboard,East,3,18000,54000,Partner
ORD07154,2026-12-04,CUST0065,Monitor,North,9,18000,162000,Retail
ORD07155,2026-09-09,CUST2502,Monitor,North,2,12500,25000,Online
ORD07156,2026-01-01,CUST2832,Tablet,East,4,65000,260000,Partner
ORD07157,2026-02-22,CUST0683,Laptop,South,10,900,9000,Partner
ORD07158,2026-11-16,CUST0517,Monitor,East,4,900,3600,Retail
ORD07159,2026-01-23,CUST1269,Keyboard,North,6,18000,108000,Retail
ORD07160,2026-11-03,CUST1995,Printer,South,10,900,9000,Online
ORD07161,2026-01-15,CUST2869,Printer,South,9,4500,40500,Partner
ORD07162,2026-08-20,CUST2077,Headset,North,6,65000,390000,Partner
ORD07163,2025-10-27,CUST0982,Monitor,West,1,3200,3200,Partner
ORD07164,2026-01-26,CUST1839,Monitor,West,4,28000,112000,Online
ORD07165,2026-02-24,CUST0078,Keyboard,North,6,28000,168000,Retail
ORD07166,2025-09-04,CUST2480,Keyboard,South,7,18000,126000,Online
ORD07167,2026-01-30,CUST2217,Tablet,West,3,65000,195000,Retail
ORD07168,2025-02-04,CUST0615,Tablet,West,9,3200,28800,Online
ORD07169,2026-09-10,CUST2599,Tablet,North,2,3200,6400,Partner
ORD07170,2025-01-30,CUST2139,Webcam,West,8,900,7200,Retail
ORD07171,2026-05-24,CUST0190,Mouse,East,5,18000,90000,Online
ORD07172,2025-03-10,CUST1569,Tablet,West,9,18000,162000,Partner
ORD07173,2025-03-30,CUST1527,Keyboard,West,4,12500,50000,Partner
ORD07174,2025-09-24,CUST2630,Mouse,West,9,18000,162000,Online
ORD07175,2026-08-27,CUST0480,Printer,South,3,28000,84000,Retail
ORD07176,2025-06-18,CUST1375,Headset,South,,4500,9000,Partner
ORD07177,2025-02-24,CUST2048,Monitor,East,4,18000,72000,Partner
ORD07178,2026-12-12,CUST0044,Tablet,South,5,2200,11000,Retail
ORD07179,2025-03-15,CUST1925,Keyboard,West,4,2200,8800,Retail
ORD07180,2026-06-22,CUST1052,Tablet,West,5,28000,140000,Partner
ORD07181,2025-08-05,CUST2871,Headset,North,6,18000,108000,Retail
ORD07182,2025-09-04,CUST2123,Laptop,South,6,4500,27000,Online
ORD07183,2026-08-16,CUST1967,Webcam,North,8,3200,25600,Partner
ORD07184,2026-08-23,CUST0440,Laptop,North,2,65000,,Retail
ORD07185,2026-11-01,CUST2869,Keyboard,North,8,28000,224000,Online
ORD07186,2025-06-24,CUST2984,Mouse,West,7,28000,196000,Retail
ORD07187,2026-04-23,CUST0333,Keyboard,West,7,18000,126000,Partner
ORD07188,2025-04-04,CUST2233,Tablet,South,3,65000,195000,Online
ORD07189,2025-11-29,CUST1306,Keyboard,East,6,28000,168000,Online
ORD07190,2025-01-03,CUST0943,Laptop,North,6,18000,108000,Retail
ORD07191,2025-07-10,CUST2508,Laptop,North,2,900,1800,Online
ORD07192,2025-08-23,CUST1115,Monitor,East,3,65000,195000,Partner
ORD07193,2025-09-04,CUST0887,Mouse,West,7,2200,15400,Online
ORD07194,2026-04-07,CUST2624,Laptop,East,4,2200,8800,Online
ORD07195,2026-11-28,CUST1521,Printer,South,6,12500,75000,Online
ORD07196,2026-10-14,CUST1457,Webcam,South,1,3200,3200,Online
ORD07197,2026-11-24,CUST0336,Webcam,South,4,28000,112000,Online
ORD07198,2026-10-31,CUST2422,Mouse,North,9,3200,28800,Online
ORD07199,2026-12-20,CUST0755,Monitor,East,7,N/A,87500,Online
ORD07200,2025-05-07,CUST1070,Printer,West,1,900,900,Online
ORD07201,2026-01-17,CUST0311,,East,10,3200,32000,Online
ORD07202,2025-10-20,CUST2231,Mouse,North,3,900,2700,Partner
ORD07203,2026-04-03,CUST1737,Printer,West,6,4500,27000,Partner
ORD07204,2025-09-27,CUST1106,Headset,East,1,12500,12500,Partner
ORD07205,2026-12-03,CUST2252,Laptop,West,10,2200,22000,Partner
ORD07206,2025-08-21,CUST2231,Keyboard,North,5,12500,62500,Online
ORD07207,2025-11-20,CUST2180,Laptop,East,6,18000,108000,Online
ORD07208,2025-08-21,CUST0319,Webcam,South,4,2200,8800,Online
ORD07209,2025-07-30,CUST2607,Laptop,North,2,28000,56000,Partner
ORD07210,2026-02-18,CUST0762,Headset,West,9,18000,162000,Retail
ORD07211,2026-11-03,CUST0774,Mouse,South,1,65000,65000,Partner
ORD07212,2025-09-11,CUST0869,Keyboard,North,1,18000,18000,Partner
ORD07213,2026-04-03,CUST2424,Mouse,West,3,2200,6600,Online
ORD07214,2025-07-05,CUST0142,Printer,East,2,2200,4400,Partner
ORD07215,2026-11-14,CUST0031,Printer,South,7,4500,31500,Partner
ORD07216,2026-06-18,CUST1174,Laptop,East,7,18000,126000,Partner
ORD07217,2025-08-24,CUST2302,Webcam,East,1,900,900,Online
ORD07218,2026-06-22,CUST2677,Mouse,West,3,2200,6600,Partner
ORD07219,2026-05-08,CUST0295,Monitor,East,3,4500,13500,Online
ORD07220,2025-06-04,CUST0752,Printer,West,4,4500,18000,Online
ORD07221,2026-10-27,CUST2644,Keyboard,South,6,2200,13200,Retail
ORD07222,2026-06-04,CUST0016,Monitor,South,8,4500,36000,Online
ORD07223,2026-03-02,CUST1388,Mouse,South,9,12500,112500,Online
ORD07224,2026-10-06,CUST1534,Tablet,South,9,3200,28800,Retail
ORD07225,2026-05-04,CUST0813,Mouse,North,6,900,5400,Retail
ORD07226,2026-02-17,CUST2552,Webcam,West,2,28000,56000,Online
ORD07227,2026-09-30,CUST0560,Headset,East,3,28000,84000,Retail
ORD07228,2026-05-24,CUST0384,Headset,North,7,12500,87500,Partner
ORD07229,2026-06-14,CUST2903,Keyboard,North,10,28000,280000,Partner
ORD07230,2026-02-10,CUST1520,Webcam,East,9,12500,112500,Retail
ORD07231,2025-01-02,CUST1149,Laptop,North,9,3200,28800,Retail
ORD07232,2025-10-08,CUST2655,Laptop,West,5,65000,325000,Online
ORD07233,2026-08-05,CUST2514,Tablet,West,2,65000,130000,Online
ORD07234,2026-09-10,CUST0746,Monitor,South,5,2200,11000,Online
ORD07235,2026-11-16,CUST2338,Monitor,East,8,3200,25600,Retail
ORD07236,2026-05-12,CUST1463,Monitor,East,9,4500,40500,Retail
ORD07237,2025-11-23,CUST2308,Mouse,South,9,3200,28800,Partner
ORD07238,2027-01-01,CUST2549,Webcam,North,2,2200,4400,Retail
ORD07239,2026-11-21,CUST0993,Webcam,South,6,4500,27000,Partner
ORD07240,2026-10-09,CUST2538,Mouse,West,8,18000,144000,Retail
ORD07241,2026-10-14,CUST2952,Monitor,West,7,18000,126000,Retail
ORD07242,2025-01-18,CUST0894,Keyboard,West,9,3200,28800,Online
ORD07243,2025-05-02,CUST0001,Mouse,North,8,3200,25600,Online
ORD07244,2026-06-24,CUST2515,Printer,North,4,12500,50000,Retail
ORD07245,2025-03-11,CUST2693,,North,9,2200,19800,Partner
ORD07246,2026-11-30,CUST0928,Tablet,North,6,18000,108000,Online
ORD07247,2026-09-16,CUST2189,Keyboard,South,3,18000,54000,Retail
ORD07248,2026-03-08,CUST0914,Printer,West,4,3200,12800,Partner
ORD07249,2025-11-04,CUST0641,Webcam,South,1,4500,4500,Online
ORD07250,2025-01-06,CUST1144,Laptop,East,1,28000,28000,Partner
ORD07251,2025-11-11,CUST1752,Webcam,East,2,4500,9000,Partner
ORD07252,2026-02-16,CUST1031,Webcam,North,6,3200,19200,Partner
ORD07253,2025-02-13,CUST1037,Keyboard,West,2,18000,36000,Partner
ORD07254,2026-03-16,CUST0447,Tablet,South ,6,2200,13200,Partner
ORD07255,2025-07-12,CUST0095,Tablet,West,1,N/A,65000,Partner
ORD07256,2025-01-17,CUST0147,Headset,East,8,900,7200,Retail
ORD07257,2025-10-17,CUST1700,Keyboard,North,7,28000,196000,Retail
ORD07258,2026-07-25,CUST2569,Mouse,East,3,28000,84000,Online
ORD07259,2026-12-13,CUST2412,Mouse,East,1,4500,4500,Online
ORD07260,2026-05-16,CUST1094,,East,1,2200,2200,Retail
ORD07261,2026-10-19,CUST0584,Printer,West,9,900,8100,Retail
ORD07262,2025-03-29,CUST0470,Mouse,West,3,12500,37500,Partner
ORD07263,2025-10-12,CUST0607,Keyboard,South ,2,3200,6400,Retail
ORD07264,2025-03-26,CUST0149,Keyboard,South,1,12500,12500,Retail
ORD07265,2025-03-09,CUST2798,Printer,East,9,900,8100,Retail
ORD07266,2026-06-11,CUST2286,Laptop,West,9,4500,40500,Online
ORD07267,2025-07-17,CUST2947,Laptop,North,2,18000,36000,Online
ORD07268,2025-08-06,CUST1461,Laptop,East,4,900,3600,Online
ORD07269,2026-06-22,CUST1086,Webcam,South,8,4500,36000,Partner
ORD07270,2026-09-18,CUST2259,Headset,West,8,900,7200,Partner
ORD07271,2026-09-28,CUST1584,Printer,North,2,28000,56000,Retail
ORD07272,2025-01-17,CUST2956,Monitor,East,8,3200,25600,Online
ORD07273,2026-01-02,CUST1023,Keyboard,North,5,12500,62500,Partner
ORD07274,2026-08-31,CUST2291,Mouse,West,10,900,9000,Retail
ORD07275,2026-05-05,CUST1947,Mouse,East,4,2200,8800,Retail
ORD07276,2025-08-13,CUST1922,Printer,South,6,3200,19200,Partner
ORD07277,2026-09-12,CUST1632,Monitor,North,7,18000,126000,Partner
ORD07278,2026-12-02,CUST1375,Headset,South,3,12500,37500,Partner
ORD07279,2025-12-13,CUST2974,Tablet,East,3,2200,6600,Retail
ORD07280,2025-02-02,CUST0395,Headset,East,6,3200,19200,Partner
ORD07281,2026-10-21,CUST1468,Printer,East,3,3200,9600,Retail
ORD07282,2026-04-17,CUST1301,Monitor,West,8,12500,100000,Retail
ORD07283,2026-12-27,CUST1395,Monitor,South,3,3200,9600,Retail
ORD07284,2025-04-27,CUST2944,Headset,South,6,65000,390000,Partner
ORD07285,2026-12-15,CUST2259,Laptop,East,10,2200,22000,Partner
ORD07286,2025-04-14,CUST1373,Laptop,South,10,12500,125000,
ORD07287,2026-04-19,CUST0941,Tablet,East,10,28000,280000,Online
ORD07288,2026-08-04,CUST0864,Webcam,South,4,65000,260000,Partner
ORD07289,2026-06-07,CUST0636,Mouse,South,8,18000,144000,Retail
ORD07290,2025-10-10,CUST1319,Tablet,East,3,4500,13500,Partner
ORD07291,2025-09-30,CUST0089,Printer,East,10,4500,45000,Online
ORD07292,2025-05-29,CUST2788,Monitor,South,4,4500,18000,Online
ORD07293,2025-09-19,CUST1547,Tablet,South,4,18000,72000,Partner
ORD07294,2026-11-22,CUST1895,Headset,North,5,28000,140000,Online
ORD07295,2025-07-11,CUST2620,Laptop,West,5,2200,11000,Retail
ORD07296,2026-07-16,CUST2564,Mouse,East,2,2200,4400,Online
ORD07297,2025-02-20,CUST1080,Headset,South,6,2200,13200,Retail
ORD07298,2025-11-10,CUST2510,Monitor,North,10,12500,125000,Online
ORD07299,2026-07-16,CUST1648,Laptop,West,10,3200,32000,Online
ORD07300,2026-12-22,CUST0891,Keyboard,South,6,2200,13200,Partner
ORD07301,2026-12-08,CUST1814,Keyboard,West,7,65000,455000,Online
ORD07302,2025-02-14,CUST2958,Headset,North,2,28000,56000,Online
ORD07303,2025-06-29,CUST0941,Mouse,East,9,2200,19800,Online
ORD07304,2026-07-05,CUST0120,Webcam,North,5,18000,90000,Retail
ORD07305,2025-10-05,CUST2687,Printer,West,1,3200,3200,Retail
ORD07306,2026-05-23,CUST1857,Monitor,North,9,4500,40500,Partner
ORD07307,2025-09-12,CUST1093,Headset,East,8,18000,144000,Online
ORD07308,2025-05-27,CUST0625,Webcam,East,9,65000,585000,Retail
ORD07309,2026-04-29,CUST1788,Printer,North,4,,8800,Online
ORD07310,2026-10-18,CUST0654,Printer,West,9,28000,252000,Retail
ORD07311,2025-03-24,CUST2371,Monitor,South,9,3200,28800,Online
ORD07312,2025-02-16,CUST2485,Keyboard,South,1,900,900,Partner
ORD07313,2025-01-14,CUST2418,Keyboard,East,3,3200,9600,Online
ORD07314,2025-12-09,CUST0913,Headset,North,4,3200,12800,Partner
ORD07315,2026-11-26,CUST2624,Mouse,South,8,3200,25600,Partner
ORD07316,2025-05-07,CUST2822,Webcam,West,9,2200,19800,Online
ORD07317,2026-10-25,CUST2592,Laptop,West,9,,162000,Online
ORD07318,2025-03-07,CUST0153,Printer,South,7,900,6300,Partner
ORD07319,2025-04-06,CUST0846,Printer,North,7,4500,31500,Retail
ORD07320,2026-09-04,CUST0475,Mouse,West,9,28000,252000,Online
ORD07321,2026-04-23,CUST2247,Webcam,West,3,3200,9600,Online
ORD07322,2026-06-05,CUST0772, LAPTOP,South,3,18000,54000,Online
ORD07323,2026-08-30,CUST1531,Mouse,North,4,65000,260000,Retail
ORD07324,2025-04-10,CUST1383,Webcam,South,7,12500,87500,Online
ORD07325,2026-08-07,CUST0744,Printer,West,8,3200,25600,Online
ORD07326,2026-11-17,CUST2577,Laptop,West,4,3200,12800,Retail
ORD07327,2026-12-09,CUST1069,Webcam,East,6,28000,168000,Retail
ORD07328,2026-02-08,CUST2853,Mouse,West,1,28000,28000,Partner
ORD07329,2026-04-17,CUST2090,Mouse,West,6,65000,390000,Partner
ORD07330,2026-08-24,CUST1628,Keyboard,East,5,28000,140000,Partner
ORD07331,2026-12-13,CUST2181,Printer,West,5,4500,22500,Retail
ORD07332,2025-10-05,CUST0218,Tablet,East,2,28000,56000,Online
ORD07333,2025-08-01,CUST2725,Laptop,North,7,2200,15400,Online
ORD07334,2025-08-19,CUST1805,Tablet,East,10,18000,180000,Partner
ORD07335,2025-04-10,CUST0594,Mouse,South,2,28000,56000,Partner
ORD07336,2025-04-24,CUST0726,Printer,South,8,900,7200,Online
ORD07337,2026-11-20,CUST1805,Monitor,East,3,18000,54000,Online
ORD07338,2026-03-23,CUST0375,Printer,East,8,4500,36000,Online
ORD07339,2026-05-16,CUST1482,Mouse,East,6,2200,13200,Partner
ORD07340,2026-08-29,CUST2818,Keyboard,East,1,2200,2200,Retail
ORD07341,2026-04-01,CUST1687,Webcam,,10,3200,32000,Retail
ORD07342,2026-12-18,CUST0912,Printer,West,3,,37500,Retail
ORD07343,2026-05-15,CUST2953,Webcam,East,7,65000,455000,Online
ORD07344,2026-10-30,CUST2359,Monitor,West,10,3200,32000,Partner
ORD07345,2026-04-08,CUST1192,,West,6,18000,108000,Partner
ORD07346,2026-06-24,CUST1153,Headset,East,8,12500,100000,Partner
ORD07347,2026-04-05,CUST0451,Monitor,East,6,65000,390000,Retail
ORD07348,2026-12-26,CUST0045,Printer,North,7,12500,87500,Partner
ORD07349,2025-06-21,CUST1570,Tablet,East,5,3200,16000,Retail
ORD07350,2026-05-20,CUST0532,Mouse,,6,12500,75000,Online
ORD07351,2026-12-22,CUST2633,Headset,South,1,65000,65000,Retail
ORD07352,2026-04-15,CUST1186,Laptop,West,6,65000,390000,Online
ORD07353,2026-08-11,CUST2153,Mouse,West,5,4500,22500,Online
ORD07354,2025-05-28,CUST0658,Keyboard,West,4,900,3600,Partner
ORD07355,2026-03-14,CUST2258,Webcam,West,9,4500,40500,Online
ORD07356,2025-04-04,CUST2411,Printer,East,10,900,9000,Retail
ORD07357,2026-03-31,CUST0378,Mouse,West,10,3200,32000,Online
ORD07358,2026-08-08,CUST2784,Laptop,West,5,3200,16000,Retail
ORD07359,2025-04-23,CUST0129,Mouse,West,3,3200,9600,Online
ORD07360,2025-08-10,CUST1255,Tablet,West,6,18000,108000,Retail
ORD07361,2026-05-10,CUST0087,Tablet,East,10,65000,650000,Retail
ORD07362,2025-11-08,CUST1920,Monitor,North,6,4500,27000,Retail
ORD07363,2026-06-01,CUST2954,Monitor,East,5,3200,16000,Retail
ORD07364,2025-02-16,CUST2620,Tablet,East,4,900,3600,Retail
ORD07365,2025-02-02,CUST2596,Webcam,South,7,12500,87500,Online
ORD07366,2026-07-16,CUST1637,Headset,North,1,18000,18000,Retail
ORD07367,2026-01-25,CUST2488,Monitor,West,3,2200,6600,Retail
ORD07368,2026-05-16,CUST1778,Mouse,East,5,65000,325000,Partner
ORD07369,2025-08-23,CUST0077,Webcam,East,7,3200,22400,Partner
ORD07370,2026-03-20,CUST1212,Keyboard,East,6,900,5400,Partner
ORD07371,2026-03-01,CUST0039,Mouse,West,6,3200,19200,Online
ORD07372,2025-04-17,CUST1179,Printer,North,6,65000,390000,Online
ORD07373,2025-06-01,CUST1943,Mouse,North,7,18000,126000,Online
ORD07374,2025-01-05,CUST1289,Tablet,East,1,4500,4500,Online
ORD07375,2026-08-04,CUST2546,Printer,West,8,18000,144000,Retail
ORD07376,2026-03-31,CUST0694,Laptop,South,3,12500,37500,Retail
ORD07377,2026-09-28,CUST2733,Tablet,West,7,4500,31500,Online
ORD07378,2025-09-07,CUST0304,Headset, north,2,2200,4400,Retail
ORD07379,2025-09-14,CUST0793,Laptop,West,10,900,9000,Retail
ORD07380,2026-05-27,CUST2974,Tablet,North,8,18000,144000,Retail
ORD07381,2025-09-23,CUST0438,Printer,West,3,28000,84000,Partner
ORD07382,2026-01-10,CUST0842,Laptop,East,5,28000,,Retail
ORD07383,2025-09-15,CUST0597,Keyboard,West,8,28000,224000,Online
ORD07384,2025-02-22,CUST2909,Printer,South,4,28000,112000,Retail
ORD07385,2026-10-26,CUST0165,Headset,East,2,900,1800,Retail
ORD07386,2026-01-19,CUST1833,Monitor,North,1,4500,4500,Retail
ORD07387,2026-02-02,CUST2319,Printer,East,8,900,7200,Partner
ORD07388,2025-01-07,CUST2145,Laptop,West,7,18000,126000,Retail
ORD07389,2025-08-06,CUST2576,Headset,North,9,900,8100,Retail
ORD07390,2025-04-17,CUST1168,Tablet,South,10,900,9000,Online
ORD07391,2025-06-23,CUST0695,Webcam,East,9,2200,19800,Online
ORD07392,2025-05-13,CUST1828,Keyboard,North,5,12500,62500,Retail
ORD07393,2025-10-01,CUST2144,Printer,North,7,4500,31500,Online
ORD07394,2026-03-19,CUST1623,Keyboard,East,3,28000,84000,Partner
ORD07395,2025-09-17,CUST0148,Tablet,East,1,28000,28000,Partner
ORD07396,2026-08-28,CUST2596,Printer,South,8,65000,520000,Partner
ORD07397,2026-11-30,CUST0945,Mouse,North,8,18000,144000,Online
ORD07398,2026-06-29,,Monitor,West,9,18000,162000,Partner
ORD07399,2026-01-02,CUST0786,Tablet,South,1,3200,3200,Online
ORD07400,2026-12-27,CUST1549,Mouse,East,3,18000,54000,Online
ORD07401,2026-11-25,CUST2791,Mouse,North,6,2200,13200,Retail
ORD07402,2026-08-17,CUST2871,Monitor,West,10,12500,125000,Online
ORD07403,2026-07-29,CUST0502,Laptop,West,4,12500,50000,Online
ORD07404,2026-03-23,CUST1463,Headset,East,2,12500,25000,Online
ORD07405,2026-10-16,CUST0203,Keyboard,,6,28000,168000,Partner
ORD07406,2025-01-15,CUST1733,Monitor,East,2,65000,130000,Partner
ORD07407,2026-09-08,CUST2670,Headset,North,1,4500,4500,Partner
ORD07408,2025-05-16,CUST1998,Laptop,West,9,3200,28800,Retail
ORD07409,2025-10-06,CUST2281,Headset,West,7,28000,196000,Partner
ORD07410,2026-08-21,CUST1114,Mouse,North,1,12500,12500,Retail
ORD07411,2025-03-08,CUST0585,Tablet,West,8,28000,224000,Retail
ORD07412,2025-12-25,CUST0113,Printer,North,1,4500,4500,Partner
ORD07413,2025-11-22,CUST1032,Monitor,West,7,12500,87500,Partner
ORD07414,2025-01-28,CUST2992,Monitor,East,10,2200,22000,Retail
ORD07415,2025-03-09,CUST1505,Headset,North,9,3200,28800,Partner
ORD07416,2026-01-19,CUST2110,laptop,South,3,65000,195000,Retail
ORD07417,2025-01-10,CUST0666,,North,4,12500,50000,Online
ORD07418,2025-06-04,CUST2818,Mouse,West,3,18000,54000,Partner
ORD07419,2026-07-18,CUST1037,Laptop,East,3,3200,9600,Retail
ORD07420,2026-08-19,CUST2246,Mouse,South,8,65000,520000,Partner
ORD07421,2025-01-03,CUST1209,Mouse,South,10,28000,280000,Retail
ORD07422,2026-03-08,CUST0726,Tablet,East,9,18000,162000,Retail
ORD07423,2025-01-10,CUST0994,Monitor,West,7,28000,196000,Partner
ORD07424,2025-01-26,CUST2323,Laptop,North,7,900,6300,Partner
ORD07425,2026-05-31,CUST0837,Mouse,East,6,65000,390000,Online
ORD07426,2025-09-19,CUST1494,Keyboard,West,3,28000,84000,Partner
ORD07427,2026-09-05,CUST2555,Laptop,North,10,3200,32000,Partner
ORD07428,2026-11-17,CUST2183,Monitor,West,9,18000,162000,Partner
ORD07429,2025-01-23,CUST1896,Headset,East,10,2200,22000,Partner
ORD07430,2026-06-15,CUST0165,Monitor,South,7,900,6300,Retail
ORD07431,2026-01-04,CUST2396,Laptop,East,5,4500,22500,Partner
ORD07432,2025-04-14,CUST1792,Printer,West,5,65000,325000,Retail
ORD07433,2025-07-28,CUST0088,Tablet,West,6,12500,75000,Retail
ORD07434,2026-10-21,CUST0762,Laptop,North,3,65000,195000,Online
ORD07435,2025-08-18,CUST0952,Tablet,East,10,3200,32000,Online
ORD07436,2026-02-05,CUST1343,Headset,South,4,3200,12800,Retail
ORD07437,2026-09-13,CUST1503,Webcam,South,6,65000,390000,Online
ORD07438,2026-04-13,CUST2889,Webcam,East,4,4500,18000,Online
ORD07439,2026-02-27,CUST1501,Monitor,South,5,4500,22500,Partner
ORD07440,2026-03-27,CUST1302,Laptop,West,6,2200,13200,Retail
ORD07441,2025-07-16,CUST1784,Headset,West,7,900,6300,Retail
ORD07442,2025-07-03,CUST1076,Headset,North,7,65000,455000,Retail
ORD07443,2026-03-01,CUST0121,Webcam,West,3,900,2700,Partner
ORD07444,2026-05-23,CUST1578,Printer,West,5,12500,62500,Partner
ORD07445,2026-03-16,CUST0824,Monitor,East,,12500,62500,Partner
ORD07446,2025-06-25,CUST1081,Laptop,North,4,12500,50000,Partner
ORD07447,2026-09-03,CUST1543,Headset,East,9,3200,28800,Partner
ORD07448,2025-01-31,CUST1746,Mouse,North,5,65000,325000,Retail
ORD07449,2026-02-25,CUST0788,Monitor,South,7,900,6300,Online
ORD07450,2025-10-15,CUST0256,Laptop,North,8,12500,100000,Online
ORD07451,2026-10-24,CUST2909,Laptop,East,6,900,5400,Online
ORD07452,2025-05-06,CUST2574,Headset,North,5,65000,325000,Partner
ORD07453,2026-08-27,CUST0864,Webcam,North,9,28000,252000,Retail
ORD07454,2026-02-17,CUST2357,Laptop,South,9,12500,112500,Partner
ORD07455,2025-07-10,CUST0896,Laptop,North,7,4500,31500,Retail
ORD07456,2026-03-05,CUST2992,Tablet,South,6,2200,13200,Retail
ORD07457,2025-10-25,CUST0979,Webcam,North,5,2200,11000,Retail
ORD07458,2026-09-10,CUST2842,Monitor,North,5,4500,22500,Online
ORD07459,2026-01-01,,Keyboard,North,3,28000,84000,Retail
ORD07460,2025-02-27,CUST0226,Tablet,West,9,3200,28800,Retail
ORD07461,2025-12-27,CUST0592,Printer,East,8,2200,17600,Partner
ORD07462,2026-02-25,CUST2154,Headset,North,2,2200,4400,Partner
ORD07463,2025-06-25,CUST2605,Laptop,East,8,18000,144000,Retail
ORD07464,2026-07-28,CUST0410,Mouse,North,1,18000,18000,Partner
ORD07465,2025-04-03,CUST2135,Webcam,South,6,900,5400,Online
ORD07466,2026-05-21,CUST1260,Headset,South,10,65000,650000,Retail
ORD07467,2025-04-13,CUST2673,Mouse,South,6,18000,108000,Online
ORD07468,2026-04-10,CUST1593,Mouse,West,4,18000,72000,Retail
ORD07469,2026-11-08,CUST1370,Monitor,West,5,65000,325000,Retail
ORD07470,2025-10-09,CUST1830,Keyboard,North,8,18000,144000,Retail
ORD07471,2026-03-14,CUST0130,Keyboard,South,10,65000,650000,Partner
ORD07472,2026-12-17,CUST1799,Keyboard,North,5,2200,11000,Retail
ORD07473,2026-10-16,CUST1396,Webcam,East,5,65000,325000,Retail
ORD07474,2026-12-11,CUST0467,Mouse,South,4,3200,12800,Online
ORD07475,2026-08-18,CUST1132,Headset,East,2,12500,25000,Retail
ORD07476,2026-03-14,CUST1240,Mouse,West,2,12500,25000,Online
ORD07477,2026-01-06,CUST0259,Headset,West,1,3200,3200,Partner
ORD07478,2026-01-01,CUST2751,Mouse,South,5,65000,325000,partner
ORD07479,2026-02-06,CUST0717,Monitor,East,4,28000,112000,Partner
ORD07480,2026-02-06,CUST1709,Monitor,North,1,18000,18000,Online
ORD07481,2025-08-25,CUST2413,Keyboard,South,2,65000,130000,Partner
ORD07482,2026-04-16,CUST0488,Tablet,South,8,900,7200,Retail
ORD07483,2026-05-23,CUST1563,Mouse,West,8,18000,144000,Partner
ORD07484,2025-05-19,CUST2814,Headset,West,3,18000,54000,Retail
ORD07485,2025-12-29,CUST0992,Mouse,South,2,12500,25000,Partner
ORD07486,2026-04-10,CUST2690,Keyboard,East,6,28000,168000,Partner
ORD07487,2026-10-19,CUST1788,Headset,West,6,900,5400,Online
ORD07488,2025-01-24,CUST2847,Printer,South,7,12500,87500,Online
ORD07489,2025-01-24,CUST2643,Monitor,South,3,28000,84000,Partner
ORD07490,2025-11-04,CUST1895,Headset,South,10,4500,45000,Retail
ORD07491,2026-11-25,CUST2051,Monitor,North,7,3200,22400,Partner
ORD07492,2026-11-10,CUST1112,Keyboard,North,1,12500,12500,Partner
ORD07493,2025-02-14,CUST1064,Webcam,West,1,2200,2200,Partner
ORD07494,2026-10-19,CUST0603,Headset,East,3,4500,13500,partner
ORD07495,2025-03-02,CUST0232,Mouse,West,5,4500,22500,Partner
ORD07496,2026-11-30,CUST0378,Keyboard,West,1,2200,2200,Retail
ORD07497,2026-06-17,CUST2636,Tablet,East,5,12500,62500,Retail
ORD07498,2026-10-15,CUST0205,Laptop,North,3,900,2700,Online
ORD07499,2025-06-22,CUST1293,Keyboard,South,9,2200,19800,Retail
ORD07500,2025-07-31,CUST2677,Printer,North,9,28000,252000,Online
ORD07501,2026-01-30,CUST1927,Headset,East,1,28000,28000,Retail
ORD07502,2026-04-30,CUST2527,Laptop,South,7,18000,126000,Partner
ORD07503,2026-09-20,CUST2303,Laptop,,1,18000,18000,Online
ORD07504,2026-07-24,CUST1817,Printer,West,3,65000,195000,Online
ORD07505,2026-12-16,CUST0305,Printer,West,4,12500,50000,Partner
ORD07506,2026-12-22,CUST1677,Mouse,North,10,65000,650000,Retail
ORD07507,2025-07-11,CUST0378,Printer,North,9,18000,162000,Retail
ORD07508,2025-01-10,CUST1199,Monitor,North,8,65000,520000,Retail
ORD07509,2025-05-26,CUST2549,Keyboard,East,3,65000,195000,Online
ORD07510,2026-12-02,CUST0179,Mouse,West,5,4500,22500,Online
ORD07511,2025-09-10,CUST0427,Webcam,East,7,28000,196000,Online
ORD07512,2025-02-10,CUST0423,Keyboard,West,1,900,900,Retail
ORD07513,2025-06-11,CUST0236,Headset,South,7,3200,22400,Retail
ORD07514,2026-03-28,CUST1646,Keyboard,South,6,65000,390000,Retail
ORD07515,2025-12-03,CUST2911,Keyboard,West,4,28000,112000,Online
ORD07516,2026-10-02,CUST1064,Mouse,West,4,18000,72000,Online
ORD07517,2026-05-11,CUST1738,Tablet,North,2,12500,25000,Online
ORD07518,2026-03-01,CUST1253,Tablet,South,9,65000,585000,Partner
ORD07519,2025-08-28,CUST2302,Keyboard,South,3,2200,6600,Retail
ORD07520,2025-08-23,CUST1227,Headset,North,10,900,9000,Online
ORD07521,2026-05-07,CUST1675,Webcam,South ,2,28000,56000,Partner
ORD07522,2026-07-01,CUST1159,Printer,East,1,28000,28000,Partner
ORD07523,2025-11-14,CUST0430,Mouse,East,9,28000,252000,Retail
ORD07524,2026-12-09,CUST1052,Printer,East,3,12500,37500,Online
ORD07525,2025-01-15,CUST2354,Printer,North,7,4500,31500,Retail
ORD07526,2025-03-18,CUST0939,Laptop,South,10,3200,32000,Retail
ORD07527,2025-10-22,CUST1104,Tablet,East,4,28000,112000,Online
ORD07528,2025-04-17,CUST2832,Mouse,East,2,2200,4400,Partner
ORD07529,2025-09-22,CUST1198,Headset,East,1,28000,28000,Retail
ORD07530,2026-09-01,CUST0560,Headset,North,4,18000,72000,Retail
ORD07531,2025-05-27,CUST1106,Keyboard, north,7,28000,196000,Online
ORD07532,2026-06-12,CUST2157,Webcam,West,5,2200,11000,Online
ORD07533,2026-03-09,CUST1200,Keyboard,South,2,900,1800,Retail
ORD07534,2026-10-14,CUST1766,Mouse,North,7,4500,31500,Online
ORD07535,2025-02-07,CUST2820,Tablet,North,4,12500,50000,Online
ORD07536,2025-06-04,CUST2693,Tablet,West,2,4500,9000,Partner
ORD07537,2025-10-02,CUST0196,Keyboard,East,6,28000,168000,Retail
ORD07538,2026-03-15,CUST2234,Tablet,East,3,3200,9600,Online
ORD07539,2025-11-17,CUST1390,Mouse,West,2,12500,25000,partner
ORD07540,2025-08-31,CUST0208,Headset,North,2,18000,36000,Online
ORD07541,2025-08-28,CUST2005,Printer,East,10,4500,45000,Retail
ORD07542,2026-08-21,CUST0413,Headset,North,3,28000,84000,Partner
ORD07543,2026-01-09,CUST1478,Tablet,East,5,65000,325000,Partner
ORD07544,2025-05-05,CUST1437,Tablet,North,10,12500,125000,Online
ORD07545,2026-10-21,CUST1941,Mouse,West,4,12500,50000,Partner
ORD07546,2025-01-04,CUST1806,Printer,West,2,65000,130000,Retail
ORD07547,2026-07-13,CUST2040,Keyboard,West,1,4500,4500,Online
ORD07548,2026-02-26,CUST1278,Headset,South,2,4500,9000,Retail
ORD07549,2025-01-28,CUST1671,Monitor,West,7,4500,31500,Retail
ORD07550,2026-07-03,CUST1418,Tablet,East,8,4500,36000,Retail
ORD07551,2026-05-04,CUST2538,Headset,South,1,12500,12500,Retail
ORD07552,2025-01-11,CUST2528,Laptop,,5,28000,140000,Partner
ORD07553,2026-11-13,CUST2383,Tablet,South,5,18000,90000,Online
ORD07554,2026-07-12,CUST0555,Headset,West,10,3200,32000,Partner
ORD07555,2026-11-21,CUST2473,Mouse,West,2,65000,130000,Online
ORD07556,2025-06-10,CUST0276,Printer,South,9,900,8100,Retail
ORD07557,2025-10-26,CUST0604,Tablet,South,10,2200,22000,Online
ORD07558,2025-01-07,CUST1189,Tablet,East,2,900,1800,Retail
ORD07559,2025-01-15,CUST2340,Laptop,,4,12500,50000,Retail
ORD07560,2026-01-27,CUST0567,Webcam,South,7,2200,15400,Retail
ORD07561,2025-02-23,CUST0680,Webcam,West,2,900,1800,Online
ORD07562,2026-04-13,CUST1236,Tablet,West,10,28000,280000,Retail
ORD07563,2025-10-07,CUST2724,Keyboard,West,5,65000,325000,Online
ORD07564,2026-03-17,CUST0637,Tablet,North,2,2200,4400,Partner
ORD07565,2026-03-19,CUST1345,Webcam,West,10,65000,650000,Retail
ORD07566,2025-02-04,CUST0214,Keyboard,West,4,3200,12800,Partner
ORD07567,2026-04-12,CUST1966,Keyboard,West,7,12500,87500,Partner
ORD07568,2025-10-21,CUST0195,Keyboard,West,6,2200,13200,Partner
ORD07569,2026-08-24,CUST1666,Keyboard,South,5,2200,11000,Online
ORD07570,2026-10-14,CUST2356,Webcam,South,4,2200,8800,Retail
ORD07571,2026-07-24,CUST2630,Laptop,East,9,2200,19800,partner
ORD07572,2025-01-26,CUST1062,Monitor,West,7,900,6300,Retail
ORD07573,2025-06-06,CUST1054,,North,7,900,6300,Online
ORD07574,2026-06-18,CUST1921,Keyboard,West,6,900,5400,Retail
ORD07575,2026-04-14,CUST2352,Printer,East,1,4500,4500,Online
ORD07576,2026-10-24,CUST2841,Laptop,South,4,28000,112000,Partner
ORD07577,2025-07-06,CUST2078,Monitor,West,8,3200,25600,Partner
ORD07578,2026-12-09,CUST0406,Webcam,South,10,3200,32000,Online
ORD07579,2026-08-23,CUST0534,Monitor,East,5,4500,22500,Partner
ORD07580,2025-12-18,CUST1587,Printer,East,3,2200,6600,Online
ORD07581,2025-01-31,CUST1610,Monitor,South,4,2200,8800,Retail 
ORD07582,2025-01-04,CUST2878,Mouse,North,2,900,1800,Partner
ORD07583,2026-06-15,CUST2333,Tablet,South,4,2200,8800,Online
ORD07584,2026-09-08,CUST0598,Tablet,North,7,900,6300,Online
ORD07585,2025-05-26,CUST2565,Mouse,North,4,900,3600,Retail
ORD07586,2026-01-08,CUST1414,Printer,West,10,28000,280000,Partner
ORD07587,2026-10-20,CUST0043,Laptop,East,7,900,6300,Partner
ORD07588,2026-11-27,CUST2194,Tablet,East,4,28000,112000,Retail
ORD07589,2026-09-04,CUST2021,Tablet,South,10,3200,32000,Retail
ORD07590,2026-06-23,CUST1088,Laptop,South,10,65000,650000,Retail
ORD07591,2025-09-12,CUST2588,Mouse,East,2,28000,56000,Partner
ORD07592,2025-03-28,CUST1372,Tablet,South,9,3200,28800,Retail
ORD07593,2026-05-08,CUST0438,Keyboard,East,5,4500,22500,Online
ORD07594,2026-08-12,CUST2637,Tablet,South,3,900,2700,Retail
ORD07595,2026-03-13,CUST1247,Tablet,East,6,2200,13200,Retail
ORD07596,2025-07-08,CUST2726,Headset,East,9,4500,40500,Online
ORD07597,2026-05-19,CUST0452,Headset,East,5,3200,16000,Partner
ORD07598,2025-02-28,CUST2417,Mouse,North,5,3200,16000,Online
ORD07599,2026-06-19,CUST1474,Tablet,East,4,900,3600,Partner
ORD07600,2026-04-21,CUST2079,Keyboard,East,8,2200,17600,Retail
ORD07601,2026-12-27,CUST2485,Keyboard,South,7,65000,455000,Retail
ORD07602,2025-07-14,CUST2108,Laptop,West,7,900,6300,Retail
ORD07603,2025-10-24,CUST0317,Headset,South,4,900,3600,Online
ORD07604,2025-02-03,CUST2210,Monitor,North,1,4500,4500,Retail
ORD07605,2025-01-20,CUST2335,Laptop,West,4,12500,50000,Partner
ORD07606,2026-03-13,CUST2405,Mouse,North,9,3200,28800,Retail
ORD07607,2026-07-06,CUST1605,Monitor,West,10,3200,32000,Partner
ORD07608,2025-06-19,CUST1530,Laptop,West,5,900,4500,Online
ORD07609,2026-12-23,CUST2694,Laptop,West,1,28000,28000,Partner
ORD07610,2026-01-29,CUST2052,Mouse,West,1,4500,4500,Online
ORD07611,2026-08-06,CUST1303,Headset,North,7,65000,455000,Retail
ORD07612,2025-01-02,CUST2215,Headset,South,1,28000,28000,Retail
ORD07613,2026-06-06,CUST1730,Keyboard,East,9,12500,112500,Online
ORD07614,2025-01-29,CUST2257,Mouse,North,1,18000,18000,Partner
ORD07615,2025-10-06,CUST0349,Keyboard,West,5,12500,62500,Partner
ORD07616,2025-05-07,CUST2700,Tablet,South,4,900,3600,Partner
ORD07617,2026-01-02,CUST1806,Keyboard,West,7,2200,15400,Retail
ORD07618,2025-08-29,CUST2922,Monitor,North,4,18000,72000,Online
ORD07619,2025-01-02,CUST1015,Webcam,South,7,3200,22400,Online
ORD07620,2026-07-03,CUST0405,Laptop,East,1,3200,3200,Partner
ORD07621,2025-11-09,CUST0630,Laptop,South,8,3200,25600,
ORD07622,2025-09-07,CUST0116,Laptop,West,8,3200,25600,Retail
ORD07623,2026-09-07,CUST2574,Laptop,South,8,65000,520000,Retail
ORD07624,2026-11-14,CUST1366,Mouse,East,7,2200,15400,Online
ORD07625,2025-07-01,CUST2499,Headset,West,1,18000,18000,Partner
ORD07626,2025-11-11,CUST0221,Printer,West,1,12500,12500,Online
ORD07627,2026-11-08,CUST1534,Monitor,South,,3200,22400,Partner
ORD07628,2026-04-23,CUST2773,Keyboard,South,3,3200,9600,Retail
ORD07629,2025-04-28,CUST0622,Monitor,North,5,4500,22500,Online
ORD07630,2025-06-18,CUST0240,Headset,South,8,3200,25600,Retail
ORD07631,2026-06-30,CUST2471,Headset,North,7,2200,15400,Retail
ORD07632,2026-04-07,CUST0939,Printer,South,10,900,9000,Retail
ORD07633,2026-09-07,CUST2395,Printer,East,9,3200,28800,Online
ORD07634,2026-08-17,CUST0262,Tablet,North,8,3200,25600,Online
ORD07635,2025-09-02,CUST1391,Printer,East,7,28000,196000,Retail
ORD07636,2026-11-28,CUST0575,Headset,North,10,4500,45000,Online
ORD07637,2025-03-06,CUST2617,Printer,North,6,65000,390000,Partner
ORD07638,2025-11-20,CUST1753,Printer,North,6,3200,19200,Online
ORD07639,2026-08-04,CUST2521,Printer,North,10,28000,-1000,Retail
ORD07640,2026-11-30,CUST2669,Monitor,South,9,2200,19800,Partner
ORD07641,2025-02-06,CUST1709,Tablet,South,4,2200,8800,Retail
ORD07642,2026-01-07,CUST0579,Keyboard,South,4,900,3600,Retail
ORD07643,2025-07-05,CUST1544,Printer,South,5,12500,62500,Retail
ORD07644,2025-04-20,CUST0478,Webcam,South,10,12500,125000,Online
ORD07645,2025-05-12,CUST1239,Keyboard,South,4,2200,8800,Online
ORD07646,2025-11-13,CUST1482,Headset,West,4,2200,8800,Partner
ORD07647,2025-08-13,CUST0598,Headset,East,1,2200,2200,Retail
ORD07648,2025-01-24,CUST1991,Printer,South,4,3200,12800,Online
ORD07649,2025-11-12,CUST2117,Webcam,South,3,900,2700,Online
ORD07650,2026-02-14,CUST0353,Tablet,South,7,12500,87500,Online
ORD07651,2025-02-17,CUST2331,Mouse,East,6,4500,27000,Partner
ORD07652,2026-06-22,CUST1050,Mouse,West,4,65000,260000,Online
ORD07653,2025-07-14,CUST1303,Laptop,South,8,2200,17600,Retail
ORD07654,2025-07-11,CUST2155,Webcam,North,5,4500,22500,Online
ORD07655,2025-06-02,CUST2150,Laptop,South,7,65000,455000,Online
ORD07656,2026-11-17,CUST2535,Printer,South,1,28000,28000,Online
ORD07657,2025-11-25,CUST0059,Headset,South,2,65000,130000,Partner
ORD07658,2026-08-28,CUST0518,Headset,South,9,eighteen thousand,252000,Retail
ORD07659,2026-02-28,CUST1053,Keyboard,East,10,28000,280000,Online
ORD07660,2026-10-25,CUST1802,Keyboard,West,8,900,7200,Online
ORD07661,2025-11-02,CUST2782,Headset,North,10,28000,280000,Online
ORD07662,2026-12-04,CUST2295,Monitor,North,9,12500,112500,Partner
ORD07663,2025-06-05,CUST1078,Headset,East,7,65000,455000,Online
ORD07664,2025-04-18,CUST0682,Tablet,East,6,0,13200,Retail
ORD07665,2026-02-16,CUST0167,Laptop,South,4,2200,8800,Retail
ORD07666,2026-06-07,CUST2886,Mouse,West,5,65000,325000,Retail
ORD07667,2025-11-17,CUST2775,Mouse,South,2,3200,6400,Online
ORD07668,2025-08-28,CUST2326,Mouse,East,1,3200,3200,Retail
ORD07669,2026-03-08,CUST1146,Tablet,East,6,28000,168000,Online
ORD07670,2026-12-09,CUST0934,,East,8,18000,144000,Partner
ORD07671,2026-04-23,CUST1470,Keyboard,East,6,3200,19200,Online
ORD07672,2026-12-03,CUST2463,Printer,East,6,18000,108000,Retail
ORD07673,2026-12-17,CUST2303,Monitor,West,5,4500,22500,Online
ORD07674,2026-12-03,CUST0616,Webcam,West,8,2200,17600,Online
ORD07675,2025-09-14,CUST2105,Mouse,West,2,12500,25000,Online
ORD07676,2025-06-17,CUST1180,Keyboard,East,3,65000,195000,Partner
ORD07677,2025-01-07,CUST0042,Keyboard,South,4,900,3600,Partner
ORD07678,2026-05-03,CUST0308,Monitor,West,10,900,9000,Retail
ORD07679,2025-10-23,CUST1310,Keyboard,East,10,900,9000,Online
ORD07680,2026-12-04,CUST1091,Keyboard,North,6,2200,13200,Retail
ORD07681,2025-01-10,CUST0970,Laptop,,7,65000,455000,Partner
ORD07682,2026-03-30,CUST1026,Laptop,West,8,4500,36000,Partner
ORD07683,2025-04-27,CUST2813,Keyboard,North,1,65000,65000,Partner
ORD07684,2026-02-30,CUST2056,Keyboard,East,7,65000,455000,Retail
ORD07685,2025-06-12,CUST2270,Monitor,South,6,12500,75000,Online
ORD07686,2026-06-14,CUST1553,Tablet,East,1,2200,2200,Online
ORD07687,2026-03-20,CUST2095,Tablet,South,1,18000,18000,Retail
ORD07688,2025-06-14,CUST0242,Mouse,East,3,4500,13500,Online
ORD07689,2026-10-07,CUST1964,Keyboard,East,7,900,6300,Partner
ORD07690,2026-10-22,CUST2422,Webcam,West,8,12500,100000,Online
ORD07691,2025-03-30,CUST2948,Laptop,North,1,65000,65000,Online
ORD07692,2025-01-31,CUST2219,Laptop,East,1,18000,18000,Online
ORD07693,2026-03-17,CUST0774,Monitor,West,5,18000,,Partner
ORD07694,2026-06-15,CUST0254,Tablet,South,3,4500,13500,Online
ORD07695,2026-03-17,CUST0149,Tablet,North,6,3200,19200,Retail
ORD07696,2025-04-16,CUST1820,Laptop,West,6,3200,19200,Retail
ORD07697,2026-06-17,CUST0456,Laptop,South,4,4500,18000,Retail
ORD07698,2026-12-03,CUST2165,Monitor,North,9,18000,162000,Online
ORD07699,2026-09-12,CUST0016,Laptop,East,4,65000,260000,Retail
ORD07700,2026-03-15,CUST0976,,East,10,3200,32000,Partner
ORD07701,2026-04-18,CUST1585,Laptop,West,3,28000,84000,Partner
ORD07702,2026-10-16,CUST1679,Tablet,West,5,18000,90000,Retail
ORD07703,2025-05-08,CUST0678,Monitor,East,7,4500,31500,Partner
ORD07704,2025-06-23,CUST1588,Headset,South,7,18000,126000,Online
ORD07705,2026-03-26,CUST1186,Printer,North,9,28000,252000,Retail
ORD07706,2026-10-24,CUST2315,Mouse,South,5,12500,62500,Retail
ORD07707,2025-04-25,CUST1396,Monitor,West,9,3200,28800,Retail
ORD07708,2026-09-27,CUST1895,,West,4,2200,8800,Partner
ORD07709,2026-01-19,CUST2551,Keyboard,North,8,3200,25600,Retail
ORD07710,2025-05-24,CUST2879,Webcam,West,8,28000,224000,Online
ORD07711,2026-11-26,CUST2601,Tablet,SOUTH,6,18000,108000,Online
ORD07712,2026-06-29,CUST2576,Keyboard,West,7,900,6300,Online
ORD07713,2026-08-05,CUST0237, LAPTOP,West,3,2200,6600,Retail
ORD07714,2025-10-14,CUST2884,Printer,East,1,12500,12500,Partner
ORD07715,2026-02-27,CUST2495,Webcam,North,4,18000,72000,Partner
ORD07716,2026-01-29,,,East,1,18000,18000,Online
ORD07717,2026-11-02,CUST1343,Printer,East,10,3200,32000,Partner
ORD07718,2025-12-05,CUST1825,Printer,South,5,18000,90000,Retail
ORD07719,2025-09-25,CUST1125,Laptop,East,5,28000,140000,Partner
ORD07720,2025-12-26,CUST2502,Mouse,South,7,65000,455000,Partner
ORD07721,2026-12-17,CUST0425,Webcam,North,8,2200,17600,
ORD07722,2026-04-20,CUST1647,Tablet,West,9,12500,112500,Online
ORD07723,2026-11-17,CUST1097,Tablet,East,10,900,9000,Retail
ORD07724,2025-05-09,CUST1323,Printer,East,4,18000,72000,Online
ORD07725,2026-01-20,CUST0971,Monitor,East,6,12500,75000,Partner
ORD07726,2025-03-14,CUST0239,Tablet,West,6,2200,13200,Partner
ORD07727,2025-11-29,CUST0875,Webcam,South,7,65000,455000,Retail
ORD07728,2026-08-06,CUST2957,Mouse,North,3,3200,9600,Online
ORD07729,2025-12-26,CUST1377,Mouse,East,1,65000,65000,Retail
ORD07730,2026-11-22,CUST0483,Keyboard,North,9,18000,162000,Online
ORD07731,2026-11-12,CUST2942,Mouse,South,9,2200,19800,Partner
ORD07732,2026-06-29,CUST1794,Laptop,North,4,2200,8800,Online
ORD07733,2026-10-23,CUST0550,Mouse,South,5,4500,22500,Retail
ORD07734,2026-07-14,CUST0473,Tablet,North,10,900,9000,Partner
ORD07735,2025-11-16,CUST0234,Laptop,West,3,900,2700,Retail
ORD07736,2025-01-14,CUST0236,Headset,North,4,900,3600,Retail
ORD07737,2025-02-20,CUST1301,Monitor,North,4,2200,8800,Retail
ORD07738,2025-03-25,CUST0052,Tablet,East,5,12500,62500,Online
ORD07739,2027-01-01,CUST1153,Mouse,North,4,2200,8800,Retail
ORD07740,2025-09-14,CUST0584,Headset,West,6,2200,13200,Online
ORD07741,2026-10-10,CUST0978,Keyboard,East,7,900,6300,Partner
ORD07742,2026-04-23,CUST0138,Tablet,North,7,2200,15400,partner
ORD07743,2025-02-19,CUST0971,Laptop,West,3,3200,9600,Retail
ORD07744,2026-02-04,CUST0412,Tablet,South,6,28000,168000,Retail
ORD07745,2026-08-12,CUST2226,Headset,West,10,900,9000,Partner
ORD07746,2025-01-10,CUST0900,Headset,West,3,28000,84000,Retail
ORD07747,2026-12-15,CUST1184,Printer,South,6,12500,75000,Online
ORD07748,2026-01-25,CUST2261,Headset,East,6,4500,27000,Online
ORD07749,2026-07-27,CUST0379,Printer,South,2,900,1800,ONLINE
ORD07750,2025-04-07,CUST2860,Monitor,West,1,12500,12500,Online
ORD07751,2026-12-01,CUST2193,Printer,West,7,2200,15400,Retail
ORD07752,2025-04-20,CUST0999,Webcam,North,1,3200,3200,Partner
ORD07753,2025-05-11,CUST2450,Keyboard,East,9,3200,28800,Retail
ORD07754,2025-08-26,CUST2463,Laptop,North,9,18000,162000,Online
ORD07755,2026-05-02,CUST0513,Webcam,North,9,2200,19800,Online
ORD07756,2025-07-04,CUST0757,Headset,East,5,4500,22500,Retail
ORD07757,2025-03-09,CUST2232,Mouse,South,3,65000,195000,Partner
ORD07758,2025-08-29,CUST0604,Tablet,North,4,18000,72000,Partner
ORD07759,2026-02-20,CUST0762,Mouse,East,5,18000,90000,Partner
ORD07760,2025-02-15,CUST2060,Laptop,South,7,65000,455000,Partner
ORD07761,2026-02-16,CUST1285,Tablet,West,9,65000,585000,Retail
ORD07762,2026-10-31,CUST2258,Mouse,South,8,65000,520000,Retail
ORD07763,2025-09-22,CUST0331,Webcam,West,8,65000,520000,Online
ORD07764,2026-01-13,CUST0693,Printer,West,8,900,7200,Retail
ORD07765,2026-03-11,CUST2036,Monitor,East,3,4500,13500,Retail
ORD07766,2026-05-06,CUST0402,Keyboard,North,1,4500,4500,Retail
ORD07767,2025-04-13,CUST1021,Webcam,West,4,2200,8800,Partner
ORD07768,2025-05-16,CUST2640,Laptop,North,1,4500,4500,Partner
ORD07769,2025-08-22,CUST0004,Monitor,West,8,4500,36000,Retail
ORD07770,2025-10-02,CUST1971,Monitor,South,5,28000,140000,Partner
ORD07771,2025-04-11,CUST1753,Webcam,West,4,18000,72000,Online
ORD07772,2025-01-24,CUST1389,Mouse,East,7,2200,15400,Partner
ORD07773,2025-04-24,CUST0244,Mouse,West,6,65000,390000,Online
ORD07774,2026-04-23,CUST2638,Printer,North,8,65000,520000,Partner
ORD07775,2025-11-20,CUST1865,Mouse,West,9,3200,28800,Online
ORD07776,2025-01-31,CUST0881,Headset,North,7,28000,196000,Partner
ORD07777,2025-01-09,CUST1601,Mouse,South,6,3200,19200,Retail
ORD07778,2026-07-07,CUST2841,Headset,North,2,12500,25000,Partner
ORD07779,2025-05-21,CUST0077,Keyboard,North,1,2200,2200,Online
ORD07780,2026-08-13,CUST2019,Laptop,North,10,2200,22000,Retail
ORD07781,2026-10-22,CUST2549,Headset,East,4,2200,8800,Retail
ORD07782,2026-06-23,CUST1573,Printer,North,8,3200,25600,Partner
ORD07783,2025-02-25,CUST2254,Tablet,East,4,12500,50000,Online
ORD07784,2025-11-06,CUST0013,Webcam,South,3,12500,37500,Online
ORD07785,2025-02-27,CUST1752,Headset,East,2,12500,25000,online
ORD07786,2025-05-14,CUST2341,Webcam,West,8,4500,36000,Online
ORD07787,2026-02-27,CUST1340,Headset,West,7,12500,87500,Partner
ORD07788,2026-02-10,CUST1707,Laptop,West,1,900,900,Partner
ORD07789,2026-07-20,CUST0910,Mouse,East,8,4500,36000,Partner
ORD07790,2026-07-28,CUST2138,Printer,West,8,2200,17600,Retail
ORD07791,2025-02-04,CUST0078,Monitor,West,9,18000,162000,Online
ORD07792,2025-12-14,CUST0958,Laptop,West,2,65000,130000,Partner
ORD07793,2025-01-29,CUST1669,Mouse,South,9,28000,252000,Online
ORD07794,2026-01-05,CUST2255,Laptop,North,3,12500,37500,Partner
ORD07795,2025-06-04,CUST0088,Monitor,East,6,28000,168000,Retail
ORD07796,2025-12-24,CUST0476,Keyboard,North,5,2200,11000,Retail
ORD07797,2026-12-11,CUST0034,Mouse,North,9,65000,585000,Retail
ORD07798,2026-06-07,CUST1296,Printer,East,6,900,5400,Partner
ORD07799,2026-10-03,CUST2788,Webcam,North,2,65000,130000,Retail
ORD07800,2026-08-19,CUST0264,Keyboard,South,8,2200,17600,Online
ORD07801,2025-01-11,CUST0498,Tablet,South,5,4500,22500,Retail
ORD07802,2026-08-12,CUST2612,Keyboard,East,9,900,8100,Retail
ORD07803,2026-06-25,CUST1472,Printer,West,9,12500,112500,Retail
ORD07804,2026-10-04,CUST2240,Keyboard,South,6,12500,75000,Online
ORD07805,2025-04-08,CUST2066,Mouse,West,9,18000,162000,Online
ORD07806,2026-07-30,CUST2658,Headset,East,2,2200,4400,Retail
ORD07807,2026-12-07,CUST2692,Webcam,South,3,18000,54000,Retail
ORD07808,2026-03-06,CUST2898,Webcam,North,5,4500,22500,Online
ORD07809,2025-01-14,CUST0079,Tablet,South,6,4500,27000,Online
ORD07810,2026-02-15,CUST2261,Keyboard,South,7,18000,126000,Partner
ORD07811,2025-11-26,CUST1541,Headset,East,1,12500,12500,Online
ORD07812,2025-03-18,CUST0370,Headset,East,3,18000,54000,Online
ORD07813,2026-07-07,CUST2975,Headset,West,10,18000,180000,Retail
ORD07814,2025-09-08,CUST0159,Headset,North,5,4500,22500,Retail
ORD07815,2026-08-04,CUST1172,Keyboard,North,9,18000,162000,Partner
ORD07816,2026-04-19,CUST0795,Laptop,South,4,4500,18000,Online
ORD07817,2025-11-24,CUST2168,Headset,North,2,900,1800,Online
ORD07818,2026-04-03,CUST1583,Webcam,North,7,900,6300,Partner
ORD07819,2026-12-07,CUST0786,Mouse,West,5,900,4500,Online
ORD07820,2025-05-03,CUST2937,Tablet,North,4,12500,50000,Retail
ORD07821,2026-11-03,CUST0688,Laptop,East,4,,8800,Online
ORD07822,2026-05-14,CUST2071,Mouse,East,7,2200,15400,Retail
ORD07823,2025-09-23,CUST2111,Mouse,East,5,3200,16000,Online
ORD07824,2025-03-13,CUST2120,Keyboard,South,10,2200,22000,Retail
ORD07825,2025-04-21,CUST0096,Keyboard,West,8,3200,25600,Retail
ORD07826,2025-03-09,CUST0129,Webcam,EAST,3,900,2700,Online
ORD07827,2025-10-09,CUST1425,Headset,East,6,12500,75000,Online
ORD07828,2026-06-01,CUST1903,Mouse,North,1,2200,2200,Retail
ORD07829,2026-05-03,CUST2385,Laptop,West,5,4500,22500,Retail
ORD07830,2026-06-01,CUST0549,Printer,West,1,900,900,Retail
ORD07831,2026-09-25,CUST1091,Monitor,North,10,2200,22000,Online
ORD07832,2026-12-05,CUST1840,Webcam,West,3,4500,13500,Retail
ORD07833,2026-09-16,CUST0624,Laptop,North,3,900,2700,Online
ORD07834,2026-08-20,CUST0325,Webcam,South,3,28000,84000,Retail
ORD07835,2026-11-21,CUST2294,Laptop,East,2,4500,9000,Online
ORD07836,2025-09-16,CUST0091,Monitor,North,5,4500,22500,Partner
ORD07837,2026-09-18,CUST2511,Headset,South,10,12500,125000,Retail
ORD07838,2026-12-21,CUST0911,Laptop,West,7,65000,455000,Retail
ORD07839,2025-05-05,CUST2694,Monitor,South,2,12500,25000,Partner
ORD07840,2026-06-20,CUST1509,Laptop,South,9,900,8100,Online
ORD07841,2026-03-31,CUST1417,Headset,East,10,900,9000,Retail
ORD07842,2026-09-11,CUST2273,Mouse,South,8,28000,224000,Partner
ORD07843,2025-05-23,CUST1515,Tablet,North,6,900,5400,Retail
ORD07844,2026-06-10,CUST1368,Tablet,East,9,28000,252000,Partner
ORD07845,2026-07-16,CUST1346,Monitor,West,5,65000,325000,Retail
ORD07846,2026-12-25,CUST2155,Printer,North,7,65000,455000,Partner
ORD07847,2025-12-08,CUST2760,Printer,East,7,3200,22400,
ORD07848,2025-08-19,CUST0981,Tablet,East,8,65000,520000,Online
ORD07849,2025-04-27,CUST1049,Webcam,North,4,4500,18000,Online
ORD07850,2026-09-23,CUST0358,Tablet,South,8,3200,25600,Online
ORD07851,2026-06-28,CUST1721,,South,2,3200,6400,Partner
ORD07852,2025-12-20,CUST2195,Monitor,North,5,28000,140000,Online
ORD07853,2026-12-24,CUST0922,Tablet,North,2,28000,56000,Partner
ORD07854,2026-05-30,CUST0521,Keyboard,South,7,900,6300,Retail
ORD07855,2025-10-03,CUST0069,Monitor,North,6,18000,108000,Online
ORD07856,2026-08-08,CUST0293,Webcam,East,3,12500,37500,Partner
ORD07857,2026-04-23,CUST0080,Headset,West,4,18000,72000,Online
ORD07858,2026-05-09,CUST2010,Headset,West,9,3200,28800,Retail
ORD07859,2025-11-12,CUST0022,Mouse,West,7,4500,31500,Online
ORD07860,2026-08-22,CUST1360,Monitor,West,3,65000,195000,Retail
ORD07861,2025-06-04,CUST2086,Headset,North,7,18000,126000,Partner
ORD07862,2025-04-02,CUST2218,Headset,North,9,18000,162000,Partner
ORD07863,2026-05-03,CUST2885,Headset,East,9,2200,19800,Online
ORD07864,2025-02-22,CUST1148,Printer,West,10,12500,125000,Retail
ORD07865,2025-06-17,CUST1885,Keyboard,West,8,12500,100000,Partner
ORD07866,2026-07-20,CUST0122,Printer,South,5,18000,90000,Online
ORD07867,2025-02-25,CUST2486,Monitor,West,8,4500,36000,Retail
ORD07868,2025-12-07,CUST0593,Laptop,East,9,18000,162000,Partner
ORD07869,2025-06-23,CUST0187,Webcam,East,7,3200,22400,Retail
ORD07870,2026-05-15,CUST2264,Headset,East,7,18000,126000,Retail
ORD07871,2026-10-27,CUST1300,Printer,South,3,2200,6600,Online
ORD07872,2026-10-16,CUST2837,Monitor,South,7,4500,31500,Online
ORD07873,2026-08-17,CUST0269,Headset,North,4,18000,72000,Online
ORD07874,2025-09-02,CUST1065,Webcam,East,3,65000,195000,Online
ORD07875,2025-04-29,CUST1880,Webcam,South,8,65000,520000,Partner
ORD07876,2025-01-30,CUST0791,Keyboard,East,1,12500,12500,Partner
ORD07877,2025-12-06,CUST1643,Printer,East,5,3200,16000,Retail
ORD07878,2026-01-27,CUST0080,Keyboard,East,9,4500,40500,Retail
ORD07879,2025-01-30,CUST0851,Monitor,South,3,4500,13500,Online
ORD07880,2025-10-30,CUST2247,,North,2,18000,36000,Retail
ORD07881,2025-06-17,CUST0321,Webcam,West,1,18000,18000,Retail
ORD07882,2026-06-07,CUST0329,Tablet,North,7,900,6300,Online
ORD07883,2025-01-07,CUST2398,Mouse,South,6,900,5400,Retail
ORD07884,2026-11-10,CUST0487,Monitor,East,3,900,2700,Partner
ORD07885,2026-03-27,CUST0777,Laptop,North,4,3200,12800,Retail
ORD07886,2025-08-19,CUST2335,Tablet,South,9,900,8100,Retail
ORD07887,2025-07-03,CUST1163,Monitor,West,5,900,4500,Partner
ORD07888,2025-09-16,CUST0297,Headset,West,5,4500,22500,Retail
ORD07889,2026-11-21,CUST0580,Mouse,West,7,28000,196000,Online
ORD07890,2025-04-27,CUST1442,Webcam,West,2,4500,9000,Retail
ORD07891,2026-05-14,CUST1640,Headset,North,0,12500,12500,Online
ORD07892,2026-08-28,CUST2847,Tablet,West,1,65000,65000,Partner
ORD07893,2026-04-25,CUST1496,,West,3,18000,54000,Partner
ORD07894,2025-03-10,CUST2862,Monitor,North,9,12500,112500,Retail
ORD07895,2026-06-15,CUST2031,Headset,North,6,18000,108000,Online
ORD07896,2026-10-13,CUST2730,Tablet,West,8,3200,25600,Online
ORD07897,2026-04-13,CUST1983,Webcam,East,4,12500,50000,Online
ORD07898,2025-09-07,CUST2679,Laptop,East,9,900,8100,Partner
ORD07899,2025-01-25,CUST2284,Headset,North,7,4500,31500,Retail
ORD07900,2025-03-16,CUST2120,Headset,West,6,900,5400,Partner
ORD07901,2025-03-11,CUST0393,Monitor,South,2,2200,4400,Partner
ORD07902,2025-06-19,CUST2483,Laptop,North,1,900,900,Partner
ORD07903,2026-06-29,CUST1757,Keyboard,West,1,18000,18000,Online
ORD07904,2025-07-08,CUST1178,Keyboard,South,4,3200,12800,Online
ORD07905,2025-08-18,CUST1116,Printer,West,8,12500,100000,Retail
ORD07906,2026-09-25,CUST2353,Monitor,West,10,3200,32000,Online
ORD07907,2026-09-19,CUST2822,Webcam,West,6,18000,108000,Online
ORD07908,2026-01-10,CUST0768,Headset,East,5,3200,16000,Partner
ORD07909,2026-02-21,CUST1062,Printer,North,6,2200,13200,Partner
ORD07910,2026-12-13,CUST0838,Keyboard,North,1,900,900,Retail
ORD07911,2026-04-11,CUST2904,Headset,South,10,18000,180000,Partner
ORD07912,2025-07-20,CUST2614,Keyboard,South,8,4500,36000,Partner
ORD07913,2025-05-05,CUST2005,Keyboard,South,9,3200,28800,Partner
ORD07914,2026-03-27,CUST2703,Keyboard,North,5,18000,90000,Online
ORD07915,2026-04-03,CUST1703,Keyboard,West,5,4500,22500,Retail
ORD07916,2026-09-19,CUST1632,Keyboard,West,7,4500,31500,Retail 
ORD07917,2025-10-30,CUST1802,Printer,South,7,65000,455000,Partner
ORD07918,2025-08-17,CUST1871,Laptop,North,9,28000,252000,Retail
ORD07919,2025-05-03,CUST1875,Mouse,North,8,900,7200,Partner
ORD07920,2026-03-16,CUST0767,Mouse,West,2,2200,4400,Partner
ORD07921,2026-02-21,CUST2336,Tablet,West,8,4500,36000,Partner
ORD07922,2026-11-07,CUST1733,Mouse,South,8,4500,36000,Retail
ORD07923,2026-03-11,CUST1546,Laptop,East,10,18000,180000,Retail
ORD07924,2026-12-13,CUST1625,Monitor,West,6,65000,390000,Retail
ORD07925,2025-11-08,CUST0309,Webcam,North,5,3200,16000,Online
ORD07926,2026-07-27,CUST1219,Keyboard,West,10,900,9000,partner
ORD07927,2025-02-01,CUST0818,Laptop,East,2,18000,36000,Retail
ORD07928,2026-08-05,CUST2805,Monitor,East,9,900,8100,Online
ORD07929,2026-04-15,CUST1167,Monitor,North,8,18000,144000,Retail
ORD07930,2025-02-06,CUST2197,Printer,South,7,3200,22400,Online
ORD07931,2026-07-15,CUST1687,Headset,South,6,18000,108000,Online
ORD07932,2025-02-08,CUST2794,Laptop,East,2,12500,25000,Online
ORD07933,2026-10-17,CUST0437,Headset,South ,2,2200,4400,Partner
ORD07934,2025-05-08,CUST2940,Printer,South,9,900,8100,Partner
ORD07935,2025-01-04,CUST2217,Tablet,West,3,2200,6600,Retail
ORD07936,2025-11-20,CUST0630,Monitor,West,8,28000,224000,Retail
ORD07937,2025-03-22,CUST1092,Webcam,North,1,4500,4500,Partner
ORD07938,2025-12-08,CUST0848,Monitor,South,10,18000,180000,Partner
ORD07939,2026-10-18,CUST1328,Keyboard,South,10,4500,45000,Online
ORD07940,2025-12-10,CUST0923,Monitor,South,3,4500,13500,Partner
ORD07941,2025-04-16,CUST2488,Tablet,North,1,2200,2200,Partner
ORD07942,2026-03-30,CUST2299,Printer,West,9,4500,40500,Partner
ORD07943,2026-08-20,CUST2864,Laptop,South,2,65000,130000,Partner
ORD07944,2026-11-07,CUST1048,Keyboard,West,6,28000,168000,Partner
ORD07945,2027-01-01,CUST0193,Printer,North,five,65000,585000,Retail
ORD07946,2026-05-08,CUST0483,Headset,North,10,2200,22000,Partner
ORD07947,2026-03-29,CUST2030,Mouse,West,8,18000,144000,Online
ORD07948,2025-12-27,CUST1622,Printer,East,6,900,5400,Retail
ORD07949,2025-02-20,CUST1929,Monitor,South,7,12500,87500,Online
ORD07950,2026-05-05,CUST1939,Laptop,South,1,900,900,Partner
ORD07951,2025-06-15,CUST0491,Laptop,East,3,900,2700,Retail
ORD07952,2026-08-18,CUST0610,Laptop,South,1,900,900,Retail
ORD07953,2025-01-24,CUST1405,Laptop,South,9,28000,252000,Retail
ORD07954,2025-03-05,CUST2257,Printer,South,4,18000,72000,Partner
ORD07955,2025-12-18,CUST0249,Mouse,West,2,28000,56000,Retail 
ORD07956,2025-09-07,CUST2337,Webcam,South,4,2200,8800,Retail
ORD07957,2025-11-20,CUST0328,Monitor,West,2,28000,56000,Partner
ORD07958,2026-12-10,CUST1055,Mouse,North,2,4500,9000,Online
ORD07959,2026-04-29,CUST1556,Mouse,South,9,2200,19800,Partner
ORD07960,2026-08-16,CUST2694,Monitor,North,7,65000,455000,Retail
ORD07961,2026-09-20,CUST2894,Keyboard,East,1,3200,3200,Partner
ORD07962,2025-11-30,CUST0412,Tablet,West,3,3200,9600,Partner
ORD07963,2025-04-25,CUST0856,Tablet,South,7,28000,196000,Retail
ORD07964,2025-04-20,CUST0298,,West,6,65000,390000,Partner
ORD07965,2026-08-08,CUST2593,Headset,South,6,2200,13200,Partner
ORD07966,2025-09-27,CUST0633,Printer,South,10,28000,280000,Online
ORD07967,2025-12-31,CUST2440,Webcam,South,8,4500,36000,Online
ORD07968,2026-12-24,CUST0695,Headset,South,5,28000,140000,Online
ORD07969,2026-10-17,CUST0685,Laptop,South,3,2200,6600,Online
ORD07970,2026-03-29,CUST1349,Webcam,East,1,12500,12500,Partner
ORD07971,2026-02-04,CUST0548,Tablet,East,9,12500,112500,Partner
ORD07972,2025-06-25,CUST2008,Printer,East,1,2200,2200,Retail
ORD07973,2026-06-23,CUST0115,Laptop,East,6,900,5400,online
ORD07974,2025-06-25,CUST2899,Tablet,North,1,900,900,Online
ORD07975,2026-01-20,CUST0318,Laptop,East,4,12500,50000,Retail
ORD07976,2026-06-08,CUST1668,Keyboard,North,4,4500,18000,Retail
ORD07977,2025-03-25,CUST2951,Headset,North,3,28000,84000,Online
ORD07978,2026-06-13,CUST1906,Keyboard,West,1,12500,12500,Partner
ORD07979,2025-09-19,CUST0099,Keyboard,South,5,28000,140000,Online
ORD07980,2026-08-10,CUST2001,Webcam,West,9,18000,162000,Online
ORD07981,2026-07-13,CUST1205,Monitor,South,7,4500,31500,Partner
ORD07982,2026-11-28,CUST1869,Laptop,West,7,4500,31500,Online
ORD07983,2026-11-12,CUST2835,Printer,South,4,65000,260000,Retail
ORD07984,2026-11-08,CUST0499,Laptop,South,1,28000,28000,Retail
ORD07985,2025-01-28,CUST2708,Monitor,North,5,2200,11000,Partner
ORD07986,2026-09-21,CUST2548,Laptop,East,5,28000,140000,Retail
ORD07987,2026-03-10,CUST0849,Webcam,East,6,4500,27000,Retail
ORD07988,2025-03-01,CUST2299,Printer,West,9,3200,28800,Retail
ORD07989,2025-10-12,CUST1877,Monitor,West,6,28000,-1000,Online
ORD07990,2025-02-16,CUST1291,Monitor,West,9,3200,28800,Online
ORD07991,2026-02-13,CUST2015,Tablet,South,1,900,900,Retail
ORD07992,2025-06-21,CUST0086,Printer,North,6,65000,390000,Partner
ORD07993,2025-05-26,CUST1649,Laptop,West,7,28000,196000,Partner
ORD07994,2026-05-30,CUST1239,Headset,East,10,900,9000,Online
ORD07995,2026-01-04,CUST1287,Laptop,North,1,2200,2200,Partner
ORD07996,2026-11-22,CUST2245,Keyboard,South,7,2200,15400,Online
ORD07997,2026-08-07,CUST1770,Printer,South,10,12500,125000,Partner
ORD07998,2026-01-20,CUST2863,Webcam,South,1,18000,18000,Retail
ORD07999,2025-06-01,CUST0087,Tablet,North,7,3200,22400,Partner
ORD08000,2026-02-17,CUST0739,Webcam,West,9,4500,40500,Partner
ORD08001,2026-04-12,CUST2127,Mouse,South,3,4500,13500,Retail
ORD08002,2025-11-23,CUST0170,Tablet,East,4,12500,50000,Partner
ORD08003,2025-03-04,CUST1768,Mouse,North,4,65000,260000,Retail
ORD08004,2025-05-08,CUST0323,Printer,North,8,18000,144000,Partner
ORD08005,2025-02-15,CUST0111,Monitor,East,7,900,6300,Retail
ORD08006,2026-12-20,CUST1402,Mouse,West,1,28000,28000,Retail
ORD08007,2026-09-09,CUST0217,Tablet,East,7,2200,15400,Retail
ORD08008,2025-01-11,CUST1850,Monitor,West,1,2200,2200,Partner
ORD08009,2025-10-20,CUST1566,Tablet,West,6,28000,168000,Retail
ORD08010,2026-10-23,CUST0289,Laptop,East,8,12500,100000,Online
ORD08011,2025-10-16,CUST2225,Headset,North,2,18000,36000,Retail
ORD08012,2026-12-09,CUST2691,Laptop,West,5,2200,11000,Online
ORD08013,2025-01-21,CUST0547,Printer,East,10,4500,45000,Online
ORD08014,2025-03-22,CUST2901,Tablet,North,6,4500,27000,Partner
ORD08015,2026-08-11,CUST1151,Keyboard,East,10,900,9000,Partner
ORD08016,2026-03-25,CUST1557,Mouse,North,10,65000,650000,Partner
ORD08017,2026-11-07,CUST1581,Tablet,South,6,28000,168000,Retail
ORD08018,2025-05-06,CUST2961,Mouse,West,4,18000,72000,Online
ORD08019,2026-02-18,CUST0325,Headset,East,4,12500,50000,Partner
ORD08020,2026-11-01,CUST0098,Monitor,North,7,18000,126000,Online
ORD08021,2026-03-26,CUST2575,Printer,South,3,12500,37500,Online
ORD08022,2025-09-02,CUST1671,Keyboard,East,9,28000,252000,Partner
ORD08023,2025-09-27,CUST1512,Tablet,South,4,2200,8800,Partner
ORD08024,2026-07-03,CUST1815,,East,4,900,3600,Retail
ORD08025,2025-05-01,CUST1382,Headset,South,5,4500,22500,Retail
ORD08026,2026-08-06,CUST1369,Webcam,East,6,12500,75000,Partner
ORD08027,2026-10-28,CUST0106,Mouse,East,4,18000,72000,Partner
ORD08028,2026-01-01,CUST2288,Mouse,East,4,900,3600,Online
ORD08029,2026-07-01,CUST0547,Headset,East,3,12500,37500,Retail
ORD08030,2026-03-24,CUST2859,Keyboard,South,2,12500,25000,Online
ORD08031,2026-08-10,CUST1756,Keyboard,West,6,900,5400,Partner
ORD08032,2026-04-06,CUST0748,Keyboard,North,3,2200,6600,Partner
ORD08033,2025-04-04,CUST0624,Webcam,South,7,4500,31500,Partner
ORD08034,2025-02-25,CUST2911,Tablet,East,8,3200,25600,Retail
ORD08035,2026-08-07,CUST0393,Tablet,West,9,12500,112500,Retail
ORD08036,2026-02-17,CUST0406,Mouse,East,10,12500,125000,Partner
ORD08037,2025-09-01,CUST0904,Tablet,East,9,28000,252000,Online
ORD08038,2025-09-18,CUST2459,Printer,South,4,18000,72000,Online
ORD08039,2026-11-04,CUST1079,Laptop,North,3,12500,37500,Online
ORD08040,2026-05-24,CUST0556,Webcam,North,9,28000,252000,Retail 
ORD08041,2025-06-07,CUST0416,Printer,East,2,12500,25000,Partner
ORD08042,2026-11-19,CUST0286,Printer,West,3,2200,6600,Partner
ORD08043,2025-03-17,CUST1525,Printer,South,10,28000,280000,Partner
ORD08044,2026-12-18,CUST0798,Printer,West,10,3200,32000,Retail
ORD08045,2025-10-14,CUST2794,Printer,North,9,65000,585000,Retail
ORD08046,2025-05-13,CUST2559,Printer,West,2,3200,6400,Online
ORD08047,2025-08-31,CUST1005,Monitor,East,4,4500,18000,Partner
ORD08048,2025-12-31,CUST2128,Monitor,East,2,900,1800,Online
ORD08049,2026-06-29,CUST0643,Keyboard,East,9,900,8100,Retail
ORD08050,2025-06-23,CUST2969,Tablet,South,4,28000,112000,Retail
ORD08051,2025-06-29,CUST0847,Printer,West,1,900,900,Partner
ORD08052,2026-08-19,CUST0366,Headset,West,1,18000,18000,Online
ORD08053,2025-08-16,CUST2772,,West,9,12500,112500,Online
ORD08054,2025-08-31,CUST0892,Monitor,North,8,3200,25600,Retail
ORD08055,2026-12-03,CUST1817,Webcam,West,10,3200,32000,Retail
ORD08056,2026-09-15,CUST1353,Mouse,South,8,3200,25600,Retail
ORD08057,2026-07-25,CUST2699,Webcam,West,5,12500,62500,Partner
ORD08058,2026-05-08,CUST0103,Monitor,South,2,12500,25000,Online
ORD08059,2025-02-21,CUST1920,Printer,West,9,4500,40500,Online
ORD08060,2025-07-03,CUST1574,Printer,East,4,65000,260000,Retail
ORD08061,2025-07-31,CUST1815,Headset,East,2,65000,130000,Retail
ORD08062,2025-07-17,CUST2235,Tablet,North,5,2200,11000,Partner
ORD08063,2026-02-14,CUST0631,Laptop ,South,9,12500,112500,Online
ORD08064,2026-11-21,CUST1021,Headset,West,10,65000,650000,Online
ORD08065,2025-01-19,CUST2542,Headset,North,3,18000,54000,Retail
ORD08066,2025-04-25,CUST2693,Tablet,South,5,18000,90000,Partner
ORD08067,2025-09-12,CUST0268,Mouse,East,5,12500,62500,Online
ORD08068,2025-03-08,CUST1904,Monitor,North,10,4500,45000,Online
ORD08069,2026-10-29,CUST1754,Keyboard,North,2,4500,9000,Partner
ORD08070,2026-12-19,CUST0835,Tablet,North,10,4500,45000,Retail
ORD08071,2025-12-10,CUST1532,Laptop,West,1,28000,28000,Partner
ORD08072,2025-03-26,CUST2568,Laptop,North,5,4500,22500,Online
ORD08073,2026-05-15,CUST0161,Keyboard,East,1,12500,12500,Online
ORD08074,2025-02-01,CUST1998,Webcam,East,3,900,2700,Retail
ORD08075,2026-05-16,CUST2542,Monitor,South,5,12500,62500,Partner
ORD08076,2026-04-24,CUST1201,Mouse,West,2,900,1800,Retail 
ORD08077,2026-06-06,CUST0399,Keyboard,West,2,28000,56000,Partner
ORD08078,2025-04-04,CUST1758,Webcam,East,2,900,1800,Online
ORD08079,2026-02-05,CUST1895,Tablet,East,9,18000,162000,Partner
ORD08080,2026-10-07,CUST2150,Monitor,West,2,12500,25000,Partner
ORD08081,2026-12-09,CUST1039,Monitor,North,4,900,3600,Partner
ORD08082,2026-08-21,CUST2633,Mouse,West,8,12500,100000,Retail
ORD08083,2026-10-25,CUST1756,Monitor,West,1,4500,4500,Partner
ORD08084,2025-06-18,CUST1988,Mouse,South,4,3200,12800,Partner
ORD08085,2025-04-22,CUST2030,Webcam,North,9,28000,252000,Online
ORD08086,2025-01-14,CUST2797,Monitor,North,9,28000,252000,Retail
ORD08087,2026-08-23,CUST1712,Mouse,North,7,18000,126000,Online
ORD08088,2025-02-03,CUST2029,Mouse,South,4,3200,12800,Retail
ORD08089,2026-12-20,CUST2272,Printer,East,5,65000,325000,Partner
ORD08090,2026-02-07,CUST1181,Monitor,West,3,18000,54000,Partner
ORD08091,2026-03-27,CUST0683,Mouse,West,10,4500,45000,Retail
ORD08092,2026-05-08,CUST0089,Headset,West,8,4500,36000,Retail
ORD08093,2026-12-08,CUST2040,monitor,South,10,65000,650000,Partner
ORD08094,2026-03-11,CUST2729,Keyboard,East,3,2200,6600,Retail
ORD08095,2025-10-23,CUST0684,Mouse,East,6,900,5400,Partner
ORD08096,2026-04-08,CUST2548,Webcam,East,10,18000,180000,Online
ORD08097,2026-03-09,CUST1870,Monitor,North,9,18000,162000,Online
ORD08098,2026-07-06,CUST1080,Webcam,South,5,18000,90000,Partner
ORD08099,2025-11-04,CUST2583,Keyboard,West,3,900,2700,Retail
ORD08100,2025-09-16,CUST1219,Printer,East,9,18000,162000,Partner
ORD08101,2026-08-08,CUST1804,Mouse,North,8,12500,100000,Retail
ORD08102,2026-10-30,CUST1174,Printer,South,7,28000,196000,Retail
ORD08103,2026-10-29,CUST1080,Headset,East,5,28000,140000,Retail
ORD08104,2025-12-24,CUST0788,Printer,West,10,18000,180000,Retail
ORD08105,2025-09-09,CUST1109,Keyboard,North,9,65000,585000,Partner
ORD08106,2026-03-22,CUST0113,Printer,North,2,12500,25000,Online
ORD08107,2026-04-08,CUST2546,Headset,East,2,28000,56000,Online
ORD08108,2025-08-20,CUST2072,Keyboard,South,5,2200,11000,Retail
ORD08109,2025-02-16,CUST0170,Monitor,North,2,900,1800,Online
ORD08110,2025-01-20,CUST1299,Laptop,East,1,4500,4500,Partner
ORD08111,2026-07-23,CUST1823,Monitor,West,6,2200,13200,Partner
ORD08112,2026-05-20,CUST1000,Webcam,East,9,2200,19800,Online
ORD08113,2025/13/40,CUST1844,Headset,East,2,2200,4400,Online
ORD08114,2026-11-25,CUST2920,Headset,East,5,65000,325000,Online
ORD08115,2026-06-11,CUST1110,Tablet,North,4,28000,112000,Online
ORD08116,2025-06-24,CUST2926,,East,1,2200,2200,Online
ORD08117,2025-08-26,CUST2583,Mouse,North,6,2200,N/A,Online
ORD08118,2025-06-09,CUST1907,Monitor,North,6,900,5400,Partner
ORD08119,2025-11-16,CUST1685,Printer,North,8,900,7200,Online
ORD08120,2026-07-09,CUST2854,Webcam,North,8,28000,224000,Online
ORD08121,2026-07-08,CUST1636,Keyboard,East,5,3200,16000,Online
ORD08122,2025-06-03,CUST1867,Monitor,South,8,4500,36000,Online
ORD08123,2025-09-14,CUST2295,Tablet,East,3,2200,6600,Online
ORD08124,2026-11-26,CUST1904,Printer,South,10,28000,280000,Partner
ORD08125,2025-05-11,CUST2003,Printer,East,8,4500,36000,Online
ORD08126,2025-12-19,CUST0624,Monitor,West,2,12500,25000,Partner
ORD08127,2026-02-11,CUST0790,Tablet,North,5,2200,11000,Partner
ORD08128,2025-06-07,CUST1694,Headset,West,6,4500,27000,Online
ORD08129,2026-12-06,CUST1320,Monitor,West,1,3200,3200,Retail
ORD08130,2026-12-09,CUST1669,Tablet,North,5,65000,325000,Retail
ORD08131,2025-11-08,CUST1930,Tablet,East,5,12500,62500,Partner
ORD08132,2025-07-29,CUST0423,Laptop,East,4,12500,50000,Partner
ORD08133,2025-12-06,CUST1008,Monitor,East,8,12500,100000,Online
ORD08134,2025-03-29,CUST0214,Headset,East,6,2200,13200,Online
ORD08135,2025-08-09,CUST0444,Webcam,West,10,65000,650000,Partner
ORD08136,2026-11-20,CUST2570,Printer,East,1,28000,28000,Partner
ORD08137,2025-04-29,CUST2275,Webcam,West,10,65000,650000,Online
ORD08138,2025-03-22,CUST0794,Tablet,West,10,3200,32000,Partner
ORD08139,2025-07-28,CUST2049,Laptop,EAST,,3200,9600,Retail
ORD08140,2026-04-16,CUST2746,Headset,South,7,18000,126000,Partner
ORD08141,2025-12-26,CUST2196,Laptop,North,4,18000,72000,Partner
ORD08142,2026-03-12,CUST0078,Laptop,South,7,900,6300,Retail
ORD08143,2025-01-15,CUST0259,Monitor,South,10,2200,22000,Online
ORD08144,2026-08-26,CUST2718,Monitor,,8,28000,224000,Retail
ORD08145,2025-11-08,CUST0938,Monitor,North,9,2200,19800,Partner
ORD08146,2026-04-23,CUST1830,Keyboard,East,3,18000,54000,Partner
ORD08147,2025-11-26,CUST2409,Webcam,North,7,12500,87500,Online
ORD08148,2025-06-12,CUST1555,Keyboard,South,2,4500,9000,Partner
ORD08149,2026-04-26,CUST0445,Tablet,South,6,3200,19200,Retail
ORD08150,2025-10-27,CUST0236,Monitor,North,8,3200,25600,Online
ORD08151,2025-09-04,CUST1085,Laptop,North,9,18000,162000,Partner
ORD08152,2025-02-09,CUST2623,Mouse,South,3,18000,54000,Online
ORD08153,2026-06-09,CUST2207,Tablet,West,9,28000,252000,Partner
ORD08154,2025-08-07,CUST2030,Headset,South,1,4500,4500,Partner
ORD08155,2026-05-07,CUST0412,Monitor,East,10,3200,32000,Partner
ORD08156,2026-07-27,CUST1914,Monitor,East,2,3200,6400,Partner
ORD08157,2025-01-09,CUST0214,Webcam,South,2,12500,25000,Online
ORD08158,2025-10-21,CUST2278,Laptop,North,8,28000,224000,Online
ORD08159,2025-02-20,CUST1090,Tablet,West,10,4500,45000,Retail
ORD08160,2025-05-04,CUST0169,Monitor,South,4,2200,8800,Online
ORD08161,2026-10-13,CUST0254,Mouse,East,6,3200,19200,Partner
ORD08162,2025-08-03,CUST1678,Tablet,East,8,4500,36000,Retail
ORD08163,2025-07-09,CUST0913,Keyboard,North,1,3200,3200,Partner
ORD08164,2025-06-06,CUST0176,Tablet,East,5,12500,62500,Partner
ORD08165,2026-06-06,CUST0845,Printer,East,5,2200,11000,Online
ORD08166,2026-02-25,CUST0885,Monitor,North,7,4500,31500,Online
ORD08167,2026-05-23,CUST1944,Webcam,South,2,28000,56000,Retail
ORD08168,2025-02-11,CUST0038,Mouse,West,4,12500,50000,Retail
ORD08169,2025-12-30,CUST0593,Laptop,North,1,28000,28000,Online
ORD08170,2025-02-21,CUST1159,Mouse,East,2,4500,9000,Retail
ORD08171,2025-05-29,CUST0971,Tablet,East,2,3200,6400,Retail
ORD08172,2026-11-11,CUST0875,Mouse,East,10,65000,650000,Retail
ORD08173,2026-04-30,CUST0944,Laptop,East,3,4500,13500,Partner
ORD08174,2026-06-04,CUST1234,Webcam,East,1,2200,2200,Partner
ORD08175,2025-11-16,CUST1604,Headset,East,10,3200,32000,Retail
ORD08176,2026-01-19,CUST0266,Monitor,East,9,900,8100,Partner
ORD08177,2026-06-23,CUST1879,Headset,East,1,12500,12500,Retail
ORD08178,2026-04-08,CUST0466,Laptop,North,1,900,900,Partner
ORD08179,2025-10-09,CUST0278,Mouse,East,10,4500,45000,Online
ORD08180,2025-06-19,CUST0260,Webcam,North,4,18000,72000,Online
ORD08181,2025-05-26,CUST0385,Monitor,North,,12500,112500,Partner
ORD08182,2025-10-30,CUST1770,Monitor,South,9,28000,252000,Online
ORD08183,2026-02-06,CUST2486,Headset,North,6,28000,168000,Partner
ORD08184,2025-02-18,CUST2464,Monitor,East,5,3200,16000,Online
ORD08185,2026-09-24,CUST0114,Monitor,South,5,65000,325000,Partner
ORD08186,2026-12-25,CUST0398,Monitor,West,4,12500,50000,Retail
ORD08187,2026-10-05,CUST1024,Headset,North,4,18000,72000,Retail
ORD08188,2025-02-18,CUST1130,Mouse,North,7,2200,15400,Retail
ORD08189,2026-08-27,CUST0202,Mouse,North,8,12500,100000,Partner
ORD08190,2026-01-29,CUST2426,Monitor,West,4,12500,50000,Partner
ORD08191,2026-07-18,CUST2399,Keyboard,East,5,12500,62500,Online
ORD08192,2026-05-12,CUST1900,Webcam,East,10,900,9000,Online
ORD08193,2025-08-22,CUST0676,Tablet,North,6,65000,390000,Partner
ORD08194,2026-05-20,CUST1957,Headset,South,4,2200,8800,Partner
ORD08195,2026-10-24,CUST2636,Printer,South,3,18000,54000,Online
ORD08196,2025-08-22,CUST2633,Headset,East,3,900,2700,Partner
ORD08197,2025-12-08,CUST2511,Webcam,North,7,3200,22400,Online
ORD08198,2025-02-02,CUST2457,Webcam,North,6,4500,27000,Partner
ORD08199,2025-09-27,CUST0015,Monitor,West,9,4500,40500,Partner
ORD08200,2025-10-21,CUST0542,Monitor,EAST,2,12500,25000,Partner
ORD08201,2025-02-01,CUST2547,Mouse,East,5,28000,140000,Online
ORD08202,2025-03-21,CUST2317,Headset,West,6,18000,108000,Partner
ORD08203,2025-04-29,CUST0677,Headset,West,2,28000,56000,Retail
ORD08204,2025-11-23,CUST1775,Keyboard,West,10,3200,32000,Partner
ORD08205,2026-11-27,CUST1616,Laptop,West,3,28000,84000,Partner
ORD08206,2025-07-29,CUST1030,Tablet,East,9,18000,162000,Retail
ORD08207,2026-12-20,CUST2955,Keyboard,North,6,900,5400,Partner
ORD08208,2026-11-29,CUST1598,Keyboard,South,3,18000,54000,Partner
ORD08209,2026-06-29,CUST0490,Monitor,East,5,28000,140000,Partner
ORD08210,2026-07-19,CUST1150,Laptop,East,4,65000,260000,Retail
ORD08211,2025-05-09,CUST2950,Laptop,North,4,28000,112000,Online
ORD08212,2025-04-06,CUST1678,Tablet,East,6,2200,13200,Partner
ORD08213,2026-05-18,CUST0631,Keyboard,West,5,2200,11000,Retail
ORD08214,2026-11-09,CUST2691,Laptop,South,5,12500,62500,Retail
ORD08215,2026-07-04,CUST1187,Headset,East,8,900,7200,Partner
ORD08216,2026-04-12,CUST1911,,West,4,65000,260000,Partner
ORD08217,2025-07-04,CUST2818,Webcam,West,2,18000,36000,Retail
ORD08218,2026-12-07,CUST0261,Tablet,South,7,28000,196000,Online
ORD08219,2026-10-10,CUST2497,Laptop,East,5,3200,16000,Online
ORD08220,2025-08-06,CUST0936, LAPTOP,East,10,65000,650000,Partner
ORD08221,2026-04-21,CUST1810,Printer,North,6,900,5400,Online
ORD08222,2025-02-21,CUST1759,Headset,North,2,2200,4400,Retail
ORD08223,2025-07-21,CUST2272,Headset,West,4,65000,260000,Retail
ORD08224,2025-09-13,CUST1959,Headset,East,3,4500,13500,Online
ORD08225,2025-08-16,CUST1808,Mouse,East,6,3200,19200,Partner
ORD08226,2025-05-25,CUST1666,Printer,South,6,2200,13200,Partner
ORD08227,2026-05-24,CUST0677,Tablet,South,9,4500,40500,Retail
ORD08228,2026-09-15,CUST0950,Webcam,South,7,65000,455000,Partner
ORD08229,2026-07-06,CUST2451,Headset,East,9,12500,112500,Retail
ORD08230,2026-07-20,CUST2112,Laptop,South,7,28000,196000,Retail
ORD08231,2026-05-18,CUST1845,Keyboard,North,7,2200,15400,Partner
ORD08232,2026-04-02,CUST1610,Tablet,East,6,2200,13200,Retail
ORD08233,2025-11-14,CUST0101,Mouse,East,7,4500,31500,Online
ORD08234,2025-09-21,CUST2428,,South,5,2200,11000,Online
ORD08235,2026-08-23,CUST0362,Webcam,North,2,3200,6400,Online
ORD08236,2026-01-03,CUST2363,Printer,North,1,65000,65000,Partner
ORD08237,2025-07-20,CUST1841,Printer,South,2,28000,56000,Retail
ORD08238,2026-06-24,CUST1233,Keyboard,East,4,4500,18000,Partner
ORD08239,2025-10-15,CUST1751,Printer,North,10,18000,180000,Retail
ORD08240,2025-03-02,CUST0931,Webcam,North,8,65000,520000,Online
ORD08241,2025-01-15,CUST2000,Printer,East,1,2200,2200,Retail
ORD08242,2026-11-12,CUST0268,Keyboard,South,10,12500,125000,Online
ORD08243,2026-05-30,CUST0449,Mouse,West,5,4500,22500,Retail
ORD08244,2025-09-26,,Headset,South,8,28000,224000,Online
ORD08245,2026-10-09,CUST2819,Headset,South,7,65000,455000,Retail
ORD08246,2025-05-31,CUST2865,Tablet,East,5,900,4500,Online
ORD08247,2026-07-16,CUST0484,Monitor,,2,12500,25000,Retail
ORD08248,2025-04-07,CUST2812,Keyboard,North,7,65000,455000,Retail
ORD08249,2025-12-27,CUST2428,Headset,South,6,28000,168000,Online
ORD08250,2026-06-21,CUST0258,Webcam,West,3,28000,84000,Retail
ORD08251,2026-05-23,CUST0519,Webcam,West,4,2200,8800,Partner
ORD08252,2026-03-14,CUST1102,Mouse,West,3,2200,6600,Online
ORD08253,2025-03-22,CUST0006,Keyboard,South,10,12500,125000,Partner
ORD08254,2026-10-11,CUST0479,Laptop,East,6,4500,27000,Partner
ORD08255,2025-08-23,CUST1728,Keyboard,North,5,12500,62500,Retail
ORD08256,2025-02-04,CUST2612,Keyboard,North,4,3200,12800,Partner
ORD08257,2025-04-15,CUST0548,Laptop,South,3,2200,6600,Retail
ORD08258,2026-02-09,CUST2750,Laptop,South,7,3200,22400,Partner
ORD08259,2025-08-31,CUST1542,Webcam,West,1,4500,4500,Online
ORD08260,2025-07-06,CUST1485,Monitor,West,2,4500,9000,Online
ORD08261,2025-08-09,CUST2117,Monitor,East,1,18000,18000,Partner
ORD08262,2025-12-09,CUST0013,Webcam,South,3,900,2700,Retail
ORD08263,2026-01-07,CUST1629,Laptop,East,7,65000,455000,Retail
ORD08264,2025-06-08,CUST1460,Monitor,West,7,18000,126000,Partner
ORD08265,2026-08-02,CUST1492,Monitor,South,2,28000,56000,Online
ORD08266,2025-11-20,CUST0872,Monitor,North,4,3200,12800,Retail
ORD08267,2026-11-23,CUST2624,Monitor,North,,3200,12800,Retail
ORD08268,2026-02-06,CUST0944,Monitor,East,6,18000,108000,Partner
ORD08269,2026-02-05,CUST0484,Webcam,North,10,900,9000,Online
ORD08270,2026-09-03,CUST0351,Printer,East,2,4500,9000,Partner
ORD08271,2025-08-06,CUST1830,Keyboard,South,4,65000,260000,Retail
ORD08272,2026-04-10,CUST2160,Mouse,West,9,65000,585000,Online
ORD08273,2026-05-03,CUST2800,Printer,South,4,2200,8800,Partner
ORD08274,2025-08-10,CUST2236,,East,8,65000,520000,Retail
ORD08275,2025-07-07,CUST0241,Laptop,West,10,18000,180000,Online
ORD08276,2026-01-20,CUST0769,Printer,West,1,12500,12500,Online
ORD08277,2025-02-26,CUST2992,Printer,East,4,28000,112000,Partner
ORD08278,2026-08-11,CUST1436,Tablet,South,3,4500,13500,Partner
ORD08279,2026-03-26,CUST1571,Mouse,North,2,2200,4400,Retail
ORD08280,2026-04-01,CUST1774,Webcam,East,7,65000,455000,Retail
ORD08281,2026-10-14,CUST2393,Mouse,South,4,18000,72000,Online
ORD08282,2026-09-26,CUST0075,Mouse,South,1,3200,3200,Partner
ORD08283,2026-01-20,CUST1545,Headset,South,3,3200,9600,Partner
ORD08284,2025-06-20,CUST1328,Monitor,South,10,4500,45000,Retail
ORD08285,2026-04-16,CUST1534,Tablet,West,4,18000,72000,Online
ORD08286,2026-07-25,CUST2092,Tablet,South,10,2200,22000,Retail
ORD08287,2026-06-12,CUST2042,Mouse,East,8,12500,100000,Online
ORD08288,2026-06-18,CUST2318,Headset,East,1,28000,28000,Retail
ORD08289,2026-03-21,CUST1839,Printer,East,9,12500,112500,Partner
ORD08290,2025-01-03,CUST0795,Mouse,West,1,2200,2200,Retail
ORD08291,2026-07-05,CUST1558,Keyboard,South,10,900,9000,Partner
ORD08292,2026-10-19,CUST0575,Monitor,South,6,65000,390000,Retail
ORD08293,2026-03-11,CUST0588,Webcam,East,1,900,900,Online
ORD08294,2025-11-17,CUST1505,Headset,East,6,28000,168000,Retail 
ORD08295,2025-11-10,CUST1270,Headset,East,3,28000,84000,Online
ORD08296,2025-03-28,CUST0604,Keyboard,south,9,12500,112500,Retail
ORD08297,2025-11-09,CUST2753,,North,7,28000,196000,Partner
ORD08298,2025-06-25,CUST1524,Headset,West,10,3200,32000,Online
ORD08299,2026-05-19,CUST1451,, north,4,900,3600,Partner
ORD08300,2025-01-16,CUST2737,Headset,East,1,18000,18000,Retail
ORD08301,2025-07-19,CUST0708,Mouse,South,2,28000,56000,Partner
ORD08302,2026-07-21,CUST0789,Monitor,North,2,12500,25000,Online
ORD08303,2025-05-08,CUST1096,Tablet,West,5,12500,62500,Retail
ORD08304,2025-04-15,CUST2899,Tablet,West,7,900,6300,Online
ORD08305,2026-10-13,CUST0165,Mouse,North,4,12500,50000,Online
ORD08306,2025-01-04,CUST1096,Webcam,South,7,4500,31500,Partner
ORD08307,2026-09-04,CUST0286,Monitor,North,8,12500,100000,Partner
ORD08308,2026-02-05,CUST1242,Keyboard,East,unknown,4500,40500,Online
ORD08309,2025-06-17,CUST1365,Tablet,North,4,12500,50000,Online
ORD08310,2025-03-11,CUST1477,Laptop,West,4,18000,72000,Retail
ORD08311,2025-06-22,CUST0463,Printer,West,2,4500,9000,Partner
ORD08312,2026-11-08,CUST1106,Webcam,North,7,65000,455000,Online
ORD08313,2026-05-19,CUST2595,Monitor,West,3,65000,195000,Retail
ORD08314,2026-03-13,CUST0127,Tablet,South,1,28000,28000,Partner
ORD08315,2026-08-04,CUST2594,Monitor,East,8,3200,25600,Online
ORD08316,2026-04-28,CUST1439,Printer,North,8,12500,100000,Online
ORD08317,2025-07-25,CUST1710,Laptop,West,7,3200,22400,Partner
ORD08318,2026-08-17,CUST1506,Tablet,North,5,28000,140000,Retail
ORD08319,2026-11-03,CUST2015,Laptop,East,4,4500,18000,Retail
ORD08320,2026-11-29,CUST2566,Keyboard,West,9,3200,28800,Retail
ORD08321,2026-04-19,CUST2893,Printer,South,5,18000,90000,Online
ORD08322,2025-09-18,CUST0253,Headset,East,3,3200,9600,Partner
ORD08323,2025-03-07,CUST1154,Mouse,West,3,4500,13500,Online
ORD08324,2025-03-23,CUST2462,Monitor,North,10,3200,32000,Online
ORD08325,2026-07-27,CUST0232,Monitor,South,6,4500,27000,Online
ORD08326,2026-05-30,CUST0925,Headset,East,5,12500,62500,Online
ORD08327,2026-03-02,CUST0147,Keyboard,West,1,65000,65000,Partner
ORD08328,2025-01-18,CUST0590,Keyboard,South,9,4500,40500,Online
ORD08329,2025-03-01,CUST1909,Tablet,South,5,18000,90000,Partner
ORD08330,2026-04-02,CUST1777,Webcam,,6,4500,27000,Partner
ORD08331,2026-01-30,CUST2981,Headset,North,1,28000,28000,Retail
ORD08332,2026-03-08,CUST0456,Laptop,North,10,3200,32000,Retail
ORD08333,2025-07-02,CUST0981,,East,5,4500,22500,Retail
ORD08334,2025-05-17,CUST1412,Monitor,South,8,65000,520000,Partner
ORD08335,2025-08-21,CUST2824,Laptop,West,10,12500,125000,Retail
ORD08336,2025-12-11,CUST1138,Headset,North,9,18000,162000,Retail
ORD08337,2026-08-21,CUST1963,Webcam,North,3,65000,195000,Online
ORD08338,2026-10-22,CUST1445,Keyboard,South,9,28000,252000,Online
ORD08339,2026-03-07,CUST0804,Mouse,East,8,12500,100000,Online
ORD08340,2026-08-11,CUST1151,Monitor,South,1,3200,3200,Partner
ORD08341,2026-02-20,CUST2828,Monitor,North,2,3200,6400,Retail
ORD08342,2025-05-02,CUST2278,Keyboard,East,5,65000,325000,Partner
ORD08343,2025-03-21,CUST2859,Printer,South,5,12500,,Partner
ORD08344,2026-07-29,CUST0749,Webcam,West,4,900,3600,Partner
ORD08345,2026-03-10,CUST1401,Laptop,West,5,18000,90000,Partner
ORD08346,2025-07-19,CUST0288,Mouse,South,10,18000,180000,Partner
ORD08347,2026-02-22,CUST0757,Webcam,West,2,4500,9000,Partner
ORD08348,2025-08-07,CUST2778,Tablet,East,9,18000,162000,Online
ORD08349,2026-11-17,CUST1295,Webcam,East,2,900,1800,Retail
ORD08350,2026-11-25,CUST1686,Keyboard,South,6,18000,108000,Partner
ORD08351,2025-11-18,CUST1330,Keyboard,West,7,900,6300,Retail
ORD08352,2026-05-28,CUST0918,Monitor,West,2,65000,130000,Retail
ORD08353,01/31/2025,CUST2349,Headset,East,1,28000,28000,Online
ORD08354,2026-02-23,CUST0480,Printer,North,7,12500,87500,Online
ORD08355,2026-03-14,CUST1970,Webcam,North,1,4500,4500,Online
ORD08356,2025-03-03,CUST2866,Mouse,SOUTH,8,12500,100000,Retail
ORD08357,2026-05-17,CUST2395,Keyboard,South,7,3200,22400,Online
ORD08358,2026-04-20,CUST2647,Laptop,East,5,65000,325000,Online
ORD08359,2025/13/40,CUST2853,Printer,North,4,65000,260000,Retail
ORD08360,2026-08-23,CUST2689,Headset,East,6,12500,75000,Retail
ORD08361,2025-08-06,CUST0686,Monitor,North,8,18000,144000,Partner
ORD08362,2026-09-22,CUST1008,Headset,,1,2200,2200,Online
ORD08363,2025-07-30,CUST2629,monitor,North,6,2200,13200,Partner
ORD08364,2026-03-04,CUST1191,Monitor,South,2,900,1800,Online
ORD08365,2025-04-20,CUST0847,Headset,South,7,28000,196000,Online
ORD08366,2026-12-20,CUST0446,Headset,North,7,28000,196000,Retail
ORD08367,2025-07-04,CUST1557,Monitor,South,5,2200,11000,Partner
ORD08368,2026-06-15,CUST2838,Mouse,North,4,18000,72000,Online
ORD08369,2026-09-15,CUST1215,Printer,West,3,2200,6600,Online
ORD08370,2025-02-17,CUST1853,Printer,South,9,2200,19800,Retail
ORD08371,2026-10-24,CUST0957,Laptop,West,7,3200,22400,Online
ORD08372,2026-08-27,CUST1033,Tablet,North,7,4500,31500,Retail
ORD08373,2025-03-09,CUST1732,Headset,West,5,65000,325000,Retail
ORD08374,2026-08-08,CUST0150,Webcam,North,2,18000,36000,Retail
ORD08375,2026-01-17,CUST0957,Printer,North,10,900,9000,Online
ORD08376,2025-11-28,CUST0952,Printer,East,5,3200,16000,Partner
ORD08377,2026-08-19,CUST0350,Tablet,South,5,3200,16000,Online
ORD08378,2025-07-25,CUST1564,Keyboard,North,4,28000,112000,Online
ORD08379,2026-01-10,CUST2905,Monitor,South,9,4500,40500,Online
ORD08380,2026-08-06,CUST2264,Laptop,East,9,3200,28800,Online
ORD08381,2025-06-02,CUST0974,Mouse,North,1,900,900,Retail
ORD08382,2025-05-18,CUST0222,Monitor,South,8,2200,17600,Retail
ORD08383,2026-12-05,CUST1284,Headset,South,10,28000,280000,Retail
ORD08384,2025-12-15,CUST1004,Webcam,West,9,4500,40500,Online
ORD08385,2025-04-08,CUST1900,Keyboard,West,2,3200,6400,Retail
ORD08386,2026-06-22,CUST2632,Monitor,East,5,900,4500,Retail
ORD08387,2025-06-08,CUST1285,Printer,East,1,65000,65000,Online
ORD08388,2025-08-10,CUST2091,Laptop,West,5,28000,140000,Retail
ORD08389,2026-11-22,CUST1896,Mouse,South,10,28000,280000,Online
ORD08390,2025-12-21,CUST0284,Keyboard,North,2,12500,25000,Online
ORD08391,2025-10-11,CUST2610,Tablet,North,4,4500,18000,Online
ORD08392,2026-03-14,CUST0942,Printer,West,3,2200,6600,Retail
ORD08393,2026-03-09,CUST2665,Laptop,North,7,12500,87500,Online
ORD08394,2025-11-06,CUST2366,Webcam,North,8,4500,36000,Retail
ORD08395,2025-04-26,CUST1201,Tablet,West,5,3200,16000,Retail
ORD08396,2026-10-01,CUST2026,Tablet,West,1,3200,3200,Retail
ORD08397,2025-06-04,CUST0393,Webcam,North,5,4500,22500,Partner
ORD08398,2025-10-08,CUST2942,Keyboard,West,7,3200,22400,Online
ORD08399,2025-11-02,CUST0715,Laptop,South,2,28000,56000,Online
ORD08400,2026-08-24,CUST0667,Mouse,East,5,65000,325000,Online
ORD08401,2026-10-07,CUST2010,Tablet,East,10,4500,45000,Retail
ORD08402,2026-06-11,CUST2732,Monitor,South,1,900,900,Retail
ORD08403,2025-03-29,CUST1403,Mouse,South,6,18000,108000,Online
ORD08404,2026-07-15,CUST0985,Laptop,West,10,4500,45000,Partner
ORD08405,2026-07-15,CUST2050,Keyboard,South,9,900,8100,Partner
ORD08406,2025-04-13,CUST2907,Mouse,East,1,12500,12500,Online
ORD08407,2025-03-16,CUST1941,Webcam,West,2,12500,25000,Online
ORD08408,2025-12-13,CUST1714,Keyboard,South,1,2200,2200,Online
ORD08409,2025-11-18,CUST0708,Laptop,West,8,65000,520000,Retail
ORD08410,2026-04-27,CUST0030,Headset,North,9,28000,252000,Retail
ORD08411,2025-12-03,CUST0821,Laptop,East,1,28000,28000,Online
ORD08412,2026-09-25,CUST2857,Tablet,North,7,900,6300,Partner
ORD08413,2026-11-11,CUST0513,Laptop,East,1,65000,65000,Retail
ORD08414,2025-08-28,CUST2849,Headset,West,4,18000,72000,Retail
ORD08415,2025-06-08,CUST1248,Monitor,North,5,3200,16000,Online
ORD08416,2026-05-23,CUST1558,Mouse,East,5,3200,16000,Online
ORD08417,2025-11-12,CUST2159,Headset,West,3,28000,84000,Online
ORD08418,2025-09-07,CUST1501,Monitor,North,2,2200,4400,Partner
ORD08419,2025-05-22,CUST0003,Keyboard,West,2,4500,-1000,Online
ORD08420,2025-01-20,CUST0953,Headset,North,4,65000,260000,Partner
ORD08421,2026-04-06,CUST0156,Keyboard,North,1,2200,2200,Partner
ORD08422,2026-06-14,CUST0333,Mouse,West,5,28000,140000,Partner
ORD08423,2026-04-05,CUST2730,Monitor,West,2,65000,130000,Partner
ORD08424,2026-03-14,CUST1156,Keyboard,South,1,12500,12500,Partner
ORD08425,2025-04-01,CUST2259,Laptop,West,6,28000,168000,Partner
ORD08426,2025-04-13,CUST0190,Webcam,West,2,65000,130000,Retail
ORD08427,2026-10-16,CUST2167,Monitor,East,9,900,8100,Retail
ORD08428,2026-10-31,CUST1116,,North,10,65000,650000,Partner
ORD08429,2026-08-30,CUST0920,Monitor,South,4,3200,12800,Online
ORD08430,2025-09-01,CUST1216,Mouse,West,6,2200,13200,Partner
ORD08431,2025-03-07,CUST2731,Monitor,North,2,2200,4400,Online
ORD08432,2025-02-20,CUST0880,Laptop,East,1,3200,3200,Retail
ORD08433,2026-11-20,CUST1435,Printer,South,2,3200,6400,Partner
ORD08434,2026-05-27,CUST0099,Laptop,West,8,900,7200,Retail
ORD08435,2025-12-16,CUST1098,Headset,West,5,2200,11000,Retail
ORD08436,2025-08-13,CUST2742,Monitor,North,7,12500,87500,Online
ORD08437,2026-06-28,CUST0289,Laptop,South,6,12500,75000,Retail
ORD08438,2026-04-25,CUST1248,Mouse,North,3,3200,9600,Partner
ORD08439,2025-10-06,CUST2785,Mouse,South,3,900,2700,Retail
ORD08440,2026-05-04,CUST2761,Tablet,North,7,900,6300,Retail
ORD08441,2025-11-30,CUST2657,Keyboard,East,3,18000,54000,Online
ORD08442,2025-02-16,CUST2109,Mouse,West,6,3200,19200,Online
ORD08443,2025-09-29,CUST1386,Mouse,East,5,28000,140000,Online
ORD08444,2025-05-14,CUST2203,Headset,West,2,28000,56000,Partner
ORD08445,2026-06-10,CUST0371,Mouse,East,4,18000,72000,Online
ORD08446,2026-09-02,CUST1228,Headset,East,2,28000,56000,Partner
ORD08447,2026-01-19,CUST1375,Mouse,South,8,18000,144000,Retail
ORD08448,2025-01-05,CUST0124,Monitor,South,8,28000,224000,Partner
ORD08449,2025-04-03,CUST1632,Tablet,East,7,3200,22400,Online
ORD08450,2025-12-18,CUST1016,Headset,West,4,65000,260000,Partner
ORD08451,2026-04-05,CUST1130,Tablet,West,6,900,5400,Retail
ORD08452,2026-05-09,CUST0472,Printer,North,5,2200,11000,Partner
ORD08453,2025-01-31,CUST2420,Tablet,South,4,2200,8800,Partner
ORD08454,2025-12-18,CUST2851,Tablet,South,4,12500,50000,Partner
ORD08455,2026-03-30,CUST2482,Mouse,West,5,28000,140000,Online
ORD08456,2025-06-21,CUST0318,Monitor,West,6,2200,13200,Retail
ORD08457,2025-03-17,CUST2726,Tablet,West,1,4500,4500,Online
ORD08458,2026-05-06,CUST0350,Printer,North,1,65000,65000,Online
ORD08459,2025-06-09,CUST1056,Printer,West,6,18000,108000,Online
ORD08460,2025-09-27,CUST0897,Webcam,South,3,2200,6600,Partner
ORD08461,2025-10-15,CUST1938,Headset,North,6,28000,168000,Partner
ORD08462,2026-10-16,CUST0531,Laptop,West,0,3200,9600,Retail
ORD08463,2026-04-12,CUST2891,Webcam,West,4,12500,50000,Retail
ORD08464,2026-07-22,CUST2520,Laptop,West,2,28000,56000,Partner
ORD08465,2025-07-15,CUST0147,,East,6,2200,13200,Online
ORD08466,2025-01-03,CUST1539,Headset,East,5,4500,22500,Online
ORD08467,2025-06-17,CUST1293,Laptop,East,1,900,900,Retail
ORD08468,2025-03-18,CUST1036,Laptop,East,8,900,7200,Online
ORD08469,2026-11-06,CUST0250,Tablet,East,7,12500,87500,Retail
ORD08470,2026-12-22,CUST0443,Tablet,East,5,18000,90000,Online
ORD08471,2025-04-01,CUST2595,Monitor,West,2,65000,130000,Partner
ORD08472,2025-07-20,CUST2787,Mouse,East,5,18000,90000,Online
ORD08473,2025-05-20,CUST0179,Printer,West,4,18000,72000,Partner
ORD08474,2025-07-17,CUST0249,Headset,West,7,18000,126000,Retail
ORD08475,2025-10-22,CUST2040,Printer,East,10,18000,180000,Online
ORD08476,2025-04-19,CUST0650,Webcam,South,6,18000,108000,Retail
ORD08477,2026-03-05,CUST1000,Webcam,East,6,12500,75000,Online
ORD08478,2026-07-26,CUST1859,Monitor,North,5,65000,325000,Retail
ORD08479,2025-12-31,CUST2140,,South,6,28000,168000,Partner
ORD08480,2025-01-21,CUST1261,Mouse,South,3,65000,195000,Retail
ORD08481,2025-06-06,CUST1431,Laptop,West,7,900,6300,Partner
ORD08482,2026-11-02,CUST0280,Headset,West,10,3200,32000,Partner
ORD08483,2026-04-23,CUST2551,Tablet,East,4,4500,18000,Retail
ORD08484,2025-02-26,CUST1013,Mouse,West,3,65000,195000,Online
ORD08485,2026-10-24,CUST2517,Keyboard,West,7,4500,31500,Online
ORD08486,2026-01-29,CUST2333,Mouse,South,1,18000,18000,Online
ORD08487,2026-08-19,CUST2990,Mouse,North,4,12500,50000,Retail
ORD08488,2026-12-15,CUST0893,Mouse,West,7,18000,126000,Retail
ORD08489,2026-08-24,CUST2584,Tablet,East,1,65000,65000,Retail
ORD08490,2025-06-03,CUST0032,Tablet,South,7,900,6300,Online
ORD08491,2026-06-24,CUST0294,Monitor,East,5,18000,90000,Partner
ORD08492,2026-08-27,CUST0078,Printer,West,2,2200,4400,Online
ORD08493,2026-02-04,CUST0594,Webcam,West,8,3200,25600,Partner
ORD08494,2025-11-24,CUST0033,Mouse,West,8,2200,17600,Partner
ORD08495,2025-05-15,CUST1847,Monitor,North,9,28000,252000,Retail
ORD08496,2026-09-04,CUST2618,Printer,North,9,28000,252000,Retail
ORD08497,2026-12-27,CUST2228,Headset,South,3,18000,54000,Retail
ORD08498,2026-01-22,CUST2552,Laptop,South,5,12500,62500,Online
ORD08499,2026-01-19,CUST2458,Headset,East,2,65000,130000,Retail
ORD08500,2025-08-10,CUST1214,Headset,,8,18000,144000,Retail
ORD08501,2025-03-26,CUST2112,Tablet,East,9,4500,40500,Partner
ORD08502,2026-03-10,CUST1757,Laptop,North,4,28000,112000,Online
ORD08503,2025-08-05,CUST0938,Keyboard,South,6,65000,390000,Retail
ORD08504,2025-06-19,CUST0490,Webcam,West,1,2200,2200,Retail
ORD08505,2026-01-27,CUST0997,Keyboard,South,2,900,1800,Partner
ORD08506,2025-09-25,CUST2697,Mouse,South,6,28000,168000,Partner
ORD08507,2025-12-07,CUST2713,Printer,East,9,900,8100,Retail
ORD08508,2026-03-22,CUST0360,Headset,North,3,2200,6600,Retail
ORD08509,2026-01-30,CUST0128,Webcam,North,8,4500,36000,Partner
ORD08510,2025-06-11,CUST1666,Laptop,South,3,4500,13500,Online
ORD08511,2025-03-09,CUST0503,Webcam,West,5,3200,16000,Retail
ORD08512,2026-12-23,CUST1373,Laptop,North,8,3200,25600,Partner
ORD08513,2025-03-15,CUST1081,Webcam,West,8,65000,520000,Partner
ORD08514,2025-02-03,CUST2585,Monitor,East,9,4500,40500,online
ORD08515,2025-06-12,CUST0417,Laptop,East,9,2200,19800,Partner
ORD08516,2026-02-22,CUST0321,Laptop,North,10,3200,32000,Online
ORD08517,2025-03-15,CUST2665,Laptop,West,7,2200,15400,Partner
ORD08518,2025-09-01,CUST2934,Headset,West,4,65000,260000,Retail
ORD08519,2026-05-22,CUST1200,Monitor,South,6,3200,19200,Retail
ORD08520,2026-02-17,CUST0449,Laptop,South,1,900,900,Partner
ORD08521,2025-09-26,CUST2254,Printer,East,5,12500,62500,Online
ORD08522,2026-08-10,CUST1404,Webcam,North,7,65000,455000,
ORD08523,2025-05-07,CUST2440,monitor,East,8,28000,224000,Online
ORD08524,2026-07-17,CUST1488,Laptop ,North,2,900,1800,Partner
ORD08525,2026-04-10,CUST2655,Webcam,North,3,4500,13500,Online
ORD08526,2026-04-12,CUST0615,Monitor,East,9,900,8100,Online
ORD08527,2025-10-22,CUST1337,Headset,North,3,18000,54000,Online
ORD08528,2025-08-04,CUST0032,Webcam,West,10,65000,error,Partner
ORD08529,2026-02-05,CUST1763,Printer,South,8,28000,224000,Partner
ORD08530,2025-11-12,CUST0368,Monitor,North,9,4500,40500,Partner
ORD08531,2026-12-06,CUST2131,Keyboard,West,9,12500,112500,Online
ORD08532,2025-02-05,CUST0489,Tablet,East,4,4500,18000,Partner
ORD08533,2025-11-29,CUST2846,Webcam,East,2,900,1800,Partner
ORD08534,2025-11-11,CUST1084,Headset,South,7,3200,22400,Retail
ORD08535,2026-09-23,CUST0016,Mouse,South,1,4500,4500,Partner
ORD08536,2025-12-10,CUST2725,Printer,North,7,4500,31500,Online
ORD08537,2026-06-07,CUST1425,Laptop,North,3,900,2700,Partner
ORD08538,2025-10-13,CUST2429,Headset,East,1,4500,4500,Partner
ORD08539,2026-01-16,CUST2988,Keyboard,East,5,2200,11000,Partner
ORD08540,2026-10-07,CUST2463,Tablet,South,5,65000,325000,Online
ORD08541,2025-05-11,CUST0199,Mouse,North,6,65000,390000,Partner
ORD08542,2026-03-05,CUST1077,Headset,North,8,12500,100000,Online
ORD08543,2025-04-22,CUST2390,Laptop,West,2,28000,56000,Retail
ORD08544,2025-07-27,CUST0256,Headset,East,7,900,6300,Online
ORD08545,2025-02-03,CUST1685,Mouse,North,8,2200,17600,Partner
ORD08546,2025-04-22,CUST1033,Webcam,East,5,4500,22500,Online
ORD08547,2025-12-31,CUST2674,Printer,East,9,3200,28800,Partner
ORD08548,2026-11-05,CUST1489,Headset,North,10,4500,45000,Retail
ORD08549,2025-10-04,CUST1932,Printer,North,6,2200,13200,Partner
ORD08550,2026-09-24,CUST2706,Mouse,North,7,28000,196000,Online
ORD08551,2025-01-07,CUST1635,Headset, north,5,4500,22500,Retail
ORD08552,2025-09-07,CUST0229,Webcam,West,9,2200,19800,Retail
ORD08553,2025-06-15,CUST2431,Monitor,,5,3200,16000,Partner
ORD08554,2026-06-17,CUST2275,Tablet,West,3,4500,13500,Retail
ORD08555,2025-06-04,CUST1776,Tablet,West,8,18000,144000,Online
ORD08556,2026-03-19,CUST1211,Webcam,North,5,28000,140000,Online
ORD08557,2025-01-04,CUST0805,Printer,South,5,65000,325000,Online
ORD08558,2025-08-15,CUST2891,Laptop,North,10,12500,125000,Partner
ORD08559,2026-07-24,CUST1365,Laptop,West,8,12500,100000,Online
ORD08560,2026-04-17,CUST0122,Headset,West,9,4500,40500,Retail
ORD08561,2025-03-27,CUST1250,Printer,North,3,18000,54000,Retail
ORD08562,2026-11-12,CUST2757,Printer,East,2,65000,130000,Online
ORD08563,2026-04-22,CUST1179,Webcam,East,2,65000,130000,Partner
ORD08564,2026-03-04,CUST1911,Headset,West,10,3200,32000,Partner
ORD08565,2025-05-06,CUST1494,Tablet,South,9,3200,28800,Retail
ORD08566,2025-10-23,CUST0398,Tablet,South,3,18000,54000,Retail
ORD08567,2025-08-11,CUST0291,Mouse,South,8,65000,520000,Partner
ORD08568,2026-03-04,CUST1213,Keyboard,South,6,18000,108000,Online
ORD08569,2026-03-09,CUST1966,Webcam,East,10,28000,280000,Online
ORD08570,2025-05-11,CUST2233,Mouse,East,2,900,1800,Retail
ORD08571,2026-02-03,CUST0367,Laptop,South,7,18000,126000,Retail
ORD08572,2026-06-17,CUST0050,Tablet,South,1,18000,18000,Partner
ORD08573,2025-11-09,CUST2011,Monitor,South,7,12500,87500,Online
ORD08574,2026-09-09,CUST0747,Headset,South,2,4500,9000,Partner
ORD08575,2025-03-18,CUST2236,Mouse,North,7,12500,87500,Retail
ORD08576,2025-08-19,CUST0865,,South,8,18000,144000,Retail
ORD08577,2025-01-15,CUST0703,Headset,south,2,4500,9000,Partner
ORD08578,2026-01-31,CUST0125,Keyboard,South,5,12500,62500,Partner
ORD08579,2025-02-04,CUST2732,Headset,East,1,900,900,Retail
ORD08580,2026-02-24,CUST1279,Keyboard,West,7,2200,15400,Partner
ORD08581,2026-08-26,,Printer,South,10,28000,280000,Online
ORD08582,2026-09-30,CUST1505,Tablet,South,4,2200,8800,Retail
ORD08583,2026-11-16,CUST0795,Tablet,North,7,65000,455000,Online
ORD08584,2026-01-26,CUST0515,Keyboard,South,1,18000,18000,Online
ORD08585,2026-02-06,CUST0856,Printer,South,10,18000,180000,Partner
ORD08586,2025-03-09,CUST2900,Keyboard,South,6,12500,75000,Retail
ORD08587,2025-04-24,CUST2660,Tablet,North,1,4500,4500,Partner
ORD08588,2025-10-03,CUST0660,Keyboard,West,3,12500,37500,Online
ORD08589,2025-08-01,CUST0445,Mouse,South,8,18000,144000,Retail
ORD08590,2025-08-11,CUST1335,Monitor,East,2,28000,56000,Partner
ORD08591,2026-01-14,CUST1856,Headset,South,5,65000,325000,Retail
ORD08592,2026-02-25,CUST0034,Monitor,South,5,28000,140000,Partner
ORD08593,2025-04-02,CUST0636,Webcam,West,2,2200,4400,Partner
ORD08594,2025-12-05,CUST0155,Printer,South,7,65000,455000,Retail
ORD08595,2026-08-26,CUST2934,Monitor,West,2,N/A,4400,Partner
ORD08596,2025-04-04,CUST2018,Monitor,North,4,3200,12800,Retail
ORD08597,2026-01-03,CUST2305,Mouse,East,3,4500,13500,Retail
ORD08598,2025-05-24,CUST0061,Keyboard,East,1,900,900,Retail
ORD08599,2026-07-10,CUST0901,Laptop,South,7,12500,87500,Partner
ORD08600,2025-08-15,CUST1974,Keyboard,West,10,4500,45000,Retail
ORD08601,2025-07-29,CUST1597,Mouse,East,9,3200,28800,Partner
ORD08602,2025-11-16,CUST1454,Headset,North,8,18000,144000,Partner
ORD08603,2026-08-26,CUST1552,Monitor,North,10,28000,280000,Retail
ORD08604,2026-08-07,CUST2684,,South,7,18000,126000,Online
ORD08605,2026-03-22,CUST2109,Tablet,North,10,2200,22000,Partner
ORD08606,2025-02-06,CUST2774,Printer,East,3,65000,195000,Partner
ORD08607,2026-06-17,CUST1658,Monitor,South,4,900,3600,Partner
ORD08608,2025-02-07,CUST0846,Laptop,North,10,18000,180000,Partner
ORD08609,2026-09-29,CUST0789,Tablet,East,9,2200,19800,Retail
ORD08610,2025-04-06,CUST0189,Headset,North,3,3200,9600,Retail
ORD08611,2025-08-27,CUST0803,Keyboard,East,5,28000,140000,Online
ORD08612,2025-09-06,CUST0230,Monitor,South,3,3200,9600,Online
ORD08613,2025-08-13,CUST1356,Printer,North,1,3200,3200,Online
ORD08614,2025-06-27,CUST1970,Headset,East,3,65000,195000,Online
ORD08615,2025-04-28,CUST2075,Printer,East,3,28000,84000,Partner
ORD08616,2025-07-24,CUST0693,Webcam,West,9,18000,162000,Retail
ORD08617,2026-10-20,CUST0858,Headset,North,2,900,1800,Partner
ORD08618,2025-04-20,CUST2553,Webcam,,7,3200,22400,Online
ORD08619,2026-10-14,CUST1278,Mouse,West,10,65000,650000,Partner
ORD08620,2025-10-06,CUST2299,Mouse,West,8,3200,25600,Retail
ORD08621,2025-08-01,CUST1541,Laptop,South,8,28000,224000,Online
ORD08622,2026-10-27,CUST0883,Webcam,South,6,2200,13200,Partner
ORD08623,2026-06-27,CUST1136,Headset,South,9,28000,252000,Online
ORD08624,2026-07-27,CUST1388,Webcam,South,6,3200,19200,Partner
ORD08625,2025-09-16,CUST2273,Headset,West,9,12500,112500,Retail
ORD08626,2025-07-05,CUST1729,Laptop,South,6,18000,108000,Retail
ORD08627,2025-06-26,CUST1951,Webcam,North,9,18000,162000,Retail
ORD08628,2026-10-11,CUST2774,Headset,East,7,900,6300,Retail
ORD08629,2026-12-09,CUST0092,Webcam,North,10,4500,45000,Retail
ORD08630,2025-04-18,CUST0495,Laptop,East,7,900,6300,Partner
ORD08631,2026-12-07,CUST0846,Mouse,West,8,12500,100000,Retail
ORD08632,2026-05-17,CUST2142,Tablet,South,2,2200,4400,Online
ORD08633,2025-07-09,CUST0561,Mouse,South,7,900,6300,Partner
ORD08634,2025-12-26,CUST2178,Printer,South,3,65000,195000,Partner
ORD08635,2025-01-08,CUST1161,Mouse,South,7,,87500,Online
ORD08636,2026-01-18,CUST1424,Headset,South,1,2200,2200,Partner
ORD08637,2026-12-24,CUST1883,Headset,West,9,65000,585000,Retail
ORD08638,2025-06-06,CUST1344,Monitor,South,4,12500,50000,Partner
ORD08639,2025-10-10,CUST0382,Keyboard,South,10,4500,45000,Partner
ORD08640,2026-11-04,CUST1499,Laptop,South,8,900,7200,Online
ORD08641,2025-08-14,CUST1435,Laptop,North,5,4500,22500,Retail
ORD08642,2026-07-26,CUST2623,Printer,West,5,65000,325000,Retail
ORD08643,2025-10-04,CUST2224,Mouse,North,4,65000,260000,Online
ORD08644,2026-02-03,CUST1021,Mouse,South,2,3200,6400,Retail
ORD08645,2025-04-29,CUST0246,Keyboard,North,9,65000,585000,Retail
ORD08646,2026-10-03,CUST0844,Monitor,West,6,18000,108000,Retail
ORD08647,2025-05-22,CUST2424,Webcam,South,10,28000,280000,Retail
ORD08648,2025-11-06,CUST1289,Monitor,South,6,12500,75000,Retail
ORD08649,2026-07-29,CUST0805,Tablet,East,4,28000,112000,Online
ORD08650,2025-12-13,CUST2866,Webcam,North,8,28000,224000,Retail
ORD08651,2026-09-27,CUST2067,Mouse,North,8,3200,25600,Online
ORD08652,2026-10-26,CUST0044,Printer,West,7,3200,22400,Partner
ORD08653,2026-02-26,CUST2490,,East,8,2200,17600,Online
ORD08654,2026-08-04,CUST0140,Keyboard,South,10,4500,45000,Online
ORD08655,2025-04-25,CUST0072,Mouse,West,8,3200,25600,Online
ORD08656,2025-12-02,CUST2103,Headset,North,5,3200,16000,Online
ORD08657,2025-05-13,CUST0381,Headset,North,6,4500,27000,Retail
ORD08658,2025-07-16,CUST2199,Laptop,North,4,900,3600,Partner
ORD08659,2026-05-15,CUST2083,Laptop,East,3,12500,37500,Partner
ORD08660,2026-07-12,CUST1446,Mouse,East,8,65000,520000,Retail
ORD08661,2025-02-06,CUST0783,Monitor,South,3,900,2700,Partner
ORD08662,2026-04-29,CUST0593,Mouse,East,1,12500,12500,Retail
ORD08663,2025-07-28,CUST2167,Webcam,North,10,2200,22000,Retail
ORD08664,2026-08-20,CUST2345,Webcam,East,10,4500,45000,Online
ORD08665,2026-02-10,CUST0117,Laptop,South,1,65000,65000,Online
ORD08666,2026-08-13,CUST2920,Keyboard,South,8,28000,224000,Online
ORD08667,2026-01-13,CUST0568,Printer,North,6,12500,75000,Partner
ORD08668,2025-02-15,CUST0927,Tablet,West,3,4500,13500,Online
ORD08669,2025-05-05,CUST2603,Keyboard,North,8,65000,520000,Online
ORD08670,2025-02-05,CUST2309,Monitor,East,8,12500,100000,Online
ORD08671,2025-07-01,CUST0574,Laptop,South,7,900,6300,Partner
ORD08672,2025-04-10,CUST2381,Monitor,South,2,28000,56000,
ORD08673,2026-07-18,CUST0554,Mouse,East,4,18000,72000,Online
ORD08674,2026-12-25,CUST0431,Webcam,South,3,28000,84000,Online
ORD08675,2026-07-08,CUST1124,Monitor,North,5,65000 INR,325000,Online
ORD08676,2026-07-20,CUST2028,Monitor,East,10,65000,650000,Retail
ORD08677,2025-04-03,CUST2589,Mouse,North,7,900,6300,Retail
ORD08678,2026-03-04,CUST2612,Webcam,East,6,65000,390000,Partner
ORD08679,2025-07-28,CUST1168,Printer,West,10,3200,32000,Partner
ORD08680,2026-06-01,CUST0489,Webcam,East,4,12500,50000,Retail
ORD08681,2026-02-26,CUST2739,Keyboard,South,8,3200,25600,Retail
ORD08682,2025-06-13,CUST1929,Monitor,South,8,12500,100000,Online
ORD08683,2026-01-23,CUST2860,Printer,North,2,28000,56000,Partner
ORD08684,2025-12-22,CUST1620,Mouse,South,6,18000,108000,Retail
ORD08685,2025-10-26,CUST2406,Keyboard,South,1,3200,3200,Retail
ORD08686,2026-05-20,CUST2301,Monitor,South,4,4500,18000,Partner
ORD08687,2026-10-14,CUST1417,Laptop,West,6,4500,27000,Retail
ORD08688,2026-01-20,CUST1513,Laptop,North,6,900,5400,Retail
ORD08689,2026-09-24,CUST2360,Webcam,North,7,65000,455000,Retail
ORD08690,2025-09-16,CUST1497,Webcam,East,9,65000,585000,Retail
ORD08691,2026-01-30,CUST2163,Mouse,North,5,3200,16000,Retail
ORD08692,2025-02-22,CUST2188,Laptop,West,5,4500,22500,Partner
ORD08693,2025-04-27,CUST0135,Webcam,East,1,12500,12500,Retail
ORD08694,2026-09-19,CUST1103,Laptop,North,9,900,8100,Partner
ORD08695,2025-09-26,CUST2342,Webcam,North,1,4500,4500,Partner
ORD08696,2025-09-29,CUST0937,Laptop,East,10,900,9000,Online
ORD08697,2025-03-26,CUST1080,Webcam,East,3,900,2700,Retail
ORD08698,2025-05-26,CUST2457,,West,7,28000,196000,Online
ORD08699,2025-04-06,CUST1426,Tablet,North,10,4500,45000,Online
ORD08700,2026-03-24,CUST2092,Tablet,South,5,28000,140000,Partner
ORD08701,2026-08-18,CUST1963,Monitor,North,8,2200,17600,Retail
ORD08702,2025-05-07,CUST1039,Monitor,West,2,4500,9000,Online
ORD08703,2026-01-14,CUST2987,Monitor,East,10,2200,22000,Retail
ORD08704,2026-04-30,CUST2176,Monitor,South,5,28000,140000,Online
ORD08705,2026-12-16,CUST2301,Mouse,West,2,65000,130000,Retail
ORD08706,2025-03-15,CUST1260,Printer,South,1,4500,4500,Online
ORD08707,2025-12-19,CUST1145,Printer,North,9,28000,252000,Online
ORD08708,2025-05-15,CUST0039,Keyboard,South,3,12500,37500,Partner
ORD08709,2026-09-24,CUST2976,Mouse,South,6,4500,27000,Retail
ORD08710,2025-01-31,CUST1718,Monitor,East,5,65000,325000,Retail
ORD08711,2026-06-18,CUST1587,Monitor,West,6,4500,27000,Online
ORD08712,2025-02-28,CUST0181,Printer,North,9,4500,40500,Retail
ORD08713,2026-08-17,CUST2317,,South,6,900,5400,Partner
ORD08714,2026-05-29,CUST1171,Keyboard,South,5,3200,16000,Retail
ORD08715,2026-05-24,CUST2933,Headset,North,4,28000,112000,Online
ORD08716,2026-05-06,CUST1623,Keyboard,South,9,3200,28800,Partner
ORD08717,2025-04-06,CUST0015,Mouse,West,3,3200,9600,Online
ORD08718,2026-02-09,CUST1483,Keyboard,North,5,12500,62500,Retail
ORD08719,2026-02-16,CUST2119,Keyboard,East,1,28000,28000,Partner
ORD08720,2026-02-18,CUST1430,Headset,North,8,3200,25600,Retail
ORD08721,2026-02-23,CUST1650,Mouse,East,5,28000,140000,Partner
ORD08722,2026-07-06,CUST1590,Tablet,West,1,28000,28000,Retail
ORD08723,2025-06-12,CUST0631,Keyboard,South,6,900,5400,Retail
ORD08724,2025-02-02,CUST2735,Keyboard,South,6,18000,108000,Retail
ORD08725,2026-06-06,CUST2176,Tablet,south,3,2200,6600,Partner
ORD08726,2025-10-17,CUST2776,Webcam,West,10,12500,125000,Retail
ORD08727,2026-08-14,CUST0964,Mouse,North,8,65000,520000,Retail
ORD08728,2026-12-27,CUST2292,Monitor,East,1,2200,2200,Online
ORD08729,2026-04-05,CUST2628,Mouse,East,2,18000,36000,Retail
ORD08730,2025-09-21,CUST0062,Tablet,North,1,12500,12500,Retail
ORD08731,2025-03-03,CUST0481,Headset,South,9,2200,19800,Partner
ORD08732,2025-08-29,CUST0496,Webcam,North,7,4500,31500,Online
ORD08733,2026-07-23,CUST1611,Mouse,South,9,12500,112500,Retail
ORD08734,2025-11-10,CUST0386,Keyboard,South,8,2200,17600,Partner
ORD08735,2026-07-22,CUST1460,Laptop,North,8,18000,144000,Retail
ORD08736,2026-05-12,CUST2347,Webcam,West,1,3200,3200,Online
ORD08737,2026-04-08,CUST0186,,East,6,2200,13200,partner
ORD08738,2026-02-19,CUST2084,Laptop,East,4,65000,260000,Online
ORD08739,2026-08-25,CUST1284,Printer,South,7,900,6300,Retail
ORD08740,2026-03-06,CUST2651,Monitor,West,7,2200,15400,Retail
ORD08741,2026-12-17,CUST1609,Monitor,East,5,2200,11000,Partner
ORD08742,2026-06-26,CUST2660,Headset,South ,1,28000,28000,Partner
ORD08743,2026-01-23,CUST2660,Tablet,South,6,900,5400,Online
ORD08744,2026-06-13,CUST2146,Webcam,East,5,2200,11000,Partner
ORD08745,2025-11-14,CUST1729,Webcam,West,8,12500,100000,Partner
ORD08746,2025-12-25,CUST1748,Keyboard,South,5,65000,325000,Partner
ORD08747,2025-12-23,CUST2805,Keyboard,South,3,12500,37500,Online
ORD08748,2026-01-23,CUST2970,Mouse,South,6,2200,13200,partner
ORD08749,2025-02-17,CUST1141,Monitor,North,1,3200,3200,Online
ORD08750,2025-11-14,CUST1857,Tablet,North,2,28000,56000,Partner
ORD08751,2026-10-08,CUST1493,Mouse,West,6,65000,390000,Online
ORD08752,2025-05-02,CUST1558,Mouse,South,10,2200,22000,Retail
ORD08753,2026-06-07,CUST0563,,,1,12500,12500,Retail
ORD08754,2025-08-06,CUST0447,Keyboard,West,5,2200,11000,Online
ORD08755,2026-10-25,CUST1478,Printer,East,4,900,3600,Online
ORD08756,2025-04-27,CUST2643,Tablet,West,3,65000,195000,Online
ORD08757,2026-04-20,CUST2870,Tablet,West,1,18000,18000,Retail
ORD08758,2025-02-17,CUST1242,Webcam,South,4,4500,18000,Retail
ORD08759,2025-02-05,CUST0100,Mouse,West,5,2200,11000,Online
ORD08760,2026-07-12,CUST0251,Mouse,North,9,2200,19800,Online
ORD08761,2026-08-03,CUST1997,Monitor,North,5,12500,62500,Partner
ORD08762,2026-09-07,CUST0568,Laptop,North,3,28000,84000,Online
ORD08763,2025-11-27,CUST1932,Headset,East,3,65000,195000,Online
ORD08764,2026-11-24,CUST2440,Mouse,South,1,18000,18000,Retail
ORD08765,2025-10-17,CUST0270,Monitor,East,2,18000,36000,Retail
ORD08766,2026-08-05,CUST0558,Laptop,West,2,28000,56000,Online
ORD08767,2026-10-17,CUST1320,Headset,East,9,900,8100,Retail
ORD08768,2026-08-04,CUST1434,Keyboard,South,10,900,9000,Retail
ORD08769,2026-05-18,CUST1669,Webcam,West,8,900,7200,Partner
ORD08770,2025-01-07,CUST1556,Mouse,East,4,28000,112000,Partner
ORD08771,2026-08-28,CUST1617,Keyboard,North,8,4500,36000,Partner
ORD08772,2026-11-06,CUST2389,Laptop,South,10,900,9000,Retail
ORD08773,2025-08-26,CUST0906,Printer,East,9,900,8100,Retail
ORD08774,2025-08-16,CUST1093,Printer,South,1,3200,3200,Partner
ORD08775,2026-09-30,CUST0892,Webcam,South,5,4500,22500,Retail
ORD08776,2025-11-06,CUST0177,Headset,South,8,18000,144000,Partner
ORD08777,2025-11-30,CUST0515,Keyboard,South,2,2200,4400,Online
ORD08778,2025-10-25,CUST2977,Printer,East,9,N/A,19800,Online
ORD08779,2026-04-05,CUST0886,Printer,South,7,900,6300,Retail
ORD08780,2025-07-01,CUST1506,Keyboard,North,7,28000,196000,Online
ORD08781,2026-12-16,CUST2564,Mouse,North,7,900,6300,Online
ORD08782,2025-07-06,CUST1115,Tablet,North,10,65000,650000,Online
ORD08783,2026-07-30,CUST1704,Headset,North,4,12500,50000,Partner
ORD08784,2026-10-23,CUST0418,Mouse,North,7,65000,455000,Retail
ORD08785,2026-10-14,CUST1661,Headset,East,8,65000,520000,Online
ORD08786,2026-12-07,CUST0762,Keyboard,East,1,4500,4500,Retail
ORD08787,2025-05-23,CUST0417,Mouse,East,6,3200,19200,Partner
ORD08788,2025-02-11,CUST0077,Laptop,East,8,900,7200,Retail
ORD08789,2025-07-17,CUST2049,Mouse,North,8,3200,25600,Online
ORD08790,2025-07-22,CUST1507,Printer,North,1,65000,65000,Online
ORD08791,2025-12-22,CUST1099,Webcam,South,4,12500,50000,Online
ORD08792,2025-10-27,CUST2856,Mouse,South,10,18000,180000,Retail
ORD08793,2025-11-12,CUST0428,Tablet,East,6,12500,75000,Retail
ORD08794,2025-10-12,CUST2496,Keyboard,East,3,3200,9600,Partner
ORD08795,2026-11-03,CUST1178,Printer,West,5,65000,325000,Online
ORD08796,2025-02-23,CUST0002,Webcam,West,2,4500,9000,Retail 
ORD08797,2025-08-10,CUST0213,Keyboard,North,8,28000,224000,Partner
ORD08798,2025-12-01,CUST0455,Webcam,West,2,2200,4400,Retail
ORD08799,2026-06-02,CUST0173,Laptop,West,6,2200,13200,Retail
ORD08800,2026-10-09,CUST2637,Headset,South,4,900,3600,Online
ORD08801,2026-12-07,CUST0741,Keyboard,North,1,18000,18000,Retail
ORD08802,2025-08-28,CUST2118,Keyboard,South,2,3200,6400,Retail
ORD08803,2026-04-05,CUST0347,Mouse,South,3,12500,37500,Online
ORD08804,2025-12-21,CUST1952,Webcam,North,8,3200,25600,Partner
ORD08805,2026-06-26,CUST2441,Laptop,East,10,4500,45000,Partner
ORD08806,2025-11-25,CUST2820,Monitor,East,7,4500,31500,Online
ORD08807,2026-07-22,CUST2911,Webcam,East,6,900,5400,Online
ORD08808,2025-01-31,CUST2614,Webcam,North,3,3200,9600,Online
ORD08809,2026-11-27,CUST1788,Laptop,North,3,18000,54000,Partner
ORD08810,2026-09-01,CUST0030,Mouse,East,3,900,2700,Partner
ORD08811,2025-05-19,CUST1669,Keyboard,North,1,12500,12500,Retail
ORD08812,2026-01-06,CUST0898,Webcam,North,8,28000,224000,Retail
ORD08813,2026-11-25,CUST2564,Monitor,North,9,2200,19800,Online
ORD08814,2026-04-26,CUST0222,Webcam,West,1,3200,3200,Retail
ORD08815,2026-05-22,CUST0821,Laptop,North,10,28000,280000,Online
ORD08816,2026-07-22,CUST0658,Headset,North,2,900,1800,Retail
ORD08817,2025-12-18,CUST2691,Webcam,North,3,28000,84000,Partner
ORD08818,2026-11-02,CUST2164,Webcam,East,2,3200,6400,Retail
ORD08819,2025-09-23,CUST1744,Tablet,North,7,65000,455000,Retail
ORD08820,2025-10-30,CUST2666,Webcam,North,5,18000,90000,Online
ORD08821,2026-11-07,CUST1510,Monitor,South,7,12500,87500,Partner
ORD08822,2025-05-26,CUST1064,Laptop,East,6,12500,75000,Partner
ORD08823,2025-05-03,CUST2324,Keyboard,South,9,4500,40500,Online
ORD08824,2026-05-12,CUST2756,Monitor,South,6,4500,27000,Partner
ORD08825,2025-03-18,CUST1290,Laptop,South,8,28000,224000,Partner
ORD08826,2026-08-17,CUST1701,Webcam,East,4,900,3600,Online
ORD08827,2025-05-04,CUST1805,Tablet,North,4,12500,50000,Partner
ORD08828,2025-09-17,CUST1558,Laptop,East,5,18000,90000,Partner
ORD08829,2026-10-19,CUST0599,Monitor,West,2,2200,4400,Retail
ORD08830,2026-05-18,CUST0738,Headset,South,4,4500,18000,Retail
ORD08831,2025-06-11,CUST2963,Laptop,East,3,900,2700,Partner
ORD08832,2026-05-27,CUST1362,Mouse,North,8,28000,224000,Online
ORD08833,2025-08-10,CUST0848,Mouse,East,3,65000,195000,Retail
ORD08834,2025-06-24,CUST1741,Tablet,North,9,4500,40500,Online
ORD08835,2025-12-05,CUST1323,Tablet,West,8,12500,100000,Online
ORD08836,2025-03-05,CUST2622,Keyboard,West,10,2200,22000,Partner
ORD08837,2025-09-03,CUST0752,Headset,North,2,900,1800,Retail
ORD08838,2026-09-11,CUST0364,Tablet,East,9,18000,162000,Online
ORD08839,2026-09-05,CUST2121,Laptop,South,4,65000,260000,Retail
ORD08840,2025-05-29,CUST2053,Tablet,East,9,3200,28800,Partner
ORD08841,2025-02-01,CUST0213,Monitor,South,7,28000,196000,Online
ORD08842,2025-05-25,CUST0780,Mouse,South,1,65000,65000,Online
ORD08843,2025-11-03,CUST1774,Printer,West,3,3200,9600,Partner
ORD08844,2025-01-07,CUST1796,Headset,East,7,18000,126000,Online
ORD08845,2026-10-29,CUST1154,Laptop,East,2,28000,56000,Partner
ORD08846,2026-01-11,CUST0515,Laptop,North,3,18000,54000,Online
ORD08847,2025-03-16,CUST0805,Headset,South,2,28000,56000,Partner
ORD08848,2026-08-28,CUST0632,Printer,East,7,3200,22400,Online
ORD08849,2026-10-19,CUST0406,Monitor,North,3,4500,13500,Retail
ORD08850,2026-12-02,CUST0946,Headset,East,7,12500,87500,Retail
ORD08851,2026-04-10,CUST0944,Headset,South,7,3200,22400,Online
ORD08852,2025-11-03,CUST0784,Mouse,West,1,18000,18000,Online
ORD08853,2026-10-08,CUST0780,Tablet,East,5,12500,62500,Online
ORD08854,2025-06-07,CUST0105,Keyboard,North,1,28000,28000,Online
ORD08855,2025-03-07,CUST2815,Printer,South,9,eighteen thousand,252000,Retail
ORD08856,2026-04-14,CUST0970,Headset,East,10,2200,22000,Retail
ORD08857,2026-12-07,CUST0032,Monitor,West,4,12500,50000,Online
ORD08858,2026-09-19,CUST0423,,North,6,28000,168000,Retail
ORD08859,2026-01-15,CUST0325,Keyboard,East,6,18000,108000,Retail
ORD08860,2025-10-22,CUST0374,Monitor,South,1,28000,28000,Online
ORD08861,2026-06-06,CUST1754,Mouse,East,1,18000,18000,Online
ORD08862,2025-11-15,CUST2884,Tablet,East,2,4500,9000,Retail
ORD08863,2026-10-23,CUST0248,Mouse,North,1,3200,3200,Partner
ORD08864,2025-01-09,CUST2500,Laptop,,10,900,9000,Partner
ORD08865,2025-06-30,CUST2872,Headset,North,6,12500,75000,Retail
ORD08866,2026-01-05,CUST2746,Monitor,North,9,12500,112500,Retail
ORD08867,2025-02-20,CUST2966,Printer,East,3,28000,84000,Partner
ORD08868,2026-11-20,CUST1962,Laptop,West,4,28000,112000,Online
ORD08869,2026-07-30,CUST1954,Tablet,East,8,2200,17600,Partner
ORD08870,2025-01-09,CUST0197,Webcam,South,7,900,6300,Retail
ORD08871,2025-08-13,CUST0478,Mouse,West,4,28000,112000,Online
ORD08872,2026-01-14,CUST2417,Headset,South,10,3200,32000,Online
ORD08873,2025-04-04,CUST1084,Keyboard,South,2,65000,130000,Online
ORD08874,2025-07-08,CUST1710,Tablet,West,3,28000,84000,Partner
ORD08875,2026-01-12,CUST2326,Laptop,South,10,900,9000,Online
ORD08876,2026-06-15,CUST0018,Laptop,,9,3200,28800,Retail
ORD08877,2026-05-13,CUST2317,Headset,South,9,18000,162000,Retail
ORD08878,2025-08-19,CUST1350,Headset,South,4,4500,18000,Online
ORD08879,2025-04-21,CUST0049,Mouse,North,8,28000,224000,Retail
ORD08880,2025-07-14,CUST1502,,West,7,3200,22400,Retail
ORD08881,2025-08-17,CUST1507,Laptop,,5,3200,16000,Retail
ORD08882,2026-07-02,CUST0959,Monitor,South,4,65000,260000,Partner
ORD08883,2025-12-13,CUST1382,Keyboard,West,4,900,3600,Partner
ORD08884,2025-07-20,CUST1004,Webcam,West,2,4500,9000,Retail
ORD08885,2025/13/40,CUST1279,Printer,South,4,28000,112000,Retail
ORD08886,2025-06-10,CUST1229,Printer,South,9,3200,28800,Retail
ORD08887,2026-09-10,CUST0833,Headset,South,5,3200,16000,Partner
ORD08888,2025-10-17,CUST1308,Monitor,East,4,900,3600,Partner
ORD08889,2025-04-03,CUST1975,Printer,East,10,65000,650000,Partner
ORD08890,2026-09-05,CUST2010,Keyboard,East,7,28000,196000,Partner
ORD08891,2026-04-10,CUST1924,Mouse,North,7,2200,15400,Online
ORD08892,2026-06-01,CUST0052,Keyboard,West,1,18000,18000,Retail
ORD08893,2025-06-20,CUST1372,Webcam,North,3,65000,195000,Online
ORD08894,2026-07-08,CUST0537,Tablet,East,2,900,1800,Online
ORD08895,2026-11-28,CUST2828,Keyboard,South,10,28000,280000,Retail
ORD08896,2026-03-22,CUST1520,Printer,East,3,65000,195000,Partner
ORD08897,2026-08-11,CUST0463,Keyboard,North,10,12500,125000,Retail
ORD08898,2026-04-07,CUST1988,Keyboard,North,9,12500,112500,Partner
ORD08899,2025-08-04,CUST0615,Laptop,East,,3200,19200,Partner
ORD08900,2025-04-10,CUST0673,Headset,East,4,28000,112000,Retail
ORD08901,2025-05-28,CUST0970,Monitor,West,1,2200,2200,Retail
ORD08902,2026-02-15,CUST2175,Keyboard,South,4,2200,8800,Retail
ORD08903,2026-11-22,CUST2722,Tablet,North,5,65000,325000,Online
ORD08904,2026-02-19,CUST0845,Headset,South,9,12500,112500,Partner
ORD08905,2026-07-29,CUST2327,Printer,West,2,65000,130000,Retail
ORD08906,2025-03-04,CUST0391,Printer,South ,10 units,18000,126000,Partner
ORD08907,2025-09-11,CUST0187,Keyboard,North,3,900,2700,Online
ORD08908,2025-05-21,CUST1650,Keyboard,East,3,2200,6600,Partner
ORD08909,2026-12-26,CUST1699,Monitor,South,3,65000,195000,Partner
ORD08910,2026-09-22,CUST2776,Keyboard,South,4,65000,260000,Online
ORD08911,2025-03-23,CUST0243,Tablet,South,6,12500,75000,Partner
ORD08912,2025-10-23,CUST1997,Printer,South,5,2200,11000,Partner
ORD08913,2025-08-20,CUST1245,Headset,West,8,12500,100000,Online
ORD08914,2026-04-28,CUST0807,Mouse,South,8,3200,25600,Retail
ORD08915,2026-01-01,CUST0909,Monitor,North,7,900,6300,Partner
ORD08916,2025-01-20,CUST1029,Printer,West,10,4500,45000,Retail
ORD08917,2025-05-03,CUST0651,Printer,South,5,28000,140000,Retail
ORD08918,2025-08-30,CUST2165,Webcam,East,4,12500,50000,Retail
ORD08919,2026-07-07,CUST1131,Laptop,North,4,28000,112000,Partner
ORD08920,2026-12-26,CUST0835,Mouse,South,4,2200,8800,Online
ORD08921,2025-04-12,CUST1999,Headset,West,2,28000,56000,Online
ORD08922,2026-06-24,CUST1283,Headset,West,7,2200,15400,Retail
ORD08923,2026-09-27,CUST2784,Mouse,North,8,3200,25600,Online
ORD08924,2026-04-22,CUST0155,Webcam,North,6,28000,168000,Online
ORD08925,2026-05-09,CUST1649,Keyboard,West,10,65000,650000,Online
ORD08926,2025-08-14,CUST0178,Webcam,North,5,65000,325000,Online
ORD08927,2025-03-28,CUST1210,Laptop,South,7,3200,22400,Online
ORD08928,2025-03-23,CUST2845,Headset,SOUTH,1,2200,2200,Retail
ORD08929,2026-06-18,CUST2553,Headset,South,4,18000,72000,Online
ORD08930,2025-01-11,CUST0075,Laptop,South,9,28000,252000,Partner
ORD08931,2026-05-01,CUST1307,Keyboard,East,2,18000,36000,Retail
ORD08932,2025-08-27,CUST2876,Headset,East,7,12500,87500,Partner
ORD08933,2026-10-23,CUST0819,Keyboard,East,10,28000,280000,Online
ORD08934,2026-10-29,CUST2749,Keyboard,North,9,4500,40500,Partner
ORD08935,2025-11-26,CUST0364,Tablet,South,5,900,4500,Partner
ORD08936,2025-10-30,CUST1900,Keyboard,West,2,3200,6400,Retail
ORD08937,2026-04-07,CUST0262,Webcam,North,10,65000,650000,Online
ORD08938,2025-04-07,CUST2529,Headset,East,3,900,2700,Partner
ORD08939,2025-06-24,CUST0093,Mouse,South,2,4500,9000,Retail
ORD08940,2026-12-24,CUST2630,Monitor,North,1,28000,28000,Online
ORD08941,2025-02-03,CUST2229,Printer,South,4,2200,8800,Online
ORD08942,2026-12-28,CUST0312,,North,2,900,1800,Online
ORD08943,2025-04-28,CUST0750,Keyboard,West,5,900,,Partner
ORD08944,2025-05-24,CUST2594,Laptop,West,6,18000,108000,Online
ORD08945,2026-01-04,CUST2409,Laptop,North,8,4500,36000,Retail
ORD08946,2026-01-15,CUST0105,Keyboard,West,6,4500,27000,Retail
ORD08947,2025-11-19,CUST0020,Laptop,North,7,28000,196000,Retail
ORD08948,2026-06-10,CUST0921,Printer,East,5,900,4500,Partner
ORD08949,2026-09-01,CUST1378,Printer,West,1,2200,2200,Retail
ORD08950,2026-05-25,CUST1596,Printer,North,2,12500,25000,Retail
ORD08951,2025-09-27,CUST2202,Headset,South,6,3200,19200,Retail
ORD08952,2025-03-17,CUST2090,Monitor,West,2,28000,56000,Retail
ORD08953,2026-11-11,CUST2716,Headset,West,1,2200,2200,Partner
ORD08954,2026-01-22,CUST0486,Monitor,North,10,900,9000,Retail
ORD08955,2026-07-06,CUST0591,Tablet,North,3,4500,13500,Partner
ORD08956,2026-01-16,CUST2844,Mouse,West,3,900,2700,Online
ORD08957,2026-10-17,CUST2884,Headset,East,10,900,9000,Retail
ORD08958,2025-04-30,CUST1909,Laptop,East,6,65000,390000,Online
ORD08959,2026-02-26,CUST1635,Webcam,North,10,2200,22000,Partner
ORD08960,2025-11-23,CUST1079,Headset,West,9,900,8100,Online
ORD08961,2025-10-02,CUST2860,Webcam,East,8,28000,224000,Retail
ORD08962,2025-02-10,CUST1681,Tablet,South,3,65000,195000,Retail
ORD08963,2025-06-06,CUST0577,Tablet,West,8,900,7200,Partner
ORD08964,2026-02-20,CUST2423,Laptop,South,9,28000,252000,Partner
ORD08965,2026-02-09,CUST1625,Webcam,West,5,3200,16000,Partner
ORD08966,2025-04-27,CUST2902,Tablet,East,4,2200,8800,Online
ORD08967,2025-05-03,CUST1837,Printer,West,4,12500,50000,Retail
ORD08968,2025-09-08,CUST0677,Monitor,North,6,3200,19200,Online
ORD08969,2026-02-08,CUST2266,Monitor,North,6,3200,19200,Partner
ORD08970,2026-01-28,CUST1565,Mouse,North,4,65000,260000,Online
ORD08971,2025-06-02,CUST1886,Webcam,South,8,4500,36000,Retail
ORD08972,2025-10-12,CUST0234,Mouse,North,8,2200,17600,Online
ORD08973,2026-12-22,CUST0317,Printer,North,6,28000,168000,Partner
ORD08974,2026-06-05,CUST2722,Printer,West,1,28000,28000,Online
ORD08975,2025-08-03,CUST1974,Webcam,East,4,65000 INR,260000,Partner
ORD08976,2025-04-12,CUST1695,Printer,North,5,12500,62500,Retail
ORD08977,2025-04-14,CUST1291,Headset,North,1,12500,12500,Online
ORD08978,2026-04-13,CUST2319,Monitor,South,5,4500,22500,Online
ORD08979,2026-11-08,CUST1543,Webcam,North,5,2200,11000,Online
ORD08980,2025-04-27,CUST2120,Headset,North,8,28000,224000,Partner
ORD08981,2026-02-21,CUST1193,Monitor,South,5,18000,90000,Partner
ORD08982,2026-03-01,CUST1552,Headset,South,4,28000,112000,Partner
ORD08983,2025-10-26,CUST1811,Mouse,East,3,18000,54000,Online
ORD08984,2025-07-17,CUST1685,Tablet,North,2,900,1800,Partner
ORD08985,2026-04-15,CUST1630,Tablet,East,10,12500,125000,Online
ORD08986,2025-07-04,CUST2342,Headset,North,7,65000,455000,Partner
ORD08987,2026-12-22,CUST0094,Headset,West,2,12500,25000,Retail
ORD08988,2025-12-10,CUST2222,Printer,East,5,3200,16000,Retail
ORD08989,2025-07-28,CUST1075,Printer,East,10,4500,45000,Partner
ORD08990,2026-02-26,CUST2612,Mouse,East,3,900,2700,Online
ORD08991,2026-01-04,CUST2275,,East,7,12500,87500,Partner
ORD08992,2025-04-27,CUST2644,Mouse,North,5,3200,16000,Online
ORD08993,2025-03-07,CUST0375,Headset,South,2,18000,36000,Online
ORD08994,2026-09-28,CUST2616,Headset,East,10,4500,45000,Retail
ORD08995,2025-08-25,CUST1132,Tablet,South,7,12500,87500,Retail
ORD08996,2026-01-08,CUST0630,Keyboard,West,3,12500,37500,Online
ORD08997,2026-10-30,CUST2174,Laptop,North,1,18000,18000,Retail
ORD08998,2026-07-06,CUST0450,Webcam,North,5,4500,22500,Online
ORD08999,2025-05-04,CUST0600,Mouse,South,6,65000,390000,Retail
ORD09000,2026-09-13,CUST1639,Monitor,North,7,4500,31500,Partner
ORD09001,2026-12-21,CUST2564,Mouse,South,10,65000,650000,Retail
ORD09002,2025-10-09,CUST2420,Keyboard,North,7,4500,31500,Partner
ORD09003,2025-06-06,CUST0267,Mouse,South,6,18000,108000,Online
ORD09004,2025-05-08,CUST2316,Printer,South,5,900,4500,Online
ORD09005,2026-03-29,CUST2229,Webcam,North,2,3200,6400,Retail
ORD09006,2025-07-18,CUST2419,Headset,West,5,2200,11000,Partner
ORD09007,2025-09-07,CUST0095,Keyboard,South,10,2200,22000,Retail
ORD09008,2026-05-13,CUST1839,Laptop,East,2,18000,36000,Partner
ORD09009,2025-02-27,CUST0664,Laptop ,West,1,900,900,Retail
ORD09010,2026-08-19,CUST0161,Keyboard,West,9,3200,28800,Partner
ORD09011,2025-06-15,CUST2304,Headset,East,3,4500,13500,Partner
ORD09012,2026-11-05,CUST0500,Keyboard,East,4,4500,18000,Retail
ORD09013,2025-05-31,CUST0817,Webcam,South,3,4500,13500,Partner
ORD09014,2026-02-16,CUST1427,Printer,North,9,4500,40500,Online
ORD09015,2025-11-06,CUST2738,Tablet,North,1,65000,65000,Partner
ORD09016,2025-04-22,CUST0356,Printer,North,9,4500,40500,Partner
ORD09017,2025-11-05,CUST2812,Webcam,East,5,12500,62500,Online
ORD09018,2025-10-17,CUST1127,Keyboard,South,8,900,7200,Partner
ORD09019,2026-06-16,CUST2809,Keyboard,North,3,4500,13500,Retail
ORD09020,2026-11-22,CUST1138,Laptop,East,3,12500,37500,Retail
ORD09021,2025-01-03,CUST1886,Mouse,North,10,18000,180000,Partner
ORD09022,2025-04-20,CUST0457,Printer,South,9,2200,19800,Partner
ORD09023,2026-05-11,CUST1672,Headset,North,8,900,7200,Partner
ORD09024,2025-02-11,CUST1547,Webcam,North,5,65000,325000,Partner
ORD09025,2026-10-07,CUST0206,Webcam,West,4,2200,8800,Partner
ORD09026,2025-09-17,CUST2209,Laptop,West,6,2200,13200,Online
ORD09027,2026-03-29,CUST0300,Tablet,East,10,3200,32000,Partner
ORD09028,2026-08-22,CUST1932,Webcam,West,5,900,4500,Partner
ORD09029,2026-11-18,CUST2174,Printer,North,1,900,900,Partner
ORD09030,2025-03-04,CUST2456,Keyboard,North,5,12500,62500,Partner
ORD09031,2026-04-18,CUST1316,Laptop,South,8,900,7200,Retail
ORD09032,2025-02-24,CUST0421,Laptop,North,7,3200,22400,Online
ORD09033,2025-12-14,CUST1362,Mouse,North,4,3200,12800,Online
ORD09034,2025-04-13,CUST1691,Tablet,East,3,12500,37500,Retail
ORD09035,2025-08-18,CUST1042,Laptop,North,9,65000,585000,Online
ORD09036,2026-07-01,CUST1257,Tablet,West,2,28000,56000,Retail
ORD09037,2025-04-13,CUST0198,Monitor,West,7,3200,22400,Online
ORD09038,2025-10-21,CUST2088,Mouse,North,4,900,3600,Online
ORD09039,2025-07-31,CUST2763,Webcam,South,3,65000,195000,Online
ORD09040,2026-08-18,CUST0874,Headset,South,6,65000,390000,Retail
ORD09041,2025-01-26,CUST0708,Tablet,West,10,900,9000,Retail
ORD09042,2026-05-24,CUST1718,Mouse,East,2,28000,56000,Online
ORD09043,2026-02-25,CUST2550,Laptop,North,4,3200,12800,Online
ORD09044,2026-11-19,CUST1361,Webcam,North,6,900,5400,Retail
ORD09045,2026-07-27,CUST0198,Laptop,South,10,18000,180000,Retail
ORD09046,2026-05-01,CUST0243,Printer,East,2,28000,56000,Online
ORD09047,2026-11-22,CUST1585,Mouse,North,2,18000,36000,Online
ORD09048,2026-12-06,CUST1757,Printer,South,2,4500,9000,Retail
ORD09049,2026-05-14,CUST1897,Tablet,West,2,28000,56000,Partner
ORD09050,2026-03-16,CUST0658,Keyboard,North,5,28000,140000,Online
ORD09051,2025-10-27,CUST0392,Laptop,East,8,2200,17600,Retail
ORD09052,2026-08-20,CUST0188,Laptop,South,2,12500,25000,Online
ORD09053,2026-06-13,CUST1214,Mouse,North,4,65000,260000,Online
ORD09054,2026-08-22,CUST1019,Tablet,North,4,65000,130000 INR,Retail
ORD09055,2026-09-20,CUST1480,Headset,South,8,18000,144000,Retail
ORD09056,2025-12-17,CUST1731,Monitor,South,1,12500,12500,Online
ORD09057,2025-06-08,CUST2370,Monitor,East,6,3200,19200,Partner
ORD09058,2026-01-14,CUST2723,Headset,South,2,2200,4400,Retail
ORD09059,2026-12-17,CUST1685,Printer,East,2,65000,130000,Online
ORD09060,2025-11-01,CUST1955,Printer,South,8,900,7200,Partner
ORD09061,2025-12-06,CUST0649,Tablet,North,1,18000,18000,Partner
ORD09062,2026-04-28,CUST0909,Tablet,East,3,4500,13500,Online
ORD09063,2025-02-21,CUST0675,Laptop,East,2,12500,25000,Online
ORD09064,2026-10-29,CUST2565,Headset,South,6,28000,168000,Retail
ORD09065,2026-04-18,CUST2170,Mouse,North,9,65000,585000,Retail
ORD09066,2026-03-28,CUST0736,Monitor,North,10,900,9000,Online
ORD09067,2025-03-31,CUST0570,Printer,West,8,3200,25600,Partner
ORD09068,2026-10-30,CUST1909,Headset,West,10,18000,180000,Partner
ORD09069,2025-07-13,CUST0830,Printer,West,5,28000,140000,Online
ORD09070,2026-09-21,CUST2579,Printer,East,1,900,900,Partner
ORD09071,2025-04-11,CUST0287,Printer,West,3,12500,37500,Online
ORD09072,2025-08-03,CUST2513,Mouse,East,7,3200,22400,Online
ORD09073,2025-04-22,CUST0885,Printer,West,5,28000,140000,Partner
ORD09074,2026-05-11,CUST1207,Tablet,South,1,900,900,Partner
ORD09075,2026-02-18,CUST1955,Laptop,South,3,2200,6600,Partner
ORD09076,2026-08-31,CUST0245,Tablet,East,5,28000,140000,Retail
ORD09077,2025-04-24,CUST0406,Printer,South,6,12500,75000,Partner
ORD09078,2026-06-02,CUST2256,Webcam,East,9,3200,28800,Partner
ORD09079,2026-07-03,CUST1155,Tablet,East,1,18000,18000,Online
ORD09080,2026-10-18,CUST1992,Monitor,East,10,3200,32000,Partner
ORD09081,2025-09-10,CUST2085,Tablet,South,8,65000,520000,Retail
ORD09082,2026-10-13,CUST1109,Webcam,South,10,2200,22000,Partner
ORD09083,2026-02-23,CUST1469,Monitor,East,6,12500,75000,Partner
ORD09084,2026-04-27,CUST2484,Keyboard,South,1,12500,12500,Partner
ORD09085,2026-10-02,CUST0742,Laptop,East,9,28000,252000,Partner
ORD09086,2025-03-17,CUST0669,Monitor,North,8,2200,17600,Partner
ORD09087,2026-11-17,CUST0143,Laptop,North,6,3200,19200,Online
ORD09088,2025-02-28,CUST0403,Printer,East,7,28000,196000,Online
ORD09089,2025-04-11,CUST2458,Mouse,South,9,18000,162000,Online
ORD09090,2025-11-15,CUST0482,Mouse,North,10,900,9000,Retail
ORD09091,2025-05-07,CUST2541,Keyboard,North,1,2200,2200,Partner
ORD09092,2025-12-11,CUST1212,Printer,South,9,2200,19800,Partner
ORD09093,2025-08-09,CUST2183,Laptop,West,10,65000,650000,Partner
ORD09094,2026-04-12,CUST1012,Keyboard,south,5,12500,62500,Partner
ORD09095,2026-10-21,CUST0584,Keyboard,West,8,18000,144000,Retail
ORD09096,2026-04-30,CUST2553,Headset,East,4,65000,260000,Online
ORD09097,2026-10-07,CUST0082,Headset,West,2,12500,25000,Partner
ORD09098,2026-07-07,CUST1678,Webcam,North,9,28000,252000,Online
ORD09099,2026-08-24,CUST1223,Keyboard,North,9,28000,252000,Retail
ORD09100,2025-08-19,CUST1051,Headset,South,3,65000,195000,Retail
ORD09101,2026-05-28,CUST1538,Monitor,North,4,3200,12800,Online
ORD09102,2026-11-04,CUST2114,Webcam,West,7,65000,455000,Partner
ORD09103,2025-09-02,CUST0962,Mouse,North,1,900,900,Partner
ORD09104,2025-10-05,CUST1302,Headset,South,5,28000,140000,Partner
ORD09105,2025-01-15,CUST2495,Monitor,North,6,18000,108000,Partner
ORD09106,2025/13/40,CUST1715,Tablet,North,9,3200,28800,Partner
ORD09107,2026-05-29,CUST1915,Headset,East,1,900,900,Online
ORD09108,2025-12-05,CUST2833,Webcam,East,5,900,4500,Retail
ORD09109,2025-11-11,CUST0365,Tablet,East,4,4500,18000,Online
ORD09110,2026-05-05,CUST1477,Monitor,East,7,2200,15400,Online
ORD09111,2025-01-10,CUST2386,Mouse,East,6,4500,27000,Online
ORD09112,2025-05-09,CUST1558,Webcam,East,7,3200,22400,Retail
ORD09113,2026-11-29,CUST0880,Headset,South,2,18000,36000,Partner
ORD09114,2026-03-18,CUST0007,Webcam,South,3,4500,13500,Retail
ORD09115,2025-02-08,CUST1499,Monitor,South,3,3200,9600,Retail
ORD09116,2026-03-01,CUST0512,Tablet,West,4,900,3600,Online
ORD09117,2025-10-25,CUST2821,Laptop,North,4,28000,112000,Online
ORD09118,2026-10-03,CUST2528,Webcam,West,7,3200,22400,Partner
ORD09119,2025-04-07,CUST2817,,North,8,12500,100000,Partner
ORD09120,2025-06-14,CUST1038,Mouse,North,1,900,900,Online
ORD09121,2026-12-26,CUST0877,Laptop,North,9,4500,40500,Online
ORD09122,2025-03-02,CUST2886,Tablet,East,0,28000,56000,Online
ORD09123,2026-05-17,CUST0888,Printer,West,10,28000,280000,Partner
ORD09124,2026-06-26,CUST1153,Keyboard,South,4,900,3600,Retail
ORD09125,2025-05-09,CUST0231,Printer,West,8,3200,25600,Partner
ORD09126,2025-07-03,CUST2406,Tablet,South,1,18000,18000,Online
ORD09127,2026-11-03,CUST1131,Headset,North,5,28000,140000,Online
ORD09128,2025-11-22,CUST1291,Monitor,East,7,12500,87500,Partner
ORD09129,2025-09-18,CUST0052,Webcam,South,3,65000,195000,Retail
ORD09130,2025-11-21,CUST1657,Monitor,South,5,900,4500,Online
ORD09131,2025-06-29,CUST2648,Keyboard,West,9,,19800,Partner
ORD09132,2025-06-12,CUST1789,Keyboard,East,5,3200,16000,Retail
ORD09133,2025-05-18,CUST2946,Headset,North,6,28000,168000,Online
ORD09134,2026-04-25,CUST2864,Printer,West,8,3200,25600,Partner
ORD09135,2025-11-03,CUST0390,Mouse,West,4,4500,18000,Online
ORD09136,2026-07-31,CUST1238,Headset,North,7,900,6300,Retail
ORD09137,2025-04-17,CUST2607,Monitor,North,3,4500,13500,Partner
ORD09138,2025-05-28,CUST2952,Keyboard,North,8,2200,17600,Partner
ORD09139,2025-10-17,CUST0156,Keyboard,East,4,3200,12800,Partner
ORD09140,2026-05-16,CUST0333,Mouse,West,1,3200,3200,Online
ORD09141,2025-12-25,CUST2574,Webcam,North,2,65000,130000,Online
ORD09142,2025-01-13,CUST0279,Printer,West,3,28000,84000,Partner
ORD09143,2025-06-17,CUST0190,Webcam,North,9,65000,585000,Partner
ORD09144,2025-01-29,CUST0285,Mouse,East,1,65000,65000,Online
ORD09145,2026-06-12,CUST0146,Mouse,North,10,4500,45000,Retail
ORD09146,2026-05-27,CUST1940,Headset,North,8,28000,224000,Online
ORD09147,2025-03-11,CUST1703,Webcam,West,5,18000,90000,Retail
ORD09148,2025-10-19,CUST1190,Headset,South,6,2200,13200,Partner
ORD09149,2026-01-16,CUST1725,Keyboard,South,7,3200,22400,Online
ORD09150,2025-02-06,CUST0720,Laptop,East,7,3200,22400,Online
ORD09151,2026-03-25,CUST0845,Keyboard,East,6,2200,13200,Partner
ORD09152,2026-11-16,CUST1946,Printer,West,3,2200,6600,Retail
ORD09153,2026-11-16,CUST1076,Keyboard,South,5,65000,325000,Online
ORD09154,2026-07-27,CUST1931,Webcam,North,3,900,2700,Online
ORD09155,2026-01-11,CUST2453,Mouse,North,7,28000,196000,Partner
ORD09156,2025-10-05,CUST0503,Headset,West,3,4500,13500,Partner
ORD09157,2025-03-09,CUST2013,Mouse,South,1,65000,65000,Online
ORD09158,2025-06-17,CUST2349,Laptop,South,1,900,900,Online
ORD09159,2025-09-29,CUST2366,Webcam,West,4,4500,18000,Online
ORD09160,2025-01-19,CUST1653,Keyboard,North,9,3200,28800,Retail
ORD09161,2025-11-18,CUST2437,Monitor,North,10,28000,280000,Online
ORD09162,2026-01-10,CUST0659,Webcam,East,1,4500,4500,Online
ORD09163,2026-08-05,CUST0007,Webcam,East,1,28000,28000,Partner
ORD09164,2026-08-19,CUST2282,Printer,North,4,2200,,Retail
ORD09165,2026-02-19,CUST2889,Printer,South,6,28000,168000,Partner
ORD09166,2026-10-19,CUST2275,Tablet,West,6,28000,168000,Partner
ORD09167,2025-10-14,CUST1090,monitor,South,9,12500,112500,Retail
ORD09168,2026-12-04,CUST2846,Tablet,South,7,3200,22400,Partner
ORD09169,2025-04-27,CUST2854,Monitor,North,6,18000,108000,Online
ORD09170,2026-01-04,CUST0629,Printer,North,6,900,5400,Online
ORD09171,2025-05-06,CUST0908,Mouse,East,3,12500,37500,Partner
ORD09172,2025-03-30,CUST0677,Webcam,North,8,28000,224000,Online
ORD09173,2025-08-23,CUST2454,Printer,West,8,65000,520000,Retail
ORD09174,2026-03-26,CUST0377,Tablet,East,3,28000,84000,Retail
ORD09175,2025-12-24,CUST1629,Laptop,North,4,4500,18000,Retail
ORD09176,2025-02-28,CUST1215,Tablet,West,6,3200,19200,Partner
ORD09177,2025-08-08,CUST2303,Monitor,North,8,28000,224000,Retail
ORD09178,2025-12-27,CUST0893,Printer,North,4,65000,260000,Retail
ORD09179,2025-08-04,CUST2621,Laptop,North,7,65000,455000,Retail
ORD09180,2026-07-10,CUST1714,Laptop,South,5,12500,62500,Partner
ORD09181,2025-04-12,CUST0883,Mouse,South,5,2200,11000,Retail
ORD09182,2026-11-29,CUST0155,Printer,West,8,65000,520000,Online
ORD09183,2026-02-26,CUST0407,Headset,North,5,12500,62500,Online
ORD09184,2025-11-12,CUST0723,Keyboard,North,2,2200,4400,Online
ORD09185,2025-03-11,CUST0220,Monitor,West,2,12500,25000,partner
ORD09186,2025-02-18,CUST0664,Tablet,East,5,28000,140000,Retail
ORD09187,2026-12-19,CUST2075,Mouse,East,8,900,7200,Retail
ORD09188,2026-06-08,CUST1947,Laptop,East,2,900,1800,Online
ORD09189,2026-09-08,CUST0625,Webcam,West,10,65000,650000,Partner
ORD09190,2026-08-05,CUST1080,Monitor,West,2,2200,4400,Retail
ORD09191,2025-10-16,CUST2939,Monitor,South,1,2200,2200,Partner
ORD09192,2025-07-10,CUST0222,Headset,South,3,2200,6600,Retail
ORD09193,2025-05-12,CUST0414,Laptop,East,1,3200,3200,Online
ORD09194,2026-10-26,CUST2098,Keyboard,North,3,12500,37500,Online
ORD09195,2025-09-21,CUST2819,Keyboard,North,5,3200,16000,Partner
ORD09196,2026-03-04,CUST2291,Webcam,West,1,18000,18000,Online
ORD09197,2025-07-27,CUST2628,Mouse,South,8,900,7200,Partner
ORD09198,2025-01-04,CUST0666,Headset,West,3,2200,6600,Retail
ORD09199,2026-09-21,CUST1897,Headset,West,6,4500,27000,Partner
ORD09200,2026-02-28,CUST2425,Printer,East,7,12500,87500,Online
ORD09201,2026-05-07,CUST0210,Monitor,North,10,3200,32000,Retail
ORD09202,2026-05-27,CUST0064,Mouse,North,4,900,3600,Partner
ORD09203,2026-01-12,CUST1626,Headset,South,6,28000,168000,Retail
ORD09204,2026-08-28,CUST1752,Tablet,South,8,28000,224000,Online
ORD09205,2026-06-11,CUST1417,Mouse,South,3,900,2700,Retail
ORD09206,2025-11-27,CUST0511,Tablet,North,9,28000,252000,Partner
ORD09207,2026-05-28,CUST1431,Headset,North,9,3200,28800,Online
ORD09208,2025-07-03,CUST0459,Headset,West,10,18000,180000,Retail
ORD09209,2025-02-02,CUST0841,Laptop,West,1,28000,28000,Retail
ORD09210,2026-02-13,CUST1743,Mouse,West,6,2200,13200,Online
ORD09211,2026-01-23,CUST2807,Laptop,West,5,3200,16000,Retail
ORD09212,2025-09-21,CUST0795,Monitor,West,9,3200,28800,Partner
ORD09213,2025-03-17,CUST2296,Monitor,East,2,4500,9000,Online
ORD09214,2026-08-25,CUST1967,Webcam,South,6,12500,75000,Retail
ORD09215,2025-01-13,CUST1288,Webcam,North,3,28000,84000,Partner
ORD09216,2025-01-02,CUST1399,Mouse,West,5,2200,11000,Partner
ORD09217,2025-07-14,CUST0090,Printer,South,6,12500,75000,Partner
ORD09218,2025-11-08,CUST1752,Webcam,East,6,3200,19200,Online
ORD09219,2026-10-06,CUST0460,Monitor,North,9,65000,585000,Retail
ORD09220,2025-04-21,CUST1849,Printer,South,1,65000,65000,Online
ORD09221,2025-05-16,CUST2752,Monitor,West,7,2200,15400,Partner
ORD09222,2025-04-07,CUST0691,Mouse,East,3,4500,13500,Partner
ORD09223,2025-05-02,CUST2823,Printer,West,9,2200,19800,Online
ORD09224,2026-10-09,CUST2309,Webcam,East,2,4500,9000,Partner
ORD09225,2025-07-10,CUST0765,Laptop,East,4,65000,260000,Online
ORD09226,2025-09-08,CUST0193,Monitor,East,4,3200,12800,Online
ORD09227,2026-06-05,CUST1214,Mouse,West,7,12500,87500,Partner
ORD09228,2025-08-05,CUST0223,Mouse,South,5,,22500,Partner
ORD09229,2026-10-06,CUST2292,Keyboard,North,6,12500,-1000,Retail
ORD09230,2026-01-14,CUST1792,Laptop,East,4,65000,260000,Online
ORD09231,2025-09-21,CUST2632,Webcam,North,2,12500,25000,Online
ORD09232,2026-09-29,CUST1055,Headset,East,1,18000,18000,Retail
ORD09233,2025-12-08,CUST2703,Printer,North,6,12500,75000,Partner
ORD09234,2026-02-25,CUST1468,Monitor,North,2,2200,4400,Online
ORD09235,2025-10-02,CUST0606,Mouse,South,4,2200,8800,Retail
ORD09236,2026-08-09,CUST2306,Keyboard,South,3,65000,195000,Partner
ORD09237,2025-04-16,CUST0918,Keyboard,East,9,12500,112500,Retail
ORD09238,2026-05-19,CUST2270,Keyboard,North,6,2200,13200,Online
ORD09239,2025-08-10,CUST0430,Mouse,South,7,12500,87500,Online
ORD09240,2025-04-05,CUST2959,Printer,East,5,4500,22500,Retail
ORD09241,2026-03-23,CUST1477,Keyboard,South,8,12500,100000,Retail
ORD09242,2026-11-05,CUST0170,Printer,East,6,65000,390000,Partner
ORD09243,2026-02-11,CUST1976,Webcam,North,2,65000,130000,Retail
ORD09244,2025-08-02,CUST2762,Laptop,South,5,4500,22500,Online
ORD09245,2025-09-24,CUST1546,Printer,North,6,900,5400,Online
ORD09246,2026-02-01,CUST1912,Webcam,North,10,18000,180000,Retail
ORD09247,2026-11-11,CUST2366,Monitor,West,7,65000,455000,Retail
ORD09248,2026-04-15,CUST0296,Mouse,West,3,12500,37500,Partner
ORD09249,2025-01-13,CUST1337,Headset,East,5,900,4500,Partner
ORD09250,2026-08-20,CUST1979,Printer,South,2,900,1800,Partner
ORD09251,2026-09-05,CUST0834,Keyboard,East,2,12500,25000,Retail
ORD09252,2025-03-03,CUST1932,Laptop,East,1,18000,18000,Online
ORD09253,2025-09-20,CUST1606,Laptop,East,6,18000,108000,Online
ORD09254,2026-10-04,CUST0636,Tablet,South,10,12500,125000,Retail
ORD09255,2026-08-27,CUST0865,Printer,North,10,,650000,Retail
ORD09256,2025-07-19,CUST2825,Headset,North,10,18000,180000,Retail
ORD09257,2025-09-24,CUST1208,Keyboard,East,9,12500,112500,Partner
ORD09258,2025-02-25,CUST0042,Monitor,South,6,4500,27000,Online
ORD09259,2025-04-05,CUST0281,Tablet,North,5,2200,11000,Partner
ORD09260,2026-06-29,CUST1028,Keyboard,South,3,65000,195000,Partner
ORD09261,2025-07-03,CUST0681,Headset,North,5,18000,90000,Partner
ORD09262,2026-07-19,CUST0360,Headset,North,3,12500,37500,Online
ORD09263,2025-04-11,CUST0372,Printer,South,1,28000,28000,Partner
ORD09264,2025-04-18,CUST2876,Headset,North,9,900,8100,Online
ORD09265,2026-02-13,CUST0510,Mouse,South,10,4500,45000,Retail
ORD09266,2025-11-29,CUST0740,,West,3,18000,54000,Retail
ORD09267,2025-01-22,CUST1279,Monitor,North,1,3200,3200,Retail
ORD09268,2026-07-02,CUST2710,Keyboard,West,1,12500,12500,Retail
ORD09269,2026-06-30,CUST2659,Webcam,South,5,4500,22500,Retail
ORD09270,2026-01-01,CUST2289,Laptop,East,9,2200,19800,Online
ORD09271,2025-11-19,CUST0931,Keyboard,West,3,18000,54000,Partner
ORD09272,2026-07-12,CUST1641,Keyboard,West,5,65000,325000,Online
ORD09273,2025-07-05,CUST1893,Webcam,East,10,28000,280000,partner
ORD09274,2026-04-14,CUST0256,,East,7,900,6300,Online
ORD09275,2025-12-15,CUST1566,Monitor,West,8,3200,25600,Partner
ORD09276,2026-06-18,CUST2058,Webcam,South,3,18000,54000,Retail
ORD09277,2026-08-01,CUST0308,Printer,North,3,12500,37500,Partner
ORD09278,2026-11-27,CUST2493,Monitor,West,6,65000,390000,Partner
ORD09279,2026-09-14,CUST0572,Mouse,South,5,12500,62500,Online
ORD09280,2026-11-10,CUST1033,Webcam,North,10,3200,32000,Online
ORD09281,2026-06-14,CUST0809,Printer,South,10,12500,125000,Online
ORD09282,2026-05-01,CUST0691,Monitor,West,2,3200,6400,Retail
ORD09283,2026-06-03,CUST1067,Laptop,South,8,900,7200,Online
ORD09284,2025-03-30,CUST0580,Monitor,South,8,900,7200,Retail
ORD09285,2026-05-24,CUST1592,Keyboard,North,6,3200,19200,Retail
ORD09286,2025-04-18,CUST0353,Laptop,West,4,4500,18000,Partner
ORD09287,2026-05-08,CUST1261,Tablet,South,4,12500,50000,Partner
ORD09288,2026-08-29,CUST1105,Tablet,West,3,65000,195000,Partner
ORD09289,2025-02-06,CUST0820,Headset,South,8,18000,144000,Retail
ORD09290,2025-10-24,CUST1822,Webcam,East,6,3200,19200,Online
ORD09291,2026-01-10,CUST1905,Keyboard,South,4,12500,50000,Partner
ORD09292,2025-07-07,CUST1629,Monitor,South,4,12500,50000,Partner
ORD09293,2026-10-30,CUST1676,Laptop,East,5,12500,62500,Online
ORD09294,2026-08-29,CUST0668,Keyboard,East,9,2200,19800,Online
ORD09295,2025-03-04,CUST2736,Mouse,South,8,3200,25600,Partner
ORD09296,2025-11-08,CUST0485,Mouse,East,3,3200,9600,Partner
ORD09297,2025-10-25,CUST0500,Keyboard,North,10,12500,125000,Retail
ORD09298,2025-07-09,CUST2980,Mouse,North,3,3200,9600,Retail
ORD09299,2026-07-08,CUST0150,Monitor,North,3,3200,9600,Online
ORD09300,2025-02-16,CUST1936,Monitor,North,6,2200,13200,Online
ORD09301,2026-05-13,CUST0659,Headset,West,2,65000,130000,Partner
ORD09302,2026-10-13,CUST0270,Printer,West,10,65000,650000,Partner
ORD09303,2025-03-12,CUST1866,Printer,North,5,4500,22500,Retail
ORD09304,2026-11-19,CUST1834,Mouse,South,7,28000,196000,Online
ORD09305,2025-10-02,CUST2083,Tablet,South,6,18000,108000,Partner
ORD09306,2025-02-03,CUST0313,Mouse,North,2,0,6400,Partner
ORD09307,2025-02-13,CUST1079,Printer,North,8,65000,520000,Partner
ORD09308,2026-10-25,CUST2816,Webcam,East,2,65000,130000,Retail
ORD09309,2025-08-17,CUST0985,Tablet,South,2,12500,25000,Retail
ORD09310,2025-06-22,CUST0980,Headset,East,5,4500,22500,Retail
ORD09311,2026-12-11,CUST1431,Printer,North,6,12500,75000,Online
ORD09312,2025-01-10,CUST1438,Webcam,North,5,28000,140000,Retail
ORD09313,01/31/2025,CUST0748,Mouse,South,8,28000,224000,Retail
ORD09314,2026-08-08,CUST0143,Printer,,1,65000,65000,Retail
ORD09315,2025-05-30,CUST0993,Tablet,East,8,2200,17600,Online
ORD09316,2026-10-11,CUST2446,Printer,North,9,65000,585000,Retail
ORD09317,2026-02-02,CUST2540,Webcam,East,5,3200,16000,Retail
ORD09318,2026-03-25,CUST2106,Printer,East,5,12500,62500,Online
ORD09319,2025-06-26,CUST1733,Webcam,East,3,65000,195000,Retail
ORD09320,2025-05-15,CUST1881,Tablet,North,5,2200,11000,Retail
ORD09321,2025-01-04,CUST2514,Laptop,North,1,900,900,Partner
ORD09322,2025-10-02,CUST0273,Webcam,North,2,28000,56000,Partner
ORD09323,2026-07-11,CUST1825,Tablet,East,5,65000,325000,Partner
ORD09324,2026-03-02,CUST0722,Printer,North,5,4500,22500,Online
ORD09325,2027-01-01,CUST1164,Mouse,North,4,65000,260000,Partner
ORD09326,2026-07-09,CUST0593,Tablet,West,2,28000,56000,Retail
ORD09327,2026-09-30,CUST2425,Headset,North,1,28000,28000,Online
ORD09328,2026-10-23,CUST0245,Headset,,4,900,3600,Partner
ORD09329,2025-03-08,CUST0956,Mouse,West,8,4500,36000,Retail
ORD09330,2026-03-07,CUST2625,Laptop,West,1,2200,2200,Retail
ORD09331,2026-01-25,CUST0578,Mouse,South,7,900,6300,Partner
ORD09332,2026-05-16,CUST2080,Printer,South,5,12500,62500,Online
ORD09333,2026-03-27,CUST1290,Printer,East,6,28000,168000,Online
ORD09334,2025-01-02,CUST0108,Monitor,East,2,900,1800,Partner
ORD09335,2026-11-22,CUST1564,Printer,North,3,65000,195000,Retail
ORD09336,2026-10-18,CUST0445,Webcam,West,6,900,5400,Retail
ORD09337,2026-10-12,CUST2932,Mouse,South,2,3200,6400,Partner
ORD09338,2025-01-06,CUST2577,Laptop,North,9,28000,252000,Online
ORD09339,2025-07-05,CUST2828,Printer,North,10,28000,280000,Online
ORD09340,2025-12-11,CUST0339,Monitor,East,9,12500,112500,Online
ORD09341,2026-10-06,CUST0239,Tablet,North,10,2200,22000,Partner
ORD09342,2026-11-23,CUST2319,Laptop,West,1,2200,2200,Partner
ORD09343,2026-11-16,CUST1703,Keyboard,East,10,3200,32000,Partner
ORD09344,2025-05-18,CUST2945,Webcam,East,4,28000,112000,Retail
ORD09345,2025-12-22,CUST0528,Keyboard,South,8,28000,224000,Partner
ORD09346,2025-10-04,CUST0772,Mouse,South,8,2200,17600,Partner
ORD09347,2026-02-07,CUST0462,Monitor,East,8,28000,224000,Online
ORD09348,2025-10-28,CUST0475,Monitor,East,2,12500,25000,Retail
ORD09349,2025-09-23,CUST2965,Printer,South,9,28000,252000,Retail
ORD09350,2026-08-08,CUST2176,Headset,North,5,18000,90000,Retail
ORD09351,2025-12-24,CUST0133,Laptop,North,8,2200,17600,Partner
ORD09352,2026-07-04,CUST0661,Laptop,North,5,4500,22500,Retail
ORD09353,2025-04-24,CUST1200,Headset,North,7,65000,455000,Partner
ORD09354,2026-07-13,CUST0854,Tablet,East,7,65000,455000,Online
ORD09355,2025-03-24,CUST1426,Headset,North,2,4500,9000,Online
ORD09356,2025-01-05,CUST2863,Laptop,South,5,3200,16000,Partner
ORD09357,2026-10-10,CUST1976,Keyboard,East,5,2200,11000,Online
ORD09358,2026-12-09,CUST0681,Monitor,South,5,2200,11000,Partner
ORD09359,2025-08-03,CUST1525,Printer,East,8,18000,144000,Partner
ORD09360,2026-12-23,CUST1585,Headset,South,3,4500,13500,Partner
ORD09361,2026-03-10,CUST0369,Printer,East,6,18000,108000,Partner
ORD09362,2025-05-31,CUST0927,Mouse,South,6,28000,168000,Online
ORD09363,2026-11-07,CUST1689,Tablet,North,8,18000,144000,Online
ORD09364,01/31/2025,CUST2782,Mouse,East,10,3200,32000,Online
ORD09365,2025-10-04,CUST0195,Printer,North,8,3200,25600,Partner
ORD09366,2025-07-23,CUST2692,,North,7,4500,31500,Online
ORD09367,2025-01-31,CUST1676,Headset,North,2,4500,9000,Partner
ORD09368,2025-08-28,CUST1792,Monitor,West,4,12500,50000,Online
ORD09369,2026-08-06,CUST0305,Keyboard,South,2,28000,56000,Partner
ORD09370,2025-11-17,CUST1861,Keyboard,East,9,18000,162000,Retail
ORD09371,2025-02-02,CUST0638,Laptop,East,4,18000,72000,Retail
ORD09372,2025-12-06,CUST1622,Keyboard,South,6,18000,108000,Online
ORD09373,2026-03-01,CUST0110,Mouse,West,7,28000,196000,Partner
ORD09374,2025-12-01,CUST0998,Mouse,West,1,900,900,Partner
ORD09375,2026-07-26,CUST0074,Headset,North,3,900,2700,Retail
ORD09376,2026-05-20,CUST0086,Webcam,West,6,2200,13200,Retail
ORD09377,2025-08-14,CUST1650,Headset,South,7,3200,22400,Partner
ORD09378,2025-05-25,CUST2326,Headset,East,3,65000,195000,Online
ORD09379,2025-02-20,CUST2831,Monitor,East,9,18000,162000,Online
ORD09380,2025-08-01,CUST0826,Printer,West,1,18000,18000,Online
ORD09381,2026-05-17,CUST2511,Keyboard,North,6,900,5400,Retail
ORD09382,2026-10-13,CUST0042,Monitor,East,3,28000,84000,Retail
ORD09383,2026-12-25,CUST1372,Monitor,West,4,3200,12800,Retail
ORD09384,2026-05-05,CUST1912,Webcam,West,8,12500,100000,Online
ORD09385,2026-01-15,CUST1537,Headset,West,2,3200,6400,Retail
ORD09386,2026-08-03,CUST0451,Webcam,West,-1,18000,126000,Retail
ORD09387,2025-02-09,CUST0746,Printer,West,1,12500,12500,Partner
ORD09388,2026-09-23,CUST1973,Tablet,East,4,18000,72000,Online
ORD09389,2026-02-26,CUST1758,Laptop,North,1,28000,28000,Online
ORD09390,2026-04-26,CUST2672,Printer,South,3,2200,6600,Retail
ORD09391,2026-08-24,CUST2741,Headset,South,8,28000,224000,Online
ORD09392,2025-08-02,CUST1550,Laptop,South,7,12500,87500,Partner
ORD09393,2026-09-09,CUST0705,Webcam,West,4,18000,72000,Partner
ORD09394,2025-08-03,CUST0719,Tablet,West,3,3200,9600,Partner
ORD09395,2025-05-05,CUST1357,Webcam,North,2,2200,4400,Partner
ORD09396,2025-01-12,CUST0208,Tablet,South,4,12500,50000,Retail
ORD09397,2026-01-02,CUST2098,Laptop,South,3,18000,54000,Online
ORD09398,2025-05-04,CUST0134,Tablet,East,3,2200,6600,Online
ORD09399,2026-02-26,CUST1795,Laptop,North,4,3200,12800,Online
ORD09400,2025-02-20,CUST0901,Webcam,North,4,900,3600,Online
ORD09401,2026-09-05,CUST1068,Keyboard,West,8,12500,100000,Online
ORD09402,2025-07-23,CUST2415,Mouse,West,8,4500,36000,Online
ORD09403,2025-03-22,CUST1558,Mouse,East,9,18000,162000,Partner
ORD09404,2026-03-07,CUST1437,Tablet,East,1,18000,18000,Retail
ORD09405,2025-07-08,CUST0301,Monitor,South,3,4500,13500,partner
ORD09406,2026-04-27,CUST1421,Printer,East,7,18000,126000,Partner
ORD09407,2026-06-13,CUST1149,Monitor,South,9,900,8100,Retail
ORD09408,2025-09-25,CUST2613,Monitor,East,4,900,3600,Partner
ORD09409,2026-01-06,CUST0560,Keyboard,South,2,4500,9000,Online
ORD09410,2026-10-16,CUST1221,Webcam,South,7,12500,87500,Online
ORD09411,2026-10-25,CUST1342,Laptop,North,4,18000,72000,Retail
ORD09412,2026-06-16,CUST2482,Mouse,East,2,28000,56000,Partner
ORD09413,2026-12-23,CUST2451,Monitor,East,9,28000,252000,Online
ORD09414,2026-04-27,CUST2819,Printer,West,4,2200,8800,Partner
ORD09415,2026-07-30,CUST1078,Laptop,West,2,3200,6400,Partner
ORD09416,2026-08-24,CUST1483,Tablet,West,2,2200,4400,Retail
ORD09417,2026-02-10,CUST2889,Keyboard,South,1,4500,4500,Online
ORD09418,2025-06-12,CUST0442,Tablet,West,4,28000,112000,Retail
ORD09419,2026-10-12,CUST2501,Monitor,West,1,3200,3200,Partner
ORD09420,2025-08-20,CUST1879,Mouse,North,10,28000,280000,Online
ORD09421,2026-05-21,CUST2510,Headset,North,1,2200,2200,Partner
ORD09422,2025-04-21,CUST2425,Keyboard,South,5,900,4500,Partner
ORD09423,2026-05-31,CUST2872,Webcam,East,2,28000,56000,Partner
ORD09424,2025-01-14,CUST0494,Headset,North,2,18000,36000,Retail
ORD09425,2025-06-20,CUST0159,Webcam,East,1,2200,2200,Partner
ORD09426,2026-08-09,CUST0594,Monitor,North,6,28000,168000,Retail
ORD09427,2026-07-18,CUST2005,Laptop,East,4,18000,72000,Retail
ORD09428,2026-06-16,CUST0018,Monitor,West,6,4500,27000,Retail
ORD09429,2026-07-05,CUST1530,Laptop,East,4,3200,12800,Partner
ORD09430,2026-08-07,CUST2379,,North,7,28000,196000,Retail
ORD09431,2026-10-28,CUST2609,Mouse,South,9,18000,162000,Partner
ORD09432,2026-12-27,CUST0443,Mouse,East,1,4500,4500,Partner
ORD09433,2026-01-27,CUST0634,Webcam,West,6,4500,27000,Partner
ORD09434,2025-12-10,CUST0699,Keyboard,West,1,65000,65000,Retail
ORD09435,2026-11-26,CUST2283,Mouse,West,5,3200,16000,Partner
ORD09436,2026-10-13,CUST2271,Webcam,East,4,3200,12800,Online
ORD09437,2026-05-13,CUST0183,Webcam,South,7,28000,196000,Online
ORD09438,2026-01-12,CUST0127,Keyboard,East,2,28000,56000,Online
ORD09439,2025-09-11,CUST2752,Printer,West,1,3200,3200,Retail
ORD09440,2026-12-10,CUST1011,Monitor,North,4,3200,12800,Partner
ORD09441,2026-01-22,CUST0061,Laptop,West,2,28000,56000,Online
ORD09442,2026-07-26,CUST2494,Laptop,West,7,4500,31500,Online
ORD09443,2025-11-12,CUST0578,Keyboard,South,7,65000,455000,Retail
ORD09444,2026-04-30,CUST0450,Monitor,West,8,2200,17600,Online
ORD09445,2025-09-19,CUST1232,Laptop,North,10,3200,32000,Partner
ORD09446,2025-03-11,CUST2406,Mouse,North,2,28000,56000,Online
ORD09447,2026-07-12,CUST0817,Printer,South,7,65000,455000,Partner
ORD09448,2026-02-23,CUST2268,Tablet,South,9,900,8100,Online
ORD09449,2026-01-24,CUST1571,Printer,East,5,28000,140000,Retail
ORD09450,2025-08-28,CUST1338,Monitor,North,6,2200,13200,Online
ORD09451,2025-12-19,CUST0242,Headset,West,10,12500,125000,Retail
ORD09452,2026-03-01,CUST2108,Laptop,East,2,900,1800,Retail
ORD09453,2025-08-21,CUST2262,Tablet,North,7,28000,196000,
ORD09454,2026-11-02,CUST1311,Printer,South,1,12500,12500,Partner
ORD09455,2025-12-16,CUST2554,Printer,South,6,3200,19200,Online
ORD09456,2026-07-15,CUST2911,Keyboard,East,5,65000,325000,Online
ORD09457,2026-11-13,CUST0260,,West,10 units,18000,180000,Online
ORD09458,2026-01-03,CUST1525,Tablet,South,5,18000,90000,Online
ORD09459,2026-11-21,CUST2737,Webcam,South,8,18000,144000,Partner
ORD09460,2026-07-03,CUST2998,Headset,North,9,28000,252000,Retail
ORD09461,2025-01-06,CUST1654,Mouse,South,10,3200,32000,Online
ORD09462,2025-12-15,CUST0457,Webcam,North,1,12500,12500,Retail
ORD09463,2025-06-02,CUST2196,Tablet,North,5,900,4500,Retail
ORD09464,2026-05-29,CUST0854,Laptop,West,7,4500,31500,Retail
ORD09465,2025-06-18,CUST0923,Webcam,South,8,900,7200,Online
ORD09466,2025-02-25,CUST1691,Webcam,West,7,4500,31500,Online
ORD09467,2025-08-01,CUST1220,Printer,East,2,28000,56000,Retail
ORD09468,2025-09-12,CUST1293,Headset,South,10,3200,32000,Online
ORD09469,2025-11-01,CUST0537,Headset,East,9,18000,162000,Partner
ORD09470,2025-04-30,CUST0166,Tablet,South,7,12500,87500,Partner
ORD09471,2025-09-12,CUST0523,Tablet,West,6,12500,75000,Partner
ORD09472,2026-06-27,CUST1487,Printer,East,9,4500,40500,Online
ORD09473,2025-07-19,CUST1614,Laptop,West,8,65000,520000,Partner
ORD09474,2026-10-07,CUST1014,Headset,North,2,28000,56000,Retail
ORD09475,2025-03-23,CUST2708,Mouse,North,10,3200,32000,Retail
ORD09476,2025-06-22,CUST0182,Monitor,East,4,28000,112000,Online
ORD09477,2025-12-15,CUST0116,Mouse,West,6,4500,27000,Partner
ORD09478,2026-12-26,CUST2238,Webcam,South,7,4500,31500,Online
ORD09479,2025-03-29,CUST2414,Keyboard,West,5,3200,16000,Retail
ORD09480,2025-05-19,CUST1722,Headset,South,5,2200,error,Partner
ORD09481,2025-02-12,CUST0679,Monitor,South,3,900,2700,Retail
ORD09482,2025-07-22,CUST0694,Tablet,West,2,900,1800,Partner
ORD09483,2026-12-02,CUST0014,Printer,North,1,3200,3200,Retail
ORD09484,2026-05-08,CUST1146,Webcam,North,6,18000,108000,Retail
ORD09485,2025-04-24,CUST2832,Printer,South,3,2200,6600,Retail
ORD09486,2026-01-25,CUST0208,Monitor,West,5,18000,90000,Partner
ORD09487,2025-05-22,CUST1157,Printer,South,10,65000,650000,Partner
ORD09488,2026-09-14,CUST2627,Monitor,West,7,3200,22400,Retail
ORD09489,2026-03-29,CUST1577,Keyboard,South,9,65000,585000,Retail
ORD09490,2026-03-23,CUST1113,Headset,West,9,900,8100,Partner
ORD09491,2025-09-05,CUST2060,Monitor,North,6,2200,13200,Partner
ORD09492,2025-12-31,CUST2860,Keyboard,South,2,2200,4400,Retail
ORD09493,2025-08-22,CUST2528,Printer,South,5,900,4500,Online
ORD09494,2025-03-16,CUST2676,,West,6,28000,168000,Partner
ORD09495,2026-08-14,CUST1509,Headset,North,7,3200,22400,Retail
ORD09496,2026-04-27,CUST0469,Printer,West,7,4500,31500,Online
ORD09497,2026-06-03,CUST2993,Printer,West,6,65000,390000,Partner
ORD09498,2026-06-01,CUST1578,Keyboard,East,4,2200,8800,Retail
ORD09499,2025-07-07,CUST1010,Monitor,North,2,3200,6400,Partner
ORD09500,2026-07-24,CUST2485,Webcam,South,9,4500,40500,Online
ORD09501,2025-12-24,CUST1913,Mouse,South,4,3200,12800,Online
ORD09502,2025-01-12,CUST2810,Printer,West,9,2200,19800,Online
ORD09503,2025-05-22,CUST2511,Keyboard,East,2,12500,25000,Online
ORD09504,2025-09-01,CUST1612,Mouse,South,5,12500,62500,Retail
ORD09505,2026-07-09,CUST1034,Laptop,East,10,18000,180000,Online
ORD09506,2026-01-04,CUST1602,Monitor,West,4,28000,112000,Online
ORD09507,2025-08-21,CUST2290,Headset,South,8,12500,100000,Partner
ORD09508,2025-08-30,CUST2406,Laptop,West,2,900,1800,Partner
ORD09509,2026-02-04,CUST2725,Webcam,West,9,65000,585000,Retail
ORD09510,2025-08-27,CUST1075,Laptop,South,8,65000,520000,Partner
ORD09511,2026-01-18,CUST2017,Webcam,East,5,2200,11000,Online
ORD09512,2025-04-23,CUST0641,Headset,West,3,65000,195000,Retail
ORD09513,2025-02-24,CUST2923,Monitor,South,6,65000,390000,Online
ORD09514,2025-03-05,CUST0434,Headset,South,10,12500,125000,Online
ORD09515,2025-12-30,CUST2195,Webcam,North,6,3200,19200,Retail
ORD09516,2026-06-04,CUST1642,Laptop,North,7,65000,455000,Online
ORD09517,2026-08-06,CUST0237,Mouse,West,5,65000,325000,Online
ORD09518,2025-02-21,CUST1373,Monitor,North,8,12500,100000,Online
ORD09519,2025-02-24,CUST1358,Monitor,West,5,12500,62500,Partner
ORD09520,2026-09-16,CUST2967,Keyboard,North,5,2200,11000,Partner
ORD09521,2026-01-23,CUST2950,Printer,East,8,2200,17600,Online
ORD09522,2026-01-22,CUST1267,Laptop,East,4,900,3600,Partner
ORD09523,2026-02-07,CUST1698,Tablet,North,1,3200,3200,Online
ORD09524,2026-10-20,CUST1621,Printer,West,3,12500,37500,Retail
ORD09525,2025-04-23,CUST2008,Mouse,North,10,2200,22000,Retail
ORD09526,2025-02-01,CUST2970,Monitor,South,5,28000,140000,Online
ORD09527,2026-12-31,CUST1012,Keyboard,West,6,12500,75000,Online
ORD09528,2026-01-10,CUST1219,Mouse,South,4,28000,112000,Partner
ORD09529,2025-10-23,CUST1652,Laptop,South,8,4500,36000,Partner
ORD09530,2026-09-30,CUST2596,Tablet,North,2,900,1800,Online
ORD09531,2026-10-06,CUST2282,Printer,West,2,2200,4400,Retail
ORD09532,2025-06-01,CUST2297,Laptop,South,6,2200,13200,Retail
ORD09533,2026-08-25,CUST2295,Printer,South,4,18000,72000,Online
ORD09534,2026-11-28,CUST2114,Headset,East,10,65000,650000,Retail
ORD09535,2026-09-04,CUST0383,Headset,North,1,3200,3200,Retail
ORD09536,2025-03-14,CUST2157,Keyboard,East,8,,100000,Online
ORD09537,2025-11-06,CUST0940,Webcam,North,3,900,2700,Partner
ORD09538,2025-09-15,CUST0067,Keyboard,North,5,2200,11000,Retail
ORD09539,2025-04-14,CUST2420,Headset,South,7,12500,87500,Partner
ORD09540,2025-01-11,CUST0802,Webcam,North,8,3200,25600,Partner
ORD09541,2026-07-14,CUST0818,Webcam,North,8,4500,36000,Partner
ORD09542,2025-10-20,CUST0604,Laptop,North,3,18000,54000,Retail
ORD09543,2026-02-01,CUST2855,Tablet,South,5,4500,22500,Partner
ORD09544,2025-10-07,CUST1518,Mouse,West,6,900,5400,Retail
ORD09545,2025-11-26,CUST1061,Headset,West,10,12500,125000,Partner
ORD09546,2025-01-01,CUST0635,Tablet,West,10,12500,125000,Retail
ORD09547,2025-09-09,CUST0091,Monitor,East,3,12500,37500,Retail
ORD09548,2026-06-09,CUST1836,Tablet,South,3,3200,9600,Retail
ORD09549,2025-11-17,CUST2382,Keyboard,West,2,3200,6400,Retail
ORD09550,2025-01-20,CUST2924,Tablet,West,7,2200,15400,Partner
ORD09551,2025-05-23,CUST0430,Tablet,East,1,65000,65000,Retail
ORD09552,2025-06-11,CUST2167,Headset,West,1,12500,12500,Retail
ORD09553,2025-07-31,CUST1598,Tablet,South,5,12500,62500,Retail
ORD09554,2025-10-05,CUST2329,Keyboard,East,9,3200,28800,Online
ORD09555,2025-05-16,CUST0295,Webcam,East,2,18000,36000,Partner
ORD09556,2025-05-04,CUST2131,Keyboard,East,3,2200,6600,Retail
ORD09557,2025-10-28,CUST2298,Monitor,East,10,2200,22000,Partner
ORD09558,2026-07-14,CUST1905,Mouse,West,9,3200,28800,Online
ORD09559,2025-10-05,CUST2251,Keyboard,West,6,18000,108000,Retail
ORD09560,2025-04-04,CUST2905,Keyboard,South,3,28000,84000,
ORD09561,2026-04-14,CUST0915,Webcam,North,9,4500,40500,Online
ORD09562,2026-09-23,CUST2886,Headset,West,1,4500,4500,Retail
ORD09563,2025-02-11,CUST2227,Tablet,South,6,65000,390000,Partner
ORD09564,2025-08-25,CUST1223,Printer,East,6,12500,75000,Retail
ORD09565,2025-01-25,CUST2123,Headset,South,2,28000,56000,Partner
ORD09566,2025-12-30,CUST2110,Keyboard,South,5,65000,325000,Retail
ORD09567,2025-07-23,CUST2962,,North,5,2200,11000,Online
ORD09568,2026-02-28,CUST2830,Mouse,North,2,2200,4400,Partner
ORD09569,2026-06-26,CUST1199,Tablet,West,9,28000,252000,Online
ORD09570,2025-07-23,CUST2982,Monitor,South,7,2200,15400,Partner
ORD09571,2025-01-08,CUST1664,Tablet,South,1,12500,12500,Retail
ORD09572,2026-07-20,CUST2219,Laptop,North,2,12500,25000,Online
ORD09573,2026-05-28,CUST1310,Headset,West,9,28000,252000,Retail
ORD09574,2026-10-09,CUST0703,Tablet,East,2,28000,56000,Online
ORD09575,2026-10-30,CUST2378,Mouse,South,4,28000,112000,Partner
ORD09576,2025-03-14,CUST2076,Monitor,South,5,18000,90000,Partner
ORD09577,2026-07-27,CUST1570,Monitor,East,9,900,8100,Retail
ORD09578,2025-06-29,CUST2790,Headset,North,10,28000,280000,Partner
ORD09579,2025-09-30,CUST2216,Mouse,West,2,4500,9000,Retail
ORD09580,2026-03-24,CUST2392,,North,3,900,2700,Retail
ORD09581,2026-10-22,CUST1556,Printer,South,1,3200,3200,Online
ORD09582,2026-01-29,CUST1694,Printer,North,8,2200,17600,Partner
ORD09583,2025-10-25,CUST2371,Monitor,North,4,12500,50000,Retail
ORD09584,2025-07-08,CUST2347,Laptop,South,6,3200,19200,Retail
ORD09585,2025-10-05,CUST1187,Headset,North,3,65000,195000,Partner
ORD09586,2025-05-24,CUST0511,Headset,South,3,18000,54000,Online
ORD09587,2025-11-07,CUST0726,Headset,North,5,,140000,Partner
ORD09588,2025-10-02,CUST1618,Mouse,West,3,4500,13500,Retail
ORD09589,2025-12-09,CUST2630,Headset,West,1,2200,2200,Partner
ORD09590,2025-08-15,CUST0825,Monitor,East,9,12500,112500,Retail
ORD09591,2026-03-09,CUST0075,Tablet,North,4,28000,112000,Online
ORD09592,2026-04-25,CUST2177,Monitor,South,10,12500,125000,Partner
ORD09593,2026-10-14,CUST0635,Keyboard, north,1,18000,18000,Retail
ORD09594,2026-10-01,CUST2026,Monitor,South,8,4500,36000,Online
ORD09595,2026-03-27,CUST1687,Headset,West,9,900,8100,Retail
ORD09596,2025-11-12,CUST0655,Printer,East,10,18000,180000,Retail
ORD09597,2026-08-10,CUST1924,Mouse,North,3,65000,195000,Online
ORD09598,2026-01-14,CUST2467,Mouse,East,3,2200,6600,Partner
ORD09599,2026-12-31,CUST0010,Mouse,South,6,3200,19200,Online
ORD09600,2026-06-27,CUST1055,Printer,East,3,28000,84000,Online
ORD09601,2026-03-24,CUST0404,Headset,West,4,28000,112000,Retail
ORD09602,2025-06-16,CUST1874,Printer,North,3,28000,84000,Retail
ORD09603,2025-05-19,CUST1741,Laptop,South,2,3200,6400,Online
ORD09604,2026-01-18,CUST0913,Tablet,West,1,900,900,Partner
ORD09605,2026-01-28,CUST2459,Webcam,West,8,18000,144000,Online
ORD09606,2026-12-08,CUST2844,Tablet,East,5,3200,16000,Retail
ORD09607,2026-02-26,CUST1642,Monitor,East,8,28000,224000,Partner
ORD09608,2026-04-29,CUST1786,Monitor,North,8,12500,100000,Retail
ORD09609,2025-05-25,CUST0934,Headset,West,1,12500,12500,Partner
ORD09610,2025-07-09,CUST2495,Laptop,West,1,12500,12500,Partner
ORD09611,2025-07-30,CUST1836,Keyboard,West,6,3200,19200,Partner
ORD09612,2026-08-16,CUST0374,Tablet,West,6,2200,13200,Partner
ORD09613,2025-01-07,CUST1765,Webcam,North,3,3200,9600,Online
ORD09614,2025-09-15,CUST0683,Laptop,West,9,2200,19800,Online
ORD09615,2026-09-06,CUST1839,Tablet,East,8,65000,520000,Online
ORD09616,2026-11-22,CUST0284,Tablet,West,9,28000,252000,Partner
ORD09617,2026-04-30,CUST0722,Headset,South,7,2200,15400,Online
ORD09618,2026-08-29,CUST1076,Monitor,West,5,28000,140000,Retail
ORD09619,2026-01-26,CUST2927,Laptop,East,1,18000,18000,Partner
ORD09620,2026-01-13,CUST2100,Keyboard,West,6,900,5400,Partner
ORD09621,2026-06-21,CUST2503,Mouse,North,4,4500,18000,Online
ORD09622,2026-03-09,CUST1088,Headset,South,4,4500,18000,Partner
ORD09623,2026-10-26,CUST2317,Keyboard,North,4,28000,112000,Partner
ORD09624,2025-02-23,CUST1936,Mouse,East,6,12500,75000,Retail
ORD09625,2026-09-12,CUST1879,Monitor,East,8,12500,100000,Online
ORD09626,2026-01-11,CUST0736,Keyboard,East,3,12500,37500,Online
ORD09627,2026-07-03,CUST2267,Webcam,North,3,2200,6600,Retail
ORD09628,2025-03-28,CUST1945,Monitor,North,10,4500,45000,Retail
ORD09629,2025-04-08,CUST1904,Printer,East,4,12500,50000,Partner
ORD09630,2025-05-17,CUST2335,Monitor,East,4,18000,72000,Partner
ORD09631,2026-10-27,CUST0824,Tablet,East,3,28000,84000,Retail
ORD09632,2025-08-29,CUST0013,Headset,South,4,900,3600,Retail
ORD09633,2026-04-22,CUST0297,Monitor,East,6,2200,13200,Online
ORD09634,2026-01-15,CUST2689,Mouse,West,7,2200,15400,Partner
ORD09635,2026-01-01,CUST0591,Keyboard,West,5,12500,62500,Retail
ORD09636,2026-06-16,CUST0768,Headset,East,4,18000,72000,Retail
ORD09637,2025-09-25,CUST1803,Tablet,West,9,2200,19800,Retail
ORD09638,2025-02-11,CUST0248,Monitor,South,1,900,900,Online
ORD09639,2026-01-26,CUST2301,Keyboard,South,4,12500,50000,Online
ORD09640,2026-11-22,CUST1838,Headset,North,8,12500,100000,Retail
ORD09641,2025-02-15,CUST2324,Webcam,West,8,18000,144000,Partner
ORD09642,2025-09-08,CUST0569,Laptop,West,10,12500,125000,Partner
ORD09643,2025-04-20,CUST0328,Monitor,South,2,4500,9000,Online
ORD09644,2025-02-11,CUST0696,Headset,West,2,12500,25000,Online
ORD09645,2026-03-07,CUST2101,Headset,South,7,3200,22400,Retail
ORD09646,2026-08-02,CUST0925,Laptop,West,10 units,3200,6400,Partner
ORD09647,2025-01-16,CUST1350,Keyboard,North,4,28000,112000,Online
ORD09648,2025-07-31,CUST1188,Webcam,North,unknown,900,900,Online
ORD09649,2025-12-27,CUST1863,Keyboard,South,7,28000,196000,Retail
ORD09650,2025-06-09,CUST2224,Headset,East,4,12500,50000,Partner
ORD09651,2026-01-05,CUST2394,Monitor,West,10,2200,22000,Retail
ORD09652,2025-05-31,CUST2127,Webcam,North,8,900,7200,Online
ORD09653,2025-01-21,CUST0617,Printer,South,10,2200,22000,Partner
ORD09654,2025-11-16,CUST0028,Keyboard,South,6,2200,13200,Partner
ORD09655,2026-01-20,CUST2529,Webcam,West,1,900,900,Online
ORD09656,2025-12-09,CUST0651,Mouse,West,9,900,8100,Online
ORD09657,2025-02-05,CUST1992,Mouse,East,5,12500,62500,Retail
ORD09658,2025-11-17,CUST2037,Laptop,North,8,900,7200,Online
ORD09659,2026-11-19,CUST2174,Mouse,North,1,900,900,Online
ORD09660,2025-06-12,CUST1569,Laptop,North,9,4500,40500,Online
ORD09661,2025-10-25,CUST2533,Keyboard,East,4,900,3600,Partner
ORD09662,2025-04-19,CUST2265,Printer,West,6,65000,390000,Partner
ORD09663,2026-07-22,CUST1248,Webcam,West,4,900,3600,Retail
ORD09664,2025-03-19,CUST2059,Tablet,South,5,12500,62500,Partner
ORD09665,2025-03-12,CUST0390,Tablet,West,5,2200,11000,Partner
ORD09666,2026-01-05,CUST2896,Monitor,West,2,4500,9000,Online
ORD09667,2026-10-31,CUST0616,Headset,North,9,28000,252000,Retail
ORD09668,2026-08-24,CUST1622,Keyboard,East,3,2200,6600,Retail
ORD09669,2026-03-29,CUST2804,Monitor,West,8,4500,36000,Online
ORD09670,2026-01-12,CUST1711,Keyboard,South,1,900,900,Retail
ORD09671,2025-08-21,CUST0947,Printer,North,7,65000,455000,Retail
ORD09672,2026-01-12,CUST0920,Monitor,South,4,28000,112000,Online
ORD09673,2026-09-19,CUST1856,Webcam,North,10,18000,180000,Retail
ORD09674,2026-12-01,CUST2196,Printer,East,5,3200,16000,Retail
ORD09675,2025-05-21,CUST2587,Keyboard,North,10,,180000,Online
ORD09676,2026-07-14,CUST1775,Webcam,South,3,28000,84000,Online
ORD09677,2025-11-28,CUST2214,Mouse,East,9,12500,112500,Partner
ORD09678,2025-11-22,CUST2369,Laptop,South,9,2200,19800,Partner
ORD09679,2025-08-23,CUST0276,Keyboard,North,6,65000,390000,Online
ORD09680,2025-07-11,CUST1583,Laptop,East,1,28000,28000,Retail
ORD09681,2025-09-09,CUST1576,Headset,South,10,900,9000,Online
ORD09682,2025-01-03,CUST2116,Tablet,South,5,3200,16000,Partner
ORD09683,2026-02-10,CUST2646,Mouse,West,9,3200,28800,Retail
ORD09684,2026-08-04,CUST1404,Webcam,North,10,18000,180000,Retail
ORD09685,2026-08-03,CUST1241,Tablet,West,9,65000,585000,Online
ORD09686,2026-10-22,CUST0500,Keyboard,West,5,12500,62500,Online
ORD09687,2026-01-18,CUST0184,Mouse,North,1,12500,12500,Online
ORD09688,2026-05-23,CUST0524,Laptop,East,7,12500,87500,Online
ORD09689,2025-06-14,CUST1531,Printer,North,10,2200,22000,Online
ORD09690,2026-12-07,CUST1056,Mouse,East,7,2200,15400,Partner
ORD09691,2026-03-16,CUST2576,Laptop,South,3,28000,84000,Online
ORD09692,2026-06-10,CUST1806,Webcam,North,5,3200,16000,Online
ORD09693,2026-06-28,CUST1309,Mouse,South,3,65000,195000,Retail
ORD09694,2026-04-15,CUST0464,Monitor,South,5,900,4500,Partner
ORD09695,2026-04-26,CUST1423,Webcam,East,5,12500,62500,Partner
ORD09696,2026-06-30,CUST2599,Tablet,South,2,3200,6400,Online
ORD09697,2025-03-18,CUST2494,Mouse,East,five,18000,54000,Retail
ORD09698,2025-08-11,CUST2151,Monitor,North,7,3200,22400,Retail
ORD09699,2025-07-06,CUST1216,Headset,West,1,4500,4500,Online
ORD09700,2025-10-12,CUST2552,Headset,West,3,4500,13500,Online
ORD09701,2025-05-15,CUST1526,Tablet,South,2,65000,130000,Partner
ORD09702,2025-09-21,CUST0019,Headset,North,10,28000,280000,Retail
ORD09703,2025-01-07,CUST0832,Headset,East,6,3200,19200,Online
ORD09704,2025-03-26,CUST2028,Keyboard,North,9,28000,252000,Online
ORD09705,2026-03-30,CUST2800,Headset,North,10,65000,650000,Retail
ORD09706,2025-08-04,CUST1811,Keyboard,North,1,65000,65000,Retail
ORD09707,2025-02-20,CUST1525,Headset,West,6,65000,390000,Retail
ORD09708,2026-05-29,CUST2984,Tablet,East,1,2200,2200,Retail
ORD09709,2025-11-29,CUST1702,Laptop,South,9,900,8100,Partner
ORD09710,2025-03-23,CUST0747,Monitor,South,4,3200,12800,Retail
ORD09711,2025-03-30,CUST1995,Laptop,South,7,28000,196000,Retail
ORD09712,2026-11-15,CUST1296,Tablet,West,1,4500,4500,Retail
ORD09713,2026-02-24,CUST0555,Mouse,North,5,3200,16000,Retail
ORD09714,2026-07-13,CUST2760,Laptop,South,7,28000,196000,Online
ORD09715,2025-08-25,CUST0416,Keyboard,East,5,65000,325000,Retail
ORD09716,2025-06-17,CUST2105,Webcam,West,8,18000,144000,Online
ORD09717,2025-12-06,CUST2017,Laptop,West,9,2200,19800,Retail
ORD09718,2026-04-18,CUST0963,Headset,West,7,12500,87500,Retail
ORD09719,2025-04-19,CUST1758,Mouse,South,5,65000,325000,Partner
ORD09720,2025-07-08,CUST1234,Keyboard,West,9,12500,112500,Online
ORD09721,2026-04-15,CUST1558,Headset,North,4,4500,18000,Online
ORD09722,2026-05-13,CUST0988,Laptop,South,1,65000,65000,Online
ORD09723,2025-12-09,CUST0236,Monitor,South,6,3200,19200,Partner
ORD09724,2025-02-06,CUST2694,Laptop,South,1,12500,12500,Partner
ORD09725,2026-08-12,CUST0478,Printer,East,7,900,6300,Partner
ORD09726,2025-01-03,CUST1413,Laptop,West,10,4500,45000,Online
ORD09727,2025-04-26,CUST0269,Mouse,South,6,28000,168000,Retail
ORD09728,2026-10-22,CUST2708,Keyboard,East,1,3200,3200,Retail
ORD09729,2026-03-11,CUST2868,Mouse,South,10,900,9000,Online
ORD09730,2026-03-27,CUST0634,Printer,North,10,18000,180000,Retail
ORD09731,2025-08-07,CUST0292,Webcam,North,9,12500,112500,Online
ORD09732,2025-08-18,CUST0760,Webcam,North,9,3200,28800,Partner
ORD09733,2026-09-07,CUST1239,Tablet,North,7,18000,126000,Partner
ORD09734,2026-04-27,CUST2679,Keyboard,North,1,3200,3200,Retail
ORD09735,2026-06-30,CUST2924,Monitor,West,1,3200,3200,Online
ORD09736,2025-06-16,CUST1485,Webcam,East,10,900,9000,Retail
ORD09737,2025-06-28,CUST2035,Mouse,North,7,3200,22400,Retail
ORD09738,2026-05-17,CUST1028,Printer,East,8,2200,17600,Partner
ORD09739,2025-07-05,CUST1492,Tablet,West,8,2200,17600,Retail
ORD09740,2025-02-25,CUST1684,Webcam,East,9,12500,112500,Online
ORD09741,2026-10-06,CUST2892,Tablet,East,7,3200,22400,Retail
ORD09742,2026-01-23,CUST0689,Mouse,South,10,3200,32000,Partner
ORD09743,2026-05-17,CUST2877,Webcam,East,6,4500,27000,Partner
ORD09744,2025-12-30,CUST0186,Mouse,West,4,18000,72000,Partner
ORD09745,2026-01-26,CUST1914,Webcam,North,1,2200,2200,Partner
ORD09746,2026-02-23,CUST1613,Webcam,North,1,65000,65000,Retail
ORD09747,2025-04-28,CUST0224,Headset,East,2,2200,4400,Retail
ORD09748,2026-06-02,CUST0163,Monitor,West,5,3200,16000,Partner
ORD09749,2025-01-02,CUST0377,Webcam,North,9,18000,162000,Retail
ORD09750,2026-11-03,CUST1461,Headset,East,4,12500,50000,Partner
ORD09751,2025-01-25,CUST2175,Webcam,North,10 units,3200,9600,Retail
ORD09752,2026-04-08,CUST0702,Tablet,North,4,65000,260000,Retail
ORD09753,2026-07-18,CUST1834,Keyboard,East,2,12500,25000,Retail
ORD09754,2025-12-09,CUST2232,Webcam,South,3,3200,9600,Partner
ORD09755,2025-08-05,CUST0344,Monitor,East,5,2200,11000,Retail
ORD09756,2025-03-06,CUST0815,Printer,South,1,2200,2200,Partner
ORD09757,2026-05-31,CUST2023,Keyboard,North,9,12500,112500,Partner
ORD09758,2026-05-06,CUST0509,Printer,North,10,65000,650000,Online
ORD09759,2025-04-02,CUST1033,Webcam,East,8,18000,144000,Online
ORD09760,2025-12-12,CUST2183,Printer,South,9,,112500,Partner
ORD09761,2025-05-20,CUST1213,Laptop,West,5,28000,140000,Online
ORD09762,2025-11-10,CUST1719,Laptop,North,2,28000,56000,Retail
ORD09763,2025-08-05,CUST2350,Monitor,East,1,18000,18000,Online
ORD09764,2026-08-07,CUST0445,Monitor,South,3,4500,13500,Retail
ORD09765,2025-02-19,CUST1951,Webcam,North,1,65000,65000,Partner
ORD09766,2026-06-19,CUST2167,Monitor,North,2,65000,130000,Partner
ORD09767,2026-01-29,CUST0159,Headset,West,4,900,3600,Partner
ORD09768,2025-09-07,CUST2559,Monitor,East,1,3200,3200,Partner
ORD09769,2025-01-06,CUST2645,Keyboard,East,2,3200,6400,Partner
ORD09770,2026-12-13,CUST1432,Keyboard,North,9,4500,40500,Online
ORD09771,2025-12-13,CUST1008,Keyboard,West,7,18000,126000,Partner
ORD09772,2025-08-20,CUST1988,Tablet,South,9,2200,19800,Online
ORD09773,2025-09-09,CUST2556,Laptop,South,6,28000,168000,Retail
ORD09774,2026-06-30,CUST2594,Webcam,South,7,3200,22400,Retail
ORD09775,2026-05-07,CUST1816,Monitor,South,9,4500,40500,Partner
ORD09776,2026-10-14,CUST0449,Monitor,South,8,12500,100000,Partner
ORD09777,2026-12-03,CUST1121,Printer,South,3,4500,13500,Retail
ORD09778,2026-10-04,CUST2236,Keyboard,North,9,900,8100,Online
ORD09779,2026-12-23,CUST2572,Printer,East,5,4500,,Partner
ORD09780,2026-01-23,CUST0088,Monitor,South,5,12500,62500,Online
ORD09781,2025-03-26,CUST0446,Headset,West,7,2200,15400,Partner
ORD09782,2025-12-06,CUST1975,Tablet,South,5,4500,22500,Online
ORD09783,2026-12-18,CUST0908,Mouse,East,8,65000,,Online
ORD09784,2025-07-24,CUST1972,Laptop,East,8,2200,17600,Partner
ORD09785,2025-12-21,CUST0100,Keyboard,West,3,65000,195000,Partner
ORD09786,2026-10-05,CUST0503,Laptop,East,1,4500,4500,Retail
ORD09787,2025-09-17,CUST0316,Mouse,North,1,65000,65000,Partner
ORD09788,2026-06-05,CUST2810,,North,5,28000,140000,Retail
ORD09789,2026-04-09,CUST2193,Headset,,1,3200,3200,Retail
ORD09790,2026-06-22,CUST0461,Keyboard,South,7,65000,455000,Retail
ORD09791,2026-02-05,CUST2490,Headset,North,1,65000,65000,Retail
ORD09792,2026-05-16,CUST2052,Headset,South,8,18000,144000,Partner
ORD09793,2025-05-28,CUST2172,Headset,North,2,28000,56000,Partner
ORD09794,2025-07-27,CUST2155,Tablet,North,7,2200,15400,Retail
ORD09795,2026-05-04,CUST0644,Mouse,East,9,3200,28800,Retail
ORD09796,2025-06-07,CUST1870,Laptop,South,10,2200,22000,Retail
ORD09797,2026-05-07,CUST1048,Mouse,West,7,2200,15400,Partner
ORD09798,2025-09-11,CUST0107,Headset,South,8,900,7200,Online
ORD09799,2025-06-16,CUST2937,Printer,North,8,18000,144000,Partner
ORD09800,2026-11-27,CUST1483,Keyboard,East,9,2200,19800,Online
ORD09801,2026-07-05,CUST0350,Laptop,South,8,28000,224000,Retail
ORD09802,2025-07-22,CUST1473,Monitor,South,8,900,7200,Partner
ORD09803,2025-10-04,CUST1290,Laptop,East,2,65000,130000,Online
ORD09804,2025-05-08,CUST2240,Tablet,South,9,28000,252000,Partner
ORD09805,2026-07-06,CUST1577,Mouse,South,6,2200,13200,Partner
ORD09806,2026-07-24,CUST2774,Tablet,West,8,18000,144000,Retail
ORD09807,2025-11-03,CUST1060,Keyboard,West,10,900,9000,Retail
ORD09808,2025-04-22,CUST1171,Mouse,South,5,12500,62500,Online
ORD09809,2025-07-27,CUST0344,Webcam,North,1,18000,18000,Retail
ORD09810,2025-09-25,CUST0183,Laptop,West,2,3200,6400,Online
ORD09811,2026-09-22,CUST0995,Printer,West,9,18000,162000,Partner
ORD09812,2025-07-18,CUST0178,Mouse,South,8,2200,17600,Retail
ORD09813,2025-09-20,CUST2800,Webcam,East,1,900,900,Online
ORD09814,2026-09-06,CUST0962,Headset,West,8,2200,17600,Retail
ORD09815,2026-02-02,CUST2215,Tablet,South,3,12500,37500,Retail
ORD09816,2026-08-20,CUST1947,Printer,North,4,28000,112000,Online
ORD09817,2026-10-18,CUST0432,Keyboard,North,5,12500,62500,Partner
ORD09818,2025-02-26,CUST2832,Webcam,South,1,4500,4500,Partner
ORD09819,2025-12-20,CUST0925,Monitor,North,1,28000,28000,Online
ORD09820,2025-01-30,CUST1195,Laptop,South,10,65000,650000,Online
ORD09821,2026-02-16,CUST1181,Headset,North,8,4500,36000,Partner
ORD09822,2026-03-20,CUST1815,Mouse,South,1,12500,12500,Online
ORD09823,2025-10-28,CUST1238,Mouse,East,3,28000,84000,Retail
ORD09824,2026-01-04,CUST2259,Laptop,North,5,900,4500,Online
ORD09825,2026-02-28,CUST2522,Headset,West,7,2200,15400,Partner
ORD09826,2026-07-19,CUST2551,Monitor,West,4,28000,112000,Partner
ORD09827,2026-10-23,CUST0286,Monitor,North,8,28000,224000,Partner
ORD09828,2025-07-30,CUST1784,Mouse,North,10,28000,280000,Retail
ORD09829,2025-02-11,CUST1933,Keyboard,South,7,3200,22400,Online
ORD09830,2025-12-10,CUST1875,Webcam,South,3,4500,13500,Retail
ORD09831,2025-01-30,CUST2311,Headset,West,6,18000,108000,Online
ORD09832,2026-03-14,CUST0911,Webcam,North,1,4500,4500,Retail
ORD09833,2026-11-07,CUST1302,Webcam,West,10,4500,45000,Online
ORD09834,2025-11-05,CUST0169,Keyboard,South,7,3200,22400,Retail
ORD09835,2025-12-25,CUST1498,Laptop,West,1,12500,12500,Online
ORD09836,2026-03-10,CUST0964,Keyboard,North,5,28000,140000,Partner
ORD09837,2026-12-23,CUST1464,Webcam,South,6,3200,19200,Online
ORD09838,2025-03-13,CUST0534,Headset,West,4,2200,8800,Online
ORD09839,2026-01-31,CUST2617,Monitor,North,2,900,1800,Partner
ORD09840,2026-01-03,CUST1702,Mouse,West,7,2200,15400,Partner
ORD09841,2026-05-27,CUST0053,Monitor,North,3,28000,84000,Partner
ORD09842,2025-10-14,CUST0545,Webcam,West,8,900,7200,Online
ORD09843,2026-12-23,CUST1335,Webcam,East,4,12500,50000,Online
ORD09844,2025-01-11,CUST2809,Headset,West,2,65000,130000,Online
ORD09845,2026-05-12,CUST1168,Monitor,West,4,65000,260000,Online
ORD09846,2025-03-07,CUST0380,Webcam,East,6,4500,27000,Retail
ORD09847,2025-03-08,CUST0971,Keyboard,East,8,4500,36000,Online
ORD09848,2026-09-28,CUST1198,Mouse,,5,12500,62500,Retail
ORD09849,2026-02-17,CUST1770,Keyboard,West,10,65000,650000,Online
ORD09850,2025-12-16,CUST2852,Headset,South,9,2200,19800,Retail
ORD09851,2026-10-25,CUST0508,Laptop,West,10,28000,280000,Online
ORD09852,2025-03-19,CUST2565,Laptop,North,7,4500,31500,Partner
ORD09853,2025-08-03,CUST2504,Laptop,West,9,18000,162000,Retail
ORD09854,2025-05-07,CUST2956,Printer,East,3,3200,9600,Partner
ORD09855,2025-04-28,CUST2086,Mouse,East,6,4500,27000,Online
ORD09856,2026-01-17,CUST0602,Printer,East,5,4500,22500,Online
ORD09857,2026-08-23,CUST2868,Keyboard,East,1,12500,12500,Retail
ORD09858,2025-05-04,CUST0609,Keyboard,South,6,65000,390000,Partner
ORD09859,2025-05-09,CUST1891,Laptop,North,4,3200,12800,Partner
ORD09860,2026-02-05,CUST0486,Monitor,East,9,3200,28800,Online
ORD09861,2025-03-01,CUST2680,Tablet,West,5,3200,16000,Partner
ORD09862,2025-07-31,CUST2517,Monitor,North,7,900,6300,Online
ORD09863,2026-04-11,CUST2230,Keyboard,South,4,2200,8800,Retail
ORD09864,2025-08-07,CUST0322,Webcam,East,3,28000,84000,Retail
ORD09865,2025-12-20,CUST2882,Monitor,South,6,4500,,Retail
ORD09866,2026-12-20,CUST1681,Printer,South,2,12500,25000,Online
ORD09867,2025-02-10,CUST1416,Laptop,East,7,900,6300,Partner
ORD09868,2025-05-28,CUST1576,Tablet,South,8,900,7200,Retail
ORD09869,2026-01-06,CUST1657,Tablet,East,8,3200,25600,Online
ORD09870,2026-06-30,CUST1873,Printer,North,6,4500,27000,Partner
ORD09871,2026-12-15,CUST2911,Webcam,West,1,900,900,Online
ORD09872,2025-12-13,CUST0939,Laptop,West,8,2200,17600,Online
ORD09873,2025-02-05,CUST1644,Webcam,West,10,18000,180000,Online
ORD09874,2025-11-14,CUST0470,Monitor,South,1,3200,3200,Partner
ORD09875,2026-03-23,CUST2187,Tablet,East,3,3200,9600,Retail
ORD09876,2025-03-16,CUST2593,Tablet,North,9,3200,28800,Online
ORD09877,2026-07-23,CUST2458,Monitor,North,3,3200,9600,Retail
ORD09878,2025-11-20,CUST2461,Keyboard,West,9,900,8100,Partner
ORD09879,2026-12-23,CUST0913,Laptop,East,3,12500,37500,Online
ORD09880,2025-08-02,CUST2981,Webcam,West,2,3200,6400,Partner
ORD09881,2025-12-16,CUST1673,Monitor,North,2,65000,130000,Retail
ORD09882,2026-01-26,CUST2000,Webcam,West,9,65000,585000,Partner
ORD09883,2025-06-03,CUST1681,Tablet,South,6,2200,13200,Online
ORD09884,2026-11-11,CUST1368,Mouse,North,1,28000,28000,Partner
ORD09885,2026-12-05,CUST1108,Laptop,West,2,65000,130000,Online
ORD09886,2025-04-04,CUST0734,Webcam,South,2,28000,56000,Online
ORD09887,2026-12-16,CUST1124,Keyboard,North,5,4500,22500,Partner
ORD09888,2026-06-21,CUST1617,Webcam,West,6,4500,27000,Retail
ORD09889,2025-08-08,CUST1867,Headset,North,4,2200,8800,Partner
ORD09890,2026-08-25,CUST2100,Keyboard,South,8,3200,25600,Online
ORD09891,2025-11-10,CUST1599,Printer,East,5,2200,11000,Partner
ORD09892,2025-12-23,CUST1182,Headset,West,4,900,3600,Retail
ORD09893,2026-10-27,CUST0664,Printer,East,6,12500,75000,ONLINE
ORD09894,2026-07-16,CUST1436,Webcam,North,2,2200,4400,Online
ORD09895,2026-10-31,CUST2460,Mouse,West,8,4500,36000,Partner
ORD09896,2026-07-05,CUST1827,Laptop,West,6,18000,108000,Partner
ORD09897,2026-12-05,CUST2080,Keyboard,North,4,2200,8800,Partner
ORD09898,2025-01-15,CUST1724,Tablet,South,1,,28000,Online
ORD09899,2026-11-25,CUST0012,Printer,East,9,3200,28800,Partner
ORD09900,2025-06-03,CUST0322,Keyboard,West,7,900,6300,Partner
ORD05137,2025-05-21,CUST2352,Tablet,East,4,3200,12800,Partner
ORD05542,2026-07-31,CUST0363,Mouse,East,9,900,8100,Retail
ORD07960,2026-08-16,CUST2694,Monitor,North,7,65000,455000,Retail
ORD02471,2025-11-24,CUST2625,Mouse,South,10,3200,32000,Online
ORD05277,2026-06-18,CUST0969,Laptop ,East,8,900,7200,Online
ORD02679,2026-08-03,CUST2600,Monitor,West,3,18000,54000,Online
ORD03830,2026-11-03,CUST1256,Webcam,West,3,28000,84000,Partner
ORD09499,2025-07-07,CUST1010,Monitor,North,2,3200,6400,Partner
ORD06047,2026-01-08,CUST1567,Monitor,East,8,3200,25600,Partner
ORD02707,2025-07-14,CUST1251,Printer,East,9,65000,585000,Retail
ORD05802,2025-08-19,CUST2045,Webcam,West,9,4500,40500,Retail
ORD08658,2025-07-16,CUST2199,Laptop,North,4,900,3600,Partner
ORD01578,2026-08-08,CUST0413,Mouse,North,2,4500,9000,Online
ORD08126,2025-12-19,CUST0624,Monitor,West,2,12500,25000,Partner
ORD04323,2025-03-19,CUST0466,Mouse,West,3,28000,84000,Online
ORD05772,2025-10-15,CUST1431,Webcam,North,6,65000,390000,Retail
ORD00168,2026-09-08,CUST2078,Headset,South,3,28000,84000,Retail
ORD01223,2025-08-12,CUST2552,Mouse,West,3,65000,195000,Online
ORD08601,2025-07-29,CUST1597,Mouse,East,9,3200,28800,Partner
ORD03676,2025-12-02,CUST0956,Keyboard,East,9,65000,585000,Online
ORD03961,2026-02-24,CUST2035,Keyboard,North,8,28000,224000,Retail
ORD02686,2026-10-02,CUST2975,Monitor,North,6,12500,75000,Partner
ORD02111,2025-09-15,CUST1678,Keyboard,West,10,65000,650000,Online
ORD02068,2025-10-01,CUST1787,Keyboard,West,4,900,3600,Online
ORD08715,2026-05-24,CUST2933,Headset,North,4,28000,112000,Online
ORD00973,2025-09-01,CUST1060,Printer,East,6,2200,13200,Partner
ORD04907,2025-12-02,CUST2825,Tablet,North,7,900,6300,Partner
ORD00761,2026-04-27,CUST2814,Keyboard,South,5,12500,62500,
ORD07499,2025-06-22,CUST1293,Keyboard,South,9,2200,19800,Retail
ORD06159,2025-02-05,CUST1774,Headset,South,10,65000,650000,Online
ORD04448,2026-09-17,CUST1681,Laptop,South,1,2200,2200,Retail
ORD09819,2025-12-20,CUST0925,Monitor,North,1,28000,28000,Online
ORD06446,2026-06-14,,Printer,South,7,12500,87500,Retail
ORD01820,2025-01-27,CUST1096,Laptop,North,3,3200,9600,Retail
ORD04209,2025-10-18,CUST2836,Laptop,East,7,900,6300,Partner
ORD08278,2026-08-11,CUST1436,Tablet,South,3,4500,13500,Partner
ORD02813,2025-03-01,CUST1918,Webcam,East,10,4500,45000,Retail
ORD06250,2025-01-21,CUST2112,Headset,South,1,28000,28000,
ORD01666,2025-09-07,CUST1143,Mouse,West,3,3200,9600,Partner
ORD00634,2025-03-16,CUST2182,Laptop,West,1,28000,28000,Partner
ORD06968,2026-03-16,CUST1154,Headset,North,10,12500,125000,Partner
ORD00732,2025-06-06,CUST2165,Tablet,South,7,12500,87500,Retail
ORD07615,2025-10-06,CUST0349,Keyboard,West,5,12500,62500,Partner
ORD09321,2025-01-04,CUST2514,Laptop,North,1,900,900,Partner
ORD00807,2025-06-29,CUST2280,Keyboard,East,7,3200,22400,Partner
ORD01553,2026-09-29,CUST0497,Headset,West,9,18000,162000,Online
ORD04428,2025-08-27,CUST1783,Keyboard,West,3,18000,54000,Partner
ORD02442,2026-12-27,CUST0132,Printer,West,5,900,4500,Online
ORD06612,2026-06-10,CUST0972,Printer,North,7,18000,126000,Online
ORD08131,2025-11-08,CUST1930,Tablet,East,5,12500,62500,Partner
ORD06111,2026-01-10,CUST2145,Headset,South,10,28000,280000,online
ORD00422,2025-08-27,CUST1983,Laptop,West,1,2200,2200,Online
ORD02215,2025-08-08,CUST1100,Keyboard,North,4,28000,112000,Retail
ORD02927,2025-12-09,CUST0873,Mouse,South,10,900,9000,Partner
ORD08043,2025-03-17,CUST1525,Printer,South,10,28000,280000,Partner
ORD06543,2025-09-16,CUST1640,Tablet,South,2,900,1800,Partner
ORD00121,2025-12-29,CUST0478,Mouse,West,4,18000,72000,Retail
ORD09789,2026-04-09,CUST2193,Headset,,1,3200,3200,Retail
ORD05554,2026-01-23,CUST0703,Webcam,West,1,3200,3200,Partner
ORD00185,2026-11-29,CUST1730,Mouse,East,1,900,900,Partner
ORD00728,2026-08-18,CUST0183,Webcam,East,4,2200,8800,Partner
ORD07322,2026-06-05,CUST0772, LAPTOP,South,3,18000,54000,Online
ORD07991,2026-02-13,CUST2015,Tablet,South,1,900,900,Retail
ORD08606,2025-02-06,CUST2774,Printer,East,3,65000,195000,Partner
ORD08388,2025-08-10,CUST2091,Laptop,West,5,28000,140000,Retail
ORD05435,2025-08-02,CUST2556,Printer,West,3,28000,84000,Partner
ORD05960,2026-06-29,CUST2577,Printer,South,10,2200,22000,Retail
ORD07518,2026-03-01,CUST1253,Tablet,South,9,65000,585000,Partner
ORD03073,2025-11-15,CUST0743,Headset,,2,900,1800,Retail
ORD07019,2026-03-11,CUST1031,Webcam,South,8,28000,224000,Online
ORD05585,2026-09-07,CUST2610,Monitor,East,1,18000,18000,Partner
ORD02113,2025-12-21,CUST0582,Mouse,South,8,18000,144000,Online
ORD03863,2025-10-24,CUST0451,Keyboard,East,7,18000,126000,Online
ORD03403,2025-01-21,CUST1848,Mouse,East,8,2200,17600,Online
ORD02327,2026-07-06,CUST2569,Laptop,West,5,28000,140000,Partner
ORD05934,2025-11-10,CUST1684,Headset,North,10,18000,180000,Retail
ORD06244,2026-05-17,CUST2222,Printer,South,10,28000,280000,Online
ORD00062,2025-07-11,CUST1588,Keyboard,East,10,12500,125000,Retail
ORD06771,2025-09-21,CUST2545,Printer,South,8,4500,36000,Partner
ORD04762,2025-08-25,CUST0747,Monitor,West,7,900,6300,Partner
ORD04384,2025-01-28,CUST2018,Monitor,North,10,4500,45000,Online
ORD08516,2026-02-22,CUST0321,Laptop,North,10,3200,32000,Online
ORD02427,2025-12-15,CUST0105,Laptop,North,8,4500,36000,Partner
ORD07813,2026-07-07,CUST2975,Headset,West,10,18000,180000,Retail
ORD03221,2026-05-13,CUST0270,Mouse,East,10,12500,125000,Online
ORD05322,2026-05-03,CUST0362,Mouse,West,4,18000,72000,Online
ORD07401,2026-11-25,CUST2791,Mouse,North,6,2200,13200,Retail
ORD09426,2026-08-09,CUST0594,Monitor,North,6,28000,168000,Retail
ORD05809,2025-12-12,CUST2666,Printer,West,5,900,4500,Retail
ORD06037,2025-02-17,CUST0841,Monitor,West,2,900,1800,Retail
ORD05094,2025-07-19,CUST1977,Mouse,North,10,4500,45000,Retail
ORD04337,2025-04-07,CUST0348,Headset,East,3,3200,9600,Retail
ORD02485,2026-06-15,CUST2465,Headset,West,3,12500,37500,Retail
ORD00100,2025-07-05,CUST2515,Laptop,East,4,4500,18000,Online
ORD00714,2026-12-12,CUST0493,Laptop,,8,28000,224000,Partner
ORD01493,2026-07-14,CUST0287,Webcam,West,1,2200,2200,Partner
ORD04354,2026-02-28,CUST1359,Printer,North,1,3200,3200,Online
ORD06303,2026-08-01,CUST2209,Mouse,East,6,12500,75000,Partner
ORD08686,2026-05-20,CUST2301,Monitor,South,4,4500,18000,Partner
ORD05913,2025-07-13,CUST1767,Headset,West,5,12500,62500,Partner
